i,j,phi
0,93,0.0041815863072037635
0,134,0.0002701351744847315
0,121,0.0008780184676863562
0,119,0.0008780184676863562
0,120,0.0007989383883291171
0,117,0.0008087345457484565
0,137,0.0008780184676863562
0,136,0.0003680491031302294
0,118,0.0008923785992372948
0,116,0.002324228305260374
0,114,0.0007120235022778956
0,129,0.0005261289389464786
0,127,0.0005261289389464884
0,124,0.0007120995053384172
0,170,0.09429913450919307
0,139,0.0005261289389464786
0,122,0.00029888126981798265
0,151,0.0041815863072037635
0,123,0.00029888126981798265
0,133,0.0005412350271762178
0,131,0.0007925268358232539
0,128,0.0005261289389465046
0,126,0.0005261289389465046
0,88,0.0005261289389464786
0,150,0.0005261289389464786
0,155,0.000731640630913164
0,167,0.004092950358033517
0,140,0.0024790061062020187
0,92,0.0041815863072037635
0,90,0.0041815863072037635
0,91,0.0041815863072037635
0,145,0.0041815863072037635
0,73,0.0041815863072037635
0,147,0.0041815863072037635
0,48,0.25467077588939174
0,173,0.006626969774969662
0,142,0.0007468395814797733
0,57,0.0638016447021408
0,29,0.06868707200152636
0,61,0.000957728021712159
0,20,0.0638016447021408
0,64,0.0007619443500504349
0,49,0.00421588668977012
0,13,0.8005542482224343
0,152,0.7201276757561852
0,41,0.4666737772617626
0,11,0.21438420524098384
0,12,0.24474399057003618
0,50,0.15651809996376892
0,52,1.0000000000000009
0,172,0.011728606748260656
0,143,0.0006776466021074191
0,28,0.0014016440073808417
0,46,0.6450351889709718
0,34,0.09725078395445304
0,30,0.3305344586982197
0,166,0.9228424029004261
0,8,0.4167936926271019
0,158,0.15907512777649022
0,141,0.0041815863072037635
0,40,0.25549923583245304
0,153,0.0041815863072037635
0,149,0.6572917817314151
0,14,0.35133646199062585
0,58,0.7004744970673696
0,59,0.806023840540135
0,156,0.18852202314296565
0,144,0.6572917817314148
0,2,0.10376993119434298
0,10,0.1815224986281747
0,130,0.0001291553172605522
0,89,0.0005261289389464786
0,70,0.0005261289389464786
0,148,0.0005261289389464786
0,17,0.0006475964474019708
0,56,0.044122948600835786
0,68,0.0005261289389464786
0,66,0.006671602490914516
0,65,0.0005261289389464786
0,77,0.0005261289389464786
0,94,0.0005261289389464786
0,87,0.0005261289389464786
0,75,0.0005261289389464786
0,69,0.0005261289389464786
0,67,0.0005261289389464786
0,79,0.0005261289389464786
0,43,0.10002416119521117
0,51,0.0648113056343027
0,35,0.0007642437766732765
0,31,0.272656814760768
0,16,0.39221027788462
0,18,0.10023109194090177
0,54,0.499858128257381
0,5,0.517942273270962
0,9,0.1030925276069744
0,26,0.5010845628821325
0,63,0.7819147266205666
0,23,0.3128511440943392
0,32,0.10927922359109103
0,146,0.6815072068682706
0,164,0.18852202314296587
0,74,0.0005261289389464786
0,76,0.0005261289389464786
0,78,0.006671602490914516
0,109,0.0004914304010645429
0,97,0.0005261289389464786
0,106,0.0005261289389465046
0,95,0.0005261289389464786
0,84,0.0005261289389464786
0,53,0.7948580684287007
0,160,0.49962379186103045
0,62,0.5178746100597688
0,154,0.6642299193802774
0,55,0.19127512142863692
0,168,0.43317271401051044
0,6,0.09277239522992657
0,169,0.5560046193349035
0,27,0.13541390754019902
0,7,0.09892897171403908
0,85,0.0005261289389464786
0,86,0.0005261289389464786
0,99,0.0008941780420767079
0,103,0.0008941780420767079
0,105,0.0020623085553883344
0,104,0.00040969573772142574
0,81,0.0005261289389464786
0,101,0.0009682399898943195
0,100,0.08975621108762218
0,96,0.0005261289389464786
0,83,0.0005261289389464786
0,82,0.0005261289389464786
0,72,0.0005261289389464786
0,113,0.0007120995053384172
0,80,0.0005261289389464786
0,112,9.466432372751693e-05
0,98,0.0005261289389464786
1,71,0.05299256701147541
1,44,0.1511607837984015
1,184,0.2412549182166704
1,45,0.0915853592526296
1,57,0.11116782014758689
1,20,0.11116782014758689
1,64,0.27465405872381143
1,143,0.2197572562040735
1,34,0.12628507545130285
1,156,0.11116782014758689
1,181,0.24632741209491546
1,185,0.7118853221318612
1,163,0.7118853221318612
1,3,0.3198890024015057
1,148,0.6862511778038914
1,17,0.6527334172669066
1,56,0.6565614211580513
1,68,0.6668010742494376
1,66,0.4741034554834069
1,65,0.07444762556477709
1,77,0.4910621715218231
1,94,0.4910621715218232
1,87,0.4910621715218232
1,75,0.07444762556477709
1,69,0.07444762556477709
1,67,0.07444762556477709
1,79,0.07444762556477709
1,159,0.6557795561933932
1,157,0.7393544219333986
1,38,0.3191026441309289
1,33,0.3765584374372157
1,22,0.31910264413092865
1,47,0.11116782014758639
1,15,0.18090512639763945
1,161,0.25847674617320204
1,165,0.258476746173202
1,43,0.1186786952223144
1,19,0.15053236380803406
1,4,0.16649531542723559
1,51,0.17454033752762155
1,25,0.09179173467420426
1,60,0.34339784851907573
1,31,0.10818161090114067
1,16,0.1058579160430243
1,18,0.1402556893612616
1,164,0.11116782014758689
1,74,0.07444762556477709
1,76,0.07444762556477708
1,78,0.08190714777149748
1,179,0.258476746173202
1,109,0.09065253520313368
1,97,0.07444762556477709
1,106,0.09038550861122911
1,95,0.08078058395084652
1,84,0.08078058395084652
1,174,0.2705058320230258
1,85,0.08078058395084652
1,86,0.08078058395084652
1,182,0.24632741209491546
1,175,0.2622452182761485
1,99,0.09614565975161805
1,103,0.09209078388131439
1,105,0.09824943312877328
1,104,0.08886895208317802
1,81,0.07444762556477709
1,101,0.10615090128901557
1,96,0.07444762556477699
1,83,0.07444762556477709
1,82,0.07444762556477709
1,72,0.07444762556477709
1,113,0.09553153479207516
1,80,0.07444762556477709
1,112,0.08987531466221296
1,98,0.07444762556477709
2,13,0.10376993119434294
2,41,0.2502413258063206
2,11,0.11834193133844587
2,12,0.12047350086266435
2,50,0.11179480985077316
2,52,0.10376993119434294
2,46,0.08986982273383234
2,158,0.1074052298611881
2,149,0.15418415015933484
2,14,0.09311217473265086
2,58,0.17245918456688264
2,59,0.17245918456688264
2,156,0.10811844615009308
2,144,0.15418415015933484
2,10,0.9384303376415234
2,16,0.10376993119434297
2,54,0.10376993119434288
2,9,0.21042063486577395
2,26,0.10376993119434288
2,63,0.10376993119434294
2,32,0.10176413844961114
2,146,0.09370518603206207
2,164,0.3090829072159547
2,53,0.12787700715256728
2,160,0.1531786284647753
2,62,0.17245918456688264
2,154,0.0935879951064695
2,55,0.2815783204576952
2,168,0.17194693859206328
2,6,0.17892433029445132
2,169,0.16453770798131062
2,27,0.21809577891160556
2,7,0.07927034156756352
2,100,0.17428390272715513
3,71,0.07889050102814128
3,162,0.23067553601035093
3,155,0.4095923148252612
3,44,0.39392254888449624
3,184,0.19499019806074278
3,167,0.06203358463533441
3,45,0.2977919522637364
3,180,0.23068420225566924
3,183,0.2300941832358945
3,36,0.23747104599407
3,177,0.2609286661694743
3,176,0.4020671212371421
3,171,0.3462433636754929
3,57,0.097745099783111
3,20,0.09774509978311098
3,64,0.3536201359240937
3,41,0.004473410731312863
3,172,0.008445670677803592
3,143,0.2162467567447039
3,34,0.11355591332676195
3,158,0.002875399312945815
3,156,0.097745099783111
3,181,0.2855139075884121
3,178,0.23067615447676354
3,185,0.09984001329409005
3,163,0.09984001329409005
3,148,0.01979745061583356
3,17,0.026323030922495088
3,56,0.026001798028281314
3,68,0.01979745061583354
3,66,0.023252331777515692
3,65,0.06545860645449367
3,77,0.019797450615833555
3,94,0.019797450615833503
3,87,0.019797450615833503
3,75,0.06545860645449367
3,69,0.06545860645449367
3,67,0.06545860645449367
3,79,0.06545860645449367
3,159,0.12609243126854805
3,157,0.1676490326269942
3,38,0.7338429451228269
3,33,0.8706104287200445
3,22,0.5876337105654628
3,47,0.126138745915551
3,15,0.1496936773149601
3,161,0.3361192836459518
3,165,0.3361192836459517
3,43,0.1186786952223144
3,19,0.15053236380803425
3,4,0.16649531542723556
3,51,0.17454033752762155
3,25,0.08070853825399672
3,60,0.34339784851907573
3,31,0.10818161090114067
3,16,0.1058579160430243
3,18,0.1402556893612616
3,164,0.09774509978311098
3,74,0.06545860645449367
3,76,0.06545860645449364
3,78,0.07201744462782672
3,179,0.3361192836459518
3,109,0.07970688898332802
3,97,0.06545860645449367
3,106,0.07947210394539343
3,95,0.07102690534302847
3,84,0.07102690534302847
3,168,0.002513413096560641
3,174,0.34669594328657166
3,85,0.07102690534302847
3,86,0.07102690534302847
3,182,0.2855139075884121
3,175,0.3394327396554637
3,99,0.08453675797239191
3,103,0.08097147940504416
3,105,0.08638651573860599
3,104,0.07813866078743385
3,81,0.06545860645449367
3,101,0.09333393804778331
3,96,0.06545860645449358
3,83,0.06545860645449367
3,82,0.06545860645449367
3,72,0.06545860645449367
3,113,0.08399678421586662
3,80,0.06545860645449367
3,112,0.07902351227210959
3,98,0.06545860645449367
4,120,0.041105288367434524
4,117,0.04007329920742854
4,118,0.041284846606898955
4,116,0.03798708697514217
4,114,0.04032916588111519
4,129,0.0370276183761578
4,127,0.03702761837615774
4,124,0.03089066008090215
4,170,0.03346520167361844
4,139,0.03702761837615774
4,128,0.045659547024787625
4,126,0.04241619148605462
4,88,0.037010726753408524
4,150,0.03701072675340847
4,155,0.03007078610817942
4,44,0.05646300076762853
4,21,0.11275629461693187
4,167,0.07992287508913543
4,45,0.17574958200686386
4,42,0.4673373583532634
4,140,0.24569326981111173
4,48,0.0002474155166904086
4,173,0.05944839999473855
4,142,0.057491934426101655
4,57,0.4636314807495374
4,29,0.42289184445152217
4,61,0.08542392990768706
4,20,0.4636314807495374
4,64,0.2640012177653594
4,49,0.2032856252716347
4,41,0.03937233630476588
4,172,0.164966177378258
4,143,0.2777372827763583
4,28,0.178858935027319
4,46,0.04215317878660926
4,34,0.10079126584671584
4,24,0.0032654914753663653
4,30,0.21136665979692473
4,8,0.07303497521939127
4,158,0.12148724180890558
4,40,0.00027163241749047275
4,156,0.2081059717541741
4,181,0.14167189692577667
4,130,0.03996357093700305
4,89,0.03701072675340857
4,70,0.03701072675340847
4,148,0.19680403994328666
4,17,0.1186892617830711
4,56,0.08456731052321784
4,68,0.19680403994328674
4,66,0.20065580471145983
4,65,0.6746890114490238
4,77,0.19680403994328688
4,94,0.19680403994328666
4,87,0.1968040399432865
4,75,0.6746890114490238
4,69,0.6746890114490236
4,67,0.6746890114490238
4,79,0.6746890114490238
4,38,0.20847441705430203
4,33,0.1811084856558742
4,22,0.16884140059269676
4,47,0.464025132856309
4,15,0.32306991735348234
4,161,0.3941983141876188
4,165,0.39419831418761864
4,37,0.8372304130403964
4,43,0.43130913296249535
4,19,0.6419617401833619
4,51,0.5665475657124056
4,25,0.6980969468821014
4,60,0.6537247069185751
4,35,0.06431577697375075
4,31,0.22194751392882525
4,16,0.21325719197098456
4,18,0.24639131103477263
4,54,0.11303009814459716
4,9,0.09488764093779259
4,26,0.06839649249099818
4,23,0.1383392215630007
4,164,0.2081059717541741
4,74,0.6746890114490229
4,76,0.6746890114490238
4,78,0.6780596274371508
4,179,0.3941983141876188
4,109,0.7316736771854483
4,97,0.6759703517005985
4,106,0.7099488635619327
4,95,0.44045582336845096
4,84,0.44045582336845096
4,168,0.059498948255663126
4,27,0.16628511967908216
4,174,0.17146928544431017
4,85,0.44045582336845096
4,86,0.4404558233684507
4,182,0.14167189692577667
4,175,0.16614910707946653
4,99,0.47373147734101023
4,103,0.728509346424956
4,105,0.8029636434198272
4,104,0.7119196090999113
4,81,0.6759703517005985
4,101,0.4980178587246899
4,96,0.6759703517005985
4,83,0.6759703517005985
4,82,0.6759703517005985
4,72,0.6759703517005985
4,113,0.7398267292478642
4,80,0.6759703517005985
4,112,0.7044235638323763
4,98,0.6759703517005985
5,170,0.08305613643574167
5,167,0.0051410788730524345
5,48,0.0802390252316078
5,13,0.423529483837754
5,152,0.2619149222686891
5,41,0.6048600076694102
5,50,0.05227401430308181
5,52,0.4233361091808558
5,172,0.091702414197236
5,46,0.4094874153276162
5,34,0.1492986801760751
5,30,0.18071833560139575
5,166,0.5176121579681086
5,8,0.9997144914223585
5,40,0.0802390252316078
5,149,0.42311550119614316
5,14,0.8924315748680978
5,58,0.4245100855128138
5,59,0.4243384374718751
5,156,0.4722705424997389
5,144,0.42311550119614294
5,56,0.0644732843237619
5,43,0.09162209339955783
5,51,0.06572335280721735
5,31,0.6783006088595752
5,16,0.25753524213749435
5,18,0.14357488306432395
5,54,0.4580199341326894
5,26,0.4597871545885234
5,63,0.4190637642750004
5,23,0.6783006088595745
5,32,0.14359168955440582
5,146,0.423161028383845
5,164,0.47227054249973927
5,53,0.5274355404101901
5,160,0.7198440356200698
5,62,0.7220479701118578
5,154,0.4231467713517812
5,168,0.443935716662786
5,169,0.4895748772525209
6,13,0.06951141162733086
6,52,0.11628461386272024
6,46,0.05771629237241239
6,149,0.6203055412326951
6,58,0.19477774335971398
6,59,0.19477774335971398
6,144,0.3675652158944553
6,10,0.3076223173515332
6,16,0.08532775366354588
6,54,0.08240151083189518
6,9,0.09349912499016937
6,26,0.09079339367285472
6,63,0.10262310541993855
6,146,0.0813305217565759
6,53,0.14859408490889311
6,160,0.21620348800072708
6,62,0.23584265910870728
6,154,0.18064664321006077
6,55,0.5979813748983042
6,168,0.6488034145708402
6,169,0.6367945209478907
6,27,0.11432309598078517
6,7,0.35064925534329794
6,100,0.7308150280902621
7,13,0.09892897171403907
7,52,0.09892897171403907
7,46,0.07612161981095124
7,149,0.09307941623300345
7,58,0.06886969653475539
7,59,0.06886969653475539
7,144,0.09307941623300345
7,10,0.1414109224964584
7,16,0.09892897171403911
7,54,0.09892897171403903
7,9,0.09264247485554926
7,26,0.09892897171403903
7,63,0.09892897171403907
7,146,0.31255040173251925
7,53,0.10926998478480902
7,160,0.06290415797159771
7,62,0.06886969653475539
7,154,0.9268096219307103
7,55,0.1590682039530183
7,168,0.09039098248048433
7,169,0.09525856208335108
7,27,0.09885981491411558
7,100,0.12609979024167142
8,134,0.007283459815561694
8,121,0.01006274214323006
8,119,0.011892927336489296
8,120,0.11757707751877747
8,117,0.1233514940935635
8,137,0.01006274214323006
8,136,0.007603243238746245
8,118,0.1177730611962569
8,116,0.1189986504966294
8,114,0.12425998094985272
8,129,0.11145335572248924
8,127,0.11145335572248917
8,124,0.11104445194435504
8,170,0.18425104323232677
8,139,0.11145335572248917
8,122,0.005654356149330991
8,123,0.005654356149330991
8,133,0.011006205347996796
8,131,0.010667800488451258
8,128,0.11529738673066535
8,126,0.11513856463496439
8,88,0.11126012511747996
8,150,0.11126012511747987
8,155,0.11039641477095168
8,21,0.2425777121993955
8,167,0.10914510157155086
8,45,0.18845948605821933
8,42,0.38593015838341777
8,140,0.41216342967333186
8,48,0.07868763462672063
8,173,0.1638395758910066
8,142,0.13697145458773569
8,57,0.12686951620060125
8,29,0.10117550657933326
8,61,0.1793448872802064
8,20,0.12686951620060125
8,64,0.12520912049356842
8,49,0.35407991325938143
8,13,0.33890808925713173
8,152,0.26191492226868857
8,41,0.6069836841590437
8,50,0.05232452674587688
8,52,0.3682497601507237
8,172,0.1204932353966773
8,143,0.11741228822222524
8,28,0.19745642404975208
8,46,0.4405316465165862
8,34,0.1194687320669946
8,30,0.14805618785126667
8,166,0.5176121579681068
8,158,0.12644433643759406
8,40,0.07868763462672063
8,149,0.3385768205464327
8,14,0.7139488657627061
8,58,0.40723730969153293
8,59,0.4005333017242402
8,156,0.37770056744394875
8,144,0.33857682054643246
8,130,0.1188508478214209
8,89,0.11126012511747997
8,70,0.11126012511747987
8,148,0.1051107391379884
8,17,0.061308339784934184
8,56,0.0723301762089544
8,68,0.10511073913798845
8,66,0.1280565027640413
8,65,0.1051107391379884
8,77,0.10511073913798866
8,94,0.1051107391379886
8,87,0.10511073913798837
8,75,0.1051107391379886
8,69,0.1051107391379884
8,67,0.1051107391379886
8,79,0.1051107391379886
8,38,0.04868132928181477
8,47,0.13607549747617953
8,15,0.15805395394957547
8,37,0.11938637644116913
8,43,0.2163998901526217
8,19,0.13667049303420306
8,51,0.09199315554013375
8,25,0.04217393887388616
8,35,0.06274836239527744
8,31,0.5425473571328929
8,16,0.2060795768887405
8,18,0.11488855237121175
8,54,0.5505359370996517
8,9,0.16968184712793757
8,26,0.5521458715323032
8,63,0.3920009628739316
8,23,0.5425473571328925
8,32,0.11493784720997624
8,146,0.3386132513801339
8,164,0.37770056744394903
8,74,0.10511073913798824
8,76,0.10511073913798925
8,78,0.1280565027640413
8,109,0.12625054488029122
8,97,0.10511073913798905
8,106,0.10483750278046461
8,95,0.10511073913798827
8,84,0.10511073913798845
8,53,0.5274355404101904
8,160,0.5864585720371788
8,62,0.577791177104292
8,154,0.3386018429099338
8,168,0.36833100015056486
8,169,0.3917925410646341
8,85,0.1051107391379886
8,86,0.10511073913798827
8,99,0.12241256541688383
8,103,0.12124964769245011
8,105,0.12691839864088847
8,104,0.11999193908188739
8,81,0.10511073913798837
8,101,0.12847804146785732
8,96,0.10511073913798824
8,83,0.1051107391379892
8,82,0.10511073913798821
8,72,0.10511073913798946
8,113,0.12198883268293861
8,80,0.10511073913798821
8,112,0.12376911740114548
8,98,0.1051107391379886
9,134,0.0063236154926978715
9,121,0.008124172138738218
9,119,0.009678394961931777
9,120,0.13099334118262632
9,117,0.13277642247457355
9,137,0.008124172138738218
9,136,0.006645828207723604
9,118,0.13118354955370465
9,116,0.13045788090318589
9,114,0.13942427754316083
9,129,0.12241338219749197
9,127,0.1224133821974919
9,124,0.12186767534340907
9,170,0.12867639939424425
9,139,0.1224133821974919
9,122,0.004869241130417373
9,123,0.004869241130417373
9,133,0.009408368239816191
9,131,0.008874281086342698
9,128,0.12641295691276674
9,126,0.12798309878432754
9,88,0.12219108599661466
9,150,0.12219108599661457
9,155,0.11905041659811534
9,21,0.2621288752525285
9,167,0.23688557009877945
9,45,0.22408267138712382
9,42,0.40856804911167705
9,140,0.7241149400394647
9,48,0.001813774176343085
9,173,0.17951354952478282
9,142,0.14929433249476004
9,57,0.15752543620389162
9,29,0.13497721374114735
9,61,0.42963889861386734
9,20,0.15752543620389148
9,64,0.13463438470346148
9,49,0.491019506020308
9,13,0.10287878956061643
9,41,0.1310258378676143
9,52,0.11099361372497873
9,172,0.18863874441527295
9,143,0.14612476582246736
9,28,0.9487284848491825
9,46,0.215499819984978
9,34,0.08812961417272694
9,24,0.9125895571029943
9,30,0.08220505933377018
9,158,0.13862678989010574
9,40,0.001813774176343085
9,149,0.07023957464314456
9,58,0.13886990688973752
9,59,0.1300270176675873
9,156,0.1726606089177346
9,144,0.07023957464314456
9,10,0.15746639969426163
9,130,0.13079493054511937
9,89,0.12219108599661466
9,70,0.12219108599661457
9,148,0.13180870506847336
9,17,0.16706985598969404
9,56,0.10770678423872382
9,68,0.1318087050684733
9,66,0.15671861536084106
9,65,0.1318087050684731
9,77,0.13180870506847364
9,94,0.13180870506847342
9,87,0.13180870506847306
9,75,0.13180870506847353
9,69,0.1318087050684731
9,67,0.13180870506847364
9,79,0.13180870506847353
9,38,0.0619769933387179
9,47,0.16849962288499293
9,15,0.20192881764931514
9,37,0.17970799735855367
9,43,0.21286743141956982
9,19,0.17460943162959533
9,51,0.13609684935136712
9,25,0.06915676174470486
9,35,0.3748024591073555
9,31,0.09180507005108256
9,16,0.28118677518215734
9,18,0.08758761879480474
9,54,0.3801304562607371
9,26,0.40814073335977324
9,63,0.15433795891770163
9,23,0.09180507005108256
9,32,0.08914420302484546
9,146,0.07704392837339931
9,164,0.1726606089177346
9,74,0.13180870506847306
9,76,0.13180870506847417
9,78,0.15671861536084047
9,109,0.16059377350735232
9,97,0.13180870506847384
9,106,0.1378746538605603
9,95,0.1318087050684732
9,84,0.13180870506847348
9,53,0.1418329898886294
9,160,0.0684811988779686
9,62,0.0743856436571597
9,154,0.07693917608799589
9,55,0.1661249325921864
9,168,0.171474770402244
9,169,0.0717596428989164
9,27,0.5866340366571026
9,85,0.13180870506847364
9,86,0.13180870506847328
9,99,0.155773325701884
9,103,0.15580473384340346
9,105,0.15276051052154851
9,104,0.14998298592845483
9,81,0.13180870506847317
9,101,0.1625660389924829
9,100,0.09210956071401766
9,96,0.13180870506847306
9,83,0.13180870506847395
9,82,0.13180870506847306
9,72,0.1318087050684741
9,113,0.1468230769238026
9,80,0.13180870506847306
9,112,0.15033895974283
9,98,0.13180870506847364
10,13,0.18152249862817482
10,41,0.37531417630671454
10,11,0.12680568775656878
10,12,0.11764222875830882
10,50,0.08891868198038491
10,52,0.18152249862817482
10,46,0.1444807829800389
10,158,0.12325252864369482
10,149,0.2203868929675834
10,14,0.12236615692745156
10,58,0.24927452996960156
10,59,0.24927452996960156
10,156,0.16237734981307494
10,144,0.2203868929675834
10,16,0.18152249862817488
10,54,0.18152249862817463
10,26,0.18152249862817482
10,63,0.18152249862817482
10,32,0.10230083611581081
10,146,0.1404270238697323
10,164,0.45629037366664954
10,53,0.18152249862817482
10,160,0.21572172184699595
10,62,0.24927452996960156
10,154,0.14025060547818097
10,55,0.3241339331084443
10,168,0.24497239231168588
10,169,0.23462413457314799
10,27,0.17563028005598927
10,100,0.2989458743223101
11,93,0.06244158448174697
11,134,0.05201551336322074
11,121,0.043892514548247455
11,119,0.0423281167988031
11,120,0.041640410771261654
11,117,0.02248868851157445
11,137,0.043970198999977984
11,136,0.051507536204249714
11,118,0.04146863815102701
11,116,0.022565961282808925
11,114,0.042002931656803584
11,129,0.03739451879504273
11,127,0.037394518795042735
11,124,0.020437269746617387
11,139,0.03739451879504273
11,122,0.06227799651595822
11,151,0.06244158448174686
11,123,0.06206237001830109
11,133,0.06356873814077346
11,131,0.04158014412696219
11,128,0.03830181636971599
11,126,0.037393724419494415
11,88,0.03739451879504273
11,150,0.03739451879504273
11,155,0.07350945907542478
11,140,0.08254168665311852
11,92,0.06244158448174697
11,90,0.06244158448174697
11,91,0.06244158448174686
11,145,0.06244158448174697
11,73,0.06244158448174686
11,147,0.06244158448174697
11,48,0.06631218547206545
11,173,0.07405865865190425
11,142,0.040535452512549544
11,57,0.07548906902794429
11,29,0.06842699370215401
11,61,0.07358717433265019
11,20,0.07548906902794429
11,64,0.07358717433265019
11,49,0.13352897105300243
11,13,0.14760903594984942
11,152,0.5530047896920247
11,41,0.33051262076013826
11,12,0.9458978005551822
11,50,0.8595706043629643
11,52,0.14706127304691993
11,143,0.03739451879504273
11,46,0.27976800162576393
11,34,0.1758701326046293
11,30,0.15678120012237365
11,166,0.12289106937338795
11,158,0.877686615117722
11,141,0.06244158448174697
11,40,0.06631218547206554
11,153,0.06244158448174697
11,149,0.3022417572000438
11,58,0.34154876633663506
11,59,0.275959223216094
11,144,0.3022417572000437
11,130,0.02725637867346862
11,89,0.03739451879504273
11,70,0.03739451879504273
11,148,0.03739451879504273
11,68,0.03739451879504273
11,65,0.03739451879504273
11,77,0.03739451879504273
11,94,0.03739451879504273
11,87,0.03739451879504273
11,75,0.03739451879504273
11,69,0.03739451879504273
11,67,0.03739451879504273
11,79,0.03739451879504273
11,18,0.18470069181948584
11,63,0.3040911527543086
11,32,0.5374741093267765
11,146,0.3022417572000438
11,164,0.08285893507630995
11,74,0.03739451879504273
11,76,0.03739451879504273
11,109,0.019481075275925467
11,97,0.03739451879504273
11,106,0.037393724419494415
11,95,0.03739451879504273
11,84,0.03739451879504273
11,154,0.3022417572000438
11,169,0.055048926962521366
11,85,0.03739451879504273
11,86,0.03739451879504273
11,99,0.04119198998278809
11,103,0.04092044166621707
11,105,0.022565961282808925
11,104,0.03239003690980161
11,81,0.03739451879504273
11,101,0.02248868851157445
11,96,0.03739451879504273
11,83,0.03739451879504273
11,82,0.03739451879504273
11,72,0.03739451879504273
11,113,0.020087328455479395
11,80,0.03739451879504273
11,112,0.02798124717857848
11,98,0.03739451879504273
12,93,0.00430033871474185
12,120,0.0029372481227892358
12,118,0.002737148949470672
12,114,0.0029439462683098125
12,129,0.002688009486791207
12,127,0.0026880094867912136
12,139,0.002688009486791207
12,122,0.0019866890294030957
12,151,0.00430033871474185
12,123,0.0019866890294030957
12,133,0.00330568886783894
12,128,0.0030271142021659303
12,126,0.0029372481227892358
12,88,0.002688009486791207
12,150,0.002688009486791207
12,155,0.004705001882934463
12,140,0.005042672152490148
12,92,0.00430033871474185
12,90,0.00430033871474185
12,91,0.00430033871474185
12,145,0.00430033871474185
12,73,0.00430033871474185
12,147,0.00430033871474185
12,48,0.08221502935706902
12,173,0.004705001882934463
12,142,0.002688009486791207
12,57,0.005989608243220463
12,29,0.007155807660755985
12,61,0.004705001882934463
12,20,0.005989608243220463
12,64,0.004705001882934463
12,49,0.007209375437257285
12,13,0.1610630338364511
12,152,0.4568586295460947
12,41,0.32747639881795426
12,50,0.7842751618702767
12,52,0.15940263331527305
12,143,0.002688009486791207
12,46,0.26923873407450516
12,34,0.19560111388228973
12,30,0.17000105405471852
12,166,0.10327669684226594
12,158,0.9715401877692795
12,141,0.00430033871474185
12,40,0.0822150293570691
12,153,0.00430033871474185
12,149,0.2937939572233235
12,58,0.29851859278605936
12,59,0.25427838051280105
12,144,0.29379395722332347
12,130,0.001193037991997304
12,89,0.002688009486791207
12,70,0.002688009486791207
12,148,0.002688009486791207
12,68,0.002688009486791207
12,65,0.002688009486791207
12,77,0.002688009486791207
12,94,0.002688009486791207
12,87,0.002688009486791207
12,75,0.002688009486791207
12,69,0.002688009486791207
12,67,0.002688009486791207
12,79,0.002688009486791207
12,18,0.19394874873251433
12,63,0.304580233316543
12,32,0.5695371534500726
12,146,0.2937939572233235
12,164,0.08782599457828959
12,74,0.002688009486791207
12,76,0.002688009486791207
12,97,0.002688009486791207
12,106,0.0029372481227892358
12,95,0.002688009486791207
12,84,0.002688009486791207
12,154,0.2937939572233235
12,169,0.05951465122488103
12,85,0.002688009486791207
12,86,0.002688009486791207
12,99,0.002688009486791207
12,103,0.002688009486791207
12,104,0.0024149514600279314
12,81,0.002688009486791207
12,96,0.002688009486791207
12,83,0.002688009486791207
12,82,0.002688009486791207
12,72,0.002688009486791207
12,80,0.002688009486791207
12,112,0.001298216306515561
12,98,0.002688009486791207
13,93,0.3402823221655612
13,134,0.32590954596116745
13,121,0.3098726218113039
13,119,0.3253266525249825
13,137,0.3081495443160685
13,136,0.32779674788875174
13,71,0.12719776649165615
13,122,0.3346956394071256
13,151,0.3402823221655612
13,123,0.33941523737489926
13,133,0.3161424955017852
13,131,0.3323664442244072
13,180,0.06789114968441791
13,92,0.3402823221655612
13,90,0.3402823221655612
13,91,0.3402823221655612
13,145,0.35518774574114875
13,73,0.35753518050453453
13,183,0.12015138468286128
13,147,0.43630590862966395
13,48,0.41761903193868694
13,173,0.37595354882223325
13,39,0.5305422005817017
13,36,0.17027474702449105
13,177,0.145052027132215
13,176,0.07859697609435648
13,171,0.192479050000534
13,57,0.34425981756535845
13,29,0.36983012658473335
13,61,0.4150611701953442
13,20,0.34425981756535845
13,64,0.2844088986998444
13,49,0.0839963905895005
13,152,0.5966981846831232
13,41,0.2977379430558298
13,50,0.15651925496454552
13,52,0.9999673640256522
13,46,0.4682733753899671
13,34,0.09057529761645274
13,30,0.33146475959520744
13,166,0.9237269757571359
13,158,0.09188125107771676
13,141,0.3041056994575282
13,40,0.5194723421024121
13,153,0.07978299292481021
13,149,0.40470102163192817
13,14,0.30507276466355315
13,58,0.4887416020824316
13,59,0.5433906450888701
13,156,0.12594589079937332
13,144,0.4576590634415001
13,31,0.2533638172665847
13,16,0.360736853809872
13,18,0.1002029217512104
13,54,0.4409005777080741
13,26,0.4858024970452782
13,63,0.722161086842322
13,23,0.3130051277479101
13,32,0.10924919235713507
13,146,0.628655002700313
13,164,0.13440988117230854
13,53,0.7950730177021774
13,160,0.41372182281619174
13,62,0.424207788416595
13,154,0.43434514596254037
13,55,0.19127512142863692
13,168,0.28638666122607137
13,169,0.35693138065665186
13,27,0.13541390754019902
13,100,0.05996342375147553
14,170,0.04662209556082316
14,167,0.0017181971798584828
14,48,0.04030198527079766
14,152,0.24923123433384797
14,41,0.4904125983380973
14,50,0.04568859284550764
14,52,0.36125260808424187
14,172,0.09324811163765236
14,46,0.29928745991334205
14,34,0.10518665149441846
14,30,0.1317207685448177
14,166,0.4943692191297526
14,40,0.04030198527079766
14,149,0.30634605658939923
14,58,0.3188993526052558
14,59,0.3188468944108893
14,156,0.3938771110244425
14,144,0.30634605658939923
14,56,0.03765972947419672
14,43,0.045520201730006316
14,51,0.05228410554283997
14,31,0.46357962337403225
14,16,0.18931370462208702
14,18,0.10511807493248325
14,54,0.33460238755046856
14,26,0.33532976112528057
14,63,0.31673790400388363
14,23,0.502749876389144
14,32,0.1121104560134976
14,146,0.30639269752173526
14,164,0.3938771110244425
14,53,0.52623587175463
14,160,0.5047988514798682
14,62,0.5420319704042376
14,154,0.3063690168848605
14,168,0.3183481003153786
14,169,0.34886684022658804
15,134,0.007567703729423128
15,121,0.009722496230803344
15,119,0.011582491967264293
15,120,0.15690295136704593
15,117,0.15992586744793963
15,137,0.009722496230803344
15,136,0.007953307561279052
15,118,0.15690647125275395
15,116,0.1552901489822664
15,114,0.16640819094970485
15,129,0.14781168268303257
15,127,0.14781168268303252
15,124,0.14477763824148318
15,170,0.1500198957612601
15,139,0.1478116826830325
15,122,0.005827200326248648
15,123,0.005827200326248648
15,133,0.011259341036541557
15,131,0.010620179255145206
15,128,0.15820197955575194
15,126,0.15741907788268195
15,88,0.1475456526262781
15,150,0.14754565262627803
15,155,0.1419513709775632
15,44,0.17419219957114382
15,21,0.2739228523118514
15,184,0.08377929820529623
15,167,0.1005755401536878
15,45,0.479533461801685
15,42,0.7386980951155792
15,140,0.3884493393382508
15,173,0.16130546324675968
15,142,0.15063696179653577
15,57,0.4346393008600749
15,29,0.42821335671969224
15,61,0.20255646959456086
15,20,0.4346393008600752
15,64,0.43015407557238294
15,49,0.3232567400529415
15,41,0.1586487615665949
15,172,0.18202186091631337
15,143,0.8250987617743509
15,28,0.12235563356845253
15,46,0.15332075751282828
15,34,0.5171315478270996
15,158,0.2949567857217886
15,58,0.07717069450503314
15,59,0.06658808305077606
15,181,0.16246296712529698
15,130,0.1578192801422481
15,89,0.1475456526262781
15,70,0.14754565262627803
15,185,0.0713537950973012
15,163,0.0713537950973012
15,148,0.7166421924917459
15,17,0.4737414387641903
15,56,0.44607152187055377
15,68,0.7166421924917459
15,66,0.7348670486555524
15,65,0.4268074037154187
15,77,0.7166421924917461
15,94,0.7166421924917459
15,87,0.7166421924917457
15,75,0.4268074037154187
15,69,0.42680740371541853
15,67,0.4268074037154187
15,79,0.42680740371541936
15,159,0.0713537950973012
15,157,0.07841486195218705
15,38,0.22805699707624713
15,33,0.2203014676413921
15,22,0.14950087952557806
15,47,0.4473279313859005
15,161,0.17311079452629005
15,165,0.17311079452629005
15,37,0.4818014554622454
15,43,0.3866859907212253
15,19,0.5066097306154664
15,51,0.15102224576386986
15,25,0.33655416152895445
15,35,0.052504772464403944
15,54,0.2645111227949279
15,26,0.17316774888263067
15,63,0.0615830845987264
15,74,0.426807403715418
15,76,0.4268074037154192
15,78,0.44538972725304676
15,179,0.17311079452629005
15,109,0.4839543857857088
15,97,0.4268194160741573
15,106,0.42810275133937004
15,95,0.4268074037154181
15,84,0.42680740371541825
15,168,0.09988772142602922
15,174,0.17311079452629005
15,85,0.42680740371541864
15,86,0.426807403715418
15,182,0.16246296712529698
15,175,0.17311079452629
15,99,0.48025573578250913
15,103,0.4801047146628469
15,105,0.43592051732450915
15,104,0.43542626650696653
15,81,0.4268194160741571
15,101,0.41983434904772693
15,96,0.42681941607415685
15,83,0.42681941607415746
15,82,0.42681941607415647
15,72,0.4268194160741579
15,113,0.46646899707033534
15,80,0.42681941607415647
15,112,0.4310095458519628
15,98,0.42681941607415697
16,167,0.03473048473033684
16,57,0.30023655058173837
16,29,0.10091423167784785
16,61,0.01193699859935048
16,20,0.30023655058173837
16,64,0.11357424181552159
16,152,0.005737929662670046
16,41,0.15942439119389443
16,52,0.49161197793555383
16,28,0.10634533404059265
16,46,0.33023041335521075
16,34,0.18594848892616736
16,24,0.1780461440620409
16,30,0.31637808886762026
16,149,0.3217791684303441
16,58,0.3254688874186806
16,59,0.3254688874186806
16,156,0.7280656812237166
16,144,0.321779168430344
16,181,0.09621615178215275
16,65,0.28103648299292083
16,75,0.28103648299292083
16,69,0.28103648299292083
16,67,0.28103648299292083
16,79,0.28103648299292083
16,38,0.10819225879157372
16,33,0.11339133890228494
16,22,0.10819225879157372
16,47,0.3002090501393416
16,161,0.10094043638449027
16,165,0.1009404363844902
16,37,0.18690423273479898
16,43,0.3002090501393416
16,19,0.4080055391483039
16,51,0.4936755722763467
16,25,0.2978354983265475
16,60,0.7659412990729891
16,35,0.1607223066993736
16,31,0.6058924504264565
16,18,0.5256127616570027
16,54,0.36779559017619945
16,26,0.3913546106191957
16,63,0.43385574549823475
16,23,0.47160609614941557
16,32,0.15739081882602865
16,146,0.36609059823647166
16,164,0.7280656812237166
16,74,0.28103648299292083
16,76,0.28103648299292083
16,78,0.29009915313424245
16,179,0.1009404363844902
16,109,0.28708286858522397
16,97,0.2822300215587433
16,106,0.2721365914338668
16,95,0.2859050622281029
16,84,0.2859050622281029
16,53,0.6282054827805894
16,160,0.3209550984940176
16,62,0.3254688874186806
16,154,0.32813722685992386
16,55,0.19127512142863692
16,168,0.3219372724829747
16,169,0.3151365220817422
16,27,0.5409985729920258
16,174,0.10395819490321513
16,85,0.2859050622281029
16,86,0.2859050622281029
16,182,0.09621615178215275
16,175,0.10395043980564796
16,99,0.2936915112360393
16,103,0.2906217233443402
16,105,0.28907029453353306
16,104,0.277986333965692
16,81,0.2822300215587433
16,101,0.29740950171916686
16,100,0.08255360714226015
16,96,0.28223002155874316
16,83,0.2822300215587433
16,82,0.28223002155874316
16,72,0.2822300215587433
16,113,0.29906242114880843
16,80,0.28223002155874316
16,112,0.2892551645903703
16,98,0.2822300215587433
17,120,0.008588888626931144
17,117,0.0061052233426910855
17,118,0.008746368661259862
17,116,0.006383192225255643
17,114,0.008277753536718578
17,129,0.004255170819868291
17,127,0.004255170819868244
17,124,0.002133290724890703
17,170,0.00400297027970361
17,139,0.004255170819868244
17,71,0.04842262523503151
17,128,0.007374826445886375
17,126,0.0070995601601940616
17,88,0.004240356165089095
17,150,0.004240356165089048
17,155,0.0009220928915359585
17,44,0.026344553995426078
17,21,0.019885923781598893
17,184,0.2643303816286328
17,167,0.12810190866992718
17,45,0.16035647701990724
17,42,0.08590882066813886
17,140,0.44898148033396984
17,48,0.0029620721378175044
17,173,0.05007640474575352
17,142,0.007510372583750045
17,57,0.09566233402363128
17,29,0.10227694445822118
17,61,0.15288311865957702
17,20,0.09566233402363124
17,64,0.03801897024522468
17,49,0.29687433075979786
17,41,0.005428465460458488
17,172,0.19239677505651936
17,143,0.4231504302967633
17,28,0.43212029181416306
17,46,0.00745370407379876
17,34,0.24292898646083455
17,24,0.08655112823690764
17,158,0.019637757357552202
17,40,0.0036844933617255866
17,181,0.030015974802649933
17,130,0.005985471418683926
17,89,0.004240356165089142
17,70,0.004240356165089048
17,185,0.6789205530225308
17,163,0.6789205530225308
17,148,0.8312834731542624
17,56,0.9323655945405946
17,68,0.8167364563196323
17,66,0.678010650246739
17,65,0.09982166425273323
17,77,0.6666766548193882
17,94,0.6666766548193878
17,87,0.6666766548193878
17,75,0.09982166425273313
17,69,0.09982166425273302
17,67,0.09982166425273321
17,79,0.09982166425273338
17,159,0.6406026761690764
17,157,0.7270775950977153
17,38,0.03259641539896335
17,33,0.057829278524001104
17,22,0.027661319299510347
17,47,0.09622858229760103
17,161,0.0361850575652139
17,165,0.036185057565213924
17,37,0.26022817440786794
17,43,0.154199091437318
17,19,0.15450009841146808
17,51,0.26435249479424966
17,25,0.09651048981062392
17,35,0.18802851339385956
17,54,0.10267935992447993
17,26,0.12306762109011685
17,74,0.09982166425273306
17,76,0.09982166425273313
17,78,0.10070434319719487
17,179,0.036185057565213924
17,109,0.10793646588262695
17,97,0.09982166425273307
17,106,0.1019532818837281
17,95,0.09982166425273313
17,84,0.0998216642527332
17,160,0.0014180351139257764
17,168,0.06085786551639846
17,174,0.036185057565213924
17,85,0.09982166425273323
17,86,0.0998216642527332
17,182,0.030015974802649933
17,175,0.0361850575652139
17,99,0.10907386809207877
17,103,0.10882773785005866
17,105,0.0951976151315341
17,104,0.10450255063697908
17,81,0.09982166425273307
17,101,0.09453582283111917
17,96,0.09982166425273307
17,83,0.09982166425273306
17,82,0.09982166425273307
17,72,0.09982166425273298
17,113,0.10637298817732091
17,80,0.09982166425273307
17,112,0.09825845899657683
17,98,0.09982166425273321
18,167,0.06760566996288256
18,57,0.3833924096383019
18,29,0.11580911924639195
18,61,0.013764607306751095
18,20,0.3833924096383018
18,64,0.12294269006013646
18,152,0.23130008897292428
18,41,0.09614020494583413
18,50,0.22199885146258244
18,52,0.11612060058564612
18,28,0.10343508315654508
18,46,0.10093742151431911
18,34,0.6130373913319347
18,24,0.17317372579533974
18,30,0.47280780628315233
18,166,0.5886834849576713
18,158,0.13478527280903138
18,149,0.10481210905550387
18,58,0.10484000498372768
18,59,0.10491555953576422
18,156,0.566934655093389
18,144,0.10481210905550387
18,181,0.10286331109961618
18,65,0.31936435805907787
18,75,0.31936435805907787
18,69,0.31936435805907787
18,67,0.319364358059078
18,79,0.31936435805907787
18,38,0.14048041625241428
18,33,0.14181433158993995
18,22,0.14048041625241428
18,47,0.3831087662606492
18,161,0.1095551559987508
18,165,0.10955515599875074
18,37,0.18234100604266107
18,43,0.3831087662606492
18,19,0.40539278976042126
18,51,0.48932050407730676
18,25,0.34493699293292024
18,60,0.7188310514228297
18,35,0.1530140750580902
18,31,0.6727951418412345
18,54,0.18619015367031452
18,26,0.18619015367031472
18,63,0.1054711774884182
18,23,0.44183353704424855
18,32,0.6147936802814797
18,146,0.10488622937295217
18,164,0.566934655093389
18,74,0.31936435805907787
18,76,0.319364358059078
18,78,0.33151543881430995
18,179,0.10955515599875074
18,109,0.32966708767492664
18,97,0.32076834021273437
18,106,0.32461956205743975
18,95,0.3273811650054052
18,84,0.3273811650054052
18,53,0.18971619841752668
18,160,0.10605224637711384
18,62,0.10836657155819363
18,154,0.10483220668995018
18,168,0.1698373295080268
18,169,0.101177749612555
18,27,0.2923942001282213
18,174,0.11431879872313866
18,85,0.32738116500540526
18,86,0.3273811650054052
18,182,0.10286331109961618
18,175,0.11430967625412429
18,99,0.3370476074624387
18,103,0.3317872539425471
18,105,0.34187578047330536
18,104,0.3297752618565086
18,81,0.32076834021273437
18,101,0.3584091427751168
18,96,0.32076834021273426
18,83,0.3207683402127344
18,82,0.32076834021273426
18,72,0.32076834021273437
18,113,0.3495989350039541
18,80,0.32076834021273426
18,112,0.3326360039789612
18,98,0.32076834021273437
19,134,0.006543852741368349
19,121,0.008407118709671755
19,119,0.010015471604308825
19,120,0.13567521207787764
19,117,0.13828915131098637
19,137,0.008407118709671755
19,136,0.006877287397691091
19,118,0.13567825575064324
19,116,0.13428060921229618
19,114,0.1438944672607291
19,129,0.1278139207763837
19,127,0.12781392077638368
19,124,0.12519035876257587
19,170,0.12972337993627422
19,139,0.12781392077638365
19,122,0.005038825804076703
19,123,0.005038825804076703
19,133,0.00973604046119153
19,131,0.009183352258149625
19,128,0.13679849193630125
19,126,0.13612151072208936
19,88,0.12758388250078226
19,150,0.1275838825007822
19,155,0.12274646330312028
19,44,0.0007786425889255475
19,21,0.2739228523118514
19,167,0.08696845802649862
19,45,0.33011018764079514
19,42,0.7386980951155792
19,140,0.3884493393382511
19,173,0.13948209861348035
19,142,0.15063696179653577
19,57,0.8280740769533936
19,29,0.5733648028775096
19,61,0.17515216718708712
19,20,0.8280740769533945
19,64,0.3789463412081354
19,49,0.3232567400529417
19,41,0.1371848278435966
19,172,0.1820218609163136
19,143,0.4027531302808402
19,28,0.12235563356845279
19,46,0.1325776609697528
19,34,0.15169910195258027
19,30,0.1483444073555608
19,158,0.25505144490875237
19,58,0.06673010451329536
19,59,0.057579237427084116
19,156,0.4053927897604218
19,181,0.15027065057449815
19,130,0.13646756875329658
19,89,0.12758388250078226
19,70,0.1275838825007822
19,148,0.37594754456340607
19,56,0.13004495799690816
19,68,0.37594754456340634
19,66,0.3900076018918259
19,65,0.8190155687829135
19,77,0.37594754456340623
19,94,0.37594754456340623
19,87,0.37594754456340623
19,75,0.8190155687829144
19,69,0.8190155687829135
19,67,0.8190155687829144
19,79,0.8190155687829144
19,38,0.2213461606458911
19,33,0.15550968511492042
19,22,0.15341806996409707
19,47,0.8387697862861937
19,161,0.14929241974703686
19,165,0.14929241974703675
19,37,0.7695528706766197
19,43,0.7863322247947762
19,51,0.7249514469115778
19,25,0.7165024653250369
19,60,0.786724018020846
19,35,0.045401288357822984
19,31,0.42181525852177926
19,54,0.22872484149904132
19,26,0.14973950999645821
19,63,0.05325137602922703
19,23,0.10884322857877596
19,164,0.4053927897604218
19,74,0.8190155687829127
19,76,0.8190155687829143
19,78,0.8237034453423364
19,179,0.14929241974703675
19,109,0.8766527619437762
19,97,0.8219023476302911
19,106,0.816460067252873
19,95,0.8316340247869954
19,84,0.8316340247869954
19,168,0.08637369578058081
19,27,0.11038296314804928
19,174,0.16714949143097674
19,85,0.8316340247869963
19,86,0.8316340247869954
19,182,0.15027065057449815
19,175,0.167114327668867
19,99,0.8685779479148993
19,103,0.8490916049056444
19,105,0.8494800418302167
19,104,0.7913407944706237
19,81,0.8219023476302904
19,101,0.8335292500775282
19,96,0.8219023476302901
19,83,0.8219023476302904
19,82,0.8219023476302895
19,72,0.821902347630292
19,113,0.9165838425618281
19,80,0.8219023476302895
19,112,0.8083202799836858
19,98,0.8219023476302911
20,93,0.3055449164996795
20,134,0.3079193656158672
20,121,0.30246970228830355
20,119,0.3023118824419132
20,120,0.11596663539595936
20,117,0.11062381031732131
20,137,0.2994495981103585
20,136,0.3116327840185563
20,118,0.11627933956118239
20,116,0.10706063831547077
20,114,0.1179792436693722
20,129,0.09857633938367151
20,127,0.09857633938367155
20,124,0.1012299439208579
20,170,0.06804820766271556
20,139,0.09857633938367154
20,71,0.1425224935025911
20,122,0.3088871268891629
20,151,0.30554491649967924
20,123,0.31298664433380685
20,133,0.30995453421995056
20,131,0.3070422541362627
20,128,0.11212631974639019
20,126,0.10725444974780093
20,88,0.09848415440577829
20,150,0.12467134488089761
20,155,0.17681859111700635
20,21,0.28374545471057255
20,167,0.07510025827877824
20,45,0.29063852872969037
20,42,0.7397743213307322
20,140,0.5552574470906645
20,92,0.3056086675607395
20,90,0.3056086675607395
20,91,0.30560866756073946
20,145,0.34988287448629857
20,73,0.35219524937121655
20,183,0.16311959656535965
20,147,0.6618069658216451
20,48,0.5731470084795609
20,173,0.75184983769136
20,39,0.3243072234979673
20,36,0.204238997564122
20,177,0.1497380070596265
20,171,0.084379551807163
20,142,0.22956655854408572
20,57,0.9953121674510269
20,29,0.8556747259152505
20,61,0.6785371161058327
20,64,0.543926769134922
20,49,0.6847772218666786
20,152,0.08203110257348183
20,41,0.12860334776148757
20,52,0.07809475016260777
20,172,0.17594804697838953
20,143,0.44923761962424685
20,28,0.13354888513865187
20,46,0.14534470833950772
20,34,0.11730847877835045
20,24,0.0014432666605851035
20,30,0.20171255598163979
20,158,0.26218045999202516
20,141,0.4263086926702197
20,40,0.7188265324980122
20,153,0.13317987837816975
20,149,0.020849177890529834
20,58,0.17031170385511019
20,59,0.1464591596311716
20,156,0.21579417128931377
20,144,0.025865789503743068
20,181,0.05789708511902398
20,130,0.10941441111505139
20,89,0.09848415440577832
20,70,0.09848415440577826
20,148,0.250827856468991
20,56,0.08139555619872416
20,68,0.21240166456251583
20,66,0.1908609377446124
20,65,0.4188505574710132
20,77,0.21240166456251594
20,94,0.21240166456251583
20,87,0.21240166456251555
20,75,0.41885055747101296
20,69,0.4188505574710132
20,67,0.41885055747101335
20,79,0.4188505574710134
20,38,0.13020062516051284
20,33,0.12464269864673377
20,22,0.1093533514734111
20,47,0.5468638337959325
20,161,0.07041868922365983
20,165,0.06166362062703712
20,37,0.734759861953386
20,43,0.6540778495502181
20,51,0.7332626938255267
20,25,0.4448190538989952
20,60,0.7188356921390083
20,35,0.04947787493006289
20,31,0.2896993696438312
20,54,0.16436134004711672
20,26,0.12219213565766114
20,63,0.1432874626415965
20,23,0.08620340747613552
20,146,0.03512551614403135
20,164,0.25264804498765436
20,74,0.4188505574710128
20,76,0.4188505574710129
20,78,0.4082822560548926
20,179,0.06166362062703712
20,109,0.44815231792803656
20,97,0.41971959670130704
20,106,0.4391513724206702
20,95,0.4233628539272761
20,84,0.4233628539272763
20,154,0.0242701695035784
20,168,0.042289823594739914
20,27,0.08838501334173919
20,174,0.06434485872196306
20,85,0.42336285392727624
20,86,0.4233628539272761
20,182,0.05789708511902398
20,175,0.06433972409855479
20,99,0.4590238228359321
20,103,0.4549127558273238
20,105,0.4451642373056497
20,104,0.44624777684829897
20,81,0.41971959670130704
20,101,0.4584241714125066
20,96,0.419719596701307
20,83,0.4197195967013066
20,82,0.41971959670130704
20,72,0.4197195967013069
20,113,0.44763815119066724
20,80,0.41971959670130704
20,112,0.46190865301669515
20,98,0.41971959670130726
21,134,0.016084423359382247
21,121,0.02177652233329164
21,119,0.025453521572115508
21,120,0.5506381694496992
21,117,0.5122756774854715
21,137,0.02177652233329164
21,136,0.01671806053390743
21,118,0.552049934053448
21,116,0.48726802254705515
21,114,0.5590939113659336
21,129,0.55174079159506
21,127,0.5517407915950607
21,124,0.5155452044764879
21,170,0.6058823692854938
21,139,0.5517407915950607
21,122,0.012430282393878668
21,123,0.012430282393878668
21,133,0.023294421080978532
21,131,0.022982113978749063
21,128,0.6096654721295088
21,126,0.5688350504724723
21,88,0.5514225572260686
21,150,0.5514225572260685
21,155,0.7338604582760363
21,44,0.3360419141336958
21,184,0.08226339068778532
21,167,0.700593086657733
21,45,0.2742604406466396
21,42,0.4250324538885448
21,140,0.2952980997495485
21,48,0.00017437639774726228
21,173,0.24435591477175872
21,142,0.5514225572260684
21,57,0.2837454547105724
21,29,0.22448062610115016
21,61,0.2679557519374902
21,64,0.26762324871896864
21,49,0.2530704902564827
21,41,0.5407750754124838
21,143,0.20835036381563798
21,28,0.06244860239180289
21,46,0.5060399956878111
21,158,0.283127571531424
21,40,0.00017437639774726228
21,58,0.12988265126393797
21,59,0.12397468687168645
21,130,0.5792113288727093
21,89,0.5514225572260693
21,70,0.5514308893408818
21,148,0.20835036381563807
21,68,0.2083503638156383
21,66,0.26332695037153864
21,65,0.20835036381563807
21,77,0.20835036381563857
21,94,0.2083503638156385
21,87,0.20835036381563804
21,75,0.2083503638156385
21,69,0.20835036381563807
21,67,0.2083503638156385
21,79,0.2083503638156385
21,38,0.7172454767473266
21,22,0.3975970183202603
21,47,0.7242540578956864
21,161,0.08226339068778532
21,165,0.08226339068778528
21,37,0.15470454023332392
21,43,0.417154695059095
21,25,0.09018180273660542
21,35,0.019885923781598897
21,54,0.2915493801024243
21,26,0.2633332419967993
21,63,0.11505972831309681
21,74,0.20835036381563787
21,76,0.2083503638156383
21,78,0.2633269503715375
21,179,0.08226339068778532
21,109,0.2774365492970086
21,97,0.20835036381563787
21,106,0.23197161316639467
21,95,0.2083503638156379
21,84,0.2083503638156383
21,174,0.08226339068778532
21,85,0.2083503638156385
21,86,0.2083503638156379
21,175,0.08226339068778532
21,99,0.27605809549762145
21,103,0.2750379879828535
21,105,0.26593674141659596
21,104,0.2555363621856341
21,81,0.20835036381563804
21,101,0.2788829256372068
21,96,0.20835036381563787
21,83,0.20835036381563807
21,82,0.20835036381563782
21,72,0.20835036381563857
21,113,0.24787313843540001
21,80,0.20835036381563782
21,112,0.27089878934841544
21,98,0.2083503638156385
22,120,0.07056747047125876
22,117,0.06588711236148395
22,118,0.06654919745424012
22,116,0.060842502598761276
22,114,0.070533739878213
22,129,0.07906446959806081
22,127,0.07906446959806115
22,124,0.06358434095236509
22,170,0.05769550241520555
22,139,0.07906446959806115
22,71,0.046356397866165175
22,128,0.0870764449104181
22,126,0.07129339267474827
22,162,0.13238931996391679
22,88,0.07906429355191792
22,150,0.07906446959806081
22,155,0.35344632699113004
22,44,0.46985203427075567
22,184,0.34738579639929956
22,167,0.17201597494075047
22,45,0.3018076872743417
22,180,0.13238931996391679
22,183,0.13192311316015193
22,36,0.12980901557223096
22,177,0.13406523938014644
22,176,0.206581702558762
22,171,0.17789996061526095
22,142,0.13326113631859268
22,57,0.10935335147341092
22,64,0.3994599486411307
22,41,0.09759198847669062
22,172,0.008445670677803503
22,143,0.21629718922884528
22,46,0.07492387416593052
22,34,0.11342673043792914
22,158,0.002875399312945784
22,156,0.10935335147341092
22,181,0.3209495377123094
22,130,0.06627291134455844
22,89,0.07906429355191827
22,70,0.07906754101600824
22,178,0.1323900107728174
22,185,0.09975817250405415
22,163,0.09975817250405415
22,148,0.022113173508754608
22,56,0.02790295332002032
22,68,0.02211317350875459
22,66,0.025972174754061564
22,65,0.07525306163560977
22,77,0.0221131735087546
22,94,0.022113173508754542
22,87,0.022113173508754542
22,75,0.07525306163560977
22,69,0.07525306163560977
22,67,0.07525306163560977
22,79,0.07525306163560977
22,159,0.1259890708637155
22,157,0.16751160747222654
22,38,0.8272580636148794
22,33,0.6531390952726898
22,47,0.24283799078571142
22,161,0.48780588582813106
22,165,0.48780588582813106
22,43,0.11886885003417845
22,51,0.1782683668828686
22,25,0.09099172700719485
22,60,0.35089970562569517
22,31,0.11053887158179963
22,164,0.10935335147341092
22,74,0.07525306163560977
22,76,0.07525306163560974
22,78,0.08257909211080436
22,179,0.48780588582813106
22,109,0.09116797663531592
22,97,0.07525306163560977
22,106,0.08911378526145093
22,95,0.08147268869063559
22,84,0.08147268869063559
22,168,0.0028074089427943707
22,174,0.4996197054109924
22,85,0.08147268869063559
22,86,0.08147268869063559
22,182,0.3209495377123094
22,175,0.4915069193133902
22,99,0.09656279908252052
22,103,0.09258048716283573
22,105,0.09862892442497971
22,104,0.0875305972854866
22,81,0.07525306163560977
22,101,0.10638899201866074
22,96,0.07525306163560967
22,83,0.07525306163560977
22,82,0.07525306163560977
22,72,0.07525306163560977
22,113,0.09595966418399651
22,80,0.07525306163560977
22,112,0.08917505906952564
22,98,0.07525306163560977
23,44,0.026590393767989343
23,167,0.06781797409286222
23,57,0.08620340747613553
23,29,0.1352760199451058
23,61,0.01902640471951794
23,152,0.20349459055521707
23,41,0.4580674788405052
23,52,0.341758907301204
23,28,0.12045499385048965
23,46,0.2969135927288392
23,34,0.4099480125819813
23,24,0.20166890613094798
23,30,0.45990002251484674
23,166,0.35240195642820954
23,149,0.3089484774156313
23,58,0.31551552334138006
23,59,0.31551552334138006
23,156,0.6284560037812397
23,144,0.30894847741563114
23,65,0.08881740080148216
23,75,0.08881740080148216
23,69,0.08881740080148216
23,67,0.08881740080148223
23,79,0.08881740080148216
23,47,0.0862034074761352
23,37,0.20083420812824343
23,43,0.0862034074761352
23,51,0.10854101169449253
23,25,0.09016008022677996
23,60,0.15818487651262977
23,35,0.15534880433253825
23,31,0.8942743776346128
23,54,0.4513117033835158
23,26,0.45131170338351617
23,63,0.3130051277479102
23,32,0.3369652851655178
23,146,0.3089847305772997
23,164,0.6284560037812399
23,74,0.08881740080148216
23,76,0.08881740080148223
23,78,0.09378440106791704
23,109,0.09191509103971769
23,97,0.09251816986475195
23,106,0.07007231496316693
23,95,0.08881740080148216
23,84,0.08881740080148216
23,53,0.5460226010761432
23,160,0.3528984017672842
23,62,0.35627991169451645
23,154,0.3089733777458509
23,168,0.42632588632239327
23,169,0.29647177226208876
23,27,0.3868220081726913
23,85,0.08881740080148223
23,86,0.08881740080148216
23,99,0.09202078734406724
23,103,0.09179159183298852
23,105,0.08247501718500864
23,104,0.07693034663563
23,81,0.09251816986475195
23,101,0.07916689520889564
23,96,0.09251816986475202
23,83,0.09251816986475202
23,82,0.09251816986475195
23,72,0.09251816986475195
23,113,0.10511157448234515
23,80,0.09251816986475195
23,112,0.0884048294788507
23,98,0.09251816986475195
24,167,0.1420724222489843
24,140,0.15149355320837002
24,57,0.0014432666605856633
24,29,0.0005278726229583892
24,61,0.697704609476637
24,172,0.12774324057214254
24,143,2.2941158101740236e-05
24,28,0.962125937647978
24,34,0.181248815177042
24,30,0.16251820919727375
24,156,0.13325228312823553
24,148,2.2941158101740236e-05
24,56,0.10972165436176724
24,68,2.2941158101740236e-05
24,66,0.0005604131765546643
24,65,2.2941158101740236e-05
24,77,2.2941158101740236e-05
24,94,2.2941158101740236e-05
24,87,2.2941158101740236e-05
24,75,2.2941158101740236e-05
24,69,2.2941158101740236e-05
24,67,2.2941158101740236e-05
24,79,2.2941158101740236e-05
24,47,0.0014432666605851032
24,37,0.0005278726229583892
24,43,0.022352526950652547
24,51,0.10973001558660793
24,35,0.842309040356712
24,31,0.2016689061309481
24,54,0.14525769992574872
24,26,0.2896375115253148
24,32,0.17763447330157808
24,164,0.13325228312823553
24,74,2.2941158101740236e-05
24,76,2.2941158101740236e-05
24,78,0.0005604131765546643
24,109,0.001975372805915604
24,97,2.2941158101740236e-05
24,106,0.0012771496899477296
24,95,2.2941158101740236e-05
24,84,2.2941158101740236e-05
24,168,0.14661924965773349
24,27,0.17970221445413023
24,85,2.2941158101740236e-05
24,86,2.2941158101740236e-05
24,99,0.0014432666605851032
24,103,0.002113493763144536
24,105,0.005072397374980109
24,104,0.003128539620336103
24,81,2.2941158101740236e-05
24,101,0.0005278726229583892
24,96,2.2941158101740236e-05
24,83,2.2941158101740236e-05
24,82,2.2941158101740236e-05
24,72,2.2941158101740236e-05
24,113,0.0032654914753663666
24,80,2.2941158101740236e-05
24,98,2.2941158101740236e-05
25,120,0.024672673877353272
25,117,0.024567554915083816
25,118,0.024673196324066043
25,116,0.022894381289107226
25,114,0.0242450903528347
25,129,0.02448294588623055
25,127,0.02448294588623055
25,124,0.019058035897365756
25,170,0.021443039424992996
25,139,0.02448294588623055
25,128,0.029722509679427755
25,126,0.02723962619158178
25,88,0.024469415096325966
25,150,0.02576968680122135
25,155,0.023057617824423223
25,167,0.05620185103409071
25,45,0.16843274762450186
25,42,0.49270515678824717
25,140,0.19083996582417453
25,173,0.032527907369548165
25,142,0.04745162827405882
25,57,0.44481905389899457
25,29,0.2967152647869954
25,61,0.06626808276659939
25,64,0.15796942237821562
25,49,0.15982128117730451
25,41,0.02521736486188723
25,172,0.19185123960941303
25,143,0.3109936909791759
25,28,0.1232796144623228
25,46,0.028528489637238082
25,34,0.11878790213752978
25,30,0.1364282448900378
25,158,0.1177772678296553
25,58,0.0009660354894038063
25,59,0.0006760149624586252
25,156,0.23337305131493136
25,181,0.0755652900658667
25,130,0.024515850668139744
25,89,0.024469415096326004
25,70,0.024469415096325966
25,148,0.17674539584320553
25,56,0.08509715177506935
25,68,0.1767453958432054
25,66,0.17757883729238774
25,65,0.6995430796226787
25,77,0.17674539584320553
25,94,0.1767453958432054
25,87,0.17674539584320537
25,75,0.6995430796226807
25,69,0.6995430796226807
25,67,0.6995430796226813
25,79,0.6995430796226787
25,38,0.10788914309457416
25,33,0.10346866705050044
25,47,0.4452425480877567
25,161,0.2750907080487087
25,165,0.3703195576644744
25,37,0.7006774839958178
25,43,0.5198988110158244
25,51,0.6792731932728047
25,60,0.711995842958522
25,35,0.04845318346543052
25,31,0.2906505680429652
25,54,0.0928453493985091
25,26,0.04452958262561716
25,63,0.0006130705761809318
25,164,0.23337305131493136
25,74,0.6995430796226787
25,76,0.6995430796226793
25,78,0.7217009325496113
25,179,0.322323038784875
25,109,0.7155676266469985
25,97,0.6563630118907949
25,106,0.7126083668032973
25,95,0.42172505489742124
25,84,0.42172505489742124
25,168,0.05542819865268015
25,27,0.09672781168887812
25,174,0.08525005335923108
25,85,0.42172505489742124
25,86,0.42172505489742124
25,182,0.0755652900658667
25,175,0.08519965850229023
25,99,0.4559167269012588
25,103,0.7210489416978848
25,105,0.7036564563357204
25,104,0.7460383860247466
25,81,0.6563630118907949
25,101,0.4368537808224731
25,96,0.6563630118907949
25,83,0.6563630118907949
25,82,0.6563630118907949
25,72,0.6563630118907949
25,113,0.7092886010185264
25,80,0.6563630118907949
25,112,0.7551813504077667
25,98,0.6563630118907949
26,134,0.00783801143968421
26,121,0.01040811563943222
26,119,0.012035783114373776
26,120,0.10828521264746771
26,117,0.11305416521777574
26,137,0.01040811563943222
26,136,0.008099874643021667
26,118,0.10845499883514309
26,116,0.1081436857926467
26,114,0.1133320639365568
26,129,0.09876823219387425
26,127,0.09876823219387418
26,124,0.10123951804085166
26,170,0.10886362123617492
26,139,0.09876823219387415
26,122,0.005990934147477148
26,123,0.005990934147477148
26,133,0.010867578995374464
26,131,0.010940359864747817
26,128,0.10853280138051113
26,126,0.10782746451200861
26,88,0.09861926075141283
26,150,0.09861926075141278
26,155,0.10315200891151867
26,167,0.36556086721167125
26,45,0.20601834766617103
26,42,0.43112722916268703
26,140,0.6678139714598784
26,48,0.012534425968577617
26,173,0.15896152304664146
26,142,0.14304128388121282
26,57,0.12219213565766102
26,29,0.10230141806423904
26,61,0.25649041815266366
26,64,0.11912101983658686
26,49,0.4930472983377144
26,152,0.2149711163402411
26,41,0.3666148061234386
26,52,0.6220285526141256
26,172,0.3193066766441382
26,143,0.13049913316327405
26,28,0.5245207249324316
26,46,0.5445613094356608
26,34,0.16375412105016543
26,30,0.16851820400245876
26,166,0.4000459558716425
26,158,0.12112075340890675
26,40,0.012849299847398282
26,149,0.436702719737331
26,58,0.5074595735025855
26,59,0.5025957338443127
26,156,0.19271069834734028
26,144,0.4367027197373306
26,130,0.11025271741689892
26,89,0.09861926075141289
26,70,0.09861926075141278
26,148,0.099158975723068
26,56,0.09307868542683294
26,68,0.09915897572306817
26,66,0.12231681436880115
26,65,0.099158975723068
26,77,0.09915897572306821
26,94,0.09915897572306817
26,87,0.09915897572306798
26,75,0.09915897572306817
26,69,0.099158975723068
26,67,0.09915897572306817
26,79,0.09915897572306817
26,38,0.0459514743902642
26,47,0.12643993332709544
26,37,0.1451846170388118
26,43,0.18757987013093927
26,51,0.13954718063538335
26,35,0.18421262374663733
26,31,0.3849379109261926
26,54,0.9674319570128889
26,63,0.60687566302112
26,32,0.19537304859257681
26,146,0.46502962994022295
26,164,0.19271069834734045
26,74,0.099158975723068
26,76,0.09915897572306817
26,78,0.12231681436880068
26,109,0.11986300794562345
26,97,0.099158975723068
26,106,0.105826515450044
26,95,0.099158975723068
26,84,0.09915897572306817
26,53,0.9557131700184122
26,160,0.4758399430275915
26,62,0.48406339028749157
26,154,0.4434928544681245
26,55,0.19127512142863692
26,168,0.7093585630216112
26,169,0.42361450026842923
26,27,0.14747385024665832
26,85,0.09915897572306817
26,86,0.099158975723068
26,99,0.11786913845435219
26,103,0.11699844785451274
26,105,0.1194596704813716
26,104,0.116897286815336
26,81,0.09915897572306798
26,101,0.12655395783047685
26,100,0.08784155014716628
26,96,0.099158975723068
26,83,0.099158975723068
26,82,0.09915897572306798
26,72,0.09915897572306821
26,113,0.11410015860509003
26,80,0.09915897572306798
26,112,0.12062565825493551
26,98,0.09915897572306817
27,44,0.052499089487690276
27,167,0.03921364075904834
27,57,0.08838501334173925
27,29,0.16536065391212212
27,61,0.016497954073372238
27,52,0.13541390754019902
27,28,0.10733448974497058
27,46,0.11440489293378381
27,34,0.25124196714681013
27,30,0.3883533419247913
27,149,0.09446187067366164
27,58,0.09808031759496086
27,59,0.09808031759496086
27,156,0.3883055212202362
27,144,0.09446187067366164
27,65,0.09280613283350711
27,75,0.09280613283350711
27,69,0.09280613283350711
27,67,0.09280613283350718
27,79,0.09280613283350711
27,47,0.08838501334173886
27,37,0.2211689561503806
27,43,0.08838501334173886
27,51,0.1022676757209205
27,60,0.19420139361923908
27,35,0.1699885187979579
27,31,0.2847353996579615
27,54,0.1474738502466582
27,63,0.13541390754019902
27,32,0.17943182405152522
27,146,0.10281688078644691
27,164,0.38830552122023565
27,74,0.09280613283350711
27,76,0.09280613283350718
27,78,0.0977579322589656
27,109,0.08974922867304173
27,97,0.0944555489618946
27,106,0.0764246182802795
27,95,0.09280613283350711
27,84,0.09280613283350711
27,53,0.17029415739469803
27,160,0.09428373421667388
27,62,0.09808031759496086
27,154,0.10270204468470141
27,55,0.18507416074704933
27,168,0.11002293387501345
27,169,0.09493154805376848
27,85,0.09280613283350718
27,86,0.09280613283350711
27,99,0.09129484570777371
27,103,0.08917887598531352
27,105,0.08470611527529079
27,104,0.08356224529142474
27,81,0.0944555489618946
27,101,0.08189192107195417
27,100,0.11225253878382413
27,96,0.09445554896189468
27,83,0.09445554896189468
27,82,0.0944555489618946
27,72,0.0944555489618946
27,113,0.11087883441022933
27,80,0.0944555489618946
27,112,0.09010348333795114
27,98,0.0944555489618946
28,120,0.06683795128801023
28,117,0.0559311065033555
28,118,0.06743255451823524
28,116,0.055859751744259944
28,114,0.06524858027342413
28,129,0.049508206501694414
28,127,0.04950820650169425
28,124,0.03621302458735947
28,170,0.0456674291703437
28,139,0.04950820650169424
28,128,0.06395531686385496
28,126,0.06291598369795649
28,88,0.04945227025794182
28,150,0.04945227025794165
28,155,0.033980159825386304
28,167,0.4426142572094218
28,45,0.0976248570074522
28,42,0.10454536770940095
28,140,0.4924671527636952
28,48,0.010973876500994252
28,173,0.2180604069063198
28,142,0.04945227025794201
28,57,0.13354888513865223
28,29,0.11751177964775368
28,61,0.8276479229494531
28,64,0.07760626701927002
28,49,0.3725515218336147
28,41,0.05448068147421695
28,172,0.23784108343760374
28,143,0.10740151707243033
28,46,0.0642434371466683
28,34,0.10825826021678805
28,30,0.09707064051182528
28,158,0.09093970422595904
28,40,0.010973876500994252
28,156,0.07959037043793583
28,130,0.056464554184004305
28,89,0.049452270257942
28,70,0.04945227025794165
28,148,0.10740151707243081
28,56,0.28581626107109853
28,68,0.10740151707243033
28,66,0.12077773680470139
28,65,0.10740151707243008
28,77,0.10740151707243081
28,94,0.10740151707243033
28,87,0.10740151707243008
28,75,0.10740151707243059
28,69,0.10740151707243008
28,67,0.10740151707243081
28,79,0.10740151707243059
28,38,0.05956546957885578
28,47,0.13568688983395832
28,37,0.19516168827199248
28,43,0.27262915585723857
28,51,0.28565488791808513
28,35,0.8836301875624956
28,31,0.12045499385048974
28,54,0.43541792545655494
28,32,0.10609944685911622
28,164,0.07959037043793583
28,74,0.10740151707243033
28,76,0.10740151707243059
28,78,0.12077773680470139
28,109,0.12664509869685114
28,97,0.10740151707243033
28,106,0.11971693355219874
28,95,0.10740151707243059
28,84,0.10740151707243081
28,160,0.005380592681840142
28,168,0.24661567201767085
28,85,0.10740151707243081
28,86,0.10740151707243081
28,99,0.12732286007274732
28,103,0.12570359708588313
28,105,0.12384217413158286
28,104,0.14296189221955438
28,81,0.10740151707243033
28,101,0.1320467801868256
28,96,0.10740151707243033
28,83,0.10740151707243033
28,82,0.10740151707243033
28,72,0.10740151707243008
28,113,0.12424841781734901
28,80,0.10740151707243033
28,112,0.13095293124485727
28,98,0.10740151707243081
29,93,0.34993121445222836
29,134,0.3282665066241564
29,121,0.3264029876966715
29,119,0.33972814951192837
29,120,0.10097800676443584
29,117,0.0954208983543414
29,137,0.3226537489308073
29,136,0.33115178534168027
29,118,0.10107942363446704
29,116,0.09305653759727338
29,114,0.10152914859669171
29,129,0.0969111311906041
29,127,0.0969111311906041
29,124,0.08991952457091279
29,170,0.061689943000592336
29,139,0.0969111311906041
29,71,0.16357307192082826
29,122,0.3414465974786984
29,151,0.3499312144522284
29,123,0.3417864440407129
29,133,0.3395781776140042
29,131,0.3445293281971317
29,128,0.10794558623719239
29,126,0.10664898832774643
29,88,0.09682066181924628
29,150,0.11033174897584423
29,155,0.14907003638487837
29,44,0.029874940724283462
29,167,0.05837758781864522
29,45,0.2658093128560356
29,42,0.7021038357411811
29,140,0.5100804737172159
29,92,0.35000203434189375
29,90,0.3500020343418937
29,91,0.35000203434189375
29,145,0.3607135685411257
29,73,0.36309752345108887
29,183,0.16530507817210152
29,147,0.684510387792305
29,48,0.5732929305883689
29,173,0.6966426388247996
29,39,0.3323405810163446
29,36,0.21639500904487954
29,177,0.14311133341941237
29,171,0.08695752887583405
29,142,0.20316200113772404
29,57,0.8580947025970909
29,61,0.6399049552967083
29,64,0.4651132429131428
29,49,0.5930180487210687
29,152,0.07159903073206979
29,41,0.10841918997430318
29,52,0.08196075739406224
29,172,0.20304670130613547
29,143,0.47529301380143624
29,46,0.11908226165918427
29,34,0.12537741257790355
29,30,0.29897061704236794
29,158,0.22567777350667248
29,141,0.42965830951266404
29,40,0.7157285439110843
29,153,0.13089277995298704
29,149,0.020215540495644196
29,58,0.15337405094565645
29,59,0.13376498824847086
29,156,0.07241137371151757
29,144,0.022576381390568223
29,130,0.09766126723495959
29,89,0.09682066181924628
29,70,0.09682066181924628
29,148,0.2653756556412539
29,56,0.09343113919311594
29,68,0.24963820872487433
29,66,0.21115521452921307
29,65,0.36683128881168603
29,77,0.24963820872487444
29,94,0.24963820872487433
29,87,0.24963820872487433
29,75,0.36683128881168603
29,69,0.3668312888116859
29,67,0.36683128881168603
29,79,0.36683128881168603
29,38,0.027556359284409828
29,47,0.33326513667539526
29,37,0.9320504246674715
29,43,0.39582821395982787
29,51,0.41324587443820837
29,60,0.29288773406248836
29,35,0.04633053657644919
29,31,0.10108747360225646
29,54,0.14998889797735254
29,63,0.12421266280081512
29,146,0.030658528667507172
29,164,0.07631592810339248
29,74,0.36683128881168575
29,76,0.3668312888116859
29,78,0.3317830940591986
29,109,0.348878560189651
29,97,0.3665524567527577
29,106,0.3909800505758709
29,95,0.3668329258172616
29,84,0.36683292581726173
29,154,0.021183679819525007
29,168,0.05421446665787173
29,85,0.3668329258172616
29,86,0.36683292581726173
29,99,0.3553921007760293
29,103,0.3498145803094251
29,105,0.3439674745746812
29,104,0.3651283857246104
29,81,0.3665524567527577
29,101,0.3405744683658196
29,96,0.3665524567527576
29,83,0.3665524567527576
29,82,0.3665524567527576
29,72,0.3665524567527576
29,113,0.3590388352503182
29,80,0.3665524567527576
29,112,0.35563601843760434
29,98,0.3665524567527578
30,93,0.0037601053510457243
30,151,0.0037601053510457243
30,44,0.04532377153694399
30,167,0.08582056607095555
30,92,0.0037601053510457243
30,90,0.0037601053510457243
30,91,0.0037601053510457243
30,145,0.0037601053510457243
30,73,0.0037601053510457243
30,147,0.0037601053510457243
30,48,0.08616198120452682
30,173,0.006344340453694527
30,57,0.2017125559816398
30,61,0.012858452607502197
30,152,0.3755539199627147
30,41,0.16126623537176235
30,50,0.18196823670469633
30,52,0.35068321436905525
30,46,0.17484527791396523
30,34,0.3903561065777832
30,166,0.5139751314815351
30,158,0.13214956585492366
30,141,0.0037601053510457243
30,40,0.08616198120452684
30,153,0.0037601053510457243
30,149,0.1849569372743467
30,58,0.22331202788452173
30,59,0.33331331762206107
30,156,0.305046771796275
30,144,0.1849569372743467
30,65,0.1360946389194125
30,75,0.1360946389194125
30,69,0.1360946389194125
30,67,0.1360946389194125
30,79,0.1360946389194125
30,47,0.12717314121775133
30,37,0.31831208549760054
30,43,0.12717314121775133
30,51,0.15806597444489726
30,60,0.29288773406248825
30,35,0.15319230739337386
30,31,0.44920749228588774
30,54,0.16851820400245865
30,63,0.1718449677086584
30,32,0.32110099777802203
30,146,0.18503781171100045
30,164,0.3050467717962749
30,74,0.1360946389194125
30,76,0.1360946389194125
30,78,0.1379050268801971
30,109,0.11757677915824075
30,97,0.1376265571526011
30,106,0.12595001402666336
30,95,0.13609749558977247
30,84,0.13609749558977247
30,53,0.16372788186501744
30,160,0.1494178235279561
30,62,0.13555036302358667
30,154,0.1849569372743467
30,168,0.15957289645407816
30,169,0.12686603278820674
30,85,0.13609749558977247
30,86,0.13609749558977247
30,99,0.12594176713738467
30,103,0.1174063633438846
30,105,0.1293953465160584
30,104,0.13674834997373947
30,81,0.1376265571526011
30,101,0.13380763123993628
30,96,0.137626557152601
30,83,0.1376265571526011
30,82,0.137626557152601
30,72,0.1376265571526011
30,113,0.1455254922019733
30,80,0.137626557152601
30,112,0.12762455515317442
30,98,0.1376265571526011
31,167,0.06379547674300795
31,57,0.2896993696438319
31,61,0.016166878562414378
31,64,0.12752224198654177
31,152,0.20349459055521707
31,41,0.3707853792675953
31,52,0.341758907301204
31,46,0.24033843085376455
31,34,0.3337547912096064
31,166,0.35240195642820954
31,149,0.2500801381112399
31,58,0.255395871549488
31,59,0.255395871549488
31,156,0.7286274226119209
31,144,0.25008013811123975
31,181,0.10102457316423348
31,65,0.2939488292955147
31,75,0.2939488292955147
31,69,0.2939488292955147
31,67,0.2939488292955147
31,79,0.2939488292955147
31,38,0.11053887158179967
31,33,0.11498225273843762
31,47,0.2896993696438316
31,161,0.11175770604486919
31,165,0.11175770604486912
31,37,0.18540484227985435
31,43,0.2896993696438316
31,51,0.4747891274005944
31,60,0.7309767631162704
31,35,0.15534880433253795
31,54,0.3653168776149406
31,63,0.3017563685689966
31,32,0.33696528516551727
31,146,0.2762754407493538
31,164,0.728627422611921
31,74,0.2939488292955147
31,76,0.2939488292955147
31,78,0.28658738966183994
31,179,0.11175770604486912
31,109,0.30972132898071675
31,97,0.2968846808122893
31,106,0.30088538200798004
31,95,0.2944260631044869
31,84,0.2944260631044869
31,53,0.5460226010761429
31,160,0.28565565945311594
31,62,0.28839284228923356
31,154,0.25010029382805204
31,168,0.3450919629827785
31,169,0.23998079671272732
31,174,0.11343900029049118
31,85,0.29442606310448705
31,86,0.29442606310448705
31,182,0.10102457316423348
31,175,0.11343116905551885
31,99,0.3196349371286172
31,103,0.3096609682941271
31,105,0.3091076697947208
31,104,0.2873501801076243
31,81,0.2968846808122893
31,101,0.3055676844912291
31,96,0.29688468081228914
31,83,0.2968846808122893
31,82,0.2968846808122893
31,72,0.2968846808122893
31,113,0.3153424924488299
31,80,0.2968846808122893
31,112,0.29287205167089164
31,98,0.2968846808122893
32,167,0.07418231664791476
32,61,0.01536359666456488
32,152,0.23596075030825944
32,41,0.13324076561958778
32,50,0.6183584062756721
32,52,0.1187574890612028
32,46,0.10928291827693962
32,34,0.5914118355948754
32,166,0.600448196129562
32,158,0.4424339313728335
32,149,0.11391732811156739
32,58,0.11398873455416082
32,59,0.11406928056586695
32,156,0.1648051776868286
32,144,0.11391732811156736
32,35,0.16137086828705208
32,54,0.1953730485925767
32,63,0.1113344865508579
32,146,0.11399634513696079
32,164,0.22330344785753725
32,53,0.18682838281787625
32,160,0.11298777944732327
32,62,0.11544400958546877
32,154,0.11393875348245167
32,168,0.17967464657666662
32,169,0.10953115480818118
33,71,0.10984689541100642
33,162,0.30551987291875427
33,155,0.2060868239107185
33,44,0.4588498081179391
33,184,0.2250577090913592
33,167,0.0631859966261376
33,45,0.3099604455650759
33,180,0.30551987291875427
33,183,0.30477576106053916
33,36,0.25760454373323116
33,177,0.30552065290749425
33,176,0.42222890132888863
33,171,0.36360579763779677
33,57,0.12464269864673364
33,64,0.467922451860551
33,41,0.005641712996151306
33,172,0.0169099860388982
33,143,0.25978981284170316
33,34,0.1609449233730078
33,158,0.006346659422203966
33,156,0.12464269864673364
33,181,0.3965824971674094
33,178,0.305520652907494
33,185,0.12982798956330516
33,163,0.12982798956330516
33,148,0.050724117948487704
33,56,0.05851788635432711
33,68,0.0507241179484877
33,66,0.0529874417511923
33,65,0.08652050847417449
33,77,0.0507241179484877
33,94,0.05072411794848764
33,87,0.05072411794848764
33,75,0.08652050847417449
33,69,0.08652050847417449
33,67,0.08652050847417449
33,79,0.08652050847417449
33,159,0.15690045965927987
33,157,0.20861054082292255
33,38,0.8783634109330932
33,47,0.16334667768767994
33,161,0.46018593220900395
33,165,0.46018593220900395
33,43,0.12464269864673314
33,51,0.18007936431883162
33,60,0.35571867507270033
33,164,0.12464269864673368
33,74,0.08652050847417449
33,76,0.08652050847417447
33,78,0.09364324788220295
33,179,0.46018593220900395
33,109,0.10459163245312136
33,97,0.08652050847417449
33,106,0.10216437117245744
33,95,0.09354305706020212
33,84,0.09354305706020212
33,168,0.006346659422203966
33,174,0.4732737783257599
33,85,0.09354305706020212
33,86,0.09354305706020212
33,182,0.3965824971674094
33,175,0.46436474988389054
33,99,0.11093243583178222
33,103,0.10643602813831685
33,105,0.11283340596579694
33,104,0.09928578716855657
33,81,0.08652050847417449
33,101,0.12129565579138833
33,96,0.08652050847417439
33,83,0.08652050847417449
33,82,0.08652050847417449
33,72,0.08652050847417449
33,113,0.11013655970554626
33,80,0.08652050847417449
33,112,0.10141747672283426
33,98,0.08652050847417449
34,44,0.1250921145544253
34,184,0.07615655725683815
34,167,0.061940927983131784
34,45,0.15278229974596455
34,57,0.11730847877835038
34,61,0.012507466867794425
34,64,0.15150736568572898
34,152,0.24468440428331587
34,41,0.08636678352593366
34,50,0.2176178646033246
34,52,0.12189800459460827
34,143,0.448824687344433
34,46,0.09067509829599403
34,166,0.6121288060719987
34,158,0.11710239347402544
34,149,0.09507479468360643
34,58,0.09382515059825709
34,59,0.09389020802927703
34,156,0.1782286661050104
34,144,0.09507479468360643
34,181,0.12117618997057816
34,185,0.05262867488959963
34,163,0.05262867488959963
34,148,0.24266414714673223
34,56,0.23947598571626522
34,68,0.2426641471467323
34,66,0.2392091478764328
34,65,0.11849538242844801
34,77,0.24266414714673223
34,94,0.24266414714673215
34,87,0.24266414714673215
34,75,0.11849538242844805
34,69,0.11849538242844805
34,67,0.11849538242844805
34,79,0.11849538242844831
34,159,0.06492153285266546
34,157,0.0863178865687068
34,38,0.11343433459261867
34,47,0.11730847877835009
34,161,0.14782730083691978
34,165,0.14782730083691978
34,37,0.22925806156229273
34,43,0.11730847877835006
34,51,0.16500760701716244
34,35,0.1530270122319738
34,54,0.15587975236008192
34,63,0.10850575653936584
34,146,0.10477327972489617
34,164,0.1782286661050104
34,74,0.11849538242844801
34,76,0.11849538242844801
34,78,0.13175223753303678
34,179,0.14782730083691978
34,109,0.13401029617865587
34,97,0.11973749079942878
34,106,0.12480643429681283
34,95,0.11849538242844805
34,84,0.11849538242844801
34,53,0.18994324610952706
34,160,0.09502977008953246
34,62,0.09553244493836748
34,154,0.09507905714410836
34,168,0.14855749770781768
34,169,0.0908120732759649
34,174,0.1478273008369198
34,85,0.11849538242844802
34,86,0.11849538242844801
34,182,0.12117618997057816
34,175,0.14782730083691975
34,99,0.1399643320763387
34,103,0.13815677244991884
34,105,0.10678763347037776
34,104,0.13379422013952993
34,81,0.11973749079942878
34,101,0.10088379098386206
34,96,0.11973749079942873
34,83,0.11973749079942873
34,82,0.11973749079942873
34,72,0.11973749079942878
34,113,0.11911274489970042
34,80,0.11973749079942873
34,112,0.12398516968983411
34,98,0.11973749079942873
35,120,0.012647026658998436
35,117,0.008989861870143062
35,118,0.012878913958848883
35,116,0.009399167430019914
35,114,0.012188884290248897
35,129,0.006265683621595054
35,127,0.006265683621594985
35,124,0.003141242812776679
35,170,0.005894321610347718
35,139,0.006265683621594985
35,128,0.010859335906878258
35,126,0.01045400988570268
35,88,0.006243869235348519
35,150,0.00624386923534845
35,155,0.0012494425392784543
35,167,0.15093977744133866
35,45,0.035303036761334367
35,42,0.08167821672006954
35,140,0.4829141685298037
35,48,0.0043340581861334
35,173,0.07120285880974644
35,142,0.007510372583750045
35,57,0.04947787493006298
35,61,0.32663436012442953
35,64,0.017464469809581648
35,49,0.28505457380069243
35,41,0.007993344701269126
35,172,0.20422375157479836
35,143,0.04718389031659917
35,46,0.010975482186837988
35,158,0.02559543149166766
35,40,0.0043340581861334
35,156,0.14378710362039354
35,130,0.008813528721447195
35,89,0.006243869235348589
35,70,0.00624386923534845
35,148,0.04323247749780857
35,56,0.1220445451489057
35,68,0.043232477497808376
35,66,0.047018868970978886
35,65,0.043232477497808286
35,77,0.04323247749780857
35,94,0.043232477497808376
35,87,0.043232477497808286
35,75,0.04323247749780848
35,69,0.043232477497808286
35,67,0.04323247749780857
35,79,0.04323247749780848
35,38,0.009237476949842472
35,47,0.05031166813982142
35,37,0.10971515603340364
35,43,0.10676510005499397
35,51,0.15182844966219944
35,54,0.1504686763397112
35,164,0.14378710362039354
35,74,0.043232477497808376
35,76,0.04323247749780848
35,78,0.047018868970978886
35,109,0.04735242098274207
35,97,0.043232477497808376
35,106,0.047356187632102906
35,95,0.04323247749780848
35,84,0.04323247749780857
35,160,0.0018235220567041515
35,168,0.09685528179549897
35,85,0.04323247749780857
35,86,0.04323247749780857
35,99,0.04700816164566088
35,103,0.04710822517125528
35,105,0.0443996684621371
35,104,0.05522961541281327
35,81,0.043232477497808376
35,101,0.049626281428469136
35,96,0.043232477497808376
35,83,0.043232477497808376
35,82,0.043232477497808376
35,72,0.043232477497808286
35,113,0.04583728063639676
35,80,0.043232477497808376
35,112,0.05040669443794874
35,98,0.04323247749780857
36,93,0.09800969747663282
36,134,0.11827591013819579
36,121,0.10070199482416167
36,119,0.10996589593048947
36,120,0.03583449008090465
36,117,0.029700494702374288
36,137,0.09660085297471518
36,136,0.11706401745129219
36,118,0.03053303443300304
36,116,0.029626433235032938
36,114,0.036014336870557856
36,129,0.029011295787078187
36,127,0.029011295787078187
36,124,0.026830797850228915
36,170,0.029710739266073937
36,139,0.0290112957870782
36,71,0.6026234434539615
36,122,0.12967870517500207
36,151,0.09800969747663248
36,123,0.12967870517500205
36,133,0.10888593663478768
36,131,0.11121536692811217
36,128,0.031498546012734996
36,126,0.027970777460656408
36,162,0.34384503319637605
36,88,0.0148853386021359
36,150,0.0148853386021359
36,155,0.04310457522876523
36,44,0.191631012092594
36,184,0.08343140634298506
36,167,0.0753047604694712
36,45,0.26888424486461915
36,180,0.505477827051233
36,92,0.09810052257622587
36,90,0.09810052257622587
36,91,0.09810052257622584
36,145,0.09800969747663252
36,73,0.09800969747663252
36,183,0.737632261500528
36,147,0.239390617126673
36,48,0.21468651984978096
36,173,0.21538052632970672
36,39,0.4696295118164052
36,177,0.6764685747174823
36,176,0.7034113598736579
36,171,0.7715893988156934
36,142,0.04631574407194245
36,57,0.20885547145552968
36,61,0.0570991781471082
36,64,0.18916342375414053
36,41,0.009458554344431973
36,172,0.01011055039830916
36,158,0.0034621404865036397
36,141,0.1500525299065161
36,40,0.24954722313557554
36,181,0.003999389514143339
36,130,0.01462278335015365
36,89,0.0148853386021359
36,70,0.0148853386021359
36,178,0.31092398364717394
36,185,0.004194664738824495
36,163,0.004194664738824495
36,159,0.005297630256887581
36,157,0.007043583654051029
36,38,0.24177619193496336
36,47,0.046928278067177344
36,161,0.06251946499065741
36,165,0.06251946499065741
36,54,0.04095740819077339
36,179,0.06251946499065741
36,168,0.0034621404865036397
36,174,0.06251946499065737
36,182,0.003999389514143339
36,175,0.06251946499065741
37,120,0.10709177222410579
37,117,0.10527168271957796
37,118,0.10742649693267028
37,116,0.10150202218905402
37,114,0.10565566246551227
37,129,0.10045568520729306
37,127,0.10045568520729295
37,124,0.08774451257646831
37,170,0.09292067872714184
37,139,0.10045568520729295
37,128,0.11642521047863953
37,126,0.11015847635886014
37,88,0.10042419657430803
37,150,0.10042419657430791
37,155,0.08358336111539778
37,44,0.06540239192201174
37,167,0.15983459253475826
37,45,0.23028065964486003
37,42,0.5644961049628057
37,140,0.318862073589655
37,173,0.12413638112290318
37,142,0.10042419657430812
37,57,0.7347598619533869
37,61,0.1911345008269104
37,64,0.21688239346843158
37,49,0.2481673825483753
37,41,0.10472163557309593
37,172,0.20304670130613547
37,143,0.45546201737040115
37,46,0.10959697889162454
37,158,0.2758348092109682
37,58,0.006428887044810649
37,59,0.005265746208287152
37,156,0.1823410060426614
37,130,0.10576317186745708
37,89,0.10042419657430812
37,70,0.10042419657430791
37,148,0.455462017370401
37,56,0.20279802052720375
37,68,0.45546201737040126
37,66,0.45800281930051234
37,65,0.7505690292798972
37,77,0.45546201737040126
37,94,0.45546201737040126
37,87,0.45546201737040054
37,75,0.7505690292798972
37,69,0.7505690292798972
37,67,0.7505690292798972
37,79,0.7505690292798965
37,38,0.10004984207129802
37,47,0.7422790742152887
37,43,0.6718704007035942
37,51,0.47924826047796193
37,60,0.29288773406248864
37,54,0.2611291760507303
37,63,0.004078239507621974
37,164,0.1823410060426614
37,74,0.7505690292798965
37,76,0.7505690292798965
37,78,0.7617590910420062
37,109,0.7519674613799311
37,97,0.7498668948563116
37,106,0.7891459709425098
37,95,0.7505731514671753
37,84,0.750573151467176
37,168,0.13651889041417628
37,85,0.7505731514671753
37,86,0.750573151467176
37,99,0.7445028149447344
37,103,0.7295856912341991
37,105,0.7293039222711174
37,104,0.7541431165423352
37,81,0.7498668948563116
37,101,0.7197856587191566
37,96,0.749866894856311
37,83,0.749866894856311
37,82,0.749866894856311
37,72,0.7498668948563116
37,113,0.758124426690161
37,80,0.749866894856311
37,112,0.741275137314922
37,98,0.7498668948563116
38,120,0.12208903994554256
38,117,0.1074539415949964
38,118,0.12195935317094973
38,116,0.10246414713935184
38,114,0.12146605524930139
38,129,0.1247864969409487
38,127,0.12478649694094901
38,124,0.11374017730338508
38,170,0.12311402538328067
38,139,0.12478649694094901
38,71,0.0782405046565046
38,128,0.1299278622394466
38,126,0.12543819151482882
38,162,0.22030256669864104
38,88,0.12477342485520226
38,150,0.136014719654542
38,155,0.5151225647499648
38,44,0.51291957636517
38,184,0.2321038550742343
38,167,0.3969896576091751
38,45,0.39082118293929985
38,42,0.16669173684137925
38,140,0.14167912235149327
38,180,0.22031069480055254
38,183,0.2197573138903394
38,173,0.03397717856421985
38,177,0.26569374952645164
38,176,0.4094096969396172
38,171,0.352566465364298
38,142,0.2504539526084481
38,57,0.13020062516051267
38,61,0.04896786751720103
38,64,0.3716094528432588
38,49,0.09766881403048448
38,41,0.11983590653618871
38,172,0.008445670677803503
38,143,0.26563083609711496
38,46,0.12399669547707974
38,158,0.04964203291072434
38,58,0.0007387529784558211
38,59,0.0004914430918980972
38,156,0.09182236074303535
38,181,0.26949713515598106
38,130,0.12389270077300704
38,89,0.12477342485520254
38,70,0.12477600387855144
38,178,0.22030314676046076
38,185,0.09975817250405415
38,163,0.09975817250405415
38,148,0.04642117162490645
38,56,0.026001798028281314
38,68,0.045649362396719684
38,66,0.054965342963681794
38,65,0.0902701253791421
38,77,0.045649362396719725
38,94,0.04564936239671965
38,87,0.045649362396719496
38,75,0.09027012537914224
38,69,0.0902701253791421
38,67,0.09027012537914224
38,79,0.09027012537914224
38,159,0.1259890708637155
38,157,0.16751160747222654
38,47,0.29804789829784323
38,161,0.3391940549727009
38,165,0.3391940549727009
38,43,0.20499209451849526
38,51,0.1782683668828686
38,60,0.35089970562569517
38,54,0.050462265744887776
38,63,0.00038213845913194575
38,164,0.09257382679721857
38,74,0.0902701253791421
38,76,0.09027012537914221
38,78,0.102497318125374
38,179,0.3391940549727009
38,109,0.11659017538395199
38,97,0.0902701253791421
38,106,0.10223805441689147
38,95,0.09549265245708524
38,84,0.09549265245708537
38,168,0.0023573389678977204
38,174,0.3491139411844586
38,85,0.09549265245708537
38,86,0.09549265245708524
38,182,0.26949713515598106
38,175,0.3423017569976189
38,99,0.12132004865830455
38,103,0.11756221973481926
38,105,0.119735610112117
38,104,0.10565333743013156
38,81,0.09027012537914207
38,101,0.12676021817152464
38,96,0.09027012537914202
38,83,0.0902701253791421
38,82,0.09027012537914207
38,72,0.09027012537914225
38,113,0.1135366465573109
38,80,0.09027012537914207
38,112,0.10843570112833656
38,98,0.09027012537914224
39,93,0.4369817431404724
39,134,0.5022340320488837
39,121,0.44394629637978517
39,119,0.4376151015130164
39,120,0.06320323188551634
39,117,0.0644861220365756
39,137,0.4359414386514206
39,136,0.4753197784216425
39,118,0.05957378698010547
39,116,0.057892524844134735
39,114,0.05939491999816266
39,129,0.058888615433551283
39,127,0.05888861543355107
39,124,0.05430515639428262
39,170,0.06511462559181187
39,139,0.05888861543355107
39,71,0.4058565781712754
39,122,0.49696393114275467
39,151,0.4369817431404724
39,123,0.481050454045558
39,133,0.4452805182862773
39,131,0.4439711776936403
39,128,0.05404156393692006
39,126,0.05822366819525533
39,162,0.015694218511256828
39,180,0.28903839894333105
39,92,0.43698174314047245
39,90,0.43698174314047245
39,91,0.4369817431404724
39,145,0.43698174314047245
39,73,0.43698174314047245
39,183,0.3898050518186706
39,147,0.3529696632499338
39,48,0.33060702007160864
39,173,0.3419987203917862
39,177,0.3900248281632996
39,176,0.2158602576515431
39,171,0.3900248281632995
39,142,0.058736311122711375
39,57,0.3243072234979682
39,61,0.3372405127616358
39,64,0.3372405127616358
39,141,0.35296966324993395
39,40,0.33060702007160864
40,93,0.46207686138227316
40,134,0.4084935743338218
40,121,0.4065494228781123
40,119,0.40873724946719914
40,120,0.0022339285980619776
40,117,0.0033047490606615626
40,137,0.401352492406854
40,136,0.41085496059186594
40,118,0.0024452122998316174
40,116,0.005777522008416566
40,114,0.0020749029783869765
40,129,0.00011354965035947825
40,127,0.00011354965035947825
40,124,0.0030519680944702176
40,170,0.09041952976200257
40,139,0.00011354965035947825
40,71,0.24970799602160676
40,122,0.43226473252514835
40,151,0.46207686138227244
40,123,0.44034644568799075
40,133,0.40368465115670793
40,131,0.4120060737537176
40,128,0.00011354965035947825
40,126,0.00011354965035947825
40,88,0.00011354965035947825
40,150,0.00011354965035947825
40,155,0.0013365430092360366
40,167,0.009655100500215516
40,42,0.0002684623729106323
40,140,0.009333520881708772
40,92,0.46218188936842114
40,90,0.46218188936842114
40,91,0.46218188936842114
40,145,0.46207686138227316
40,73,0.46207686138227244
40,183,0.2535422330370519
40,147,0.6570131418196608
40,48,0.9941055804895511
40,173,0.6579324246715677
40,177,0.1861019858594948
40,171,0.08436023285425008
40,142,0.00016066099189374669
40,57,0.7197750053548757
40,61,0.47262128022710936
40,64,0.46966209442957385
40,49,0.09464770589339926
40,152,0.12259756204924803
40,41,0.05209623963264211
40,52,0.0905835320630889
40,172,0.02554726493413768
40,143,0.00014577611838982802
40,46,0.04414866784665382
40,158,0.052869013551993506
40,141,0.5923829614915802
40,153,0.09525884798655769
40,149,0.0513345596138439
40,58,0.12438493901830086
40,59,0.1286106616359079
40,144,0.0513345596138439
40,130,0.0017209975805543391
40,89,0.00011354965035947825
40,70,0.00011354965035947825
40,148,0.00011354965035947825
40,56,0.0562941004602763
40,68,0.00011354965035947825
40,66,0.009928704518688504
40,65,0.00011354965035947825
40,77,0.00011354965035947825
40,94,0.00011354965035947825
40,87,0.00011354965035947825
40,75,0.00011354965035947825
40,69,0.00011354965035947825
40,67,0.00011354965035947825
40,79,0.00011354965035947825
40,43,0.10639418811569118
40,51,0.082421142986989
40,54,0.011536649195836753
40,63,0.06082220374621165
40,146,0.05249597420834672
40,74,0.00011354965035947825
40,76,0.00011354965035947825
40,78,0.009928704518688504
40,109,0.00265695847076805
40,97,0.00011354965035947825
40,106,0.00011354965035947825
40,95,0.00011354965035947825
40,84,0.00011354965035947825
40,160,0.0562941004602765
40,62,0.04379775066333279
40,154,0.0513345596138439
40,168,0.009075885920967437
40,169,0.014187427373073363
40,85,0.00011354965035947825
40,86,0.00011354965035947825
40,99,0.002447017596371014
40,103,0.002447017596371014
40,105,0.005400286130697636
40,104,0.00011354965035947825
40,81,0.00011354965035947825
40,101,0.0036361619219120035
40,96,0.00011354965035947825
40,83,0.00011354965035947825
40,82,0.00011354965035947825
40,72,0.00011354965035947825
40,113,0.0030519680944702176
40,80,0.00011354965035947825
40,112,0.0014871038574036178
40,98,0.00011354965035947825
41,93,0.024451483894411007
41,134,0.052160486977796766
41,121,0.052709336523794635
41,119,0.05283711049603608
41,120,0.20680393022575252
41,117,0.1843909848300549
41,137,0.05273650393332039
41,136,0.052418599654048735
41,118,0.19681552835576294
41,116,0.1692574937361231
41,114,0.21116995167323296
41,129,0.20812819171900185
41,127,0.20812819171900174
41,124,0.17617867074905103
41,170,0.15566737028469665
41,139,0.20812819171900174
41,122,0.054941294178066126
41,151,0.024451483894411007
41,123,0.05494129417806603
41,133,0.06011768821878999
41,131,0.051948042146851524
41,128,0.2064835937736728
41,126,0.20419774701724713
41,162,0.004270710966273559
41,88,0.208018619582701
41,150,0.22277311699301558
41,155,0.21064619560054693
41,44,0.03560750927502368
41,184,0.1473708021768783
41,167,0.1856009358913815
41,45,0.18916871942445812
41,42,0.3730668067242004
41,140,0.5120034150248075
41,180,0.004270710966273559
41,92,0.024451483894411007
41,90,0.024451483894411007
41,91,0.024451483894411007
41,145,0.024451483894411007
41,73,0.024451483894411007
41,183,0.004270710966273559
41,147,0.03323698435388857
41,48,0.04188169301752862
41,173,0.14203640568770928
41,177,0.005059895539273099
41,176,0.007796855429470993
41,171,0.006714307312737481
41,142,0.4102085996832903
41,57,0.12860334776148757
41,61,0.17780818616135846
41,64,0.1294316967792718
41,49,0.4029634023766129
41,152,0.8990617313078498
41,50,0.19771366742647073
41,52,0.5170316706374769
41,143,0.21068675705784048
41,46,0.5974922433042456
41,166,0.88297124443102
41,158,0.3331776258439028
41,141,0.024451483894411007
41,153,0.030151512541402112
41,149,0.40028878645603233
41,58,0.4633504355683864
41,59,0.430233609189878
41,156,0.3451376945762657
41,144,0.42011725146892975
41,130,0.19039222375807138
41,89,0.20801861958270096
41,70,0.20801861958270096
41,178,0.004270710966273559
41,148,0.11774941268745084
41,68,0.11774941268745097
41,66,0.07878084920728619
41,65,0.11774941268745084
41,77,0.117749412687451
41,94,0.11774941268745087
41,87,0.11774941268745073
41,75,0.11774941268745097
41,69,0.11774941268745084
41,67,0.11774941268745087
41,79,0.11774941268745087
41,47,0.15849388652517737
41,161,0.0916259274256756
41,165,0.0916259274256756
41,43,0.14777719783504098
41,54,0.34057024507733685
41,63,0.7067955614791807
41,146,0.5704777890779343
41,164,0.4223922231995625
41,74,0.11774941268745084
41,76,0.11774941268745104
41,78,0.07878084920728583
41,179,0.0916259274256756
41,109,0.11658103163537706
41,97,0.11774941268745083
41,106,0.10786760775678472
41,95,0.11774941268745086
41,84,0.11774941268745097
41,53,0.42201010534862926
41,160,0.25475641195725407
41,62,0.2544930478548852
41,154,0.4002864465242593
41,168,0.18630373078440185
41,169,0.2707513170718632
41,174,0.0916259274256756
41,85,0.11774941268745097
41,86,0.11774941268745086
41,175,0.0916259274256756
41,99,0.1293938164753605
41,103,0.1290476965031224
41,105,0.11515541203589766
41,104,0.11324540706310889
41,81,0.11774941268745083
41,101,0.11897581734291014
41,96,0.11774941268745084
41,83,0.11774941268745091
41,82,0.11774941268745083
41,72,0.11774941268745098
41,113,0.10811748109168406
41,80,0.11774941268745083
41,112,0.11238365860725338
41,98,0.11774941268745087
42,134,0.024809791386682645
42,121,0.03362378510282853
42,119,0.03928473436888676
42,120,0.37015563347712593
42,117,0.3913628249153486
42,137,0.03362378510282853
42,136,0.02578531182198816
42,118,0.3702609694517023
42,116,0.37042869247576976
42,114,0.3846031017763895
42,129,0.3376300969376516
42,127,0.33763009693765145
42,124,0.3460800025691787
42,170,0.37588984246869267
42,139,0.33763009693765145
42,122,0.01918403373127516
42,123,0.01918403373127516
42,133,0.03590999257231231
42,131,0.03545151411718012
42,128,0.3979476094742272
42,126,0.38578469164560497
42,88,0.33710565326997294
42,150,0.3371056532699727
42,155,0.35855686277203785
42,167,0.21984258137175888
42,45,0.6171531960363381
42,140,0.3915146346753471
42,48,0.0002684623729106323
42,173,0.4046048402736221
42,142,0.3371056532699726
42,57,0.7397743213307328
42,61,0.4417465014362406
42,64,0.6093776244155795
42,49,0.4502871349913862
42,172,0.4521344526620812
42,143,0.6802494966094097
42,46,0.37346313434239353
42,158,0.9581935720768774
42,58,0.2008938099989903
42,59,0.1909670113716262
42,130,0.3942586585305472
42,89,0.3371056532699729
42,70,0.3371056532699727
42,148,0.6802494966094097
42,56,0.027680066130602508
42,68,0.6802494966094099
42,66,0.763712930884345
42,65,0.6802494966094097
42,77,0.6802494966094104
42,94,0.6802494966094103
42,87,0.6802494966094097
42,75,0.6802494966094101
42,69,0.6802494966094098
42,67,0.6802494966094103
42,79,0.6802494966094103
42,47,0.7346260420651896
42,43,0.5993830058311405
42,51,0.027680066130602508
42,54,0.6488140208774497
42,63,0.17724192609656617
42,74,0.6802494966094091
42,76,0.6802494966094098
42,78,0.7637129308843437
42,109,0.7504339586804915
42,97,0.6802494966094094
42,106,0.7111592717528681
42,95,0.6802494966094094
42,84,0.6802494966094098
42,168,0.45213445266208036
42,85,0.6802494966094101
42,86,0.6802494966094094
42,99,0.7539594495572177
42,103,0.7515965924813814
42,105,0.7142018320543674
42,104,0.7508695677133828
42,81,0.6802494966094097
42,101,0.7048608149914405
42,96,0.6802494966094094
42,83,0.6802494966094095
42,82,0.6802494966094094
42,72,0.6802494966094103
42,113,0.72265387821973
42,80,0.6802494966094094
42,112,0.7607428483365798
42,98,0.6802494966094103
43,134,0.00651710603451156
43,121,0.008941679586246682
43,119,0.01043747694085762
43,120,0.15055567620895713
43,117,0.14520354651986256
43,137,0.008941679586246682
43,136,0.00676957972676615
43,118,0.1506196222551773
43,116,0.13889932621653858
43,114,0.1556376927235664
43,129,0.13725967045210047
43,127,0.13725967045210047
43,124,0.1451012519082072
43,170,0.26658697668151055
43,139,0.13725967045210047
43,122,0.005068491211414294
43,123,0.005068491211414294
43,133,0.009421754519389548
43,131,0.009395231266021507
43,128,0.14584714747769179
43,126,0.15172726835734135
43,88,0.13713215385444216
43,150,0.13713215385444216
43,155,0.14340203403873528
43,184,0.004853828150081948
43,167,0.1898563633062009
43,45,0.23057913148289172
43,140,0.532189982245283
43,48,0.09708594460920549
43,173,0.10510334506245876
43,142,0.21263046270182892
43,57,0.6540778495502146
43,61,0.19667908958632188
43,64,0.2317609362971833
43,49,0.44283047025979577
43,172,0.371829424949445
43,143,0.33397321951569175
43,46,0.1318963082308661
43,158,0.15835863047170295
43,58,0.05593079034665156
43,59,0.0501465429627908
43,156,0.3241711528074555
43,181,0.08703877613196623
43,130,0.1469013111666241
43,89,0.13713215385444216
43,70,0.13713215385444216
43,148,0.23738294756006556
43,56,0.20785715196956564
43,68,0.2373829475600655
43,66,0.265208538961413
43,65,0.5475223668543019
43,77,0.2373829475600657
43,94,0.23738294756006556
43,87,0.23738294756006528
43,75,0.5475223668543023
43,69,0.5475223668543019
43,67,0.5475223668543023
43,79,0.5475223668543023
43,47,0.7080199086853469
43,161,0.09653916888764946
43,165,0.09653916888764935
43,51,0.9140130727641327
43,60,0.7186997987919055
43,54,0.20346776229119978
43,63,0.056276091207125296
43,164,0.3241711528074555
43,74,0.5475223668543021
43,76,0.5475223668543023
43,78,0.591822151047495
43,179,0.09653916888764935
43,109,0.5832272227721462
43,97,0.5488288248713156
43,106,0.5766818430996049
43,95,0.5543058648540776
43,84,0.5543058648540777
43,160,0.05334477011699418
43,62,0.04539110865479368
43,168,0.1343542021796226
43,169,0.018419133980696577
43,174,0.10056997081525922
43,85,0.5543058648540778
43,86,0.5543058648540776
43,182,0.08703877613196623
43,175,0.10056225175070807
43,99,0.5824221878166749
43,103,0.5773197429884088
43,105,0.58105136943523
43,104,0.5831070710819516
43,81,0.5488288248713152
43,101,0.604189786065855
43,96,0.5488288248713152
43,83,0.5488288248713155
43,82,0.5488288248713151
43,72,0.5488288248713155
43,113,0.5845574451265024
43,80,0.5488288248713151
43,112,0.6025066855805338
43,98,0.5488288248713157
44,120,0.09504336164422077
44,117,0.0904618764281146
44,118,0.08956533088511431
44,116,0.08613873874562522
44,114,0.0951097975467505
44,129,0.09600717706496008
44,127,0.09600717706496041
44,124,0.0882912643642494
44,170,0.08179921237694392
44,139,0.09600717706496041
44,71,0.05355767278348891
44,128,0.10835044282193677
44,126,0.09459761051941934
44,162,0.20739139014384916
44,88,0.319880792496453
44,150,0.31988079249645274
44,155,0.13111059864939087
44,184,0.24779544624600047
44,167,0.2835297024627559
44,45,0.2868744635691627
44,180,0.2051966582846936
44,183,0.20522677469531905
44,177,0.2273971931819268
44,176,0.34660452244930745
44,171,0.30174825255320004
44,142,0.17514072962400562
44,64,0.2369602052098431
44,172,0.009749480580407335
44,143,0.21626054295503727
44,46,0.20513897674494916
44,158,0.0033192923134166457
44,181,0.18808974809481813
44,130,0.3101477350068383
44,89,0.3198807924964528
44,70,0.3198968053621164
44,178,0.2725107646130324
44,185,0.09539191497080864
44,163,0.09539191497080864
44,148,0.020451903662048136
44,56,0.026022874333594192
44,68,0.020451903662048118
44,66,0.02401734762052582
44,77,0.020451903662048132
44,94,0.020451903662048077
44,87,0.020451903662048077
44,159,0.12047472836969132
44,157,0.1601798891811567
44,47,0.19106603521090074
44,161,0.2663919921290059
44,165,0.2663919921290058
44,60,0.11348307033767689
44,179,0.2663919921290058
44,168,0.002994275180625163
44,174,0.27596424782331014
44,182,0.18808974809481813
44,175,0.2663919921290058
44,113,0.00024477485330889486
45,134,0.009023536076439822
45,121,0.011592855458995585
45,119,0.013810666730428516
45,120,0.1870870600623192
45,117,0.1909364709154711
45,137,0.011592855458995585
45,136,0.00948332020810939
45,118,0.18709125708387378
45,116,0.18516399581144957
45,114,0.19842086425920533
45,129,0.17624686416090599
45,127,0.17624686416090593
45,124,0.17262914728737164
45,170,0.17887988087089962
45,139,0.17624686416090588
45,122,0.006948204402361666
45,123,0.006948204402361666
45,133,0.013425349838307794
45,131,0.012663229702620193
45,128,0.18950842541682705
45,126,0.18770247609872417
45,162,0.1461401987275394
45,88,0.17592965673572522
45,150,0.1759296567357251
45,155,0.16925917859812611
45,184,0.31790060305562046
45,167,0.11913325721673394
45,140,0.34013728573986496
45,180,0.1461401987275394
45,183,0.14614019872753956
45,173,0.1923365024551413
45,177,0.1461401987275394
45,176,0.14614019872753956
45,171,0.14614019872753956
45,142,0.17592965673572517
45,57,0.2906385287296905
45,61,0.21322778911896878
45,64,0.8086981581506676
45,49,0.2771911262884627
45,172,0.09673151559996021
45,143,0.40035618445715637
45,46,0.18281574387024122
45,158,0.30094014728586616
45,58,0.0920163593617802
45,59,0.07939792454262097
45,181,0.2311348576206004
45,130,0.1881796670216494
45,89,0.17592965673572522
45,70,0.1759296567357251
45,178,0.14614019872753878
45,185,0.24237952917877148
45,163,0.24237952917877148
45,148,0.38495698796291145
45,56,0.1285550670101735
45,68,0.3849569879629119
45,66,0.41731453194500734
45,65,0.2662357076277127
45,77,0.3849569879629121
45,94,0.3849569879629117
45,87,0.38495698796291195
45,75,0.26623570762771337
45,69,0.26623570762771276
45,67,0.266235707627713
45,79,0.2662357076277132
45,159,0.24237952917877148
45,157,0.24237952917877148
45,47,0.30576812674305287
45,161,0.2986007157516978
45,165,0.29860071575169783
45,54,0.42430916704509536
45,63,0.07343009259394104
45,74,0.26623570762771254
45,76,0.2662357076277139
45,78,0.2912387627879361
45,179,0.2986007157516983
45,109,0.31043939088384753
45,97,0.2662500308565703
45,106,0.268127790847732
45,95,0.26623570762771237
45,84,0.2662357076277129
45,168,0.06329496824408348
45,174,0.2986007157516978
45,85,0.26623570762771276
45,86,0.2662357076277127
45,182,0.2311348576206004
45,175,0.29860071575169783
45,99,0.3069298032431713
45,103,0.3053480365529948
45,105,0.2929400668857482
45,104,0.27825676850030767
45,81,0.2662500308565695
45,101,0.28650097130188606
45,96,0.2662500308565694
45,83,0.2662500308565703
45,82,0.26625003085656906
45,72,0.2662500308565707
45,113,0.2896036997934897
45,80,0.26625003085656906
45,112,0.28175357628496833
45,98,0.2662500308565695
46,93,0.01947475207542751
46,134,0.05260464632926907
46,121,0.0534182373165666
46,119,0.05296384185600757
46,120,0.2819591637223666
46,117,0.2665064739650906
46,137,0.05345518413848193
46,136,0.05290862570775709
46,118,0.2683752365896666
46,116,0.25219888666463625
46,114,0.28211359748884546
46,129,0.2406957796160626
46,127,0.24069577961606292
46,124,0.24927870475366162
46,170,0.20091134150978965
46,139,0.24069577961606292
46,122,0.05262682535406165
46,151,0.01947475207542751
46,123,0.05264241088487573
46,133,0.05969664443100341
46,131,0.05193589657224917
46,128,0.2864894662402765
46,126,0.2766906588336503
46,88,0.3391840829175577
46,150,0.33918424630307475
46,155,0.24237523853361626
46,184,0.046121714292117214
46,167,0.17635456617142092
46,140,0.43566157836223296
46,92,0.01947475207542751
46,90,0.01947475207542751
46,91,0.01947475207542751
46,145,0.01947475207542751
46,73,0.01947475207542751
46,147,0.024379280610713278
46,48,0.03549240726249738
46,173,0.14385557310794986
46,142,0.4369068496444613
46,57,0.14534470833950774
46,61,0.17833465459737344
46,64,0.1394794530719412
46,49,0.4104606397950816
46,152,0.8928683875625075
46,50,0.1406032232464902
46,52,0.7507620475769525
46,143,0.17407608741525135
46,166,0.9251421796953461
46,158,0.3106814999380588
46,141,0.01947475207542751
46,153,0.02211609143770839
46,149,0.5629778579228681
46,58,0.6262282301202281
46,59,0.5894927720840658
46,156,0.15284218572647415
46,144,0.5629778579228679
46,130,0.3520737644438209
46,89,0.33918408291755775
46,70,0.33920726020795483
46,148,0.10563992193157766
46,68,0.10563992193157781
46,66,0.08286793761574648
46,65,0.10563992193157766
46,77,0.10563992193157784
46,94,0.10563992193157773
46,87,0.10563992193157756
46,75,0.10563992193157781
46,69,0.10563992193157766
46,67,0.10563992193157773
46,79,0.10563992193157773
46,47,0.18088878239016767
46,161,0.03113721896739194
46,165,0.03113721896739194
46,54,0.5017807699593962
46,63,0.8855813784987838
46,146,0.7448473872870195
46,164,0.15284218572647432
46,74,0.10563992193157766
46,76,0.10563992193157781
46,78,0.08286793761574611
46,179,0.03113721896739194
46,109,0.13235098827729602
46,97,0.10563992193157758
46,106,0.12024250398785395
46,95,0.10563992193157766
46,84,0.10563992193157781
46,53,0.718910622000595
46,160,0.4351632664865626
46,62,0.41154197356613115
46,154,0.5674343407327531
46,55,0.15252846698595482
46,168,0.35930426780187386
46,169,0.4624931618929529
46,174,0.03113721896739194
46,85,0.10563992193157781
46,86,0.10563992193157766
46,175,0.03113721896739194
46,99,0.14440004114667246
46,103,0.14387801375952694
46,105,0.13100551592355325
46,104,0.12436652024103877
46,81,0.10563992193157765
46,101,0.13211383174941313
46,100,0.05650528172982606
46,96,0.10563992193157766
46,83,0.10563992193157766
46,82,0.10563992193157765
46,72,0.10563992193157776
46,113,0.12398157065309887
46,80,0.10563992193157765
46,112,0.1308280779504512
46,98,0.10563992193157773
47,134,0.004499644784137847
47,121,0.006342118232165759
47,119,0.007474272953438278
47,120,0.17099677990015236
47,117,0.16993651213861458
47,137,0.006342118232165759
47,136,0.004699756644595702
47,118,0.16153229696916344
47,116,0.15545202430379812
47,114,0.17448510755731866
47,129,0.15969864270857886
47,127,0.1596986427085791
47,124,0.1507396729091707
47,170,0.16008853314712898
47,139,0.1596986427085791
47,71,0.1938005681637387
47,122,0.0034804385559307964
47,123,0.0034804385559307964
47,133,0.0068253860075676125
47,131,0.0066664671105201205
47,128,0.1829775737283943
47,126,0.17359058387455936
47,162,0.04121651436081411
47,88,0.15958881067156538
47,150,0.17050381482009822
47,155,0.2633284368293853
47,184,0.045245742659675535
47,167,0.41423872043538174
47,140,0.4065237098480999
47,180,0.04126481169441328
47,183,0.041354725619352536
47,173,0.10009161028653608
47,177,0.04888072122537753
47,176,0.07532090607888195
47,171,0.06486303549708926
47,142,0.31396127172833144
47,57,0.5468638337959317
47,61,0.15353091344128728
47,64,0.21148030634215914
47,49,0.3441789969498227
47,172,0.17594804697838945
47,143,0.379857928109926
47,158,0.18647412720622794
47,58,0.041587855337420314
47,59,0.037965492227539456
47,156,0.2554976506276713
47,181,0.06860019043222451
47,130,0.1639096416405031
47,89,0.15958881067156575
47,70,0.15959144207493606
47,178,0.041216514360814104
47,148,0.2127999960772493
47,56,0.08139555619872413
47,68,0.2127999960772493
47,66,0.22900092377406736
47,65,0.457238442590634
47,77,0.21279999607724945
47,94,0.2127999960772493
47,87,0.21279999607724912
47,75,0.457238442590634
47,69,0.4572384425906338
47,67,0.45723844259063423
47,79,0.4572384425906343
47,161,0.10126071622497144
47,165,0.1012607162249714
47,51,0.732857651310801
47,60,0.7186997987919063
47,54,0.16846167099209094
47,63,0.05397026024119242
47,164,0.2554976506276713
47,74,0.4572384425906335
47,76,0.45723844259063445
47,78,0.4864236149306034
47,179,0.1012607162249714
47,109,0.49094344059955974
47,97,0.4582681361679309
47,106,0.47567959645286373
47,95,0.4625849016662493
47,84,0.46258490166624955
47,168,0.05010770310768357
47,174,0.10443761957905093
47,85,0.4625849016662495
47,86,0.4625849016662493
47,182,0.06860019043222451
47,175,0.10443153574697403
47,99,0.4892196357211813
47,103,0.4844204026653342
47,105,0.48552712491484074
47,104,0.48604443753946147
47,81,0.4582681361679304
47,101,0.500964647485646
47,96,0.45826813616793005
47,83,0.45826813616793055
47,82,0.4582681361679304
47,72,0.4582681361679309
47,113,0.4885228694786295
47,80,0.4582681361679304
47,112,0.5016087779800202
47,98,0.45826813616793066
48,93,0.37147712378821507
48,134,0.32839994979527243
48,121,0.32683698949292095
48,119,0.3285958473726039
48,120,0.0017959206350948848
48,117,0.0026567845709130743
48,137,0.32265902486120307
48,136,0.3302983373766526
48,115,0.13776366724125694
48,118,0.0019657777917634176
48,116,0.004644719174834739
48,114,0.0016680752813396872
48,129,9.128588996322908e-05
48,127,9.128588996322908e-05
48,124,0.0024535665478589356
48,170,0.07269090849905999
48,139,9.128588996322908e-05
48,71,0.2899213454740648
48,122,0.347510280158089
48,151,0.3714771237882145
48,123,0.354007406095175
48,133,0.32453391559263167
48,131,0.33122375096529294
48,128,9.128588996322908e-05
48,126,9.128588996322908e-05
48,125,0.15152837722355203
48,88,9.128588996322908e-05
48,150,9.128588996322908e-05
48,155,0.0011602679175236772
48,167,0.009655100500215516
48,140,0.009333520881708772
48,92,0.37156155886270636
48,90,0.37156155886270636
48,91,0.37156155886270636
48,145,0.37147712378821507
48,73,0.3714771237882145
48,183,0.3146847916288503
48,147,0.8724570545818432
48,173,0.6467236506890239
48,177,0.15820291089938587
48,171,0.08436023285425008
48,142,0.00016066099189374669
48,57,0.7620638487338027
48,61,0.4592970059245629
48,64,0.37757511481777123
48,49,0.09464770589339926
48,152,0.1225975620492479
48,52,0.09058353206308885
48,172,0.02554726493413768
48,143,0.00014577611838982802
48,158,0.04545652006763448
48,141,0.47623401452682934
48,153,0.0842813143726726
48,149,0.04126935613966874
48,58,0.09999669589788189
48,59,0.10339387808791764
48,144,0.04126935613966874
48,130,0.0013835603656031262
48,89,9.128588996322908e-05
48,70,9.128588996322908e-05
48,148,9.128588996322908e-05
48,56,0.04525647629849169
48,68,9.128588996322908e-05
48,66,0.007981976389192456
48,65,9.128588996322908e-05
48,77,9.128588996322908e-05
48,94,9.128588996322908e-05
48,87,9.128588996322908e-05
48,75,9.128588996322908e-05
48,69,9.128588996322908e-05
48,67,9.128588996322908e-05
48,79,9.128588996322908e-05
48,51,0.082421142986989
48,54,0.01021375880342258
48,63,0.06082220374621159
48,146,0.05249597420834667
48,74,9.128588996322908e-05
48,76,9.128588996322908e-05
48,78,0.007981976389192456
48,109,0.00213600674094155
48,97,9.128588996322908e-05
48,106,9.128588996322908e-05
48,95,9.128588996322908e-05
48,84,9.128588996322908e-05
48,160,0.05149390261683333
48,62,0.03960606394929871
48,154,0.04126935613966874
48,168,0.007296370538151081
48,169,0.011405688436200219
48,85,9.128588996322908e-05
48,86,9.128588996322908e-05
48,99,0.0019672291225312764
48,103,0.0019672291225312764
48,105,0.004341448202932904
48,104,9.128588996322908e-05
48,81,9.128588996322908e-05
48,101,0.0029232170776511395
48,96,9.128588996322908e-05
48,83,9.128588996322908e-05
48,82,9.128588996322908e-05
48,72,9.128588996322908e-05
48,113,0.0024535665478589356
48,80,9.128588996322908e-05
48,112,0.0011955263504649677
48,98,9.128588996322908e-05
49,93,0.22362257881144962
49,134,0.3555995795076816
49,121,0.35507492787860817
49,119,0.36602418350092447
49,120,0.43386541605081
49,117,0.4142504474013607
49,137,0.3552149857106332
49,136,0.35773969758826923
49,118,0.43494039797827905
49,116,0.40201058662843225
49,114,0.4446598595732082
49,129,0.36536844751912567
49,127,0.3653684475191259
49,124,0.38025923856667954
49,170,0.243792975485616
49,139,0.36536844751912584
49,122,0.36090867918868663
49,151,0.22362257881144953
49,123,0.362632001279975
49,133,0.3885966958732679
49,131,0.36227502374810744
49,128,0.39513168824515627
49,126,0.384035612393139
49,88,0.3650090716621162
49,150,0.36500907166211577
49,155,0.4590000886004101
49,167,0.3311369375299115
49,140,0.780942335813568
49,92,0.22362257881144973
49,90,0.22362257881144962
49,91,0.22362257881144962
49,145,0.22362257881144973
49,73,0.22362257881144942
49,147,0.22362257881144973
49,173,0.7384959163184204
49,142,0.36500907166211616
49,57,0.6847772218666796
49,61,0.9442663768630652
49,64,0.6831028898963183
49,152,0.08272669123664195
49,172,0.17317077385277374
49,143,0.43061155337415025
49,158,0.5006311727449925
49,141,0.22362257881144984
49,153,0.22362257881144973
49,149,0.08151631178736311
49,58,0.45198943950305753
49,59,0.322710251481374
49,144,0.08151631178736311
49,130,0.394556677497991
49,89,0.3650090716621164
49,70,0.3650090716621161
49,148,0.43061155337415036
49,56,0.1783300332925994
49,68,0.4306115533741508
49,66,0.35205746712124275
49,65,0.43061155337415036
49,77,0.4306115533741509
49,94,0.43061155337415047
49,87,0.43061155337414997
49,75,0.43061155337415075
49,69,0.43061155337415036
49,67,0.43061155337415047
49,79,0.43061155337415047
49,51,0.1780895966609636
49,54,0.48608576072215043
49,63,0.3051956711400361
49,146,0.08151631178736311
49,74,0.43061155337415025
49,76,0.43061155337415075
49,78,0.35205746712124275
49,109,0.4759186890546604
49,97,0.4306115533741501
49,106,0.44707047448576537
49,95,0.43061155337415025
49,84,0.43061155337415075
49,160,0.0013389454723681088
49,154,0.08151631178736311
49,168,0.16136047236459644
49,85,0.43061155337415075
49,86,0.43061155337415025
49,99,0.5101425670940085
49,103,0.5084801642560038
49,105,0.4788374586496767
49,104,0.4649566862720779
49,81,0.43061155337415025
49,101,0.4983299864723959
49,96,0.43061155337415036
49,83,0.43061155337415025
49,82,0.43061155337415025
49,72,0.43061155337415047
49,113,0.4677882552574268
49,80,0.43061155337415025
49,112,0.4824368146941539
49,98,0.43061155337415047
50,170,0.00897755568482197
50,152,0.20790984555754655
50,52,0.15651809996376884
50,172,0.014909148131858969
50,166,0.20685430803361032
50,158,0.8218317312366481
50,149,0.1445662998338643
50,58,0.15287154111511692
50,59,0.16352519527614873
50,144,0.14456629983386426
50,63,0.14594253985375677
50,146,0.1445662998338643
50,164,0.07315861186471764
50,160,0.04983250180284974
50,62,0.04624344871152836
50,154,0.1445662998338643
50,169,0.1790329925415788
51,170,0.0544204839449992
51,167,0.12352778947880282
51,140,0.29471733770150416
51,173,0.013778352475718054
51,57,0.7332626938255226
51,61,0.15272849094607494
51,64,0.19418029450437269
51,172,0.24839348196113525
51,143,0.16590350039017462
51,158,0.00819854863307405
51,156,0.4893205040773078
51,181,0.17039806498650495
51,148,0.16590350039017449
51,56,0.3736931585682241
51,68,0.16590350039017424
51,66,0.16438164602535157
51,65,0.6904867659890661
51,77,0.16590350039017449
51,94,0.16590350039017424
51,87,0.1659035003901741
51,75,0.6904867659890661
51,69,0.6904867659890657
51,67,0.6904867659890662
51,79,0.6904867659890661
51,161,0.1772378053040476
51,165,0.1772378053040475
51,60,0.7661714979670288
51,54,0.1216137233054681
51,164,0.4893205040773078
51,74,0.6904867659890657
51,76,0.6904867659890662
51,78,0.6913331034907536
51,179,0.1772378053040475
51,109,0.6873402978611123
51,97,0.6914862720061747
51,106,0.6949393250125394
51,95,0.6943571051397567
51,84,0.6943571051397567
51,160,0.08242114298698906
51,62,0.05617256596597666
51,168,0.14248044293889034
51,169,0.01776919189088872
51,174,0.1838962325169397
51,85,0.6943571051397568
51,86,0.6943571051397567
51,182,0.17039806498650495
51,175,0.18388384734710922
51,99,0.6815361948226161
51,103,0.6742905521870004
51,105,0.7003880707633143
51,104,0.6719788203064408
51,81,0.6914862720061747
51,101,0.7264817974897528
51,96,0.6914862720061749
51,83,0.6914862720061749
51,82,0.6914862720061747
51,72,0.6914862720061747
51,113,0.7070033085653896
51,80,0.6914862720061747
51,112,0.6972234852770723
51,98,0.6914862720061753
52,93,0.0035109983630697717
52,151,0.0035109983630697717
52,92,0.0035109983630697717
52,90,0.0035109983630697717
52,91,0.0035109983630697717
52,145,0.0035109983630697717
52,73,0.0035109983630697717
52,147,0.0035109983630697717
52,173,0.0061930738241194406
52,57,0.07809475016260778
52,152,0.5939516945505661
52,166,0.9228424029004273
52,158,0.13268550688004493
52,141,0.0035109983630697717
52,153,0.0035109983630697717
52,149,0.7578675194986254
52,58,0.8141515026108891
52,59,0.9337265061696672
52,156,0.23630100970732415
52,144,0.7578675194986246
52,54,0.6220285526141253
52,63,0.8166792050439028
52,146,0.7666126868009805
52,164,0.23630100970732446
52,53,0.7948580684287017
52,160,0.5649099156249082
52,62,0.5859183338913124
52,154,0.766564057465816
52,55,0.19127512142863692
52,168,0.5371535156411115
52,169,0.6695044770047796
52,100,0.1125040085710549
53,167,0.0659767749403264
53,152,0.21497111634024116
53,166,0.40004595587164266
53,149,0.7147154478045977
53,58,0.7327026217803546
53,59,0.7327026217803546
53,156,0.30195682071886015
53,144,0.7147154478045974
53,54,0.9557131700184113
53,63,0.7951723212592672
53,146,0.7260001736175108
53,164,0.30195682071886054
53,160,0.7821334583528493
53,62,0.8096495500266969
53,154,0.7258283032218749
53,55,0.19127512142863692
53,168,0.8385248978543227
53,169,0.6932950347503636
53,100,0.14376304522913003
54,134,0.00711355703780417
54,121,0.009446110767624196
54,119,0.010923335636543484
54,120,0.10384958730083632
54,117,0.11055884335625107
54,137,0.009446110767624196
54,136,0.007351216659428572
54,118,0.10400368043269186
54,116,0.104263616617231
54,114,0.10811052738848718
54,129,0.0971765525829373
54,127,0.09717655258293723
54,124,0.09679710446957178
54,170,0.10426465648820063
54,139,0.09717655258293721
54,122,0.0054372020372458725
54,123,0.0054372020372458725
54,133,0.009863106687370867
54,131,0.009929160541659345
54,128,0.10961533117261524
54,126,0.10607248958839077
54,88,0.09704135032390668
54,150,0.09704135032390661
54,155,0.09794603230638114
54,167,0.3700520348573946
54,140,0.6242499352412642
54,173,0.14419646425480337
54,142,0.15508705987637342
54,57,0.16436134004711664
54,61,0.2303785646142872
54,64,0.22848011310157293
54,152,0.2149711163402411
54,172,0.38167705155854914
54,143,0.21497650000926327
54,166,0.4000459558716425
54,158,0.166623992120765
54,149,0.39633901140885003
54,58,0.46054852484678743
54,59,0.45613424182384105
54,156,0.17489876801507986
54,144,0.3963390114088498
54,130,0.10779024770908952
54,89,0.0970413503239067
54,70,0.09704135032390661
54,148,0.1482505516820257
54,56,0.07363292594902654
54,68,0.14825055168202605
54,66,0.16452927525777744
54,65,0.14824287780753362
54,77,0.1482505516820259
54,94,0.14825055168202594
54,87,0.14825055168202586
54,75,0.14824287780753403
54,69,0.14824287780753362
54,67,0.1482428778075338
54,79,0.14824287780753392
54,63,0.6068664449834293
54,146,0.46502962994022273
54,164,0.17489876801508006
54,74,0.14824287780753362
54,76,0.1482428778075338
54,78,0.16452927525777702
54,109,0.169340534649862
54,97,0.14825055168202575
54,106,0.1528916454834193
54,95,0.1482428778075335
54,84,0.14824287780753387
54,160,0.44499852557945063
54,62,0.44779507809239794
54,154,0.4025015452445777
54,55,0.19127512142863692
54,168,0.6656589198730902
54,169,0.3844605143650791
54,85,0.1482428778075337
54,86,0.14824287780753367
54,99,0.16858948531038173
54,103,0.16734263024911064
54,105,0.16012008714263148
54,104,0.1596938772678222
54,81,0.14825055168202586
54,101,0.1634489150319276
54,100,0.07972250130910442
54,96,0.14825055168202586
54,83,0.1482505516820257
54,82,0.1482505516820257
54,72,0.1482505516820259
54,113,0.15783886865554328
54,80,0.1482505516820257
54,112,0.16046874771862796
54,98,0.1482505516820259
55,149,0.5004650030696127
55,58,0.9390444010117582
55,59,0.9390444010117582
55,144,0.500465003069613
55,63,0.19127512142863706
55,146,0.15133184381354559
55,160,0.7595096675762627
55,62,0.9390444010117582
55,154,0.1605782995975762
55,168,0.5282709642135824
55,169,0.5152225631797649
55,100,0.6117485349944988
56,170,0.029076514884157946
56,71,0.04876667476480739
56,184,0.26893411495237474
56,167,0.09088045672059394
56,140,0.29487148182793016
56,173,0.007869804001135582
56,57,0.08139555619872409
56,61,0.10142554255808404
56,64,0.026012726954278715
56,172,0.2483934819611353
56,143,0.4143051964491714
56,158,0.004814555595613545
56,181,0.02992973514829894
56,185,0.6835468773464828
56,163,0.6835468773464828
56,148,0.8108174430285654
56,68,0.7966637609771546
56,66,0.6637044970268612
56,65,0.09066924889345958
56,77,0.6517775601970863
56,94,0.6517775601970867
56,87,0.6517775601970865
56,75,0.09066924889345952
56,69,0.09066924889345938
56,67,0.09066924889345955
56,79,0.09066924889345976
56,159,0.646835059964421
56,157,0.7314039181091814
56,161,0.035887897412945846
56,165,0.03588789741294588
56,74,0.09066924889345945
56,76,0.09066924889345952
56,78,0.08957814636774374
56,179,0.03588789741294588
56,109,0.09013053852128221
56,97,0.09066924889345945
56,106,0.0928161387282102
56,95,0.09066924889345952
56,84,0.09066924889345955
56,160,0.0514939026168332
56,62,0.03469432092004908
56,168,0.07612638513103033
56,169,0.009493965048474398
56,174,0.03588789741294586
56,85,0.09066924889345958
56,86,0.09066924889345955
56,182,0.02992973514829894
56,175,0.03588789741294586
56,99,0.091322296590504
56,103,0.0910615078261694
56,105,0.07700096538810344
56,104,0.08883362666694028
56,81,0.09066924889345945
56,101,0.0798123383940752
56,96,0.09066924889345945
56,83,0.09066924889345945
56,82,0.09066924889345945
56,72,0.09066924889345938
56,113,0.08966303244567259
56,80,0.09066924889345945
56,112,0.08542475440479734
56,98,0.09066924889345955
57,93,0.26675782706180867
57,134,0.26883085414391517
57,121,0.26407299279857477
57,119,0.2639352072324677
57,120,0.1012453685182732
57,117,0.0965807829487394
57,137,0.26143627268148584
57,136,0.2720728764148808
57,115,0.08526448151651463
57,118,0.10151837677049252
57,116,0.09346993420168745
57,114,0.10300248827628689
57,129,0.08606266599013478
57,127,0.08606266599013482
57,124,0.08837941139153288
57,170,0.05940989697852072
57,139,0.0963755698706905
57,71,0.206309241131625
57,122,0.26967576394420256
57,151,0.2667578270618083
57,123,0.2732548723059564
57,133,0.2706076703343107
57,131,0.2680650866912234
57,128,0.09789255784268928
57,126,0.09363914243836967
57,125,0.15075223750542818
57,88,0.08598218334073497
57,150,0.12467134488089761
57,155,0.17681859111700635
57,167,0.07510025827877824
57,140,0.5552574470906647
57,92,0.26681348530910054
57,90,0.26681348530910054
57,91,0.2668134853091005
57,145,0.34988287448629923
57,73,0.3521952493712172
57,183,0.2638817301619467
57,147,0.8830130563431856
57,173,0.8626251998495217
57,177,0.1497380070596265
57,171,0.084379551807163
57,142,0.22956655854408572
57,61,0.6785371161058379
57,64,0.5439267691349267
57,152,0.08203110257348183
57,172,0.17594804697838953
57,143,0.4492376196242467
57,158,0.26218045999202516
57,141,0.4263086926702215
57,153,0.13317987837816966
57,149,0.018202500155516946
57,58,0.17031170385511019
57,59,0.14645915963117156
57,156,0.1895353216961252
57,144,0.025865789503743068
57,181,0.05054739838743014
57,130,0.09552490970121919
57,89,0.085982183340735
57,70,0.08598218334073494
57,148,0.25082785646899086
57,68,0.1854385507443622
57,66,0.16663228963845386
57,65,0.3656799983930081
57,77,0.1854385507443623
57,94,0.1854385507443622
57,87,0.18670916948983907
57,75,0.3656799983930083
57,69,0.3656799983930079
57,67,0.3656799983930081
57,79,0.3656799983930081
57,161,0.07041868922365983
57,165,0.059509771745531424
57,60,0.7188356921390089
57,63,0.1432874626415965
57,146,0.03512551614403135
57,164,0.25264804498765436
57,74,0.3656799983930079
57,76,0.3656799983930081
57,78,0.3564532792782057
57,179,0.05383579486667506
57,109,0.39126207659658696
57,97,0.3664387183198864
57,106,0.38340374698484564
57,95,0.36961948595353056
57,84,0.3696194859535307
57,154,0.0242701695035784
57,168,0.03692138484317356
57,174,0.056176665911860775
57,85,0.3696194859535307
57,86,0.36961948595353056
57,182,0.05054739838743014
57,175,0.05617218309801178
57,99,0.4007535093435122
57,103,0.3971643175654764
57,105,0.38865331483728605
57,104,0.3895993055519884
57,81,0.36643871831988656
57,101,0.40022998006166677
57,96,0.36643871831988656
57,83,0.36643871831988656
57,82,0.36643871831988656
57,72,0.36643871831988656
57,113,0.39081318023405004
57,80,0.36643871831988656
57,112,0.40327212768375137
57,98,0.3664387183198868
58,93,0.06582367119087604
58,134,0.07703320555166401
58,121,0.07595611778727186
58,119,0.08063042337139228
58,120,0.09509395485861458
58,117,0.08916487375976519
58,137,0.07599817497003045
58,136,0.07642016271603708
58,118,0.09548495910116396
58,116,0.08893981596972576
58,114,0.10036422445631314
58,129,0.08219284513093003
58,127,0.08219284513093023
58,124,0.08582780306458693
58,170,0.04053336106895139
58,139,0.08219284513093023
58,122,0.07847463119378259
58,151,0.065823671190876
58,123,0.07858003462373293
58,133,0.0864016189126839
58,131,0.07915169560220245
58,128,0.08295654977963045
58,126,0.07999171033236531
58,88,0.08205651518961592
58,150,0.08922613761805051
58,155,0.13446408231870677
58,167,0.001452993276683331
58,140,0.33455874516406886
58,92,0.06582367119087604
58,90,0.06582367119087604
58,91,0.065823671190876
58,145,0.06582367119087604
58,73,0.065823671190876
58,147,0.09084832951059302
58,173,0.1740355113761148
58,142,0.16429867957809532
58,61,0.18400643472484227
58,64,0.1335185869136587
58,152,0.9325816103336028
58,143,0.1490767826287839
58,166,0.9507502699257215
58,158,0.2912331781585902
58,141,0.06582367119087604
58,153,0.08241465343060235
58,149,0.6542850931252601
58,59,0.9173603949883137
58,156,0.13632927155255636
58,144,0.6972404433125095
58,130,0.08347739055393331
58,89,0.0820565151896159
58,70,0.08205651518961592
58,148,0.08323570467528446
58,68,0.08205651518961583
58,66,0.04474036320472966
58,65,0.08205651518961592
58,77,0.08205651518961592
58,94,0.08205651518961582
58,87,0.08205651518961582
58,75,0.08205651518961592
58,69,0.08205651518961592
58,67,0.08205651518961582
58,79,0.08205651518961582
58,63,0.9314892343987169
58,146,0.766472547299569
58,164,0.13710209361215078
58,74,0.08205651518961583
58,76,0.08205651518961583
58,78,0.04474036320472966
58,109,0.08447687172697332
58,97,0.08205651518961576
58,106,0.07999171033236531
58,95,0.08205651518961583
58,84,0.08205651518961583
58,160,0.6999486395625245
58,62,0.7998913166531821
58,154,0.5327892824916909
58,168,0.44545770404919954
58,169,0.5201544972610957
58,85,0.08205651518961592
58,86,0.08205651518961583
58,99,0.09569471413163291
58,103,0.09581332420129392
58,105,0.0888681074762056
58,104,0.07904457686207841
58,81,0.08205651518961592
58,101,0.08957721206201909
58,100,0.1898803155486635
58,96,0.08205651518961583
58,83,0.08205651518961592
58,82,0.08205651518961583
58,72,0.08205651518961582
58,113,0.08536099179953688
58,80,0.08205651518961583
58,112,0.08299593876147054
58,98,0.08205651518961582
59,93,0.02679392155145139
59,134,0.056843704424530704
59,121,0.05612308842168129
59,119,0.056401650196428114
59,120,0.08921312352575587
59,117,0.08174086033334854
59,137,0.05616609177745739
59,136,0.05695966235757146
59,118,0.0892410109187952
59,116,0.07984194249340668
59,114,0.09213199353804477
59,129,0.0758242004096246
59,127,0.0758242004096247
59,124,0.0785866617128283
59,170,0.039301495312325165
59,139,0.07582420040962469
59,122,0.05581262045875738
59,151,0.02679392155145139
59,123,0.05582707478559954
59,133,0.0634788594786
59,131,0.05529467195047549
59,128,0.0819324860460334
59,126,0.08030108302216725
59,88,0.07572725724938628
59,150,0.08053211084371205
59,155,0.11809941342230995
59,167,0.0010233332721510512
59,140,0.30195997124317414
59,92,0.02679392155145139
59,90,0.02679392155145139
59,91,0.02679392155145139
59,145,0.02679392155145139
59,73,0.02679392155145139
59,147,0.036166706140565705
59,173,0.11854905144613088
59,142,0.14828972572922405
59,61,0.13387631022927882
59,64,0.09953806647628886
59,152,0.8141889328508628
59,143,0.1345510217451851
59,166,0.9504270565696082
59,158,0.2600123609043229
59,141,0.02679392155145139
59,153,0.032809260977700296
59,149,0.6331812856557694
59,156,0.13939631194337002
59,144,0.6599050403744058
59,130,0.08141257444165834
59,89,0.07572725724938628
59,70,0.07572725724938628
59,148,0.07572725724938628
59,68,0.07572725724938628
59,66,0.03958997020156841
59,65,0.07572725724938628
59,77,0.07572725724938628
59,94,0.0757272572493862
59,87,0.0757272572493862
59,75,0.07572725724938628
59,69,0.07572725724938628
59,67,0.0757272572493862
59,79,0.0757272572493862
59,63,0.8805623069406828
59,146,0.7157713963272974
59,164,0.13939631194336996
59,74,0.07572725724938628
59,76,0.07572725724938628
59,78,0.03958997020156841
59,109,0.07783773148400482
59,97,0.0757272572493862
59,106,0.08030108302216725
59,95,0.07572725724938628
59,84,0.07572725724938628
59,160,0.6998393204891359
59,62,0.7998123148576888
59,154,0.5089521474375649
59,168,0.4554792992294489
59,169,0.5286122264539304
59,85,0.07572725724938628
59,86,0.07572725724938628
59,99,0.08947096400296686
59,103,0.08935952175309192
59,105,0.07976862075246349
59,104,0.07937560408870224
59,81,0.07572725724938628
59,101,0.08159384426684325
59,100,0.19415210979047226
59,96,0.07572725724938628
59,83,0.07572725724938628
59,82,0.07572725724938628
59,72,0.0757272572493862
59,113,0.07829645756194321
59,80,0.07572725724938628
59,112,0.0810371142797765
59,98,0.0757272572493862
60,64,0.38855975475635385
60,156,0.7188310514228317
60,181,0.32814328351140426
60,65,0.6723764369709689
60,75,0.6723764369709689
60,69,0.6723764369709689
60,67,0.6723764369709689
60,79,0.6723764369709689
60,161,0.34627589675521653
60,165,0.3462758967552163
60,164,0.7188310514228317
60,74,0.6723764369709689
60,76,0.6723764369709689
60,78,0.6878299436491863
60,179,0.3462758967552163
60,109,0.6854389696250452
60,97,0.6723842095972391
60,106,0.6655191381230469
60,95,0.6794585902043011
60,84,0.6794585902043011
60,174,0.3561735129844144
60,85,0.6794585902043011
60,86,0.6794585902043011
60,182,0.32814328351140426
60,175,0.3561485904944186
60,99,0.7041524362689531
60,103,0.6946366296831012
60,105,0.7167028307825826
60,104,0.6761797499538174
60,81,0.6723842095972391
60,101,0.7452943422261211
60,96,0.6723842095972387
60,83,0.6723842095972391
60,82,0.6723842095972391
60,72,0.6723842095972391
60,113,0.7410784392769235
60,80,0.6723842095972391
60,112,0.691501638705988
60,98,0.6723842095972391
61,93,0.4988519359788744
61,134,0.5310003189800409
61,121,0.5200086170966425
61,119,0.5221767943049135
61,120,0.1855363265604118
61,117,0.1752598764192981
61,137,0.5150456698844952
61,136,0.527622681770443
61,118,0.1856504653171072
61,116,0.17228913480772812
61,114,0.19081530760460763
61,129,0.16292784526523732
61,127,0.1629278452652374
61,124,0.16354206611086583
61,170,0.1101413405837081
61,139,0.1629278452652374
61,71,0.06201573018212094
61,122,0.5622333517843722
61,151,0.4988519359788734
61,123,0.5704770353387582
61,133,0.5326308150398312
61,131,0.523408657824542
61,128,0.17315406419772097
61,126,0.16864856846502585
61,88,0.16277943690068578
61,150,0.1627794369006856
61,155,0.19753727475568042
61,167,0.18182348228116152
61,140,0.9534542838436488
61,92,0.49900338822977036
61,90,0.49900338822977036
61,91,0.49900338822977036
61,145,0.4988519359788734
61,73,0.49885193597887334
61,183,0.05406942727436135
61,147,0.5052051886474105
61,173,0.6918437622938758
61,177,0.05406942727436135
61,171,0.06276167909750943
61,142,0.23699754230215572
61,64,0.7329354924361812
61,152,0.07873067179009614
61,172,0.20479522368814618
61,143,0.2406794871562691
61,158,0.20596934999805694
61,141,0.503395883960237
61,153,0.12737836847620437
61,149,0.0320370342823099
61,156,0.006751638411189174
61,144,0.0320370342823099
61,130,0.17232512816815299
61,89,0.16277943690068583
61,70,0.16277943690068572
61,148,0.1821876100524088
61,68,0.18218761005240877
61,66,0.15124850659579353
61,65,0.1821876100524085
61,77,0.18218761005240905
61,94,0.18218761005240866
61,87,0.18218761005240838
61,75,0.18218761005240885
61,69,0.1821876100524085
61,67,0.18218761005240888
61,79,0.18218761005240872
61,63,0.1423927989331919
61,146,0.03371227980894461
61,164,0.006751638411189174
61,74,0.18218761005240858
61,76,0.18218761005240944
61,78,0.15124850659579303
61,109,0.2018887042849778
61,97,0.18218761005240908
61,106,0.18774939029951834
61,95,0.1821876100524087
61,84,0.18218761005240902
61,160,0.0014648174635377119
61,154,0.0320370342823099
61,168,0.079228948247494
61,85,0.18218761005240902
61,86,0.18218761005240885
61,99,0.2146382637780021
61,103,0.21435806656760945
61,105,0.20102987823261956
61,104,0.19542840019844182
61,81,0.18218761005240858
61,101,0.2087780946708155
61,96,0.18218761005240858
61,83,0.18218761005240922
61,82,0.18218761005240858
61,72,0.18218761005240927
61,113,0.19446095752237963
61,80,0.18218761005240858
61,112,0.2007293533589871
61,98,0.18218761005240888
62,170,0.0450223152944744
62,167,0.0026739215698771924
62,152,0.25638756584873035
62,172,0.09754929639728224
62,166,0.5160910558591905
62,149,0.5818070885491609
62,156,0.17445979305104387
62,144,0.5818070885491609
62,63,0.5148194480615036
62,146,0.4775646013221347
62,164,0.17445979305104384
62,160,0.8827066188568407
62,154,0.4263493359741839
62,168,0.6069964087242101
62,169,0.6298312753617015
62,100,0.2429887593312347
63,93,0.04251364434402553
63,134,0.08884978184477468
63,121,0.08804049414372934
63,119,0.0884300442582101
63,120,0.13659942141943868
63,117,0.1176370995915371
63,137,0.08810611659179461
63,136,0.08903599100547381
63,118,0.13665591065970717
63,116,0.11630502443714374
63,114,0.1397133246132935
63,129,0.11932410588961817
63,127,0.11932410588961834
63,124,0.11358508736480331
63,170,0.05565711946129605
63,139,0.11932410588961832
63,122,0.09063697640757076
63,151,0.04251364434402553
63,123,0.09065903348417326
63,133,0.10160298704341532
63,131,0.08678047138052083
63,128,0.1211077579616041
63,126,0.11888140038847973
63,88,0.11917617214390902
63,150,0.11917617214390888
63,155,0.14252379358298967
63,167,0.0006101980069062253
63,140,0.31141282857670294
63,92,0.04251364434402553
63,90,0.04251364434402553
63,91,0.04251364434402553
63,145,0.04251364434402553
63,73,0.04251364434402553
63,147,0.04251364434402553
63,173,0.1439138051677928
63,142,0.15293193580619346
63,64,0.142392798933192
63,152,0.9128388763297948
63,143,0.13876314167419873
63,166,0.891209847461319
63,158,0.35839570156663
63,141,0.04251364434402553
63,153,0.04251364434402553
63,149,0.8160554833472852
63,156,0.20853957049434696
63,144,0.816055483347285
63,130,0.12030770102670942
63,89,0.11917617214390902
63,70,0.11917617214390902
63,148,0.11917617214390902
63,68,0.11917617214390902
63,66,0.056216243894502985
63,65,0.11917617214390902
63,77,0.11917617214390902
63,94,0.11917617214390888
63,87,0.11917617214390888
63,75,0.11917617214390902
63,69,0.11917617214390902
63,67,0.11917617214390888
63,79,0.11917617214390888
63,146,0.8237732389141924
63,164,0.20853957049434724
63,74,0.11917617214390902
63,76,0.11917617214390902
63,78,0.056216243894502985
63,109,0.11244223155370375
63,97,0.11917617214390888
63,106,0.11888140038847973
63,95,0.11917617214390902
63,84,0.11917617214390902
63,160,0.4953179892487379
63,154,0.8237267961998863
63,168,0.47419531473663973
63,169,0.5942800050949167
63,85,0.11917617214390902
63,86,0.11917617214390902
63,99,0.13685033345347322
63,103,0.13656523091847217
63,105,0.11619313660768801
63,104,0.11808392027490425
63,81,0.11917617214390902
63,101,0.11780173426337805
63,100,0.09928665838270817
63,96,0.11917617214390902
63,83,0.11917617214390902
63,82,0.11917617214390902
63,72,0.11917617214390888
63,113,0.11314224037121218
63,80,0.11917617214390902
63,112,0.1205283804358303
63,98,0.11917617214390888
64,93,0.33284822435335176
64,134,0.3542239436445484
64,121,0.3468899526051656
64,119,0.34833662504824475
64,120,0.11849952357747826
64,117,0.11468827008185493
64,137,0.34357852633388053
64,136,0.3519702834477693
64,118,0.11845126609642949
64,116,0.11040730235198722
64,114,0.12191180046973422
64,129,0.10749662435928559
64,127,0.10749662435928566
64,124,0.10587066900089594
64,170,0.07037437626123268
64,139,0.10749662435928564
64,71,0.041378743190207345
64,122,0.3750629011792652
64,151,0.3328482243533511
64,123,0.380563332501069
64,133,0.3553118592029516
64,131,0.3491585610969602
64,128,0.11533000896341135
64,126,0.11042402638772475
64,162,0.05676024145191869
64,88,0.10740356035292928
64,150,0.12727572082493374
64,155,0.17465471683566364
64,184,0.1942148154275989
64,167,0.06949535549487114
64,140,0.4912386078192152
64,180,0.05676024145191869
64,92,0.33294927780828976
64,90,0.3329492778082897
64,91,0.33294927780828976
64,145,0.3567964058362323
64,73,0.3591544722294389
64,183,0.10038250547567619
64,147,0.5052042069552013
64,173,0.5471109126708783
64,177,0.1217106734455882
64,176,0.11466472963512107
64,171,0.16150587663541316
64,142,0.2343621883914941
64,152,0.07873067179009623
64,172,0.10139216840461177
64,143,0.47858627700401324
64,158,0.23111122156998967
64,141,0.35212788936902295
64,153,0.11596884041626045
64,149,0.021376063947816822
64,156,0.07392176160442247
64,144,0.024825108039803773
64,181,0.26988840051352164
64,130,0.11219493920607933
64,89,0.10740356035292932
64,70,0.10740356035292928
64,178,0.056760241451918464
64,185,0.1110549609129399
64,163,0.1110549609129399
64,148,0.178890248276864
64,68,0.16182373205073716
64,66,0.13521734064896937
64,65,0.21060349253994015
64,77,0.1618237320507371
64,94,0.161823732050737
64,87,0.16182373205073688
64,75,0.2106034925399404
64,69,0.21060349253994015
64,67,0.2106034925399402
64,79,0.21060349253994026
64,159,0.1402562916803525
64,157,0.18648091232360764
64,161,0.3590319384580526
64,165,0.3358517108812841
64,146,0.033712279808944645
64,164,0.08101681073582058
64,74,0.21060349253994015
64,76,0.21060349253994026
64,78,0.18700340022365008
64,179,0.33585171088128424
64,109,0.2340713162362552
64,97,0.2106091129054126
64,106,0.2146743811195766
64,95,0.21064108256845337
64,84,0.2106410825684536
64,154,0.02329368604749121
64,168,0.026033300475009832
64,174,0.34562909247540974
64,85,0.21064108256845349
64,86,0.21064108256845349
64,182,0.26988840051352164
64,175,0.33703356434313414
64,99,0.2467728762324594
64,103,0.244306369718882
64,105,0.23326038369405105
64,104,0.21635097931139194
64,81,0.21060911290541273
64,101,0.23620854469679042
64,96,0.21060911290541265
64,83,0.21060911290541262
64,82,0.21060911290541262
64,72,0.2106091129054127
64,113,0.22907964290226532
64,80,0.21060911290541262
64,112,0.2228360229451148
64,98,0.21060911290541268
65,93,0.012595957077885715
65,134,0.02575938047543124
65,121,0.02522872746147033
65,119,0.025271322592312948
65,120,0.05494420477699271
65,117,0.050656759229169256
65,137,0.025246380271712582
65,136,0.025786544196021065
65,118,0.05488346517924977
65,116,0.049039363424341086
65,114,0.057155357139147496
65,129,0.06315963062912205
65,127,0.08315305558951452
65,124,0.06450588683526032
65,170,0.03905489716148521
65,139,0.1006908326261691
65,122,0.02807733480629919
65,151,0.012595957077885715
65,123,0.028089727338277113
65,133,0.030003308010553745
65,131,0.024967836490808918
65,128,0.05289918572734243
65,126,0.052332437659361124
65,88,0.08833597288871307
65,150,0.1303754870231581
65,155,0.12377328300964184
65,167,0.05648937174606353
65,140,0.5778667375595413
65,92,0.015773433009474435
65,90,0.012595957077885715
65,91,0.013807328176016787
65,145,0.023519867650492108
65,73,0.023675310386383215
65,147,0.03300223520571374
65,173,0.12727100617064543
65,142,0.24007001691534163
65,152,0.08081218778014111
65,172,0.20600204340204567
65,143,0.5297294271046022
65,158,0.21538126513112887
65,141,0.023002594332074768
65,153,0.0299385557397286
65,149,0.012595957077885672
65,156,0.157882171950428
65,144,0.025481445121204666
65,181,0.03780904030650683
65,130,0.05533205556641732
65,89,0.07198571911689103
65,70,0.07792223354236073
65,148,0.29576974613196977
65,68,0.15835755175980498
65,66,0.15759559671860113
65,77,0.2181873477381715
65,94,0.20432848984965626
65,87,0.22016264237121433
65,75,1.0000000000000078
65,69,0.6748693841344502
65,67,0.8041330652218817
65,79,0.6864500776887222
65,161,0.2981776075965395
65,165,0.37857946714199375
65,146,0.03460357983074902
65,164,0.2104548203718579
65,74,0.9270180425615939
65,76,0.8104553647195065
65,78,0.8590695189568346
65,179,0.20932155217013762
65,109,0.39151030348741317
65,97,0.47499314612367
65,106,0.41462385395112933
65,95,0.32406072923919155
65,84,0.3188978853001383
65,154,0.023909534723394896
65,168,0.037578692096940244
65,174,0.04071705800450274
65,85,0.3527164553366413
65,86,0.32540916885460774
65,182,0.040833552389065726
65,175,0.03918463087593495
65,99,0.267831004395965
65,103,0.39574737093819334
65,105,0.39414174555366294
65,104,0.3846741514137168
65,81,0.47499314612367
65,101,0.2498819772631563
65,96,0.47499314612367
65,83,0.47499314612367
65,82,0.47499314612367
65,72,0.47499314612367
65,113,0.3970386776582173
65,80,0.47499314612367
65,112,0.3879547663098216
65,98,0.47499314612367
66,134,0.003990310336834771
66,121,0.005415133634850929
66,119,0.006196757525758567
66,120,0.05222668885702399
66,117,0.05741854598741102
66,137,0.00541513363485094
66,136,0.004130163175190361
66,118,0.05221465979938544
66,116,0.054812856291212214
66,114,0.0546701592836064
66,129,0.0493748843612732
66,127,0.049374884361273214
66,124,0.05385571496453393
66,170,0.05768843094589802
66,139,0.059696083119616515
66,122,0.002499099828365501
66,123,0.002499099828365501
66,133,0.005294288323073139
66,131,0.005583841092158432
66,128,0.05512792535550002
66,126,0.05230447227269342
66,88,0.052301466160027336
66,150,0.07719198532209809
66,155,0.0898518314919186
66,184,0.25457091937118487
66,167,0.06640394668000177
66,140,0.38761660746092375
66,173,0.09904199395942823
66,142,0.1421393058245161
66,172,0.19922533235449671
66,143,0.6773133587721447
66,158,0.18511371555632847
66,181,0.01565722165797929
66,130,0.05533288095325715
66,89,0.04930902943441889
66,70,0.04930902943441889
66,185,0.5038414885231842
66,163,0.5038414885231842
66,148,0.7441031723517796
66,68,0.5094899370092058
66,77,0.875784832232582
66,94,0.8201565950471983
66,87,0.8746785215144848
66,75,0.15759559671860132
66,69,0.15759559671860118
66,67,0.1575955967186014
66,79,0.15759559671860146
66,159,0.7245732687374931
66,157,0.7306185468618726
66,161,0.027179322875252734
66,165,0.022968835664736488
66,74,0.15979245924730617
66,76,0.15759559671860165
66,78,0.19107060057047442
66,179,0.01924572361137768
66,109,0.16420931993328497
66,97,0.15759559671860157
66,106,0.15506066537642235
66,95,0.1575955967186012
66,84,0.15759559671860132
66,168,0.03872135179784986
66,174,0.01924572361137768
66,85,0.15759559671860132
66,86,0.1575955967186012
66,182,0.01565722165797929
66,175,0.01924572361137767
66,99,0.16359642112949285
66,103,0.16317443073376098
66,105,0.15081302296885826
66,104,0.15766682578415434
66,81,0.1575955967186012
66,101,0.14885814104218514
66,96,0.1575955967186012
66,83,0.1575955967186015
66,82,0.1575955967186012
66,72,0.15759559671860157
66,113,0.16101011994902903
66,80,0.1575955967186012
66,112,0.1577022756328709
66,98,0.1575955967186014
67,93,0.015008571751160679
67,134,0.030693301647535545
67,121,0.030061007984913856
67,119,0.03011176173657786
67,120,0.06546815256728225
67,117,0.06035949478639184
67,137,0.030082041993484403
67,136,0.0307256682749367
67,118,0.0653957789790567
67,116,0.05843230490818812
67,114,0.06810282642929567
67,129,0.0752571513393169
67,127,0.08315305558951455
67,124,0.06450588683526036
67,170,0.039054897161485295
67,139,0.10069083262616914
67,122,0.033455234200626204
67,151,0.015008571751160679
67,123,0.033470000383475126
67,133,0.03575010602720752
67,131,0.02975014626728572
67,128,0.06303143299532911
67,126,0.06235613067486766
67,88,0.0883359728887131
67,150,0.13037548702315827
67,155,0.12377328300964194
67,167,0.05648937174606373
67,140,0.5778667375595415
67,92,0.015773433009474435
67,90,0.015008571751160679
67,91,0.015008571751160679
67,145,0.023519867650492108
67,73,0.023675310386383215
67,147,0.03300223520571374
67,173,0.1272710061706455
67,142,0.2400700169153419
67,152,0.08081218778014111
67,172,0.20600204340204567
67,143,0.5297294271046022
67,158,0.21538126513112896
67,141,0.023002594332074768
67,153,0.0299385557397286
67,149,0.015008571751160629
67,156,0.157882171950428
67,144,0.025481445121204666
67,181,0.04505093902542771
67,130,0.05974739003048611
67,89,0.07525715133931693
67,70,0.07792223354236077
67,148,0.29576974613197005
67,68,0.18301555923363447
67,77,0.21818734773817178
67,94,0.20432848984965635
67,87,0.22016264237121433
67,75,0.8041330652218805
67,69,0.8985305000055995
67,79,0.8985305000055995
67,161,0.2981776075965395
67,165,0.37857946714199336
67,146,0.03460357983074902
67,164,0.2104548203718579
67,74,0.9022824995855091
67,76,0.905594976240285
67,78,0.8142567989920316
67,179,0.2225220029340859
67,109,0.46649972248046495
67,97,0.5659727697407566
67,106,0.49404041497518664
67,95,0.3602940860298594
67,84,0.3602940860298596
67,154,0.023909534723394896
67,168,0.037578692096940244
67,174,0.04671860101452934
67,85,0.3602940860298594
67,86,0.3602940860298593
67,182,0.04505093902542771
67,175,0.04669000858035091
67,99,0.31913103718967323
67,103,0.4715483528033793
67,105,0.46963518783781094
67,104,0.4583541819498422
67,81,0.5659727697407566
67,101,0.2977440746968232
67,96,0.5659727697407566
67,83,0.5659727697407566
67,82,0.5659727697407566
67,72,0.5659727697407566
67,113,0.4730869948803884
67,80,0.5659727697407566
67,112,0.46226316193061273
67,98,0.5659727697407566
68,93,0.0129864405402335
68,134,0.026557939252170797
68,121,0.02601083562434105
68,119,0.02605475123397442
68,120,0.0566475134803015
68,117,0.05222715412753337
68,137,0.026029035684023812
68,136,0.02658594506706124
68,118,0.05658489091262769
68,116,0.05055961792369059
68,114,0.0589272131092351
68,129,0.06511762326883713
68,127,0.08315305558951455
68,124,0.06450588683526043
68,170,0.039054897161485295
68,139,0.10069083262616914
68,71,0.03708339056152919
68,122,0.02894775178540357
68,151,0.0129864405402335
68,123,0.028960528494523737
68,133,0.03093343150346538
68,131,0.02574185685146745
68,128,0.05453909741253368
68,126,0.05395477975881182
68,88,0.0883359728887131
68,150,0.13037548702315815
68,155,0.12377328300964202
68,184,0.2502489679380379
68,167,0.05648937174606373
68,140,0.5778667375595415
68,92,0.015773433009474435
68,90,0.0129864405402335
68,91,0.013807328176016787
68,145,0.023519867650492108
68,73,0.023675310386383215
68,147,0.03300223520571374
68,173,0.1272710061706456
68,142,0.24007001691534183
68,152,0.08081218778014111
68,172,0.20602393309839984
68,143,0.8060959486009911
68,158,0.2153887176615743
68,141,0.023002594332074768
68,153,0.0299385557397286
68,149,0.012986440540233457
68,144,0.025481445121204666
68,181,0.011930892458540442
68,130,0.0553320555664174
68,89,0.07198571911689107
68,70,0.07792223354236077
68,185,0.7196233776901612
68,163,0.7196233776901612
68,148,0.9827545522366544
68,77,0.616114577161179
68,94,0.5769801156241792
68,87,0.6216923882956097
68,75,0.1675356131309691
68,69,0.15835755175980562
68,79,0.1583575517598059
68,159,0.6569196098887117
68,157,0.7390113176301671
68,161,0.02697949815389837
68,165,0.02279996680778939
68,146,0.03460357983074902
68,74,0.20535374478451537
68,76,0.18445447429414302
68,78,0.16612144464402384
68,179,0.016239327969880712
68,109,0.13823123223184453
68,97,0.15836087830969736
68,106,0.13970239134080653
68,95,0.1646104054632057
68,84,0.1619878790122344
68,154,0.023909534723394896
68,168,0.03758268519402707
68,174,0.015045742614928583
68,85,0.17916641384724571
68,86,0.16529536100335226
68,182,0.012497854998576243
68,175,0.0149374970475361
68,99,0.14652494555827042
68,103,0.1461453707805311
68,105,0.12683810846938878
68,104,0.13633751662959015
68,81,0.15836087830969736
68,101,0.1242330825712783
68,96,0.1583608783096974
68,83,0.15836087830969728
68,82,0.1583608783096973
68,72,0.15836087830969736
68,113,0.13685871035383418
68,80,0.1583608783096973
68,112,0.13162514597411706
68,98,0.15836087830969736
69,93,0.012362724338208115
69,134,0.025282407519463455
69,121,0.024761580329415646
69,119,0.024803386748531005
69,120,0.05392683171591397
69,117,0.04971877455161342
69,137,0.024778906271816864
69,136,0.02530906826366698
69,118,0.05386721680148813
69,116,0.0481313272177407
69,114,0.05609704132794018
69,129,0.061990136830630316
69,127,0.08315305558951452
69,124,0.06450588683526032
69,170,0.03905489716148521
69,139,0.1006908326261691
69,122,0.02755744150408911
69,151,0.012362724338208115
69,123,0.02756960457004338
69,133,0.02944775247131028
69,131,0.024505520140208015
69,128,0.05191967921286221
69,126,0.05214996145160939
69,88,0.08833597288871307
69,150,0.1303754870231581
69,155,0.12377328300964184
69,167,0.05648937174606353
69,140,0.5778667375595413
69,92,0.015773433009474435
69,90,0.012575284980384726
69,91,0.013807328176016787
69,145,0.023519867650492108
69,73,0.023675310386383215
69,147,0.03300223520571374
69,173,0.12727100617064543
69,142,0.24007001691534163
69,152,0.08081218778014111
69,172,0.20600204340204578
69,143,0.529729427104602
69,158,0.2153812651311289
69,141,0.023002594332074768
69,153,0.0299385557397286
69,149,0.012362724338208071
69,156,0.157882171950428
69,144,0.025481445121204666
69,181,0.03710895011084005
69,130,0.05533205556641732
69,89,0.07198571911689103
69,70,0.07792223354236073
69,148,0.29576974613196977
69,77,0.2181873477381715
69,94,0.20432848984965626
69,87,0.22016264237121433
69,75,0.73611733715411
69,79,0.9137414124096389
69,161,0.2981776075965395
69,165,0.37857946714199375
69,146,0.03460357983074902
69,164,0.2104548203718579
69,74,0.9022824995855121
69,76,0.9252055852859329
69,78,0.8142567989920301
69,179,0.20932155217013762
69,109,0.38426091226372394
69,97,0.46619794682968435
69,106,0.4069464812199626
69,95,0.32406072923919166
69,84,0.3188978853001384
69,154,0.023909534723394896
69,168,0.037578692096940265
69,174,0.04071705800450274
69,85,0.3527164553366415
69,86,0.32540916885460786
69,182,0.040833552389065726
69,175,0.03845906959020343
69,99,0.26287171797258196
69,103,0.38841952415581804
69,105,0.38684362929553556
69,104,0.3775513416373249
69,81,0.46619794682968435
69,101,0.24525504357381697
69,96,0.46619794682968435
69,83,0.46619794682968435
69,82,0.46619794682968435
69,72,0.46619794682968435
69,113,0.3896869204256703
69,80,0.46619794682968435
69,112,0.3807712111057251
69,98,0.46619794682968435
70,93,0.01554007044271729
70,134,0.031780243825358476
70,121,0.031125558741358732
70,119,0.031178109836104296
70,120,0.15320262780507427
70,117,0.14183130502789368
70,137,0.031147337627471176
70,136,0.03181375665243799
70,118,0.1533200195368166
70,116,0.13773052436319458
70,114,0.15610777813386043
70,129,0.1789893770616966
70,127,0.19100471000555613
70,124,0.15645881813376838
70,170,0.12617036696431036
70,139,0.23128943548292888
70,71,0.018745040875735523
70,122,0.03463998472173948
70,151,0.01554007044271729
70,123,0.0346552738195595
70,133,0.03701612486574238
70,131,0.030803688474821768
70,128,0.1536733764531166
70,126,0.14802032886431138
70,162,0.009889530099429595
70,88,0.6724073749892078
70,150,0.9900314395585833
70,155,0.22741059803428185
70,184,0.042466684476362426
70,167,0.2007926860822126
70,140,0.523165100224042
70,180,0.007905074836464422
70,92,0.015773433009474435
70,90,0.01554007044271729
70,91,0.01554007044271729
70,145,0.023519867650492108
70,73,0.023675310386383215
70,183,0.012068427951625375
70,147,0.03300223520571374
70,173,0.12869372336197862
70,177,0.017167717470411178
70,176,0.022547545235032034
70,171,0.02278097048840504
70,142,0.5514470110191119
70,152,0.08081218778014111
70,143,0.21782807883349695
70,158,0.1391112659399616
70,141,0.023002594332074768
70,153,0.0299385557397286
70,149,0.015540070442717237
70,144,0.025481445121204666
70,130,0.557003612602335
70,89,0.5931387043817741
70,178,0.3638907895917062
70,148,0.12162238358012946
70,77,0.0897200124285284
70,94,0.08402116272485564
70,87,0.09053226603014067
70,75,0.07792223354236076
70,79,0.0779222335423607
70,161,0.025507887596939272
70,165,0.021556330930603433
70,146,0.03460357983074902
70,74,0.08444275401532891
70,76,0.0779222335423607
70,78,0.052002519073715524
70,179,0.01689979014053
70,109,0.06860763099434487
70,97,0.07792223354236055
70,106,0.06410762308093822
70,95,0.07792223354236064
70,84,0.0779222335423607
70,154,0.023909534723394896
70,174,0.01689979014053
70,85,0.07792223354236076
70,86,0.07792223354236064
70,175,0.01689979014053
70,99,0.077056985702617
70,103,0.07696769835039115
70,105,0.06768057121214274
70,104,0.06648430959209663
70,81,0.07792223354236066
70,101,0.06991750392727272
70,96,0.07792223354236062
70,83,0.07792223354236068
70,82,0.07792223354236061
70,72,0.07792223354236072
70,113,0.06353389393487142
70,80,0.07792223354236061
70,112,0.06600062196604356
70,98,0.0779222335423607
71,93,0.07404960472333962
71,134,0.07931388843026131
71,121,0.07153814317163612
71,119,0.08146789266948849
71,120,0.019421980431830074
71,117,0.01492166033531913
71,137,0.06815132647039693
71,136,0.07842171770567763
71,115,0.029504219058111944
71,118,0.015600187820323455
71,116,0.015620172260876797
71,114,0.019519506450467516
71,129,0.015032398429294757
71,127,0.015032398429294757
71,124,0.014682963615582969
71,170,0.014924366712384224
71,139,0.015032398429294757
71,122,0.08598954559752475
71,151,0.07404960472333938
71,123,0.08612134244976784
71,133,0.07860417248454468
71,131,0.08174325037975226
71,128,0.015951384791868167
71,126,0.013348578037884607
71,125,0.04414303449615489
71,162,0.13108147960674846
71,88,0.01874504087573552
71,150,0.02404126945293359
71,155,0.047365762748294425
71,167,0.08819183288047568
71,180,0.2382970141337386
71,92,0.07411252877765905
71,90,0.07411252877765905
71,91,0.07411252877765903
71,145,0.0859094795594085
71,73,0.08647725505628363
71,183,0.5431829396768818
71,147,0.34445003664122287
71,173,0.27981112222423904
71,177,0.5109521543688772
71,176,0.4530688618351766
71,171,0.5670740345737616
71,142,0.03549286637765194
71,141,0.12109693047088875
71,130,0.01890630430909555
71,89,0.01874504087573552
71,178,0.12024109141394966
71,185,0.05578371035081827
71,163,0.05578371035081827
71,148,0.044367811404516906
72,93,0.010833556390428661
72,134,0.023782906972387507
72,121,0.022507972324490002
72,119,0.02304325429514164
72,120,0.04051909695978436
72,117,0.038201347482949954
72,137,0.018719997567130834
72,136,0.01763336648625807
72,118,0.03976717038822291
72,116,0.04352687710925203
72,114,0.050031696173292256
72,129,0.052717462611484266
72,127,0.08315305558951458
72,124,0.06450588683526072
72,170,0.03905489716148531
72,139,0.10069083262616917
72,122,0.02358468157219125
72,151,0.01196289957533023
72,123,0.025479606606927316
72,133,0.028467918819010448
72,131,0.0228745786980661
72,128,0.05149498951379915
72,126,0.05214996145160948
72,88,0.08833597288871313
72,150,0.1303754870231583
72,155,0.12377328300964198
72,167,0.05648937174606377
72,140,0.5778667375595415
72,92,0.015773433009474435
72,90,0.012575284980384726
72,91,0.013807328176016787
72,145,0.023519867650492108
72,73,0.023675310386383215
72,147,0.03300223520571374
72,173,0.12727100617064555
72,142,0.240070016915342
72,152,0.08081218778014111
72,172,0.20602393309839928
72,143,0.5297405549058891
72,158,0.215388717661574
72,141,0.023002594332074768
72,153,0.0299385557397286
72,149,0.008909644951307761
72,156,0.15857624987805322
72,144,0.025481445121204666
72,181,0.028797188449908313
72,130,0.05533205556641737
72,89,0.07198571911689108
72,148,0.29577595924151845
72,77,0.21819193110719887
72,94,0.2043327820915367
72,87,0.2201672672344176
72,75,0.5181012772411531
72,79,0.4831439827076902
72,161,0.2981776075965395
72,165,0.29484466449531793
72,146,0.03460357983074902
72,164,0.21138001695218045
72,74,0.6350532610397219
72,76,0.5704225921800468
72,78,0.5709126475350015
72,179,0.5791662511258433
72,109,0.6821015105448442
72,97,0.6241817733909999
72,106,0.7292706896217575
72,95,0.323890440601107
72,84,0.31873030965250143
72,154,0.023909534723394896
72,168,0.037582685194026966
72,174,0.04071705800450274
72,85,0.3525311085809564
72,86,0.3252381716334551
72,182,0.040833552389065726
72,175,0.028565056296009035
72,99,0.19096761607448137
72,103,0.8154955259314144
72,105,0.6453081301934823
72,104,0.913481922501045
72,81,0.6673220288746052
72,101,0.17650174007134065
72,96,0.9788977978665674
72,83,0.9996912355359115
72,82,0.9999999999999957
72,113,0.7531626114189042
72,102,0.05070946125072339
72,80,0.9085466430904575
72,112,0.8455831254018228
72,98,0.892004919393167
72,111,0.3071556753911034
73,93,0.6372533088521597
73,134,0.545296982504111
73,121,0.5198112059599062
73,119,0.5240237735423002
73,120,0.02380213333295889
73,117,0.008791404051892064
73,137,0.5163061492834627
73,136,0.5408718380159572
73,115,0.08972068467253516
73,118,0.0238012169174847
73,116,0.009466155892427771
73,114,0.023802710348218112
73,129,0.023675310386383194
73,127,0.023675310386383187
73,124,0.007862765814803021
73,139,0.023675310386383194
73,122,0.5632669710539763
73,151,0.6372533088521597
73,123,0.5552366176734012
73,133,0.5365379932237468
73,131,0.5273061393840529
73,128,0.01632661451408987
73,126,0.016071481296842945
73,125,0.25019438483843864
73,88,0.023675310386383194
73,150,0.0260008493114104
73,155,0.0407489092307406
73,140,0.09749174122119271
73,180,0.20145266450078927
73,92,0.6372533088521594
73,90,0.6372533088521594
73,91,0.6372533088521594
73,145,0.9935244688638255
73,183,0.07967048534225694
73,147,0.5590648574582344
73,173,0.4275290862990575
73,177,0.09659799164001334
73,171,0.12818221179275002
73,142,0.04787728488327564
73,152,0.08439567563809151
73,143,0.043441563923268464
73,158,0.02760338831104598
73,141,0.40106477467172313
73,153,0.14347062025650742
73,149,0.02472515434721771
73,144,0.026611379252468287
73,130,0.011359970227887598
73,89,0.023675310386383194
73,148,0.024255213465087924
73,77,0.023675310386383194
73,94,0.023675310386383194
73,87,0.023675310386383194
73,75,0.023675310386383194
73,79,0.023675310386383194
73,146,0.036138020508217954
73,74,0.023675310386383194
73,76,0.023675310386383194
73,109,0.0073502119974465175
73,97,0.023675310386383194
73,106,0.016071481296842945
73,95,0.023675310386383194
73,84,0.023675310386383194
73,154,0.024969764989696185
73,85,0.023675310386383194
73,86,0.023675310386383194
73,99,0.02367531038638289
73,103,0.023675310386383114
73,105,0.009466155892427771
73,104,0.013870499450684175
73,81,0.023675310386383194
73,101,0.008962398317608278
73,96,0.023675310386383194
73,83,0.023675310386383194
73,82,0.023675310386383194
73,113,0.0076751849929921085
73,80,0.023675310386383194
73,112,0.01170706298028921
73,98,0.023675310386383194
74,93,0.01684046113824352
74,134,0.03443960972233988
74,121,0.033730140691583185
74,119,0.03378708925382407
74,120,0.07345894715242654
74,117,0.06772674596406113
74,137,0.03375374203152323
74,136,0.0344759268976156
74,118,0.07337773991831024
74,116,0.06556433059316508
74,114,0.07641519932090826
74,129,0.08444275401532889
74,127,0.08444275401532901
74,124,0.06450588683526032
74,170,0.04147603987838612
74,139,0.10069083262616903
74,122,0.03753865329543509
74,151,0.01684046113824352
74,123,0.03755522178260032
74,133,0.04011362847985287
74,131,0.03338133637083365
74,128,0.07072481082442438
74,126,0.06996708366205015
74,88,0.088335972888713
74,150,0.13037548702315802
74,155,0.12377328300964184
74,167,0.05648937174606353
74,140,0.577866737559541
74,92,0.01684046113824352
74,90,0.01684046113824352
74,91,0.01684046113824352
74,145,0.023519867650492108
74,147,0.03300223520571374
74,173,0.12727100617064543
74,142,0.24007001691534155
74,152,0.08081218778014111
74,172,0.20600204340204556
74,143,0.5297294271046018
74,158,0.21538126513112887
74,141,0.023002594332074768
74,153,0.0299385557397286
74,149,0.01684046113824346
74,156,0.157882171950428
74,144,0.025481445121204666
74,181,0.05054968590468454
74,130,0.06703993002146037
74,89,0.08444275401532898
74,148,0.29576974613196966
74,77,0.21818734773817142
74,94,0.20535374478451446
74,87,0.22016264237121425
74,75,0.9270180425615838
74,79,0.9022824995855021
74,161,0.2981776075965395
74,165,0.37857946714199353
74,146,0.03460357983074902
74,164,0.2104548203718579
74,76,0.9022824995855021
74,78,0.8409331125445257
74,179,0.24968219527789395
74,109,0.5234389106229306
74,97,0.6350532610397219
74,106,0.5543411156673126
74,95,0.4042702166950414
74,84,0.40427021669504154
74,154,0.023909534723394896
74,168,0.040596601681561865
74,174,0.052420896395917335
74,85,0.40427021669504204
74,86,0.4042702166950412
74,182,0.05054968590468454
74,175,0.052388814077585326
74,99,0.35808296211692614
74,103,0.5291037576292991
74,105,0.5269570789987214
74,104,0.5142991562858563
74,81,0.6350532610397219
74,101,0.33408558803647387
74,96,0.6350532610397219
74,83,0.6350532610397219
74,82,0.6350532610397219
74,113,0.5308302005269386
74,80,0.6350532610397219
74,112,0.5186852515484704
74,98,0.6350532610397219
75,93,0.013739106560557013
75,134,0.028097179999702498
75,121,0.027518367428302923
75,119,0.027564828291736242
75,120,0.05993068090407307
75,117,0.05525412707891351
75,137,0.02753762232410099
75,136,0.02812680897108253
75,118,0.05986442886775098
75,116,0.053489944081486045
75,114,0.0623425069953677
75,129,0.06889169994572467
75,127,0.08315305558951462
75,124,0.06450588683526043
75,170,0.039054897161485295
75,139,0.10069083262616922
75,122,0.03062550090119329
75,151,0.013739106560557013
75,123,0.03063901812075406
75,133,0.03272626632317839
75,131,0.027233799227217408
75,128,0.05770006559887784
75,126,0.05708188215709272
75,88,0.08833597288871317
75,150,0.13037548702315827
75,155,0.12377328300964202
75,167,0.05648937174606373
75,140,0.5778667375595418
75,92,0.015773433009474435
75,90,0.013739106560557013
75,91,0.013807328176016787
75,145,0.023519867650492108
75,147,0.03300223520571374
75,173,0.1272710061706456
75,142,0.2400700169153419
75,152,0.08081218778014111
75,172,0.20600204340204628
75,143,0.529729427104602
75,158,0.2153812651311293
75,141,0.023002594332074768
75,153,0.0299385557397286
75,149,0.013739106560556966
75,156,0.157882171950428
75,144,0.025481445121204666
75,181,0.04124040995943807
75,130,0.0553320555664174
75,89,0.07198571911689111
75,148,0.29576974613196994
75,77,0.2181873477381717
75,94,0.20432848984965635
75,87,0.22016264237121433
75,79,0.7361173371541084
75,161,0.2981776075965395
75,165,0.37857946714199336
75,146,0.03460357983074902
75,164,0.2104548203718579
75,76,0.8104553647195042
75,78,0.8590695189568329
75,179,0.20932155217013762
75,109,0.4270419266999034
75,97,0.5181012772411542
75,106,0.4522531536713996
75,95,0.3298194473914495
75,84,0.3298194473914495
75,154,0.023909534723394896
75,168,0.037578692096940355
75,174,0.04276701663162098
75,85,0.35271645533664164
75,86,0.3298194473914492
75,182,0.04124040995943807
75,175,0.04274084262209388
75,99,0.2921380794538913
75,103,0.43166353035023064
75,105,0.4299121860007704
75,104,0.41958535780053813
75,81,0.5181012772411542
75,101,0.2725600835214547
75,96,0.5181012772411542
75,83,0.5181012772411542
75,82,0.5181012772411542
75,113,0.43307202995999255
75,80,0.5181012772411542
75,112,0.42316370578656515
75,98,0.5181012772411542
76,93,0.015126572974771879
76,134,0.030934620222755574
76,121,0.030297355305899436
76,119,0.030348508096519212
76,120,0.06598287990034161
76,117,0.06083405654746001
76,137,0.030318554689216487
76,136,0.030967241324846313
76,118,0.06590993729248452
76,116,0.05889171461031786
76,114,0.06863826824103349
76,129,0.07584884228038496
76,127,0.08315305558951455
76,124,0.06450588683526076
76,170,0.039054897161485295
76,139,0.10069083262616914
76,122,0.03371826779485003
76,151,0.015126572974771879
76,123,0.03373315007319912
76,133,0.03603118248973734
76,131,0.02998404951406743
76,128,0.06352700221688685
76,126,0.06284639049714057
76,88,0.0883359728887131
76,150,0.13037548702315815
76,155,0.12377328300964202
76,167,0.05648937174606373
76,140,0.5778667375595415
76,92,0.015773433009474435
76,90,0.015126572974771879
76,91,0.015126572974771879
76,145,0.023519867650492108
76,147,0.03300223520571374
76,173,0.1272710061706456
76,142,0.24007001691534183
76,152,0.08081218778014111
76,172,0.20600204340204556
76,143,0.5297294271046018
76,158,0.215381265131129
76,141,0.023002594332074768
76,153,0.0299385557397286
76,149,0.015126572974771829
76,156,0.157882171950428
76,144,0.025481445121204666
76,181,0.04540514101199732
76,130,0.06021713926765976
76,89,0.07584884228038506
76,148,0.29576974613196977
76,77,0.21818734773817158
76,94,0.20432848984965626
76,87,0.22016264237121425
76,79,0.9252055852859304
76,161,0.2981776075965395
76,165,0.37857946714199336
76,146,0.03460357983074902
76,164,0.2104548203718579
76,78,0.8142567989920302
76,179,0.22427152774310755
76,109,0.47016746242132396
76,97,0.5704225921800481
76,106,0.49792468687307395
76,95,0.3631268101368755
76,84,0.36312681013687564
76,154,0.023909534723394896
76,168,0.03757869209694024
76,174,0.04708591458550198
76,85,0.36312681013687614
76,86,0.36312681013687537
76,182,0.04540514101199732
76,175,0.047057097350304826
76,99,0.3216401268955465
76,103,0.47525578636502724
76,105,0.4733275796079653
76,104,0.4619578795710493
76,81,0.5704225921800481
76,101,0.3000850146423242
76,96,0.5704225921800481
76,83,0.5704225921800481
76,82,0.5704225921800481
76,113,0.4768065256389441
76,80,0.5704225921800481
76,112,0.4658975929506048
76,98,0.5704225921800481
77,93,0.017892907452439034
77,134,0.03659191659903798
77,121,0.035838109229780556
77,119,0.03589861679815181
77,120,0.07804977144996832
77,117,0.07195933577126451
77,137,0.03586318553783615
77,136,0.03663050341983867
77,118,0.07796348916158063
77,116,0.06966178003406988
77,114,0.08119077489533083
77,129,0.08972001242852837
77,127,0.0897200124285285
77,124,0.06669801545912372
77,170,0.04406808916605714
77,139,0.10069083262616924
77,122,0.03988463521222034
77,151,0.017892907452439034
77,123,0.03990223914865894
77,133,0.04262053373001592
77,131,0.035467506347891
77,128,0.075144764996897
77,126,0.07433968359922839
77,88,0.08972001242852849
77,150,0.1303754870231583
77,155,0.12377328300964206
77,184,0.25024896793803797
77,167,0.05648937174606377
77,140,0.577866737559542
77,92,0.017892907452439034
77,90,0.017892907452439034
77,91,0.017892907452439034
77,145,0.023519867650492108
77,147,0.03300223520571374
77,173,0.12727100617064563
77,142,0.240070016915342
77,152,0.08081218778014111
77,172,0.20602393309839934
77,143,0.8060959486009909
77,158,0.21538871766157416
77,141,0.023002594332074768
77,153,0.0299385557397286
77,149,0.01789290745243897
77,144,0.025481445121204666
77,181,0.016438557888459604
77,130,0.07122959719718787
77,89,0.08972001242852846
77,185,0.5190689876859552
77,163,0.5190689876859552
77,148,0.8351907384375211
77,94,0.9979216003197687
77,87,0.9494698499421697
77,79,0.2181873477381728
77,159,0.7466185272252093
77,157,0.7390113176301671
77,161,0.026979498153898378
77,165,0.022799966807789396
77,146,0.03460357983074902
77,78,0.1696941650705219
77,179,0.02058110160475422
77,109,0.1904570107334837
77,97,0.2181919311071997
77,106,0.19248399524112605
77,95,0.21818734773817242
77,84,0.21818734773817247
77,154,0.023909534723394896
77,168,0.04313827375961472
77,174,0.02058110160475422
77,85,0.21818734773817253
77,86,0.21818734773817242
77,182,0.016438557888459604
77,175,0.020581101604754206
77,99,0.20188421009015456
77,103,0.20136122641742846
77,105,0.1747593984089802
77,104,0.1878478217176485
77,81,0.21819193110719975
77,101,0.17117015567832672
77,96,0.2181919311071997
77,83,0.21819193110719975
77,82,0.2181919311071997
77,113,0.1885659300433128
77,80,0.2181919311071997
77,112,0.1813550486010473
77,98,0.21819193110719995
78,134,0.00420827973662063
78,121,0.005710933542254859
78,119,0.006535253383095696
78,120,0.05507955469001012
78,117,0.06055501532161808
78,137,0.00571093354225487
78,136,0.004355771990626005
78,118,0.05506686854902413
78,116,0.057806990676213484
78,114,0.05765649889114086
78,129,0.052071971304455365
78,127,0.05207197130445538
78,124,0.05451351014642812
78,170,0.06083964265787694
78,139,0.05969608311961623
78,122,0.002635612340829848
78,123,0.002635612340829848
78,133,0.00558348709476289
78,131,0.005888856589354781
78,128,0.058139270285305286
78,126,0.055161586999373416
78,88,0.05230146616002709
78,150,0.07719198532209771
78,155,0.08985183149191817
78,167,0.06640394668000123
78,140,0.38761660746092225
78,173,0.09904199395942823
78,142,0.1421393058245154
78,172,0.19922533235449671
78,143,0.411994525703081
78,158,0.18511371555632805
78,156,0.16388922619042057
78,181,0.05080552164355394
78,130,0.05835542151569618
78,89,0.05200251907371547
78,148,0.23003350397390623
78,94,0.16612144464402365
78,87,0.17123044101409593
78,79,0.8142567989920371
78,161,0.2890404084658282
78,165,0.3735860895832623
78,164,0.21846214320903412
78,179,0.25521982936750603
78,109,0.5274082587135057
78,97,0.5709126475349912
78,106,0.5374387067542963
78,95,0.3548036292795882
78,84,0.3548036292795886
78,168,0.04083649300187192
78,174,0.05588889785997597
78,85,0.35480362927958864
78,86,0.3548036292795882
78,182,0.05080552164355394
78,175,0.05585700235906444
78,99,0.3526409557436321
78,103,0.523269631214068
78,105,0.5328969314680827
78,104,0.5283599488165716
78,81,0.5709126475349912
78,101,0.34136946961295067
78,96,0.5709126475349912
78,83,0.5709126475349909
78,82,0.5709126475349912
78,113,0.5249811094938865
78,80,0.5709126475349912
78,112,0.5419697568676589
78,98,0.5709126475349909
79,93,0.012812102486717464
79,134,0.026201408960419434
79,121,0.025661649991909685
79,119,0.025704976051090123
79,120,0.055887042032710964
79,117,0.0515260243327241
79,137,0.02567960572267344
79,136,0.026229038807835187
79,118,0.05582526014932786
79,116,0.04988087417185012
79,114,0.058136137556179496
79,129,0.06424344380025158
79,127,0.08315305558951455
79,124,0.06450588683526036
79,170,0.039054897161485295
79,139,0.10069083262616914
79,122,0.028559139164085357
79,151,0.012812102486717464
79,123,0.028571744350717014
79,133,0.030518161882803846
79,131,0.025396282157349365
79,128,0.05380693065336938
79,126,0.053230457243192884
79,88,0.0883359728887131
79,150,0.13037548702315827
79,155,0.12377328300964194
79,167,0.05648937174606373
79,140,0.5778667375595415
79,92,0.015773433009474435
79,90,0.012812102486717464
79,91,0.013807328176016787
79,145,0.023519867650492108
79,147,0.03300223520571374
79,173,0.1272710061706455
79,142,0.2400700169153419
79,152,0.08081218778014111
79,172,0.206002043402046
79,143,0.5297294271046027
79,158,0.215381265131129
79,141,0.023002594332074768
79,153,0.0299385557397286
79,149,0.01281210248671742
79,156,0.157882171950428
79,144,0.025481445121204666
79,181,0.03845783979225085
79,130,0.055332055566417356
79,89,0.07198571911689106
79,148,0.29576974613197016
79,94,0.2043284898496565
79,87,0.22016264237121452
79,161,0.2981776075965395
79,165,0.3785794671419937
79,146,0.03460357983074902
79,164,0.2104548203718579
79,179,0.20932155217013762
79,109,0.39822858254202237
79,97,0.4831439827076902
79,106,0.42173875930286403
79,95,0.3240607292391918
79,84,0.3188978853001384
79,154,0.023909534723394896
79,168,0.03757869209694031
79,174,0.04071705800450274
79,85,0.35271645533664164
79,86,0.32540916885460786
79,182,0.040833552389065726
79,175,0.03985703536320253
79,99,0.27242695860452776
79,103,0.4025383576616803
79,105,0.40090517990038077
79,104,0.3912751227579518
79,81,0.4831439827076902
79,101,0.2541699278969399
79,96,0.4831439827076902
79,83,0.4831439827076902
79,82,0.4831439827076902
79,113,0.40385182308049894
79,80,0.4831439827076902
79,112,0.39461203268932393
79,98,0.4831439827076902
80,93,0.010833556390428661
80,134,0.02378290697238755
80,121,0.022507972324490037
80,119,0.02304325429514168
80,120,0.04051909695978433
80,117,0.03820134748294991
80,137,0.018719997567130862
80,136,0.0176333664862581
80,118,0.03976717038822288
80,116,0.043526877109251794
80,114,0.050031696173292194
80,129,0.05271746261148414
80,127,0.08315305558951445
80,124,0.06450588683526032
80,170,0.03905489716148519
80,139,0.10069083262616901
80,122,0.023584681572191287
80,151,0.01196289957533023
80,123,0.025479606606927354
80,133,0.028467918819010486
80,131,0.022874578698066143
80,128,0.05149498951379905
80,126,0.05214996145160938
80,88,0.08833597288871299
80,150,0.130375487023158
80,155,0.12377328300964183
80,167,0.0564893717460635
80,140,0.577866737559541
80,92,0.015773433009474435
80,90,0.012575284980384726
80,91,0.013807328176016787
80,145,0.023519867650492108
80,147,0.03300223520571374
80,173,0.12727100617064538
80,142,0.24007001691534152
80,152,0.08081218778014111
80,172,0.20602393309839934
80,143,0.5297405549058889
80,158,0.215388717661574
80,141,0.023002594332074768
80,153,0.0299385557397286
80,149,0.008909644951307761
80,156,0.1585762498780531
80,144,0.025481445121204666
80,181,0.028797188449908313
80,130,0.05533205556641731
80,89,0.07198571911689097
80,148,0.29577595924151834
80,94,0.20433278209153663
80,87,0.2201672672344176
80,161,0.2981776075965395
80,165,0.29484466449531793
80,146,0.03460357983074902
80,164,0.2113800169521803
80,179,0.5791662511258434
80,109,0.6821015105448434
80,97,0.624181773391
80,106,0.7292706896217505
80,95,0.323890440601107
80,84,0.31873030965250115
80,154,0.023909534723394896
80,168,0.03758268519402698
80,174,0.04071705800450274
80,85,0.3525311085809567
80,86,0.32523817163345536
80,182,0.040833552389065726
80,175,0.028565056296009035
80,99,0.1909676160744812
80,103,0.8154955259314136
80,105,0.6453081301934814
80,104,0.9134819225010481
80,81,0.667322028874606
80,101,0.17650174007134048
80,96,0.9788977978665682
80,83,0.9866735343848744
80,82,0.9721816616832843
80,113,0.76431826729164
80,102,0.050709461250723384
80,112,0.8455831254018256
80,98,0.9949602477683614
80,111,0.3071556753911068
81,93,0.010833556390428661
81,134,0.02378290697238755
81,121,0.022507972324490037
81,119,0.02304325429514168
81,120,0.04051909695978433
81,117,0.03820134748294991
81,137,0.018719997567130862
81,136,0.0176333664862581
81,118,0.03976717038822288
81,116,0.043526877109251794
81,114,0.05003169617329222
81,129,0.05271746261148418
81,127,0.08315305558951451
81,124,0.06450588683526032
81,170,0.03905489716148519
81,139,0.10069083262616908
81,122,0.023584681572191287
81,151,0.01196289957533023
81,123,0.025479606606927354
81,133,0.028467918819010486
81,131,0.022874578698066143
81,128,0.05149498951379905
81,126,0.05214996145160938
81,88,0.08833597288871306
81,150,0.1303754870231581
81,155,0.12377328300964183
81,167,0.0564893717460635
81,140,0.5778667375595413
81,92,0.015773433009474435
81,90,0.012575284980384726
81,91,0.013807328176016787
81,145,0.023519867650492108
81,147,0.03300223520571374
81,173,0.12727100617064538
81,142,0.2400700169153416
81,152,0.08081218778014111
81,172,0.20602393309839984
81,143,0.5297405549058896
81,158,0.21538871766157416
81,141,0.023002594332074768
81,153,0.0299385557397286
81,149,0.008909644951307761
81,156,0.15857624987805322
81,144,0.025481445121204666
81,181,0.028797188449908313
81,130,0.05533205556641731
81,89,0.07198571911689103
81,148,0.29577595924151856
81,94,0.20433278209153682
81,87,0.22016726723441776
81,161,0.2981776075965395
81,165,0.29484466449531793
81,146,0.03460357983074902
81,164,0.21138001695218045
81,179,0.5791662511258432
81,109,0.752711461421176
81,97,0.730768284726445
81,106,0.8029808558799756
81,95,0.3238904406011073
81,84,0.31873030965250143
81,154,0.023909534723394896
81,168,0.03758268519402707
81,174,0.04071705800450274
81,85,0.3525311085809564
81,86,0.32523817163345564
81,182,0.040833552389065726
81,175,0.028565056296009035
81,99,0.19096761607448137
81,103,0.7769522080249317
81,105,0.6153843060865313
81,104,0.6737790372783843
81,101,0.17650174007134048
81,96,0.6673220288746061
81,83,0.6673220288746061
81,82,0.667322028874606
81,113,0.588582185851884
81,102,0.10566357245856886
81,112,0.5884096116310102
81,98,0.6673220288746061
81,111,0.4078096890523069
82,93,0.010833556390428661
82,134,0.02378290697238755
82,121,0.022507972324490037
82,119,0.02304325429514168
82,120,0.04051909695978433
82,117,0.03820134748294991
82,137,0.018719997567130862
82,136,0.0176333664862581
82,118,0.03976717038822288
82,116,0.043526877109251794
82,114,0.050031696173292194
82,129,0.05271746261148414
82,127,0.08315305558951445
82,124,0.06450588683526032
82,170,0.03905489716148519
82,139,0.10069083262616901
82,122,0.023584681572191287
82,151,0.01196289957533023
82,123,0.025479606606927354
82,133,0.028467918819010486
82,131,0.022874578698066143
82,128,0.05149498951379905
82,126,0.05214996145160938
82,88,0.08833597288871299
82,150,0.130375487023158
82,155,0.12377328300964183
82,167,0.0564893717460635
82,140,0.577866737559541
82,92,0.015773433009474435
82,90,0.012575284980384726
82,91,0.013807328176016787
82,145,0.023519867650492108
82,147,0.03300223520571374
82,173,0.12727100617064538
82,142,0.24007001691534152
82,152,0.08081218778014111
82,172,0.20602393309839934
82,143,0.5297405549058889
82,158,0.215388717661574
82,141,0.023002594332074768
82,153,0.0299385557397286
82,149,0.008909644951307761
82,156,0.1585762498780531
82,144,0.025481445121204666
82,181,0.028797188449908313
82,130,0.05533205556641731
82,89,0.07198571911689097
82,148,0.29577595924151834
82,94,0.20433278209153663
82,87,0.2201672672344176
82,161,0.2981776075965395
82,165,0.29484466449531793
82,146,0.03460357983074902
82,164,0.2113800169521803
82,179,0.5791662511258434
82,109,0.6821015105448434
82,97,0.624181773391
82,106,0.7292706896217505
82,95,0.323890440601107
82,84,0.31873030965250115
82,154,0.023909534723394896
82,168,0.03758268519402698
82,174,0.04071705800450274
82,85,0.3525311085809567
82,86,0.32523817163345536
82,182,0.040833552389065726
82,175,0.028565056296009035
82,99,0.1909676160744812
82,103,0.8154955259314136
82,105,0.6453081301934814
82,104,0.9134819225010481
82,101,0.17650174007134048
82,96,0.9788977978665682
82,83,0.9996872739514809
82,113,0.8178547488475508
82,102,0.050709461250723384
82,112,0.8608275147014107
82,98,0.9721816616832842
82,111,0.3071556753911068
83,93,0.010833556390428661
83,134,0.02378290697238755
83,121,0.022507972324490037
83,119,0.02304325429514168
83,120,0.04051909695978434
83,117,0.03820134748294992
83,137,0.018719997567130862
83,136,0.0176333664862581
83,118,0.03976717038822288
83,116,0.04352687710925199
83,114,0.05003169617329223
83,129,0.05271746261148419
83,127,0.08315305558951452
83,124,0.06450588683526065
83,170,0.03905489716148521
83,139,0.1006908326261691
83,122,0.023584681572191287
83,151,0.01196289957533023
83,123,0.025479606606927354
83,133,0.028467918819010486
83,131,0.022874578698066143
83,128,0.05149498951379906
83,126,0.05214996145160939
83,88,0.08833597288871307
83,150,0.1303754870231581
83,155,0.12377328300964184
83,167,0.05648937174606353
83,140,0.5778667375595413
83,92,0.015773433009474435
83,90,0.012575284980384726
83,91,0.013807328176016787
83,145,0.023519867650492108
83,147,0.03300223520571374
83,173,0.12727100617064543
83,142,0.24007001691534163
83,152,0.08081218778014111
83,172,0.20602393309839928
83,143,0.5297405549058891
83,158,0.215388717661574
83,141,0.023002594332074768
83,153,0.0299385557397286
83,149,0.008909644951307761
83,156,0.15857624987805322
83,144,0.025481445121204666
83,181,0.028797188449908313
83,130,0.05533205556641732
83,89,0.07198571911689103
83,148,0.29577595924151845
83,94,0.2043327820915367
83,87,0.22016726723441768
83,161,0.2981776075965395
83,165,0.29484466449531793
83,146,0.03460357983074902
83,164,0.21138001695218045
83,179,0.5791662511258429
83,109,0.6821015105448381
83,97,0.624181773391006
83,106,0.7292706896217533
83,95,0.323890440601107
83,84,0.3187303096525017
83,154,0.023909534723394896
83,168,0.037582685194026966
83,174,0.04071705800450274
83,85,0.3525311085809567
83,86,0.32523817163345536
83,182,0.040833552389065726
83,175,0.028565056296009035
83,99,0.19096761607448143
83,103,0.8154955259314066
83,105,0.6453081301934873
83,104,0.9134819225010461
83,101,0.17650174007134065
83,96,0.9788977978665713
83,113,0.8302547840737207
83,102,0.05070946125072339
83,112,0.8739647380963145
83,98,0.9866695728004476
83,111,0.30789991689438395
84,93,0.013284153080502905
84,134,0.027166776718802906
84,121,0.026607130808095323
84,119,0.026652053177638073
84,120,0.05794615070779407
84,117,0.05342445516457875
84,137,0.02662574810189119
84,136,0.027195424563529587
84,118,0.057882092525515724
84,116,0.05171869089988286
84,114,0.06027811216824942
84,129,0.066610436713723
84,127,0.08315305558951455
84,124,0.06450588683526043
84,170,0.039054897161485295
84,139,0.10069083262616914
84,122,0.029611375408244697
84,151,0.013284153080502905
84,123,0.02962444502183832
84,133,0.03164257658780276
84,131,0.026331985730182042
84,128,0.05578939946292092
84,126,0.055191686399388734
84,88,0.0883359728887131
84,150,0.13037548702315815
84,155,0.12377328300964202
84,167,0.05648937174606373
84,140,0.5778667375595415
84,92,0.015773433009474435
84,90,0.013284153080502905
84,91,0.013807328176016787
84,145,0.023519867650492108
84,147,0.03300223520571374
84,173,0.1272710061706456
84,142,0.24007001691534183
84,152,0.08081218778014111
84,172,0.20600204340204584
84,143,0.5297294271046016
84,158,0.21538126513112912
84,141,0.023002594332074768
84,153,0.0299385557397286
84,149,0.01328415308050286
84,156,0.1618453909535937
84,144,0.025481445121204666
84,181,0.38102172931714595
84,130,0.0553320555664174
84,89,0.07198571911689107
84,148,0.29576974613196966
84,94,0.20432848984965618
84,87,0.22016264237121416
84,161,0.06950132512250905
84,165,0.058734521185362154
84,146,0.03460357983074902
84,164,0.21573773821559933
84,179,0.04183379566838418
84,109,0.2778702204153355
84,97,0.31873030965250326
84,106,0.28615267920922577
84,95,0.9983348664758963
84,154,0.023909534723394896
84,168,0.03757869209694028
84,174,0.49774709811549944
84,85,0.8879560467185443
84,86,0.8192105436825303
84,182,0.39018642033899426
84,175,0.4976907031709114
84,99,0.7384098800422476
84,103,0.2785816627915967
84,105,0.269323496562146
84,104,0.2688563675364983
84,101,0.7124943048813404
84,96,0.31873030965250343
84,113,0.2851567777476883
84,112,0.27128998848265545
84,98,0.31873030965250365
85,93,0.014692914574502133
85,134,0.030047766475966662
85,121,0.02942877108287197
85,119,0.029478457392129016
85,120,0.06409123992408952
85,117,0.059090026376958774
85,137,0.02944936270852499
85,136,0.03007945237515511
85,118,0.0640203884822016
85,116,0.05720336875764848
85,114,0.06667050187039984
85,129,0.07367435849873255
85,127,0.08315305558951462
85,124,0.06450588683526043
85,170,0.039054897161485295
85,139,0.10069083262616922
85,122,0.032751610634886
85,151,0.014692914574502133
85,123,0.03276606625843152
85,133,0.034998217191887886
85,131,0.02912444734458955
85,128,0.06170576893415625
85,126,0.06104466943241746
85,88,0.08833597288871317
85,150,0.13037548702315827
85,155,0.12377328300964202
85,167,0.05648937174606373
85,140,0.5778667375595418
85,92,0.015773433009474435
85,90,0.014692914574502133
85,91,0.014692914574502133
85,145,0.023519867650492108
85,147,0.03300223520571374
85,173,0.1272710061706456
85,142,0.2400700169153419
85,152,0.08081218778014111
85,172,0.20600204340204556
85,143,0.5297294271046018
85,158,0.215381265131129
85,141,0.023002594332074768
85,153,0.0299385557397286
85,149,0.014692914574502083
85,156,0.16184539095359374
85,144,0.025481445121204666
85,181,0.42142842573099626
85,130,0.05849079528166992
85,89,0.07367435849873263
85,148,0.29576974613196977
85,94,0.20432848984965626
85,87,0.22016264237121425
85,161,0.06950132512250905
85,165,0.058734521185362154
85,146,0.03460357983074902
85,164,0.2157377382155994
85,179,0.04353663637278189
85,109,0.30733787744081303
85,97,0.3525311085809586
85,106,0.31649867668695203
85,95,0.8879560467185454
85,154,0.023909534723394896
85,168,0.03757869209694024
85,174,0.6549656847760537
85,86,0.9999999999999988
85,182,0.421431915633662
85,175,0.6549033092449796
85,99,0.9230161307176291
85,103,0.3081247670524982
85,105,0.29788478828219167
85,104,0.2973681210300514
85,101,0.8904790433906732
85,96,0.35253110858095876
85,113,0.3153971615952244
85,112,0.30005982327496805
85,98,0.35253110858095904
86,93,0.013555390023346625
86,134,0.027721470226132403
86,121,0.02715039741865726
86,119,0.027196237016878892
86,120,0.059129300034085015
86,117,0.05451528013506172
86,137,0.02716939484190682
86,136,0.027750703004936223
86,118,0.05906393390651125
86,116,0.05277468743368911
86,114,0.06150887567765992
86,129,0.0679704941525545
86,127,0.08315305558951447
86,124,0.06450588683526035
86,170,0.03905489716148521
86,139,0.10069083262616903
86,122,0.03021598293500665
86,151,0.013555390023346625
86,123,0.03022931940505802
86,133,0.032288657349245554
86,131,0.026869634405650985
86,128,0.0569285120628516
86,126,0.05631859484425829
86,88,0.08833597288871302
86,150,0.13037548702315802
86,155,0.12377328300964187
86,167,0.05648937174606355
86,140,0.577866737559541
86,92,0.015773433009474435
86,90,0.013555390023346625
86,91,0.013807328176016787
86,145,0.023519867650492108
86,147,0.03300223520571374
86,173,0.12727100617064543
86,142,0.24007001691534158
86,152,0.08081218778014111
86,172,0.20600204340204584
86,143,0.5297294271046016
86,158,0.21538126513112898
86,141,0.023002594332074768
86,153,0.0299385557397286
86,149,0.01355539002334658
86,156,0.1618453909535937
86,144,0.025481445121204666
86,181,0.38880146268748006
86,130,0.05533205556641733
86,89,0.071985719116891
86,148,0.29576974613196966
86,94,0.2043284898496561
86,87,0.22016264237121416
86,161,0.06950132512250905
86,165,0.058734521185362154
86,146,0.03460357983074902
86,164,0.21573773821559933
86,179,0.04183379566838418
86,109,0.28354379769467203
86,97,0.32523817163345736
86,106,0.29199536842131907
86,95,0.819210543682529
86,154,0.023909534723394896
86,168,0.03757869209694028
86,174,0.6245897737256161
86,182,0.39018642033899453
86,175,0.6652619437775669
86,99,0.9134243038199389
86,103,0.284269766360564
86,105,0.27482256612275757
86,104,0.27434589921779856
86,101,0.883176887055412
86,100,0.0011932965098918117
86,96,0.32523817163345753
86,113,0.2909791325608806
86,112,0.2768292100389128
86,98,0.32523817163345764
87,93,0.018054895598987045
87,134,0.03692319069545145
87,121,0.03616255895408319
87,119,0.036223614309832126
87,120,0.07875637197586269
87,117,0.0726107983387312
87,137,0.036187862283078506
87,136,0.03696212685062383
87,118,0.07866930855629145
87,116,0.07029244236007508
87,114,0.08192581156709852
87,129,0.0905322660301407
87,127,0.09053226603014077
87,124,0.067301846218958
87,170,0.04446704658004335
87,139,0.10069083262616901
87,122,0.040245718962915615
87,151,0.018054895598987045
87,123,0.04026348227138714
87,133,0.043006386128915476
87,131,0.03578860092859261
87,128,0.07582506590590168
87,126,0.07501269594186814
87,88,0.09053226603014074
87,150,0.1303754870231581
87,155,0.12377328300964176
87,184,0.2502489679380379
87,167,0.0564893717460635
87,140,0.577866737559541
87,92,0.018054895598987045
87,90,0.018054895598987045
87,91,0.018054895598987045
87,145,0.023519867650492108
87,147,0.03300223520571374
87,173,0.12727100617064527
87,142,0.2400700169153416
87,152,0.08081218778014111
87,172,0.20602393309839984
87,143,0.806095948600991
87,158,0.21538871766157408
87,141,0.023002594332074768
87,153,0.0299385557397286
87,149,0.018054895598986986
87,144,0.025481445121204666
87,181,0.016587379511292633
87,130,0.07187445329226355
87,89,0.09053226603014072
87,185,0.5190689876859552
87,163,0.5190689876859552
87,148,0.8351907384375215
87,94,0.9494698499421685
87,159,0.7466185272252095
87,157,0.7390113176301673
87,161,0.026979498153898333
87,165,0.022799966807789358
87,146,0.03460357983074902
87,179,0.020767426522140153
87,109,0.19218125696053184
87,97,0.22016726723441857
87,106,0.19422659217301896
87,95,0.22016264237121508
87,154,0.023909534723394896
87,168,0.043528813364772635
87,174,0.020767426522140153
87,182,0.016587379511292633
87,175,0.020767426522140142
87,99,0.20371190908746617
87,103,0.2031841907367093
87,105,0.1763415309447551
87,104,0.18954844642349927
87,101,0.1727197940664066
87,96,0.2201672672344187
87,113,0.19027305593053992
87,112,0.18299689290545057
87,98,0.22016726723441857
88,93,0.01761688774706774
88,134,0.036027442096194635
88,121,0.03528526311592443
88,119,0.035344837281983114
88,120,0.17367516252634527
88,117,0.16078600313907157
88,137,0.035309952591645495
88,136,0.03606543366868608
88,118,0.17380824280858476
88,116,0.15613532507507086
88,114,0.17696856505107875
88,129,0.2029098953284238
88,127,0.20290989532842382
88,124,0.15927835020872894
88,170,0.1401697693038063
88,139,0.23128931103127473
88,122,0.039269366548400256
88,151,0.01761688774706774
88,123,0.03928669892286034
88,133,0.041963060527620145
88,131,0.03492037723103722
88,128,0.17420869065431757
88,126,0.16780082763307505
88,162,0.010492495849837344
88,150,0.9999998388587622
88,155,0.2274074218055463
88,184,0.042466684476362426
88,167,0.20078874974408217
88,140,0.5231651002240421
88,180,0.008961530550296044
88,92,0.01761688774706774
88,90,0.01761688774706774
88,91,0.01761688774706774
88,145,0.023519867650492108
88,183,0.012068427951625375
88,147,0.03300223520571374
88,173,0.12869372336197868
88,177,0.01713239002797538
88,176,0.022547545235032034
88,171,0.02273409218760892
88,142,0.5514467142978521
88,152,0.08081218778014111
88,143,0.21782807883349695
88,158,0.13911126593996162
88,141,0.023002594332074768
88,153,0.0299385557397286
88,149,0.017616887747067676
88,144,0.025481445121204666
88,130,0.9560164215538135
88,89,1.0000000000000158
88,178,0.44612395298764357
88,148,0.12162238358012946
88,94,0.08833597288871302
88,161,0.025507887596939272
88,165,0.021556330930603433
88,146,0.03460357983074902
88,179,0.019158324085605652
88,109,0.07777654150763796
88,97,0.08833597288871285
88,106,0.07267514029046691
88,95,0.08833597288871294
88,154,0.023909534723394896
88,174,0.019158324085605652
88,175,0.019158324085605652
88,99,0.08735509097300068
88,103,0.08725387101603883
88,105,0.07672558693326349
88,104,0.07536945365483588
88,101,0.07926146942398
88,96,0.08833597288871292
88,113,0.07202473641998666
88,112,0.07482112469814084
88,98,0.08833597288871302
89,93,0.014356148368591237
89,134,0.029359062253200105
89,121,0.028754254428470544
89,119,0.02880280191195076
89,120,0.14152933463417283
89,117,0.13102585143289533
89,137,0.028774374087611437
89,136,0.029390021901650725
89,118,0.14163778286317869
89,116,0.12723597519255522
89,114,0.14421315574726565
89,129,0.16535296157943832
89,127,0.19100460723020882
89,124,0.15645697007897916
89,170,0.12617036696431033
89,139,0.231289311031275
89,122,0.03200093345677716
89,151,0.014356148368591237
89,123,0.032015057752901505
89,133,0.034196047087543084
89,131,0.028456905885626056
89,128,0.14196411114373342
89,126,0.1367422902648509
89,162,0.00986917958947352
89,150,0.9999998388587616
89,155,0.22740742180554668
89,184,0.042466684476362426
89,167,0.2007887497440826
89,140,0.5231651002240422
89,180,0.007422707536053738
89,92,0.015773433009474435
89,90,0.014356148368591237
89,91,0.014356148368591237
89,145,0.023519867650492108
89,183,0.012068427951625375
89,147,0.03300223520571374
89,173,0.1286937233619787
89,177,0.01713239002797538
89,176,0.022547545235032034
89,171,0.02273409218760892
89,142,0.5514467142978521
89,152,0.08081218778014111
89,143,0.21782807883349695
89,158,0.13911126593996168
89,141,0.023002594332074768
89,153,0.0299385557397286
89,149,0.014356148368591188
89,144,0.025481445121204666
89,130,0.9028586669881595
89,178,0.44612395298764357
89,148,0.12162238358012946
89,94,0.08402116272485564
89,161,0.025507887596939272
89,165,0.021556330930603433
89,146,0.03460357983074902
89,179,0.015612277663078659
89,109,0.06338075064736645
89,97,0.07198571911689088
89,106,0.05922357636023337
89,95,0.07198571911689094
89,154,0.023909534723394896
89,174,0.015612277663078659
89,175,0.015612277663078659
89,99,0.0711863902844542
89,103,0.0711039052995426
89,105,0.06252431902249668
89,104,0.06141919473310955
89,101,0.0645908307585494
89,96,0.07198571911689093
89,113,0.058693556835889504
89,112,0.060972356905104476
89,98,0.071985719116891
90,93,0.5261411316055586
90,134,0.45581176654449984
90,121,0.44048787043705634
90,119,0.43797093027296446
90,120,0.012642647759128217
90,117,0.0046696076852211724
90,137,0.4386243002274125
90,136,0.45312193223528613
90,115,0.011597223404964429
90,118,0.012642160999480283
90,116,0.0050280062256118346
90,114,0.012642954244289526
90,129,0.012575284980384724
90,127,0.01658325592894822
90,124,0.005747076966311855
90,139,0.020080823672692656
90,122,0.4674422093887124
90,151,0.5261411316055584
90,123,0.45731748337399725
90,133,0.45564576840184196
90,131,0.4422072987255734
90,128,0.008671980511716972
90,126,0.008536464952998563
90,125,0.010754263213071328
90,150,0.026000849311410418
90,155,0.040748909230740676
90,140,0.09749174122119277
90,180,0.6468566311847285
90,92,1.0
90,91,0.9112077091656556
90,145,0.6330693553509389
90,183,0.07974412264403015
90,147,0.559167291314434
90,173,0.4276159738802545
90,177,0.09668727458375999
90,171,0.1283006871876367
90,142,0.04787728488327567
90,152,0.08439567563809157
90,143,0.04344156392326849
90,158,0.02760338831104598
90,141,0.38974021867598013
90,153,0.14347062025650742
90,149,0.013132915979808623
90,144,0.026611379252468304
90,130,0.006669276812064607
90,148,0.02425521346508794
90,94,0.016756382973974387
90,146,0.036138020508217975
90,109,0.003904109767755959
90,97,0.012575284980384724
90,106,0.008536464952998563
90,95,0.013499218819031029
90,154,0.024969764989696202
90,99,0.012575284980384566
90,103,0.012575284980384684
90,105,0.0050280062256118346
90,104,0.0073674000706214025
90,101,0.004760432328543684
90,96,0.012575284980384724
90,113,0.004076721149115736
90,112,0.006218277642734598
90,98,0.012575284980384724
91,93,0.5776889575314047
91,134,0.5004691867410321
91,121,0.48364395671080473
91,119,0.4808804234072454
91,120,0.013881290713995886
91,117,0.005127104941452094
91,137,0.4815978062256479
91,136,0.49751582026827484
91,115,0.012733442600521306
91,118,0.013880756264859158
91,116,0.005520616998848656
91,114,0.013881627226544891
91,129,0.013807328176016776
91,127,0.016583255928948205
91,124,0.005747076966311855
91,139,0.020080823672692642
91,122,0.5132391034016036
91,151,0.5776889575314044
91,123,0.5021224237402289
91,133,0.5002869251989769
91,131,0.4855318432033718
91,128,0.009521603768667435
91,126,0.00937281129238559
91,125,0.010754263213071328
91,150,0.0260008493114104
91,155,0.0407489092307406
91,140,0.09749174122119271
91,180,0.6468566311847279
91,92,0.9999999999999993
91,145,0.6330693553509378
91,183,0.07974412264403011
91,147,0.5591672913144353
91,173,0.42761597388025613
91,177,0.09668727458375996
91,171,0.12830068718763665
91,142,0.04787728488327564
91,152,0.08439567563809151
91,143,0.043441563923268464
91,158,0.02760338831104598
91,141,0.38974021867598097
91,153,0.1434706202565075
91,149,0.014419592170206627
91,144,0.026611379252468287
91,130,0.006669276812064607
91,148,0.024255213465087924
91,94,0.016756382973974374
91,146,0.036138020508217954
91,109,0.0042866086043125235
91,97,0.013807328176016776
91,106,0.00937281129238559
91,95,0.013807328176016776
91,154,0.024969764989696185
91,99,0.013807328176016598
91,103,0.01380732817601673
91,105,0.005520616998848656
91,104,0.00808920917003082
91,101,0.005226827982224505
91,96,0.013807328176016776
91,113,0.004476131306427631
91,112,0.006827503331872638
91,98,0.013807328176016776
92,93,0.6599494091668254
92,134,0.571733871298708
92,121,0.5525128000409248
92,119,0.5493557513434936
92,120,0.015857927498426357
92,117,0.005857182888360255
92,137,0.5501752864254386
92,136,0.5683599579958167
92,115,0.01454663069341582
92,118,0.015857316946004653
92,116,0.006306729389800461
92,114,0.015858311928931734
92,129,0.01577343300947442
92,127,0.016583255928948205
92,124,0.005747076966311855
92,139,0.020080823672692642
92,122,0.5863221698032639
92,151,0.6599494091668252
92,123,0.57362252221822
92,133,0.5715256564879115
92,131,0.5546695135441048
92,128,0.010877439666329584
92,126,0.010707459773983564
92,125,0.010754263213071328
92,150,0.0260008493114104
92,155,0.040748909230740676
92,140,0.09749174122119271
92,180,0.6820161902510071
92,145,0.6330693553509394
92,183,0.07974412264403015
92,147,0.5591672913144342
92,173,0.4276159738802545
92,177,0.09668727458375999
92,171,0.1283006871876367
92,142,0.04787728488327564
92,152,0.08439567563809151
92,143,0.043441563923268464
92,158,0.02760338831104598
92,141,0.38974021867598024
92,153,0.1434706202565075
92,149,0.016472880793531722
92,144,0.026611379252468287
92,130,0.007568463790120664
92,148,0.024255213465087924
92,94,0.016756382973974374
92,146,0.036138020508217954
92,109,0.004897003445996609
92,97,0.01577343300947442
92,106,0.010707459773983564
92,95,0.01577343300947442
92,154,0.024969764989696185
92,99,0.015773433009474216
92,103,0.01577343300947437
92,105,0.006306729389800461
92,104,0.009241078166356482
92,101,0.005971106066188167
92,96,0.01577343300947442
92,113,0.005113513375178986
92,112,0.007799710780708369
92,98,0.01577343300947442
93,138,0.012409946387505654
93,134,0.7694358380040012
93,121,0.677091848859098
93,119,0.6959488421342849
93,120,0.010891589147799315
93,117,0.004022847852587983
93,137,0.583269020159004
93,136,0.5926498148143423
93,115,0.011095261246580952
93,118,0.010891169806360715
93,116,0.004470147238925991
93,114,0.011085369819872147
93,129,0.010833556390428652
93,127,0.016583255928948205
93,124,0.005747076966311855
93,139,0.020080823672692642
93,122,0.6854598160148867
93,151,0.8433732282159428
93,123,0.7139417412814566
93,133,0.6715270578237734
93,131,0.6284667935262719
93,128,0.008455662038912942
93,126,0.008520683325443526
93,125,0.010754263213071328
93,150,0.0260008493114104
93,155,0.040748909230740676
93,140,0.09749174122119271
93,180,0.3256665613321037
93,145,0.6330693553509397
93,183,0.07967048534225721
93,147,0.5590648574582348
93,173,0.42752908629905784
93,177,0.09659799164001366
93,171,0.12818221179275044
93,142,0.04787728488327564
93,152,0.08439567563809151
93,143,0.043441563923268464
93,158,0.02760338831104598
93,141,0.3896688221652488
93,153,0.14347062025650759
93,149,0.01131395320741793
93,144,0.026611379252468287
93,130,0.006669276812064607
93,148,0.024255213465087924
93,94,0.016756382973974374
93,146,0.036138020508217954
93,109,0.0033633745389771313
93,97,0.010833556390428652
93,106,0.007354129515751025
93,95,0.01349921881903102
93,154,0.024969764989696185
93,99,0.010833556390428512
93,103,0.010833556390428616
93,105,0.0043316067239476345
93,104,0.00634698491846689
93,101,0.004101092909985077
93,96,0.010833556390428652
93,113,0.003512078535467693
93,112,0.005357020663864596
93,98,0.010833556390428652
94,134,0.034267665549325234
94,121,0.033561738633788675
94,119,0.033618402873021314
94,120,0.07309219392785522
94,117,0.0673886114898425
94,137,0.03358522214100905
94,136,0.03430380140644086
94,118,0.07301139213128092
94,116,0.065236992255304
94,114,0.07603368662785201
94,129,0.08402116272485569
94,127,0.08402116272485576
94,124,0.06450588683526036
94,170,0.0412689654244564
94,139,0.10069083262616914
94,122,0.037351236749515876
94,151,0.016756382973974387
94,123,0.037367722516381804
94,133,0.03991335603974126
94,131,0.03321467576339118
94,128,0.07037170812648853
94,126,0.0696177640142521
94,150,0.13037548702315827
94,155,0.12377328300964194
94,184,0.2502489679380379
94,167,0.05648937174606373
94,140,0.5778667375595415
94,145,0.023519867650492108
94,147,0.03300223520571374
94,173,0.1272710061706455
94,142,0.2400700169153419
94,152,0.08081218778014111
94,172,0.2060239330983995
94,143,0.8060959486009908
94,158,0.21538871766157416
94,141,0.023002594332074768
94,153,0.0299385557397286
94,149,0.016756382973974332
94,144,0.025481445121204666
94,181,0.015394411011796118
94,130,0.06670522456401097
94,185,0.5190689876859552
94,163,0.5190689876859552
94,148,0.8351907384375211
94,159,0.7466185272252095
94,157,0.7390113176301671
94,161,0.026979498153898333
94,165,0.022799966807789358
94,146,0.03460357983074902
94,179,0.019273827992025438
94,109,0.17835953270375837
94,97,0.20433278209153763
94,106,0.1802577668941844
94,95,0.20432848984965696
94,154,0.023909534723394896
94,168,0.0403982101776155
94,174,0.019273827992025438
94,182,0.015394411011796118
94,175,0.019273827992025424
94,99,0.18906089743440815
94,103,0.18857113271994627
94,105,0.1636590037603459
94,104,0.17591607456163946
94,101,0.16029774310769618
94,96,0.20433278209153763
94,113,0.1765885699709862
94,112,0.16983571041768555
94,98,0.2043327820915377
95,134,0.02760659722245498
95,121,0.02703789084245205
95,119,0.027083540489264462
95,120,0.058884278386789564
95,117,0.05428937819247546
95,137,0.0270568095436478
95,136,0.02763570886565237
95,118,0.05881918312520349
95,116,0.052555998207822224
95,114,0.0612539934782572
95,129,0.06768883611778757
95,127,0.08315305558951447
95,124,0.06450588683526035
95,170,0.03905489716148521
95,139,0.10069083262616903
95,122,0.03009077309979604
95,151,0.01349921881903103
95,123,0.030104054305809796
95,133,0.03215485870782565
95,131,0.02675829126307186
95,128,0.05669261010230619
95,126,0.05608522027574234
95,150,0.13037548702315802
95,155,0.12377328300964187
95,167,0.05648937174606355
95,140,0.577866737559541
95,145,0.023519867650492108
95,147,0.03300223520571374
95,173,0.12727100617064543
95,142,0.24007001691534158
95,152,0.08081218778014111
95,172,0.20600204340204556
95,143,0.5297294271046016
95,158,0.21538126513112887
95,141,0.023002594332074768
95,153,0.0299385557397286
95,149,0.013499218819030986
95,156,0.1618453909535937
95,144,0.025481445121204666
95,181,0.3871903363118309
95,130,0.05533205556641733
95,148,0.29576974613196966
95,161,0.06950132512250905
95,165,0.058734521185362154
95,146,0.03460357983074902
95,164,0.21573773821559933
95,179,0.04183379566838418
95,109,0.28236884097521925
95,97,0.3238904406011089
95,106,0.29078538984670393
95,154,0.023909534723394896
95,168,0.03757869209694024
95,174,0.5058054475343687
95,182,0.39018642033899426
95,175,0.50574813957558
95,99,0.7503644747556151
95,103,0.28309180135184825
95,105,0.2736837486866208
95,104,0.273209057007315
95,101,0.7240293356016119
95,96,0.323890440601109
95,113,0.2897733650928469
95,112,0.2756820774155918
95,98,0.3238904406011087
96,134,0.02378290697238755
96,121,0.022507972324490037
96,119,0.02304325429514168
96,120,0.04051909695978434
96,117,0.03820134748294992
96,137,0.018719997567130862
96,136,0.0176333664862581
96,118,0.03976717038822288
96,116,0.0435268771092518
96,114,0.0500316961732922
96,129,0.05271746261148415
96,127,0.08315305558951445
96,124,0.06450588683526032
96,170,0.03905489716148521
96,139,0.10069083262616903
96,122,0.023584681572191287
96,151,0.01196289957533023
96,123,0.025479606606927354
96,133,0.028467918819010486
96,131,0.022874578698066143
96,128,0.05149498951379906
96,126,0.05214996145160939
96,150,0.13037548702315802
96,155,0.12377328300964184
96,167,0.05648937174606353
96,140,0.577866737559541
96,145,0.023519867650492108
96,147,0.03300223520571374
96,173,0.12727100617064543
96,142,0.24007001691534155
96,152,0.08081218778014111
96,172,0.20602393309839984
96,143,0.5297405549058891
96,158,0.21538871766157416
96,141,0.023002594332074768
96,153,0.0299385557397286
96,149,0.008909644951307761
96,156,0.1585762498780531
96,144,0.025481445121204666
96,181,0.02879718844990829
96,130,0.05533205556641732
96,148,0.29577595924151834
96,161,0.2981776075965395
96,165,0.29484466449531793
96,146,0.03460357983074902
96,164,0.2113800169521803
96,179,0.5791662511258431
96,109,0.6821015105448435
96,97,0.6241817733910018
96,106,0.7292706896217596
96,154,0.023909534723394896
96,168,0.03758268519402707
96,174,0.04071705800450271
96,182,0.04083355238906569
96,175,0.02856505629600901
96,99,0.19096761607448123
96,103,0.8154955259314138
96,105,0.6453081301934813
96,104,0.9134819225010422
96,101,0.17650174007134065
96,113,0.9078561928519594
96,102,0.05070946125072339
96,112,0.8828084704792394
96,98,0.9788977978665669
96,111,0.35438799896874895
97,134,0.023782906972387507
97,121,0.022507972324490002
97,119,0.02304325429514164
97,120,0.0405190969597843
97,117,0.03820134748294989
97,137,0.018719997567130834
97,136,0.01763336648625807
97,118,0.03976717038822285
97,116,0.04352687710925195
97,114,0.05003169617329216
97,129,0.05271746261148415
97,127,0.0831530555895144
97,124,0.06450588683526061
97,170,0.03905489716148521
97,139,0.10069083262616894
97,122,0.02358468157219125
97,151,0.01196289957533023
97,123,0.025479606606927316
97,133,0.028467918819010448
97,131,0.0228745786980661
97,128,0.05149498951379906
97,126,0.05214996145160939
97,150,0.13037548702315802
97,155,0.12377328300964177
97,167,0.05648937174606353
97,140,0.5778667375595405
97,145,0.023519867650492108
97,147,0.03300223520571374
97,173,0.12727100617064532
97,142,0.24007001691534155
97,152,0.08081218778014111
97,172,0.2060239330983995
97,143,0.5297405549058891
97,158,0.215388717661574
97,141,0.023002594332074768
97,153,0.0299385557397286
97,149,0.008909644951307761
97,156,0.15857624987805322
97,144,0.025481445121204666
97,181,0.028797188449908313
97,130,0.05533205556641727
97,148,0.29577595924151845
97,161,0.2981776075965395
97,165,0.294844664495319
97,146,0.03460357983074902
97,164,0.21138001695218045
97,179,0.5791662511258436
97,107,0.44896485798630686
97,109,0.8666734434818637
97,106,0.9452948612702613
97,154,0.023909534723394896
97,168,0.03758268519402701
97,174,0.04071705800450274
97,182,0.040833552389065726
97,175,0.028565056296009035
97,99,0.1909676160744812
97,103,0.776952208024925
97,110,0.860812847441438
97,108,0.4944247101543845
97,105,0.6153843060865417
97,104,0.6737790372783934
97,101,0.17650174007134065
97,113,0.5505322118182471
97,102,0.27871437037021946
97,112,0.5503707939741471
97,98,0.6241817733910036
97,111,0.011533567186283707
98,134,0.023782906972387507
98,121,0.022507972324490002
98,119,0.02304325429514164
98,120,0.04051909695978435
98,117,0.03820134748294995
98,137,0.018719997567130834
98,136,0.01763336648625807
98,118,0.039767170388222896
98,116,0.04352687710925183
98,114,0.05003169617329224
98,129,0.05271746261148425
98,127,0.08315305558951455
98,124,0.06450588683526036
98,170,0.039054897161485295
98,139,0.10069083262616914
98,122,0.02358468157219125
98,151,0.01196289957533023
98,123,0.025479606606927316
98,133,0.028467918819010448
98,131,0.0228745786980661
98,128,0.051494989513799126
98,126,0.05214996145160947
98,150,0.13037548702315827
98,155,0.12377328300964194
98,167,0.05648937174606373
98,140,0.5778667375595415
98,145,0.023519867650492108
98,147,0.03300223520571374
98,173,0.1272710061706455
98,142,0.2400700169153419
98,152,0.08081218778014111
98,172,0.20602393309839934
98,143,0.5297405549058891
98,158,0.21538871766157408
98,141,0.023002594332074768
98,153,0.0299385557397286
98,149,0.008909644951307761
98,156,0.15857624987805322
98,144,0.025481445121204666
98,181,0.028797188449908313
98,130,0.055332055566417356
98,148,0.29577595924151856
98,161,0.2981776075965395
98,165,0.29484466449531793
98,146,0.03460357983074902
98,164,0.21138001695218045
98,179,0.5791662511258435
98,109,0.6821015105448436
98,106,0.7292706896217503
98,154,0.023909534723394896
98,168,0.03758268519402698
98,174,0.04071705800450274
98,182,0.040833552389065726
98,175,0.028565056296009035
98,99,0.1909676160744812
98,103,0.8154955259314137
98,105,0.6453081301934814
98,104,0.9134819225010481
98,101,0.17650174007134103
98,113,0.7531626114189035
98,102,0.050709461250723384
98,112,0.845583125401826
98,111,0.3071556753911068
99,134,0.028892771981083778
99,121,0.028317159113250688
99,119,0.0290183051678405
99,120,0.05618433678616812
99,117,0.050672625826339024
99,137,0.023548150102574352
99,136,0.022367666218352393
99,118,0.05540523426562453
99,116,0.05961392397189682
99,114,0.06648305159499247
99,129,0.052183475824189245
99,127,0.08231077997895933
99,124,0.08692043933443319
99,170,0.05165682518279409
99,139,0.0996709130101519
99,122,0.02540601096181677
99,151,0.01196289957533006
99,123,0.027441917337023596
99,133,0.031968881395194146
99,131,0.02867594011524293
99,128,0.06712499226872864
99,126,0.06558468927952871
99,150,0.12892779868859566
99,155,0.15218312880476506
99,167,0.0773998580393508
99,140,0.5655906491749303
99,145,0.023519867650491775
99,147,0.03300223520571327
99,173,0.15969119324002118
99,142,0.2374042814239392
99,152,0.08753535589811674
99,172,0.19216389578576096
99,143,0.49014760966276116
99,158,0.2544993130114192
99,141,0.02300259433207444
99,153,0.029938555739728173
99,149,0.009685238783203948
99,156,0.16662413000708703
99,144,0.027601373366495013
99,181,0.27682236281490064
99,130,0.07342019853565535
99,148,0.273669588018791
99,161,0.08731563601852171
99,165,0.07378912653108985
99,146,0.03748242386500355
99,164,0.22210773336250356
99,179,0.05255647240416208
99,109,0.220116746234549
99,106,0.19958859367642423
99,154,0.025898687919015492
99,168,0.03505435068810542
99,174,0.6377171769226558
99,182,0.39252583546338
99,175,0.686187139912033
99,103,0.25841915024696477
99,105,0.20357234513262726
99,104,0.1952471550462798
99,101,0.9311356731084717
99,100,0.41891037748980897
99,113,0.2058891961168588
99,102,0.020352020340580937
99,112,0.19947446015524015
100,149,0.2745945417903147
100,144,0.35795051796505556
100,181,0.012707368093481762
100,146,0.07115404224345954
100,160,0.19566468312382404
100,154,0.060519303866493665
100,168,0.3975669459130805
100,169,0.3889513406735166
100,182,0.015218247383534552
100,175,0.2579751420685208
100,101,0.40703888012498773
100,102,0.020352020340580937
101,134,0.024205736084667796
101,121,0.02505163485182332
101,119,0.025541332140187258
101,120,0.048596945276135846
101,117,0.05373299777015731
101,137,0.0208210062311733
101,136,0.018762619318496643
101,118,0.04790469905373135
101,116,0.061100486753275576
101,114,0.05895615246623389
101,129,0.0473511891180362
101,127,0.07468864899624247
101,124,0.08900294952375594
101,170,0.05246358458511607
101,139,0.09044120149090062
101,122,0.019614940659958998
101,151,0.004528610999301687
101,123,0.021188320263540776
101,133,0.02505639272990068
101,131,0.02517425439981236
101,128,0.06190695517871565
101,126,0.06076499063009736
101,150,0.11698238373783632
101,155,0.14314155397872774
101,167,0.07671331907864945
101,140,0.5317662490579
101,145,0.008903554750537834
101,147,0.012493148873567388
101,173,0.15417687275261147
101,142,0.2154083063003319
101,152,0.03681815009858205
101,172,0.16768383048312455
101,143,0.41557803165422746
101,158,0.22952116071042997
101,141,0.008707738541877117
101,153,0.011333378832815202
101,149,0.0040592471773537985
101,156,0.1771844993978913
101,144,0.011609383398376997
101,181,0.28313820108608045
101,130,0.07223636365568106
101,148,0.23203432286597
101,161,0.08624652818899146
101,165,0.07288563963566311
101,146,0.01576544121813601
101,164,0.2361845643038716
101,179,0.05191296181772072
101,109,0.1994793331343806
101,106,0.19058815592039227
101,154,0.010893218738591556
101,168,0.03058872102090171
101,174,0.6150187738867448
101,182,0.4014815053040744
101,175,0.6672118830575932
101,103,0.21957691343749305
101,105,0.20243264818947512
101,104,0.18575139677164335
101,113,0.19447591527190874
101,102,0.028670358768286424
101,112,0.19159156704920513
102,107,0.023480921340837083
102,109,0.253643047717393
102,106,0.279924065564383
102,103,0.12955099998286823
102,110,0.08042793899156425
102,108,0.43717312567133093
102,105,0.3476841352483443
102,104,0.052653841501639306
102,113,0.05691341714776695
102,112,0.05471714992309769
102,111,0.00899811610585881
103,134,0.028984046469192795
103,121,0.028410373118766746
103,119,0.029113575128129593
103,120,0.06078979447500449
103,117,0.05395559164028046
103,137,0.025536289330839883
103,136,0.025333184020954747
103,118,0.0610137858132186
103,116,0.05971557426353172
103,114,0.06619641794944021
103,129,0.052123069410786184
103,127,0.08221549887848821
103,124,0.08713890207001458
103,170,0.051759297422614946
103,139,0.09955553621164509
103,122,0.025489052238795818
103,151,0.011962899575330175
103,123,0.027531591034565796
103,133,0.03198920331451065
103,131,0.02877166224123099
103,128,0.06692129840379506
103,126,0.06537582328694963
103,150,0.12877840766754473
103,155,0.15203480393581742
103,167,0.0765763918687226
103,140,0.5653876563632779
103,145,0.023519867650492
103,147,0.03300223520571359
103,173,0.15884896796730746
103,142,0.23712919669927512
103,152,0.08703851019060224
103,172,0.1926468993668961
103,143,0.48887787590317194
103,158,0.2536374596934858
103,141,0.02300259433207466
103,153,0.029938555739728458
103,149,0.010872939101277491
103,156,0.16402360174527642
103,144,0.027444709539199797
103,181,0.03317991109282335
103,130,0.0734017656380385
103,148,0.2729606433906219
103,161,0.2840161349137061
103,165,0.28882556705729656
103,146,0.037269675756385116
103,164,0.21864126402369097
103,179,0.5879274354085812
103,109,0.8444759997378593
103,106,0.788711682746567
103,154,0.02575168843759684
103,168,0.03514245973089668
103,174,0.048884887182995364
103,182,0.04471111791785888
103,175,0.03770853154119918
103,105,0.9007486458176768
103,104,0.822048244959347
103,113,0.8634851250434418
103,112,0.8167000013462362
104,134,0.020253628052273882
104,121,0.019946550019653994
104,119,0.02043048243011641
104,120,0.043482134384270656
104,117,0.04349022017699159
104,137,0.016586135608595266
104,136,0.015464233016053692
104,118,0.042781160772580214
104,116,0.04967670533684716
104,114,0.05193597651878575
104,129,0.04502094241351655
104,127,0.07101307122448529
104,124,0.07305158026076566
104,170,0.04654698914601858
104,139,0.08599040911055256
104,122,0.01955039434355274
104,151,0.007008625833418551
104,123,0.021111864038855684
104,133,0.02408038943881371
104,131,0.0201011449731796
104,128,0.06047941058730173
104,126,0.06096766587851943
104,150,0.11123813895498617
104,155,0.13459758489899232
104,167,0.06875529661903279
104,140,0.525107236104992
104,145,0.013779431230348175
104,147,0.019334803971798417
104,173,0.13816131207586313
104,142,0.2048310039740153
104,152,0.052813246149402616
104,172,0.19855519894959053
104,143,0.45606915347240623
104,158,0.22970174149609174
104,141,0.013476379690078278
104,153,0.01753990609479064
104,149,0.005822726557006194
104,156,0.16302894572786264
104,144,0.016652906825019586
104,181,0.02708746611959315
104,130,0.06508379691947495
104,148,0.2546421830451187
104,161,0.26551242917978357
104,165,0.26726419769156495
104,146,0.02261450196378609
104,164,0.2173154008759359
104,179,0.5500087329257771
104,109,0.6886321819835646
104,106,0.7156931250204991
104,154,0.015625615112658177
104,168,0.03622024598567301
104,174,0.0421254294437277
104,182,0.03840921723332235
104,175,0.029552454599564806
104,105,0.7057090282826101
104,113,0.9077009514897593
104,112,0.9425859431164924
105,134,0.02495219352528531
105,121,0.025718147167917094
105,119,0.026270789502021417
105,120,0.04873739884412774
105,117,0.051145547217933775
105,137,0.02137496038101722
105,136,0.018718374966055922
105,118,0.048106888560647355
105,116,0.062237872736385653
105,114,0.05842717470053764
105,129,0.04584208403488117
105,127,0.07230828596938707
105,124,0.08819973633439503
105,170,0.049487830596906056
105,139,0.08755879706898972
105,122,0.020367792161487774
105,151,0.0047831547066291115
105,123,0.02200130123274386
105,133,0.02564857594783442
105,131,0.025867927328149683
105,128,0.060815774062255884
105,126,0.05982737639965728
105,150,0.11323966257963763
105,155,0.13773645924440459
105,167,0.06937332566562607
105,140,0.5075114228350517
105,145,0.009404004852112924
105,147,0.013195362517212567
105,173,0.14978387756394962
105,142,0.20851655730461333
105,152,0.038537652443750695
105,172,0.17136685767622453
105,143,0.42429222849083753
105,158,0.22944794206451746
105,141,0.00919718222587406
105,153,0.01197040423974368
105,149,0.00424882446525094
105,156,0.16901100387786122
105,144,0.012151571474801835
105,181,0.031240638118730894
105,130,0.06982212531323789
105,148,0.23689981769074445
105,161,0.2974623280232444
105,165,0.2878658824472071
105,146,0.016501727888558575
105,164,0.22528940425997374
105,179,0.561808173982813
105,109,0.7089029686233791
105,106,0.6896231158932252
105,154,0.011401960082664803
105,168,0.03126057525393981
105,174,0.04901512115207956
105,182,0.044298290977538235
105,175,0.034390901155282136
105,113,0.6799987987515409
105,112,0.6617782178876533
106,134,0.0208207530848911
106,121,0.020233616612629683
106,119,0.020741527249375172
106,120,0.0419094897443232
106,117,0.04074409028273115
106,137,0.016828843053488085
106,136,0.01630732858459545
106,118,0.04120117725833352
106,116,0.046723257552936784
106,114,0.04974992936524902
106,129,0.04341302030200395
106,127,0.06847684072136755
106,124,0.06993458675465203
106,170,0.04450260790663174
106,139,0.08291926326653844
106,122,0.020040869470511556
106,151,0.008120760135483114
106,123,0.02164151290490067
106,133,0.02534726507026694
106,131,0.02042390406200286
106,128,0.05903012673945964
106,126,0.06014234850277734
106,150,0.10726158890877642
106,155,0.1331267682012899
106,167,0.05844540778046065
106,140,0.5009237667264762
106,145,0.015965962299126193
106,147,0.022402865990204506
106,173,0.13041437661896274
106,142,0.1975086885705935
106,152,0.06196837806967811
106,172,0.20175003371737713
106,143,0.4673251569483554
106,158,0.2220330069762634
106,141,0.015614822300257094
106,153,0.0203231522954932
106,149,0.006948620179896681
106,156,0.1604801544752996
106,144,0.019539674254687132
106,181,0.026897980413101034
106,130,0.060938095631739804
106,148,0.26092687315330987
106,161,0.2715787330826143
106,165,0.27659363770729883
106,146,0.0265347069101759
106,164,0.213917896277431
106,179,0.5613629495594521
106,107,0.03762646575794332
106,109,0.881483730125707
106,154,0.018334302385679627
106,168,0.03680304463201915
106,174,0.04224321538845753
106,182,0.038140532165803216
106,175,0.02963484830949427
106,110,0.10987638123790529
106,108,0.49585108473556894
106,113,0.70031016561786
106,112,0.7019593491388965
106,111,0.01786252902527932
107,110,0.7399326071527348
107,108,0.23696700048615607
107,111,0.01919361162490711
108,109,0.620559854215567
108,110,0.999999999999998
108,111,0.1012978883409956
109,134,0.023722489091177707
109,121,0.024030025515447365
109,119,0.02524857645485387
109,120,0.04932223041664339
109,117,0.05135148542945771
109,137,0.019971922549237048
109,136,0.018451086957187456
109,118,0.04862990564763571
109,116,0.060458412489913134
109,114,0.05897537448764426
109,129,0.04646927652135266
109,127,0.0732975781148995
109,124,0.09011820132929614
109,170,0.05179804047377491
109,139,0.0887567404173847
109,122,0.019033732821816376
109,151,0.0037139892380634956
109,123,0.02056069195888561
109,133,0.02408646385828835
109,131,0.02494255395238988
109,128,0.06171449307321826
109,126,0.060320243320531264
109,150,0.11479077148796293
109,155,0.13894710614015676
109,167,0.07719076166766282
109,140,0.5122753754338603
109,145,0.007301953408916259
109,147,0.010245839281207671
109,173,0.14703699888429186
109,142,0.21137272873960902
109,152,0.031315189355291415
109,172,0.18901196450134744
109,143,0.4624039121873088
109,158,0.23879371355086695
109,141,0.007141361277749233
109,153,0.0092946925718422
109,149,0.0034805502257430694
109,156,0.16297546833031906
109,144,0.009874207108312955
109,181,0.03264837638143136
109,130,0.07107069945344473
109,148,0.25817913961397476
109,161,0.2826590237414849
109,165,0.28842178487591486
109,146,0.013409086977312818
109,164,0.2172441162213422
109,179,0.5797106239284812
109,154,0.00926508275332227
109,168,0.034479378453405186
109,174,0.04970817569720482
109,182,0.04629442175259849
109,175,0.03487663862870773
109,110,0.11416609842798627
109,113,0.7467573247667411
109,112,0.689449404873196
110,111,0.05522392527698208
111,113,0.3469607293545284
111,112,0.30823096717544884
112,134,0.02155483871311117
112,121,0.02155077266379133
112,119,0.02200607581189488
112,120,0.046115977819979476
112,117,0.04732636963019476
112,137,0.017915528838219445
112,136,0.01609876544864777
112,118,0.045342624766745825
112,116,0.05386394775554221
112,114,0.05535400773164281
112,129,0.0446937086679872
112,127,0.0704969142532498
112,124,0.07900141982345771
112,170,0.0499679205462288
112,139,0.08536538968305173
112,122,0.01940197545939115
112,151,0.005915462837429821
112,123,0.020958345753544317
112,133,0.024459016290593077
112,131,0.021645470488781713
112,128,0.061322286869472734
112,126,0.060119925865675786
112,150,0.11042885761194747
112,155,0.13886846806526223
112,167,0.06942856599024443
112,140,0.5111949730668
112,145,0.011630199029227682
112,147,0.016319078387492747
112,173,0.14598198125631845
112,142,0.20334081444415328
112,152,0.04474658500801139
112,172,0.18649819534102535
112,143,0.44030557680752613
112,158,0.23552472696493607
112,141,0.011374415632182212
112,153,0.014804137807016322
112,149,0.004933367059552166
112,156,0.16444319302342078
112,144,0.01410935258113576
112,181,0.028821374600330043
112,130,0.0715532216478982
112,148,0.24584072926561648
112,161,0.2784007237178105
112,165,0.2764749359537405
112,146,0.019160377524869127
112,164,0.2192005735770153
112,179,0.5491571543204887
112,154,0.013238968742104775
112,168,0.034020819131767
112,174,0.044377074759912774
112,182,0.040867847627368364
112,175,0.03113306396125436
112,113,0.7951738569703244
113,134,0.023926105017423774
113,121,0.024389866309540417
113,119,0.025616354000447317
113,120,0.04581482813516752
113,117,0.047988190875597365
113,137,0.0202709947439404
113,136,0.01784478628009493
113,118,0.045183974933965115
113,116,0.05670570426016909
113,114,0.05476631818946143
113,129,0.04303669339874645
113,127,0.06788324743450898
113,124,0.08579487424278338
113,170,0.046457035275443564
113,139,0.08220047546167235
113,122,0.01921898202867608
113,151,0.003878194870300616
113,123,0.020760736827536434
113,133,0.024330531655920112
113,131,0.025301636110831163
113,128,0.05734337234687215
113,126,0.05646208567536979
113,150,0.10630165470980145
113,155,0.13214854887689842
113,167,0.06298410267217358
113,140,0.48750158155972334
113,145,0.0076247927601423475
113,147,0.010698835886509593
113,173,0.1440562531532759
113,142,0.19574109080626392
113,152,0.03242443685029404
113,172,0.18838000480641237
113,143,0.45781262354936975
113,158,0.22934152703051425
113,141,0.007457100411193231
113,153,0.009705636377108801
113,149,0.0035748347869034164
113,156,0.17282905176215907
113,144,0.010223971542938113
113,181,0.03174340320952684
113,130,0.06567139302143263
113,148,0.2556156341612301
113,161,0.2699217891505714
113,165,0.27674094023942575
113,146,0.013884064023470876
113,164,0.23037881094683735
113,179,0.5692116991023851
113,154,0.009593270768362269
113,168,0.03436409698142828
113,174,0.0486505412528441
113,182,0.04501119684715534
113,175,0.03413420069144225
114,138,0.024207910701060206
114,134,0.029001044355970396
114,121,0.02831709845415771
114,119,0.028908219980890756
114,120,0.9806448666761723
114,117,0.9274592529880664
114,137,0.02780123315267343
114,136,0.027617346229782392
114,115,0.5885324924308971
114,118,0.9710637839658193
114,116,0.9365757314586768
114,129,0.7987255774461767
114,127,0.9184786248368287
114,124,0.9665703299315053
114,170,0.8681344195716734
114,139,0.9177646326481758
114,122,0.026577788282712986
114,151,0.012027273512755293
114,123,0.027547503749670518
114,133,0.032234449857114655
114,131,0.028559878403365296
114,128,0.7088836263946217
114,126,0.7224985900294576
114,162,0.6424476393640489
114,150,0.2611887558581672
114,155,0.2558982495691511
114,184,0.042507174834089015
114,167,0.19494968340608315
114,140,0.5006379303247265
114,180,0.015772915393645864
114,145,0.023646431154502528
114,183,0.02564485965406893
114,147,0.03317982457780886
114,173,0.1563728718680603
114,177,0.031079405902558015
114,176,0.04789063979192427
114,171,0.041241302455240055
114,142,0.8939480952962713
114,152,0.0885842562016601
114,143,0.19712024146832727
114,158,0.16609759493569745
114,141,0.02312637432026431
114,153,0.03009965904931087
114,149,0.01208646042789015
114,144,0.027932109314333358
114,130,0.1412982339440604
114,148,0.11006034551493254
114,161,0.025532208391142657
114,165,0.021576884066818687
114,146,0.03793156039236631
114,179,0.015368184518999099
114,154,0.026209021284784268
114,174,0.01423862792601072
114,175,0.012002222407727099
115,138,0.01957407163203807
115,134,0.008361368160893773
115,121,0.007878971100216216
115,119,0.01235484923961199
115,120,0.5909967187701252
115,117,0.6271564018602629
115,137,0.007878971100216216
115,136,0.009620063779649536
115,118,0.5920118422442242
115,116,0.6097787280120825
115,129,0.4787692263813198
115,127,0.35989258342784364
115,124,0.3507882751477057
115,170,0.3646587547675949
115,139,0.2323670509439567
115,122,0.00982428201455408
115,151,0.01109526124658094
115,123,0.008623176798860757
115,133,0.010877499108912812
115,131,0.013062961037228468
115,128,0.2661214199878438
115,126,0.2752984971619399
115,125,0.15021757262761334
115,162,0.33855020522814067
115,180,0.012713092702113366
115,145,0.08913161409800344
115,183,0.05024395129265378
115,147,0.17010117991416407
115,173,0.056903281248684635
116,138,0.023444854024287178
116,134,0.024980810634853697
116,121,0.025745799850612205
116,119,0.026299052100197163
116,120,0.9445346915959186
116,117,0.9621412771171012
116,137,0.02561403783598485
116,136,0.024323732645184854
116,118,0.9475290738380697
116,129,0.8061018475398386
116,127,0.9024876336863111
116,124,0.9641580395316186
116,170,0.8739475274182864
116,139,0.9002311252341607
116,122,0.02154950504675989
116,151,0.0047831547066291115
116,123,0.022029416449614734
116,133,0.025677985121456897
116,131,0.0258963240649083
116,128,0.6745984175420761
116,126,0.6886007155423048
116,162,0.6236149720919539
116,150,0.23044087683085232
116,155,0.22752867269039528
116,184,0.029969104068750196
116,167,0.1651586853564955
116,140,0.42970992955567494
116,180,0.012897892249474751
116,145,0.009404004852112924
116,183,0.020970418487398484
116,147,0.013195362517212567
116,173,0.1412740655548483
116,177,0.02542598179276905
116,176,0.039179208869411064
116,171,0.03373940314768724
116,142,0.8362750016702035
116,152,0.038537652443750695
116,143,0.169129398249148
116,158,0.15043101381647977
116,141,0.00919718222587406
116,153,0.01197040423974368
116,149,0.0053315348049320236
116,144,0.012151571474801835
116,130,0.13223664662443477
116,148,0.09443190546732753
116,161,0.018001135416920964
116,165,0.01521248792943229
116,146,0.016501727888558575
116,179,0.010835128963411626
116,154,0.011401960082664803
116,174,0.010038750488038007
116,175,0.00858020353872436
117,138,0.2286624911602222
117,134,0.023948311889945978
117,121,0.024745490244957806
117,119,0.025235339142193936
117,120,0.9288843990600488
117,137,0.020916851581457917
117,136,0.019863549681722454
117,118,0.8735716317912765
117,129,0.7759390377745322
117,127,0.924651468562087
117,124,0.952766185329079
117,170,0.9061049058744028
117,139,0.9195633048695508
117,122,0.019380737148444363
117,151,0.004442209292403814
117,123,0.020935411160755844
117,133,0.02479184390039433
117,131,0.02491881289820061
117,128,0.6837019137641294
117,126,0.7021234733403887
117,162,0.6271244088325998
117,150,0.23730483494162044
117,155,0.2375353550105428
117,184,0.03837582428011383
117,167,0.17174872431273353
117,140,0.4347984055487692
117,180,0.011980858628906037
117,145,0.008733683165624985
117,183,0.01947943233102683
117,147,0.01225479115474987
117,173,0.145601366906135
117,177,0.023618207337149234
117,176,0.03639358691928219
117,171,0.031340548635190354
117,142,0.8618389101492364
117,152,0.03623448633726834
117,143,0.17470755343102193
117,158,0.15547362859298267
117,141,0.008541602949008884
117,153,0.011117148453074823
117,149,0.004259098623192209
117,144,0.011425344375159189
117,130,0.1364055525659583
117,148,0.09754641913715581
117,161,0.023050686067142792
117,165,0.01947978699343187
117,146,0.01551551783264517
117,179,0.013874522381395865
117,154,0.010720532794165894
117,174,0.012854749472559705
117,175,0.009334910143340236
118,138,0.15050564477510353
118,134,0.029030217136219776
118,121,0.02840206606255569
118,119,0.02905653761934654
118,120,0.9058925903276676
118,137,0.02362015947428639
118,136,0.022938714261725467
118,129,0.7604867858958414
118,127,0.9137025376008232
118,124,0.9692361857043829
118,170,0.8661015845612592
118,139,0.9133792373156033
118,122,0.025481335444132953
118,151,0.012026518897014456
118,123,0.02752325790752625
118,133,0.03206526636001769
118,131,0.02870889997985636
118,128,0.6971948640794748
118,126,0.7121770539685875
118,162,0.632579906858282
118,150,0.25652442106859813
118,155,0.25026514518180093
118,184,0.031100503782384693
118,167,0.19757617124420934
118,140,0.48321009862477654
118,180,0.012607763187040068
118,145,0.02364494752904536
118,183,0.02049870359500127
118,147,0.03317774280774866
118,173,0.15295091543128614
118,177,0.02485404212105115
118,176,0.03829789997673693
118,171,0.032980458878886815
118,142,0.8881301472031995
118,152,0.08761176927226738
118,143,0.18928482735946736
118,158,0.1635542055722257
118,141,0.02312492332423665
118,153,0.030097770535136115
118,149,0.009894638341833687
118,144,0.027625467791524604
118,130,0.14097446985140663
118,148,0.10568551126325951
118,161,0.018680717943281404
118,165,0.015786792868530384
118,146,0.03751514388366896
118,179,0.011244178956306793
118,154,0.02592129599674205
118,174,0.01041773543871785
118,175,0.007313039066890502
119,138,0.24367042067891795
119,134,0.7485232026989309
119,121,0.9302025611405287
119,120,0.028932598851773923
119,137,0.669802791400919
119,136,0.662814620472946
119,129,0.02305252649447659
119,127,0.033284445028644125
119,124,0.03872486737985832
119,170,0.0051933187303231515
119,139,0.04030445375307102
119,122,0.7792016663315938
119,151,0.7653880357540895
119,123,0.7746978330465891
119,133,0.7028809581388862
119,131,0.7248738490782362
119,128,0.023321602724583515
119,126,0.02266772407171306
119,125,0.02411227840204857
119,150,0.05216561524938619
119,155,0.0738458805233616
119,140,0.19559809764774147
119,180,0.30572778877370427
119,145,0.5205832404425443
119,183,0.0845419508765254
119,147,0.44403752421419684
119,173,0.42176190492316884
119,177,0.10250449245938624
119,171,0.13601993518770816
119,142,0.09605640156185853
119,152,0.06140725166897247
119,143,0.08715699561622957
119,158,0.06711374184927313
119,141,0.30949464404609855
119,153,0.08946268758328348
119,149,0.00872749903119093
119,144,0.01936274164119893
119,130,0.02684534470579139
119,148,0.048663338580107136
119,146,0.026294433967005693
119,154,0.018168284467709316
120,138,0.2812585847620148
120,134,0.029044606424155343
120,121,0.02836008344720112
120,137,0.02358526672971827
120,136,0.023302056670638876
120,129,0.75875615626342
120,127,0.9113240994994896
120,124,0.9668099126305174
120,170,0.8628592185452049
120,139,0.9111254519938324
120,122,0.025476413257827745
120,151,0.01202698195266645
120,123,0.027517942591311993
120,133,0.032105724141117196
120,131,0.028584372980071805
120,128,0.7026714045526194
120,126,0.7168090312756555
120,162,0.6312449718487305
120,150,0.25632800724031507
120,155,0.2526206711694817
120,184,0.04218090904469179
120,167,0.1961069004576601
120,140,0.48311431467788957
120,180,0.01524542083456658
120,145,0.023645857927697557
120,183,0.02478721706877219
120,147,0.033179020246503724
120,173,0.15257301014105681
120,177,0.030053731653602356
120,176,0.046310165694234226
120,171,0.039880268011584556
120,142,0.8894865634309659
120,152,0.08792292963431025
120,143,0.1894943091083898
120,158,0.16341027795822155
120,141,0.023125813700457645
120,153,0.030098929386078613
120,149,0.010106349754584642
120,144,0.027723581899149818
120,130,0.1402751457646195
120,148,0.10580247354726309
120,161,0.025336234742969026
120,165,0.021411269693709434
120,146,0.03764838198455306
120,179,0.015250225306859872
120,154,0.026013357598898508
120,174,0.014129338677822722
120,175,0.010033788580169784
121,138,0.25976477698727424
121,134,0.7831318628625655
121,137,0.7099582801400802
121,136,0.6717331182106885
121,129,0.022509889330149885
121,127,0.033217807479834396
121,124,0.03782772180457654
121,170,0.004436656522361032
121,139,0.040223761706022966
121,122,0.7678955344434801
121,151,0.7612186799159741
121,123,0.7763611614000321
121,133,0.6806237692083621
121,131,0.6710085855284356
121,128,0.0232595039172737
121,126,0.02260036829360687
121,125,0.020663250734726565
121,150,0.05207768945132336
121,155,0.07338271223260641
121,140,0.19526841460359387
121,180,0.3126945531640857
121,145,0.5163983309148698
121,183,0.08279204797595247
121,147,0.44500833976118787
121,173,0.42809017733302956
121,177,0.10038278948451153
121,171,0.13320450832976471
121,142,0.09589449729357771
121,152,0.06504377731915403
121,143,0.08701009140816683
121,158,0.06689577940187064
121,141,0.3101713035529325
121,153,0.07902818404224354
121,149,0.00904484417686437
121,144,0.0205093994824525
121,130,0.02686958082403131
121,148,0.04858131591324885
121,146,0.027851585296517746
121,154,0.01924420678455196
122,138,0.06472537799650796
122,134,0.7855649063335596
122,137,0.6148813829074713
122,136,0.634750796322223
122,129,0.023591232678863924
122,127,0.0369755913988563
122,124,0.03169986417367946
122,170,0.0024167597184007058
122,139,0.04477409829862386
122,151,0.8929890288665552
122,123,0.946678708797547
122,133,0.7018464456757915
122,131,0.6713337591334682
122,128,0.02351529327331962
122,126,0.02377526958869249
122,125,0.009851560538594636
122,150,0.057957846859156045
122,155,0.07813766124360226
122,140,0.21731641686222503
122,180,0.3319686442750352
122,145,0.5595687826210152
122,183,0.08573713193444685
122,147,0.48488951341984354
122,173,0.43232824551543036
122,177,0.1039536124107136
122,171,0.1379428675112536
122,142,0.10672206557803995
122,152,0.0820007890272637
122,143,0.09683451025125224
122,158,0.06531428916906533
122,141,0.33796852557255647
122,153,0.0969840118397068
122,149,0.01073609820161042
122,144,0.025856231131601383
122,130,0.025411497189452948
122,148,0.05406669338792656
122,146,0.03511253595817911
122,154,0.024261200772427802
123,138,0.06477417890715906
123,134,0.7812358565757805
123,137,0.6589091423742242
123,136,0.680585064086326
123,129,0.025486680943687348
123,127,0.0369919068346844
123,124,0.03171009461916536
123,170,0.0024167597184007058
123,139,0.04479385481636748
123,151,0.8837312248542321
123,133,0.6948878206843957
123,131,0.6668559555135914
123,128,0.023515293273319568
123,126,0.023775269588692433
123,125,0.009888710981057716
123,150,0.05798342779393954
123,155,0.07801161739203069
123,140,0.2174123341087824
123,180,0.3232536075608986
123,145,0.5515911533686253
123,183,0.085891368095583
123,147,0.4827970584673836
123,173,0.4290796764360915
123,177,0.10414061897079685
123,171,0.13819101878318224
123,142,0.10676916964327804
123,152,0.08200078902726357
123,143,0.09687725023256226
123,158,0.06533148911336617
123,141,0.3365100821632069
123,153,0.10400496962848561
123,149,0.011593579216725578
123,144,0.02585623113160134
123,130,0.025419714400157185
123,148,0.05409055687893714
123,146,0.03511253595817906
123,154,0.024261200772427764
124,134,0.03586873675939041
124,137,0.03782772180457655
124,136,0.03611773105734254
124,129,0.9289675108643553
124,127,0.9289675108643553
124,170,0.9196405455602249
124,139,0.8931075328928627
124,151,0.005747076966311855
124,133,0.0354954588838692
124,131,0.03807061364287296
124,128,0.9292474292774984
124,126,0.9296573874136778
124,162,0.6538586481649534
124,150,0.23507968273434354
124,155,0.2354736474025463
124,184,0.03065985505594299
124,167,0.17739647364340616
124,140,0.40233198090308303
124,180,0.0152397629371931
124,145,0.007811142000374512
124,183,0.02089337296635028
124,147,0.01096031446062135
124,173,0.1333837413755194
124,177,0.02533256648889406
124,176,0.039035264075776434
124,171,0.03361544425306951
124,142,0.8383412506555681
124,152,0.03306471637984375
124,143,0.1619337779410306
124,158,0.1423429536562356
124,141,0.007639351265698407
124,153,0.009942841245718256
124,149,0.007080359209311314
124,144,0.010425862472296927
124,130,0.16723388823623744
124,148,0.09041429443252715
124,161,0.01841603944712836
124,165,0.015563117065051695
124,146,0.014158230141520367
124,179,0.013586807566804778
124,154,0.00978270736282865
124,174,0.013586807566804778
124,175,0.013586807566804778
125,134,0.010742753375846684
125,137,0.020663250734726572
125,136,0.01028575020193385
125,151,0.010754263213071326
125,133,0.027876978732253088
125,131,0.026728636417472473
125,180,0.009777782355124302
125,145,0.26260705584256683
125,183,0.0652291445742419
125,147,0.17069492868817399
125,173,0.06203894127543711
126,134,0.022472424889751548
126,137,0.02261677193434646
126,136,0.022588724718601252
126,129,0.7078231078290839
126,127,0.9187062551340934
126,170,0.8604301484225931
126,139,0.9139684872711076
126,151,0.00852068332544352
126,133,0.026621195526279718
126,131,0.022215167713187215
126,128,0.834802551583289
126,162,0.6359236122411993
126,150,0.24765804813303316
126,155,0.24543041660176482
126,184,0.04501230032276249
126,167,0.20007329760638987
126,140,0.44596756868692816
126,180,0.010427008044406568
126,145,0.015965962299126193
126,183,0.01695305853338795
126,147,0.022402865990204506
126,173,0.13478063399620538
126,177,0.020555057490182882
126,176,0.03167354154873411
126,171,0.027275854165143745
126,142,0.8796134758543709
126,152,0.06196837806967811
126,143,0.1804867166331437
126,158,0.15208408565567091
126,141,0.015614822300257094
126,153,0.0203231522954932
126,149,0.009625149061267749
126,144,0.019539674254687132
126,130,0.13468874877979362
126,148,0.10077316385943692
126,161,0.027036928153686832
126,165,0.02284850003407398
126,146,0.0265347069101759
126,179,0.016273895870163913
126,154,0.018334302385679627
126,174,0.015077769785718174
126,175,0.014468562343713643
127,134,0.03391982548261554
127,137,0.03324104835532347
127,136,0.03395257154096669
127,129,0.998771065544774
127,170,0.9079971899233318
127,139,1.0000000000000042
127,151,0.01658325592894822
127,133,0.039510532121062696
127,131,0.03288106264776128
127,128,0.9126933723190868
127,162,0.6313644893120475
127,150,0.2994758510573801
127,155,0.22752389519396377
127,184,0.042466684476362426
127,167,0.20080870154079053
127,140,0.5232185306941529
127,180,0.013149080995262697
127,145,0.0235198676504921
127,183,0.01881149436213354
127,147,0.03300223520571373
127,173,0.12882006040455984
127,177,0.02280835327315021
127,176,0.03514567280584635
127,171,0.03026590015243927
127,142,1.0000000000000022
127,152,0.08081218778014113
127,143,0.217828078833497
127,158,0.13924184476441437
127,141,0.02300259433207476
127,153,0.02993855573972859
127,149,0.01658325592894817
127,144,0.02548144512120467
127,130,0.1622389645367269
127,148,0.12162238358012949
127,161,0.025507887596939272
127,165,0.021556330930603433
127,146,0.03460357983074903
127,179,0.018034251908894215
127,154,0.0239095347233949
127,174,0.018034251908894215
127,175,0.018034251908894215
128,134,0.02287845373445377
128,137,0.023275528001135547
128,136,0.022992062550946997
128,129,0.6875323476229286
128,170,0.8503707124535708
128,139,0.9082739672033048
128,151,0.008455662038912948
128,133,0.026820273809469886
128,131,0.022789281421936477
128,162,0.6368700113829385
128,150,0.25711560511032794
128,155,0.24582185367932186
128,184,0.05854514418109622
128,167,0.21163040265240368
128,140,0.44194715875175855
128,180,0.012281569678570916
128,145,0.016219420412450176
128,183,0.019968352259437164
128,147,0.022758509329487475
128,173,0.13868141191452382
128,177,0.02421100758123369
128,176,0.03730704012514534
128,171,0.032127174165886715
128,142,0.8923843470380408
128,152,0.06362989301918569
128,143,0.18244134558839964
128,158,0.15899580286188814
128,141,0.01586270609992816
128,153,0.020645780380234048
128,149,0.00965453781232041
128,144,0.020063577927721246
128,130,0.14095101931280923
128,148,0.10186451366992062
128,161,0.03516551799444652
128,165,0.02971784865969604
128,146,0.02724616352055364
128,179,0.021166604978530457
128,154,0.018825887262539667
128,174,0.01961086635663129
128,175,0.01838306877835886
129,134,0.023787264475477594
129,137,0.021074195186391587
129,136,0.02152528741229267
129,170,0.8810512262371046
129,139,1.000000000000002
129,151,0.01196289957533023
129,133,0.028474809403009463
129,131,0.022881232067604645
129,162,0.6308727680347921
129,150,0.29947585105737934
129,155,0.227523895193963
129,184,0.042466684476362426
129,167,0.20080870154078995
129,140,0.5232185306941525
129,180,0.011570042223058173
129,145,0.023519867650492108
129,183,0.01881149436213354
129,147,0.03300223520571374
129,173,0.1288200604045598
129,177,0.02280835327315021
129,176,0.03514567280584635
129,171,0.03026590015243927
129,142,1.0000000000000004
129,152,0.08081218778014111
129,143,0.2178280788334966
129,158,0.1392418447644143
129,141,0.023002594332074768
129,153,0.0299385557397286
129,149,0.010513470229243609
129,144,0.025481445121204666
129,130,0.13598236627923435
129,148,0.12162238358012926
129,161,0.025507887596939272
129,165,0.021556330930603433
129,146,0.03460357983074902
129,179,0.015353545501204779
129,154,0.023909534723394896
129,174,0.014225064871290893
129,175,0.011433374203666715
130,134,0.02597611980516485
130,137,0.026875789525101765
130,136,0.026192664530295725
130,170,0.13230464156350488
130,139,0.1964567183706784
130,151,0.006669276812064615
130,133,0.028418853231331597
130,131,0.026285209268358742
130,162,0.00969906226014192
130,150,0.9395847052626274
130,155,0.23754642210877264
130,184,0.029429520796070092
130,167,0.20322749236188
130,140,0.43103440564945805
130,180,0.007291782005932474
130,145,0.011285385150731455
130,183,0.011855558817334133
130,147,0.01583524791321332
130,173,0.1384903606047374
130,177,0.016837075061801782
130,176,0.022149840044777536
130,171,0.02234221938676745
130,142,0.46820672772314637
130,152,0.04342030978073579
130,143,0.17293584668088718
130,158,0.15505882342633806
130,141,0.011037185258058397
130,153,0.014365222517415392
130,149,0.007468154343502391
130,144,0.013691155643919053
130,178,0.4419022860377882
130,148,0.09655720232401438
130,161,0.017677031248243193
130,165,0.014938592386751427
130,146,0.018592469738119986
130,179,0.010640046243134882
130,154,0.0128465697182645
130,174,0.010475153487931477
130,175,0.010475153487931477
131,138,0.14979109994699466
131,135,0.5139160190414483
131,134,0.671653934537319
131,137,0.8522264227273532
131,136,0.8473487638166861
131,170,0.004672123044511632
131,139,0.039815994158773946
131,151,0.6515015123118633
131,132,0.0034477001213254607
131,133,0.9035742764460973
131,150,0.0515391526197885
131,155,0.0723992868599223
131,140,0.19324913851036887
131,180,0.30915713704122705
131,145,0.5238440555667639
131,183,0.08486956419610645
131,147,0.44686236100390586
131,173,0.4287182152150223
131,177,0.10290171344492557
131,171,0.1365470337705305
131,142,0.09490284963642924
131,152,0.06083568838358908
131,143,0.0861103176387812
131,158,0.06571249380181178
131,141,0.3114635584036556
131,153,0.08946501774596242
131,149,0.008687302150627935
131,144,0.01918251810202912
131,148,0.04807893517747968
131,146,0.026049691975514287
131,154,0.017999178636102935
132,138,0.0034477001213254603
132,135,0.02148840073435966
133,138,0.0580262759136449
133,135,0.19712014470847877
133,134,0.682579148539173
133,137,0.8963522649580171
133,136,0.8967501217202644
133,170,0.0046843947514093025
133,139,0.0478436823345607
133,151,0.6721747944514963
133,150,0.061933482751847
133,155,0.08582203718163385
133,140,0.2322233016719384
133,180,0.31383926460426
133,145,0.5330152967008664
133,183,0.08182534221025219
133,147,0.4656491899351405
133,173,0.42824142871285975
133,177,0.09921068873638242
133,171,0.13164917095899384
133,142,0.11404269768304622
133,152,0.0890711638034202
133,143,0.10347690253234523
133,158,0.07443673987729568
133,141,0.32455799888617376
133,153,0.10044246841997514
133,149,0.013172797414907648
133,144,0.02808563948934981
133,148,0.05777541444091026
133,146,0.03814005302857043
133,154,0.02635308042402006
134,138,0.012938137842192065
134,137,0.6937727040975351
134,136,0.7297053963905046
134,170,0.0032227354352405042
134,139,0.04107384203942089
134,151,0.7350805253976983
134,150,0.053173074976006256
134,155,0.07665343626314611
134,140,0.19937562821153404
134,180,0.3235635506544377
134,145,0.5417167779175498
134,183,0.08107826884638211
134,147,0.45801677569463
134,173,0.4314548715716537
134,177,0.09830488546120993
134,171,0.1304472011738101
134,142,0.09791151159161623
134,152,0.06950876981680874
134,143,0.08884023394394366
134,158,0.06719096531312362
134,141,0.31923819774378226
134,153,0.09133387494641552
134,149,0.010002842561774106
134,144,0.021917286886826644
134,148,0.04960315983109702
134,146,0.029763484090257097
134,154,0.02056524382234154
135,138,0.5139160190414477
135,137,0.23360280967225996
135,136,0.24524151623709572
136,138,0.055582866810296054
136,137,0.9607088084533683
136,170,0.003353126896424611
136,139,0.041113494555582
136,151,0.654430545469429
136,150,0.05322914692047442
136,155,0.07650650481497104
136,140,0.1995858733244681
136,180,0.318728513522763
136,145,0.5373206871801073
136,183,0.07998771335120435
136,147,0.45416214072590955
136,173,0.4360645034345892
136,177,0.09698262075862153
136,171,0.1286926014013335
136,142,0.09801476100578375
136,152,0.06973230820526044
136,143,0.08893391753599642
136,158,0.0673849697536621
136,141,0.3165515129198298
136,153,0.0932277153174338
136,149,0.007688074346339032
136,144,0.02198777230906656
136,148,0.0496554672371432
136,146,0.0298592026777933
136,154,0.020631381109395795
137,138,0.05626466708668131
137,170,0.004436656522361032
137,139,0.040251904305081555
137,151,0.6440718506554404
137,150,0.052114128767223974
137,155,0.0734343790706611
137,140,0.19540504600026526
137,180,0.3126736774945791
137,145,0.5129162870560141
137,183,0.07882860273746227
137,147,0.4401224606340518
137,173,0.4247046830204986
137,177,0.09557723510174868
137,171,0.126827702982005
137,142,0.09596159569822714
137,152,0.06515703288261167
137,143,0.08707097329906424
137,158,0.06694695129885177
137,141,0.3067658404133447
137,153,0.07908084181836884
137,149,0.0075304733420323774
137,144,0.020545110870848125
137,148,0.04861530877921664
137,146,0.02790008104993114
137,154,0.01927771519338845
138,151,0.06422726074522463
139,170,0.897252140231681
139,151,0.02008082367269266
139,162,0.574439636331963
139,150,0.2994758510573801
139,155,0.22752389519396377
139,184,0.042466684476362426
139,167,0.2008087015407905
139,140,0.5232185306941529
139,180,0.015922348304526896
139,145,0.023519867650492108
139,183,0.01881149436213354
139,147,0.03300223520571374
139,173,0.12882006040455982
139,177,0.02280835327315021
139,176,0.03514567280584635
139,171,0.03026590015243927
139,142,1.0000000000000022
139,152,0.08081218778014111
139,143,0.21782807883349695
139,158,0.13924184476441434
139,141,0.023002594332074768
139,153,0.0299385557397286
139,149,0.02008082367269259
139,144,0.025481445121204666
139,148,0.12162238358012946
139,161,0.025507887596939272
139,165,0.021837848622914803
139,146,0.03460357983074902
139,179,0.021837848622914803
139,154,0.023909534723394896
139,174,0.021837848622914803
139,175,0.021837848622914803
140,170,0.2811515505466775
140,151,0.09749174122119278
140,150,0.523165100224042
140,155,0.4435532475643047
140,167,0.4741711379611947
140,145,0.09749174122119278
140,147,0.09749174122119278
140,173,0.6058408525174009
140,142,0.5231651002240423
140,152,0.09749174122119246
140,172,0.22492804948787887
140,143,0.5778667375595419
140,158,0.5001610126384718
140,141,0.09749174122119278
140,153,0.09749174122119278
140,149,0.09749174122119246
140,144,0.09749174122119246
140,148,0.5778667375595421
140,146,0.09749174122119246
140,160,0.004226950359717682
140,154,0.09749174122119246
140,168,0.2249201590768844
141,151,0.38966882216524884
141,150,0.0260008493114104
141,155,0.040748909230740676
141,145,0.3984315417878844
141,183,0.12762186979541593
141,147,0.6924106026997606
141,173,0.5409600027066462
141,177,0.31031857415382075
141,171,0.08288979647460329
141,142,0.04787728488327564
141,152,0.08439567563809151
141,143,0.043441563923268464
141,158,0.02760338831104598
141,153,0.1434706202565076
141,149,0.024022607770079946
141,144,0.026611379252468287
141,148,0.024255213465087924
141,146,0.036138020508217954
141,154,0.024969764989696185
142,170,0.8059021988733922
142,151,0.047877284883275674
142,162,0.08516281167974578
142,150,0.551447011019111
142,155,0.37064140373219795
142,184,0.05206643496297104
142,167,0.26406330001761186
142,180,0.037957540911145254
142,145,0.047877284883275674
142,183,0.037957540911145254
142,147,0.047877284883275674
142,173,0.22010471173972906
142,177,0.03795754091114521
142,176,0.03795754091114524
142,171,0.037957540911145254
142,152,0.08081218778014111
142,143,0.24007001691534138
142,158,0.22892433828300096
142,153,0.047877284883275674
142,149,0.047877284883275514
142,144,0.047877284883275514
142,148,0.24007001691534136
142,161,0.05206643496297104
142,165,0.05206643496297104
142,146,0.047877284883275514
142,179,0.05206643496297104
142,154,0.047877284883275514
142,174,0.05206643496297104
142,175,0.05206643496297104
143,170,0.10699137172492364
143,151,0.0434415639232685
143,150,0.21782807883349695
143,155,0.18304258739368195
143,184,0.07042412825904953
143,167,0.06740798632729798
143,145,0.0434415639232685
143,147,0.0434415639232685
143,173,0.19750467915105063
143,152,0.08081218778014111
143,172,0.20602393309839984
143,158,0.32160926644300564
143,153,0.0434415639232685
143,149,0.04344156392326835
143,144,0.04344156392326835
143,181,0.1958833783184145
143,185,0.05898094719475407
143,163,0.05898094719475407
143,148,0.8060959486009883
143,159,0.05898094719475407
143,157,0.06997001707434378
143,161,0.19570510782593756
143,165,0.19570510782593767
143,146,0.04344156392326835
143,179,0.19570510782593767
143,154,0.04344156392326835
143,168,0.10473390543426267
143,174,0.19570510782593778
143,182,0.1958833783184145
143,175,0.19570510782593756
144,151,0.026611379252468283
144,150,0.026000849311410317
144,155,0.02800547002943798
144,145,0.026611379252468283
144,147,0.03446566680425723
144,173,0.029145140850159578
144,152,0.9840324484515215
144,166,0.9509145746416795
144,158,0.19307026952927
144,153,0.03126613334806856
144,149,0.9619732503453954
144,156,0.14579161795147652
144,148,0.02548144512120465
144,146,0.815886389694581
144,164,0.1457916179514767
144,160,0.592970489660599
144,154,0.6140217268374305
144,168,0.6583983850183329
144,169,0.7566898765373321
145,151,0.6330693553509384
145,150,0.0260008493114104
145,155,0.040748909230740676
145,180,0.20013000588252822
145,183,0.07967048534225694
145,147,0.5590648574582349
145,173,0.42752908629905756
145,177,0.09659799164001334
145,171,0.12818221179275002
145,152,0.08439567563809151
145,158,0.02760338831104598
145,153,0.14347062025650753
145,149,0.02456281875058402
145,148,0.024255213465087924
145,146,0.036138020508217954
145,154,0.024969764989696185
146,151,0.03613802050821795
146,150,0.034603579830749
146,155,0.03299010364364568
146,147,0.03613802050821795
146,173,0.03602712847997547
146,152,0.9841646241106494
146,166,0.9513638195727199
146,158,0.22963420785170582
146,153,0.03613802050821795
146,149,0.8158863896945815
146,156,0.19797425924399276
146,148,0.034603579830749
146,164,0.197974259243993
146,160,0.49022202178997415
146,154,0.9998123254606583
146,168,0.457562408265965
146,169,0.5812512730273078
147,151,0.5590648574582348
147,150,0.033002235205713715
147,155,0.04578035194544968
147,183,0.3647012774763515
147,173,0.8124145463029808
147,177,0.1740474436404861
147,171,0.08288979647460329
147,152,0.08439567563809151
147,158,0.0313116462033906
147,153,0.1581522901765008
147,149,0.034465666804257236
147,148,0.033002235205713715
147,154,0.034465666804257236
148,170,0.059737687268680326
148,151,0.024255213465087945
148,150,0.1303754870231581
148,155,0.12377328300964184
148,184,0.25024896793803797
148,167,0.05648937174606353
148,173,0.12727100617064543
148,152,0.08081218778014111
148,172,0.20602393309839934
148,158,0.215388717661574
148,153,0.0299385557397286
148,149,0.024255213465087862
148,181,0.022283730673878954
148,185,0.7046554138397607
148,163,0.7046554138397607
148,159,0.6570133071689916
148,157,0.7391358949599923
148,161,0.027899267578334795
148,165,0.027899267578334812
148,179,0.027899267578334812
148,154,0.024255213465087862
148,168,0.05847725090715925
148,174,0.027899267578334812
148,182,0.022283730673878954
148,175,0.027899267578334795
149,151,0.012493375318552305
149,150,0.026000849311410317
149,155,0.02800547002943798
149,173,0.029145140850159578
149,152,0.9840324484515215
149,166,0.9509145746416795
149,158,0.19307026952927003
149,153,0.03126613334806856
149,156,0.10321580363021736
149,181,0.27950732198250566
149,164,0.1375852836592263
149,160,0.5929704896605985
149,154,0.5761436892180601
149,168,0.6538069986544466
149,169,0.8313818911664043
149,182,0.00563153887528209
150,170,0.20687723632058952
150,151,0.02600084931141042
150,162,0.015485925062877737
150,155,0.22740742180554624
150,184,0.042466684476362426
150,167,0.20078874974408212
150,180,0.013226366017836014
150,183,0.013226366017836014
150,173,0.12869372336197854
150,177,0.01713239002797538
150,176,0.022547545235032034
150,171,0.02273409218760892
150,152,0.08081218778014111
150,158,0.13911126593996148
150,153,0.0299385557397286
150,178,0.5075775842143544
150,161,0.02827586261324221
150,165,0.02827586261324221
150,179,0.02827586261324221
150,154,0.026000849311410335
150,174,0.02827586261324221
150,175,0.02827586261324221
151,155,0.0407489092307406
151,180,0.32566656133210325
151,183,0.07967048534225693
151,173,0.4275290862990575
151,177,0.09659799164001333
151,171,0.12818221179275
151,152,0.08439567563809151
151,158,0.02760338831104598
151,153,0.14347062025650742
151,154,0.024969764989696185
152,155,0.07704412270569709
152,173,0.08413670164021371
152,166,0.9522786544225184
152,158,0.5362810095493615
152,153,0.0843956756380915
152,156,0.022982823003936826
152,164,0.022982823003936826
152,160,0.26041065377523764
152,154,0.9840264261579987
152,168,0.2057673694880754
152,169,0.4874306528240277
153,155,0.041530448163885084
153,173,0.13449108779532684
153,158,0.028404908313621517
153,156,0.27199063595995704
153,154,0.03126613334806857
154,155,0.02800547002943798
154,173,0.029145140850159578
154,166,0.9509145746416795
154,158,0.19307026952927003
154,156,0.136794315777528
154,164,0.13758161683052364
154,160,0.43955954000813935
154,168,0.32943510757967726
154,169,0.4151594281103772
155,170,0.18501748717797792
155,162,0.04158192843893658
155,184,0.029134041504586358
155,167,0.2654726912505009
155,180,0.04158192843893658
155,183,0.04118309141719221
155,173,0.1690839495748069
155,177,0.041582642821387766
155,176,0.06274377936908712
155,171,0.05403309810157029
155,158,0.16191129064744186
155,178,0.041582642821387766
155,161,0.021915981431278125
155,165,0.021915981431278125
155,179,0.021915981431278125
155,174,0.021915981431278125
155,175,0.021915981431278125
156,167,0.03431402994082598
156,181,0.05085189552497225
156,161,0.07041868922365983
156,165,0.059509771745531424
156,164,0.8335952037610199
156,179,0.05416010127921405
156,160,0.18215198083454137
156,168,0.10653880965356252
156,169,0.10424946085331377
156,174,0.05651507371349898
156,182,0.05085189552497225
156,175,0.056510563895213986
157,162,0.15743239350697466
157,184,0.4717447717451691
157,180,0.1574323935069747
157,183,0.15743239350697466
157,177,0.15743239350697466
157,176,0.1574323935069747
157,171,0.1574323935069747
157,172,0.1312685492336408
157,158,0.07916451348658944
157,181,0.29184292363274095
157,178,0.1574323935069747
157,185,0.9978333883879424
157,163,0.9978333883879424
157,159,0.9978333883879424
157,161,0.211306855812971
157,165,0.2113068558129711
157,179,0.2113068558129711
157,168,0.07916451348658946
157,174,0.21130685581297107
157,182,0.29184292363274106
157,175,0.21130685581297107
158,170,0.09597429728879828
158,162,0.04469147693264841
158,184,0.004202664379889746
158,167,0.07349140869953794
158,180,0.04469147693264841
158,183,0.04469147693264841
158,173,0.1735274045105561
158,177,0.04469147693264841
158,176,0.06808808544819067
158,171,0.05863445002546355
158,172,0.5414270687872775
158,166,0.10899411866817592
158,181,0.04469147693264841
158,178,0.04469147693264841
158,185,0.04714483558343311
158,163,0.04714483558343311
158,159,0.05954132761341414
158,161,0.003131154742793875
158,165,0.003131154742793875
158,164,0.08670373637894008
158,179,0.003131154742793875
158,168,0.18433337990465828
158,169,0.03343415722289795
158,174,0.003131154742793875
158,182,0.04469147693264841
158,175,0.003131154742793875
159,162,0.11840827797609894
159,184,0.357455047268575
159,180,0.11840827797609894
159,183,0.11840827797609894
159,177,0.11840827797609894
159,176,0.13540499131889355
159,171,0.11840827797609894
159,172,0.1312685492336408
159,181,0.21950131899209205
159,178,0.11840827797609894
159,185,0.8512292161396239
159,163,0.8512292161396239
159,161,0.15892841596319413
159,165,0.15892841596319418
159,179,0.15892841596319418
159,168,0.059541327613414186
159,174,0.15892841596319415
159,182,0.21950131899209205
159,175,0.15892841596319415
160,170,0.03823833307249219
160,167,0.01142141488600252
160,172,0.11399712385959192
160,166,0.5083197887042026
160,164,0.18215198083454184
160,168,0.6112343156441424
160,169,0.6438379804067583
161,170,0.01806783196361253
161,162,0.0715893201594733
161,184,0.7347386011373102
161,167,0.033999690883941794
161,180,0.0715893201594733
161,183,0.07241020410124432
161,177,0.08779512589103942
161,176,0.135284592077365
161,171,0.11650111177544162
161,172,0.00919687977938187
161,181,0.2893874091494087
161,178,0.07158932015947332
161,185,0.125839552802182
161,163,0.125839552802182
161,165,0.9380283971940883
161,164,0.07219468952845082
161,179,0.9380283971940864
161,168,0.00252435743293211
161,174,0.689837880816414
161,182,0.2893874091494087
161,175,0.6899768136422512
162,170,0.6290627449017211
162,184,0.11918513673607535
162,167,0.0785883177005766
162,180,0.2700052976309324
162,183,0.38602883633066454
162,177,0.47052412121341525
162,176,0.7185494137208895
162,171,0.6243693221256632
162,172,0.1312685492336408
162,181,0.050619732085975234
162,178,0.2851931313913891
162,185,0.0937556991195302
162,163,0.0937556991195302
162,165,0.06049905428623948
162,179,0.050574722095647846
162,168,0.025454014730648154
162,174,0.050574722095647846
162,182,0.050619732085975234
162,175,0.050574722095647846
163,184,0.357455047268575
163,180,0.09375569911953019
163,183,0.09375569911953018
163,177,0.09375569911953018
163,176,0.13540499131889358
163,171,0.1166047942811846
163,172,0.1312685492336408
163,181,0.17380119001406832
163,178,0.09375569911953019
163,185,0.9999999999999978
163,165,0.12583955280218218
163,179,0.12583955280218218
163,168,0.04714483558343315
163,174,0.12583955280218218
163,182,0.1738011900140684
163,175,0.12583955280218218
164,167,0.03431402994082598
164,181,0.06778489557159596
164,165,0.07219468952845073
164,179,0.07219468952845073
164,168,0.14201480617654566
164,169,0.1389631348917336
164,174,0.0753338362384018
164,182,0.06778489557159596
164,175,0.07532782471103709
165,170,0.015268852174685758
165,184,0.7347386011373102
165,167,0.03399969088394177
165,180,0.06049905428623957
165,183,0.07241020410124432
165,177,0.08779512589103942
165,176,0.135284592077365
165,171,0.11650111177544162
165,172,0.00919687977938187
165,181,0.24455693302973122
165,178,0.0604990542862396
165,185,0.12583955280218204
165,179,0.8452818663909437
165,168,0.0021332963776248787
165,174,0.5829715844101927
165,182,0.24455693302973122
165,175,0.5830889944450102
166,168,0.3430820329238161
166,169,0.9442490789000925
167,170,0.1993849407206551
167,184,0.03646986475073297
167,180,0.07866056608254932
167,183,0.07955544297068147
167,173,0.10068174649010843
167,177,0.07875667336934469
167,176,0.09588988219734682
167,171,0.08257612868151702
167,172,0.3114827842262053
167,178,0.07858831770057664
167,179,0.03399969088394177
167,168,0.25508119240661037
167,174,0.03399969088394177
167,175,0.03399969088394177
168,170,0.0010402838197187147
168,184,0.004202664379889747
168,180,0.023945880886412866
168,183,0.036443707952691154
168,173,0.006602245014509708
168,177,0.04418686519884856
168,176,0.0680880854481906
168,171,0.0586344500254635
168,172,0.8733942860282459
168,181,0.023945880886412866
168,178,0.0289333236131811
168,185,0.047144835583433076
168,179,0.001677685850947906
168,169,0.6860250644054913
168,174,0.001677685850947906
168,182,0.023945880886412866
168,175,0.001677685850947906
169,170,0.017611364394387072
169,172,0.009379300076085742
169,181,0.0006336567263892141
169,182,1.7964636418099948e-05
170,184,0.03008014349501587
170,180,0.01302211114807395
170,183,0.01948259948716146
170,173,0.0853883104163828
170,177,0.02362204741569904
170,176,0.03639950414367117
170,171,0.031345644287321575
170,172,0.005606030757583996
170,179,0.01221496062893657
170,174,0.01221496062893657
170,175,0.01221496062893657
171,184,0.11918513673607539
171,180,0.8533304434579374
171,183,0.9730891793198755
171,173,0.08106994758224383
171,177,0.980191779468247
171,176,0.912830189967196
171,172,0.1312685492336408
171,181,0.11660479428118463
171,178,0.5779553532092183
171,185,0.11660479428118468
171,179,0.11650111177544144
171,174,0.11650111177544144
171,182,0.11660479428118468
171,175,0.11650111177544144
172,184,0.009196879779381868
172,180,0.1312685492336407
172,183,0.1312685492336407
172,173,0.02016131855541187
172,177,0.1312685492336407
172,176,0.1312685492336407
172,181,0.1312685492336407
172,178,0.1312685492336407
172,185,0.1312685492336407
172,179,0.009196879779381868
172,174,0.009196879779381868
172,182,0.1312685492336407
172,175,0.009196879779381868
173,183,0.32760251504740445
173,177,0.15406649026976832
174,184,0.7347386011373106
174,180,0.0445360215782792
174,183,0.07241020410124432
174,177,0.08779512589103942
174,176,0.135284592077365
174,181,0.498413245065669
174,178,0.0574877800820234
174,185,0.12583955280218204
174,179,0.4152228306369177
174,182,0.5183419160846009
174,175,0.9814572734762753
175,184,0.7347386011373106
175,180,0.0445360215782792
175,183,0.07241020410124432
175,177,0.08779512589103942
175,176,0.135284592077365
175,181,0.36489120021555477
175,178,0.0574877800820234
175,185,0.12583955280218204
175,179,0.4153064561999909
175,182,0.5174048142601856
176,184,0.13528459207736515
176,180,0.9126327328761772
176,183,0.9110705218106758
176,177,0.9128301899671912
176,181,0.1354049913188936
176,178,0.665041947001237
176,185,0.13540499131889366
176,179,0.1352845920773648
176,182,0.13540499131889366
177,184,0.11918513673607535
177,180,0.6430690022465397
177,183,0.8297677017251702
177,181,0.0878732609277415
177,178,0.43554659883597374
177,185,0.0937556991195302
177,179,0.0877951258910393
177,182,0.0878732609277415
178,184,0.11918513673607545
178,180,0.28260265716486277
178,183,0.35540898159932555
178,181,0.05753894248723712
178,185,0.09375569911953024
178,179,0.05748778008202334
178,182,0.05753894248723715
179,184,0.7347386011373104
179,180,0.0445360215782792
179,183,0.07241020410124432
179,181,0.17418622914052462
179,185,0.12583955280218204
179,182,0.17418622914052462
180,184,0.11918513673607548
180,183,0.531436270903917
180,181,0.04457565730572154
180,185,0.09375569911953024
180,182,0.04457565730572156
181,184,0.15570344115645007
181,183,0.07247464701760935
181,185,0.17380119001406832
181,182,0.9811605423065918
182,184,0.15570344115645007
182,183,0.07247464701760935
182,185,0.17380119001406835
183,184,0.11918513673607548
183,185,0.0937556991195302
184,185,0.3574550472685746
