lat,lon,area_m2,building
34.032653700000004,74.36680834166667,1926.3133737824296,yes
34.046051225,74.38766824999999,452.82670129618765,yes
34.0466792,74.38703565,1937.1741698187843,roof
34.0498925,74.3963275,619.2027615111479,yes
34.05539265,74.39738685,213.71790379045007,yes
34.054736075,74.39974415,235.2357388882595,yes
34.05505345,74.40002035,265.58147120131457,yes
34.05025500000001,74.396035,262.3188980929099,yes
34.05023,74.39632499999999,138.52677815316085,yes
34.0492784,74.396649675,297.14931534592625,yes
34.049065,74.394985,332.9489379203256,yes
34.055555,74.40082749999999,142.9944122090606,yes
34.055479999999996,74.4005775,366.0464821494264,yes
34.0559,74.401616125,283.90233887652096,yes
34.055730725000004,74.401451675,294.1693730286372,yes
34.0541197,74.399065875,308.386477186561,yes
34.0535725,74.398635,177.7340601620935,yes
34.0548323,74.3988889,151.62139293336895,yes
34.05384,74.39956,149.42890174602258,yes
34.055189999999996,74.39947000000001,143.4137962115774,yes
34.055245,74.4008,118.85595038540944,hotel
34.0569925,74.40211,517.3030502702104,yes
34.055040000000005,74.39981,227.41370786391604,yes
34.05545,74.4018425,303.11969920653775,yes
34.0557675,74.4021625,148.51995453997858,yes
34.055335,74.40111,206.9660367167512,yes
34.055287500000006,74.40167,138.3222424712584,yes
34.0572575,74.402105,604.37197121234,yes
34.05504,74.38596,383.1203906725028,yes
34.053774999999995,74.385145,279.6615707237651,yes
34.052875,74.3846,688.4050209103698,yes
34.052855,74.38392999999999,665.8681088686166,yes
34.055637499999996,74.3847575,994.6718641622961,yes
34.057685,74.387295,527.5423650029936,yes
34.0577825,74.3868625,978.7692231882786,yes
34.054955,74.38226499999999,173.1214196461957,yes
34.054735,74.38227499999999,226.3901363301315,yes
34.057625,74.383215,199.7491922177424,yes
34.052825,74.383095,415.91161210510177,yes
34.0597725,74.3843325,439.9492531267513,yes
34.05759,74.38332,63.510025800931565,yes
34.05928,74.37839499999998,546.994799397922,yes
34.05957,74.383955,806.1487531479079,yes
34.058569999999996,74.37989999999999,184.38181400754968,yes
34.05877,74.37961,146.48076215640455,yes
34.05634,74.37953,322.6766638081119,yes
34.05773,74.3803725,289.3798815413804,yes
34.055255,74.3812075,498.3625596983193,yes
34.054215,74.3802325,516.8078026428117,yes
34.054384999999996,74.38117,471.22123384510695,yes
34.055544999999995,74.380915,221.2660732116808,yes
34.0517025,74.3962225,40.12842123529205,yes
34.0487425,74.3860475,182.40282526616733,yes
34.048584999999996,74.3858725,167.5367561754319,yes
34.0484,74.385805,177.21791852382174,yes
34.048155,74.3858053,120.8883978090586,yes
34.0597075,74.3787775,136.74801009284943,yes
34.05997,74.37710999999999,228.42480749803855,yes
34.0601475,74.37693999999999,174.13513877265552,yes
34.0603475,74.37720499999999,204.3522247464199,yes
34.060185,74.37741,178.2323573097853,yes
34.045508125,74.3844625,1400.5833579273658,yes
34.0468325,74.3837125,55.134312590658354,yes
34.047005,74.38371749999999,75.37122608927885,yes
34.047373300000004,74.3817995,164.39297624860416,yes
34.045289999999994,74.382275,272.5190566504675,yes
34.04619625,74.3834793,177.96108136377956,yes
34.0475775,74.384665,99.88643369490272,yes
34.047275,74.38428,92.20319081741265,yes
34.046972499999995,74.38555,185.9597467617101,yes
34.0469825,74.38499232500001,191.29605413527264,yes
34.047535550000006,74.38334165,293.5043930389937,yes
34.046925,74.3840725,66.59146823292093,yes
34.047177500000004,74.383955,87.59313198761728,yes
34.04808845,74.38113254999999,97.83719899596994,yes
34.0485386,74.3795475,124.98468496084547,yes
34.045665,74.3802,713.0515473258399,yes
34.046167499999996,74.3799775,209.13616482435697,yes
34.0475275,74.3816825,167.6880095131939,yes
34.0460674,74.3815125,146.86968570002102,yes
34.047805,74.379795,146.4997097143874,yes
34.047875,74.380085,82.98228454043638,yes
34.045770000000005,74.37994499999999,506.1020520338226,yes
34.04485,74.38182,166.22723175043262,yes
34.046276725,74.38802605000001,198.77023946184585,yes
34.046107049999996,74.38823515,137.7915756204876,yes
34.048227499999996,74.3869525,180.4426908618257,yes
34.0445925,74.38658000000001,279.7840659051834,yes
34.0447525,74.385865,118.40758156665092,yes
34.0461486,74.38809905,126.9544157943829,yes
34.04767,74.38299,61.46850752085587,yes
34.0493,74.3801675,353.4371237449648,yes
34.0481525,74.37886999999999,118.83843831864414,yes
34.049615,74.3781,174.1567762708649,yes
34.05588,74.381775,129.0713659534284,yes
34.056275,74.3754075,246.36126079654116,yes
34.05606,74.3842575,229.4597188839572,yes
34.055375,74.382025,259.16865182504824,yes
34.056059999999995,74.38225,143.41232429578605,yes
34.0556825,74.38189,153.1445569024695,yes
34.049663599999995,74.3867071,344.92651772831175,yes
34.0536025,74.389685,376.468265106304,yes
34.0482375,74.3872,145.0315140780254,yes
34.05151,74.386515,479.41174618460843,yes
34.050385,74.38492,213.08400282302,yes
34.050255,74.3861325,303.4566719323694,yes
34.051251500000006,74.3816186,169.54347137540293,yes
34.0521,74.3822275,236.64138921688368,yes
34.05255,74.3825725,473.2802662613645,yes
34.052077499999996,74.3807625,181.83488195720716,yes
34.0538675,74.38069999999999,192.07504503752983,yes
34.0550725,74.38069,249.4379127322399,yes
34.055994999999996,74.3791075,193.09459900316347,yes
34.0564775,74.377635,217.67834865074627,yes
34.047325,74.37403,135.2312667799854,yes
34.0505775,74.37548,126.51833940292931,yes
34.0510075,74.3751875,76.32039255451437,yes
34.051382499999995,74.37605500000001,94.75979981321859,yes
34.0507825,74.375565,171.5932842936403,yes
34.05118,74.375665,159.81150355983448,yes
34.056287499999996,74.375805,267.36082988951705,yes
34.0540325,74.385475,187.46487906693716,yes
34.054275,74.38607999999999,112.6834847336157,yes
34.0523575,74.38429500000001,327.301706529094,yes
34.0520925,74.38403,146.49230153198658,yes
34.05242,74.38304000000001,535.770473611419,yes
34.05252,74.3836575,255.0797142920884,yes
34.0513742,74.381772,101.41860648846868,yes
34.050855,74.381185,173.12979252875337,yes
34.058312816666664,74.42215306666668,256.51593347192966,yes
34.05795,74.42138,157.75003924059905,yes
34.056415,74.37550250000001,195.14238115154183,yes
34.055695,74.375365,101.41343744393546,yes
34.05871,74.42320666666667,256.0854297972088,yes
34.0592925,74.42383749999999,187.9654136416978,yes
34.0587125,74.42471499999999,131.62790703899213,yes
34.058547499999996,74.42362250000001,173.62625427877882,yes
34.058493533333326,74.42254623333334,222.87289675036715,yes
34.059095,74.423665,165.9426047306976,yes
34.0557275,74.3794975,278.6307515968155,yes
34.05589500000001,74.3783375,380.04339916517586,yes
34.0530775,74.3809625,276.0784374725068,yes
34.052015,74.3796225,225.8851889213439,yes
34.046755,74.37383,55.32225374190182,yes
34.055994999999996,74.3750075,152.11961777975364,yes
34.0471125,74.3738625,141.3784968523807,yes
34.0613825,74.42978,296.0254221739299,yes
34.056830000000005,74.41992,101.41207951950742,yes
34.05756,74.42065,98.33813927689829,yes
34.057285,74.42369500000001,169.01922524081584,yes
34.05695,74.423995,187.45842706311342,yes
34.055245,74.42406,180.29151253873061,yes
34.0563625,74.42432000000001,237.65386072914544,yes
34.0562325,74.42074,158.2654215251327,yes
34.0569275,74.42151750000001,143.4108565788875,yes
34.0570575,74.42044250000001,86.55856282533811,yes
34.061935,74.4277075,393.3322527157406,yes
34.061358874999996,74.4272943,212.10124979251134,yes
34.0647625,74.4282125,148.00680766855237,yes
34.061285,74.42943500000001,173.10849100166405,yes
34.06384,74.424575,995.5998837792358,yes
34.060543216666666,74.42582481666666,194.29180798346408,yes
34.057770000000005,74.42228,143.4094311419887,yes
34.059794999999994,74.4267525,278.10521656274835,yes
34.05967225,74.425951375,186.0695095683147,yes
34.060019999999994,74.4253425,204.86517735446049,yes
34.060272499999996,74.4253475,209.47401976014268,yes
34.06004,74.4262775,585.9142689442501,yes
34.060615,74.4265975,404.60588472002473,yes
34.0698122,74.44580500000001,1121.5072375757436,yes
34.05565,74.38566,225.3633139507428,yes
34.05823,74.4293925,306.27990855507034,yes
34.05803,74.42882499999999,182.33428884464456,yes
34.05455857142857,74.39933428571429,345.22006664398697,yes
34.0553425,74.38562999999999,133.1697140436321,yes
34.055805,74.385515,281.70362731222224,yes
34.056155,74.424365,173.11896889010058,yes
34.0575725,74.42101,78.36319318406015,yes
34.058335,74.42713499999999,253.0135240675,yes
34.058350000000004,74.42880499999998,137.26237337764977,yes
34.04661545,74.38404259999999,187.03532001686526,yes
34.057035,74.420215,150.5812084235509,yes
34.058077499999996,74.4206275,45.58354666932955,yes
34.0604825,74.425225,164.91556781204912,yes
34.060725,74.4251,156.72055699817227,yes
34.0617625,74.425025,102.94263505067667,yes
34.061565,74.425595,289.36678779457566,yes
34.0607475,74.424875,101.9195508539371,yes
34.059810430000006,74.42582885,269.3812680649915,yes
34.060705,74.42559999999999,112.67493685472283,yes
34.060241149999996,74.4249383,628.0766851207366,yes
34.0590225,74.42334500000001,115.23801851774778,yes
34.0578525,74.42106749999999,47.120195795795006,yes
34.0581325,74.4217875,112.16618248568741,yes
34.058184999999995,74.421945,95.26436996360076,yes
34.0619175,74.4252975,139.30520159766888,yes
34.0617675,74.4254075,115.23428615788254,yes
34.059105,74.424345,115.75007481489655,yes
34.0592575,74.4242225,77.33730022398908,yes
34.058031633333336,74.42344423333334,492.71231036267045,yes
34.057885,74.42118500000001,88.094245320281,yes
34.058044275,74.42243285,70.31648960039666,yes
34.05811,74.42239,65.55833411346299,yes
34.057948725,74.42249715,70.35754290574911,yes
34.04725057777778,74.38233974444444,727.5911603538851,yes
34.0634496625,74.8066292625,5048.7889823322075,Stadium
33.58860219375,75.15800146250001,1156.5897360162758,train_station
34.023905125,74.84724569375,3728.773052032733,train_station
34.078645699999996,74.80208365,2320.505012182748,yes
34.078399225,74.8017838,3558.2896867351155,yes
34.068797475000004,74.82282748749999,803.6201052369098,school
34.073350649999995,74.81820579999999,2372.434410438049,yes
34.07419313846154,74.83314726923075,3123.0881981440566,school
34.0692351,74.8218452,432.43155538537144,school
34.073564875,74.81862510625001,1367.685343892112,retail
34.0692545,74.82213042500001,404.09820748334107,school
34.069274,74.822418025,422.03486748959455,school
33.4907856,75.1784647,475.8638065671737,yes
33.4905377,75.17816115,93.08108237345846,yes
33.490722500000004,75.1786721,418.4854910213423,yes
33.491045575,75.178712825,112.62406177641145,yes
33.483585925,75.1926133,345.75789918427756,yes
34.08511489166667,74.7997103125,9745.647798502696,yes
34.077242299999995,74.803800075,1517.1377791757395,yes
34.085795425,74.797515025,917.2744443393722,hospital
34.0867807,74.79765147500001,898.7196510312791,hospital
34.08628575,74.797683925,2255.321924709298,hospital
34.08651471,74.79715349,1787.8948681820734,hospital
34.07731113333333,74.79911385,903.7431361317429,yes
34.0771228,74.799458525,696.8973006345715,yes
34.074173900000005,74.8164668,856.0085964960726,yes
34.074932225,74.8161905125,2067.836398235655,yes
34.07352206666666,74.83024548333333,424.28166236290576,yes
34.0746039,74.81711931999999,635.0674808951337,yes
34.074654575,74.8306805,658.8859385992246,yes
34.075387625000005,74.81902972500001,1187.8830688641872,school
34.074497675,74.8300976,690.4696165284387,yes
34.07196375,74.811519075,749.85521088548,commercial
34.081754399999994,74.82957315833333,874.9439727986489,yes
34.076189975,74.82340735,1818.548531670765,yes
34.13441403571428,74.8399678,1622.3437853721134,university
34.13385016,74.83606191999999,2796.147662408918,yes
34.130431116666664,74.8344906,2716.2050860522513,university
34.130632983333335,74.83776781666667,3086.644531435563,yes
34.10185615,74.88173535,466.5000931217031,yes
34.101153499999995,74.88216285,378.4652627243023,yes
34.101619299999996,74.881870025,364.312309603157,yes
34.101446925000005,74.882016475,208.22346695585162,yes
34.10133875,74.882144675,169.7460394218224,yes
34.1008939,74.8822273,409.74908707993814,yes
34.089777600000005,74.86824795,480.19279234893145,yes
34.090060199999996,74.86852655,434.7266320641995,yes
34.080156466666665,74.86481886666667,7437.319298105833,yes
33.608191899999994,75.15094758000001,119.63433723088978,residential
33.608114799999996,75.151127425,26.970743749323958,residential
33.867667430000004,74.98873962999998,891.078844930739,hangar
33.86756355,74.99002637,867.401106003573,hangar
33.88455096,74.96030597000001,919.9733076372443,hangar
33.883573025,74.96088855,1012.1022100180157,hangar
33.885165924999995,74.96233942500001,197.46452727516947,hangar
33.88036522,74.98486802000001,331.86337618904605,hangar
33.88478185,74.96300504999999,217.13034568437268,hangar
33.86939035,74.989967075,223.4239614244832,hangar
33.87651862,74.98543086,401.3016929694737,hangar
33.87887402,74.98450448000001,409.4517826411664,hangar
33.86982685,74.98920107500001,209.41480911845622,hangar
33.87768798,74.98748036,375.90578115191136,hangar
33.87617061666666,74.98344240000002,406.48244222510607,hangar
33.876389816666666,74.98159975,348.96410628961326,hangar
33.877443516666666,74.98357006666666,378.8329741075758,hangar
33.8778771,74.98586582,372.582301389098,hangar
33.8849325875,74.966135375,676.9505336049499,hangar
33.88433919,74.96761198,1498.3862220506446,hangar
33.88085024444444,74.98165724444443,1198.927407468231,hangar
33.8792789,74.98557120000001,897.1984705221826,hangar
33.87952867,74.97938083,937.4448426873762,hangar
33.8684561,74.98808833749999,858.611686477348,hangar
33.87870282,74.97849332,969.4496321383588,hangar
33.87989672,74.98246151999999,1060.3127909590307,hangar
33.878416720000004,74.98111760999998,1000.6253896489027,hangar
33.87829619,74.98247362999999,924.4671419293381,hangar
33.88397254,74.97153206,339.8659105970089,yes
33.8800597,74.97588164,908.1066335764069,bunker
33.88468551666667,74.97072459166667,1028.6820854617067,yes
33.884235450000006,74.97090235,817.7170155334247,yes
33.880686000000004,74.975638075,360.6158110036195,yes
33.8852536,74.96830025,725.3212241658152,yes
33.88031585,74.97428005,212.58408350605524,yes
33.88074725,74.9748714,231.46688986307157,yes
33.88091555,74.97321605,1394.1554173554282,yes
33.885557250000005,74.9671731,275.65508568933365,yes
33.885179775,74.967769475,139.60660395855763,yes
33.881082,74.972906575,141.67813221533672,yes
33.8854242,74.96284355,66.40743630829255,bunker
33.88056655,74.97454325000001,104.02056957841438,yes
33.8797946,74.9763682,199.00859803430944,bunker
33.885358374999996,74.96747359999999,241.07225446883695,yes
33.88143085,74.9753786,173.02253674119,bunker
33.888186999999995,74.97378377499999,224.55588010520887,yes
33.888161075,74.97360555,3281.2257675042874,yes
33.881018575,74.97359227499999,117.29225525189891,yes
33.880662875,74.9738562,3468.998143292547,yes
33.881442699999994,74.973733925,255.73887547656108,yes
33.882106025,74.9746626,307.00994592367795,yes
33.88479363333334,74.96844766666668,757.5928833792622,yes
33.882320299999996,74.97417581666666,442.0909084649436,yes
33.88429903333333,74.9712887,131.55481561375734,yes
33.88633851666666,74.97403175000001,1046.3051384397004,yes
33.8882431375,74.9724434125,2797.2052702830256,yes
33.88793695,74.96000785000001,196.03326327757287,yes
33.8869512,74.96005952499999,195.9958063696295,yes
33.88699617499999,74.97321485,952.2236571788499,yes
33.887583,74.95885005,196.07564608382475,yes
33.88048635,74.97724535,73.09363155427664,yes
33.88014,74.97695055,73.09444148908563,yes
33.880271875000005,74.97668615,462.8667112457797,yes
33.8803311,74.977129275,144.08167957381357,yes
33.880537600000004,74.97729315000001,73.05252805118171,yes
33.88042475,74.97720805,46.631350748431586,yes
33.880534874999995,74.97677145,294.3784279351172,yes
33.8805722,74.9764398,132.82529996937103,yes
33.880469875,74.97670055,133.93473664541665,yes
33.869042975,74.99364972500001,196.08539840452266,yes
33.8679661125,74.9936637,196.04413703158858,yes
33.8683009,74.99489948749999,195.9923443308879,yes
33.769552274999995,74.0912663,496.7651991491559,yes
33.4507241,75.1892618,1068.9818249825507,train_station
33.68295942105263,75.2189212105263,1202.959321823277,yes
33.6824970125,75.2193247,90.94000699973623,house
33.68302968,75.21953612,243.7148134196527,yes
33.682847575,75.219499525,110.53673419423373,yes
33.68317441111111,75.2189270888889,70.20769344121905,yes
34.0839105,75.43630615,128.80870592813193,yes
34.08388635,75.436070925,103.42495607897693,yes
34.083870775,75.435834,129.05914353844344,yes
34.0895879,75.474641675,143.54081071223172,yes
34.08952355,75.47440234999999,131.03119087369274,yes
34.08943975,75.474052675,152.21639329388228,yes
34.100969875,75.503925125,121.04192420348784,yes
34.1004272,75.503836675,89.01251456665543,yes
34.1004568,75.5036642,97.46087846344474,yes
34.099953075,75.50279007500001,261.44558072536154,yes
34.10094465,75.50430845,134.18257531519515,yes
34.099919975,75.502506025,306.8682397192997,yes
34.100424874999995,75.50340535000001,135.36864475916173,yes
34.100811400000005,75.50366135,163.34829695260578,yes
34.100567749999996,75.5038683,87.38088475735826,yes
34.04292851428571,74.38554249047618,7534.5290068305,hotel
33.6807927,73.96405480000001,583.8193686550474,yes
33.6608635,73.96593767499999,343.50043513656703,yes
34.070347749999996,74.832006175,87.87117533646239,houseboat
34.22074345625,74.3884307125,1115.7932307136666,train_station
34.40041148333333,74.33315341666666,6684.154120920783,yes
34.049555600000005,74.39573725,609.3345211865803,yes
34.054473099999996,74.399712925,75.56967073327579,house
34.054349525,74.3987157,274.2160434642877,house
34.054358575,74.399674925,56.3519819965483,house
34.052011375,74.39833726250001,487.6578184439779,yes
34.047917614285716,74.38096435714286,869.3027670809694,yes
34.0485868,74.37986980000001,409.5610568515799,yes
34.048602625,74.380483125,598.3067672150362,yes
34.0478247,74.38127706666667,372.44827682472896,yes
34.04781565,74.38226307500001,390.47909906238283,yes
34.047897075,74.3816253,329.0338927954177,yes
34.04857549545454,74.38510070454545,1883.0325305639997,yes
34.047302525,74.381939525,314.8720015798473,yes
34.047186599999996,74.38339025,144.02921780262722,yes
34.0485458,74.38073125,105.29385113401725,yes
34.04692315,74.383872,66.80374279972463,yes
34.04771505,74.382598325,630.2822205317713,yes
34.046121649999996,74.38738509999999,91.06500289874545,house
34.048988125,74.38144805,156.4415275031381,yes
34.047816024999996,74.380545575,367.37671077922414,yes
34.049192925,74.382412925,124.55949290867808,yes
34.048867025,74.38128145,286.74976652020746,yes
34.0464264,74.385000375,157.00793069198164,yes
34.04733115,74.38352764999999,162.69139797937123,yes
34.046500375,74.38344839999999,131.33358070089844,yes
34.04696215,74.383516575,192.34204664391098,yes
34.04838265000001,74.381951875,347.77405993352534,yes
34.04626835,74.38515484999999,134.4218615817611,yes
34.04899177142857,74.38098054285715,898.2033235731257,yes
34.04880014285714,74.38071857142857,732.8126056935068,yes
34.123496558333336,74.88550124166666,845.9370766645826,house
34.123171299999996,74.8847145875,319.2391665501581,yes
34.05562955,74.81402151666667,574.2073211929389,yes
34.12169298,74.84168109999999,218.66486875494766,yes
34.12143444,74.8413634,271.3713635084461,yes
34.12614015,74.84161937,348.12194427969223,yes
34.127113400000006,74.84296756666667,254.04678931501016,yes
34.12290968333333,74.843015725,177.2275989694752,yes
34.12682373333334,74.84270224166669,289.92390329340685,yes
34.122936249999995,74.842765325,177.2303580835939,yes
34.123256508333334,74.83968127499999,295.1003084837771,yes
34.12652803333334,74.84357297499999,295.347226573316,yes
34.12283588333333,74.84354066666667,177.28297504468293,yes
34.126287049999995,74.84368945833333,295.4651084699846,yes
34.12286446666666,74.84327399166666,177.25875896601292,yes
34.12622805,74.84325778333334,295.3511404449242,yes
34.12224762,74.84087391999999,518.4761613776247,yes
34.126576799999995,74.8410403,693.8221223414425,yes
34.122835782352944,74.84083375882354,2035.1515187732637,yes
34.1247799,74.83936477916667,3321.9241066204045,university
34.12710404285714,74.84219773214285,959.6492040314139,yes
34.12545965625,74.84091485625,1135.5433061580402,yes
34.12142405,74.841722,32.61627290135278,yes
34.1217683,74.8413085,158.81872233118065,yes
34.123424875,74.838925925,80.39385090992016,yes
34.121406725,74.84161524999999,82.33658622102215,yes
34.123669125000006,74.840173025,205.74463114563497,yes
34.12434955,74.839316325,78.73328900060783,yes
34.126190550000004,74.84058562500002,197.20567057309069,yes
34.12562935,74.83917985000001,576.2513226150562,yes
34.1251934,74.840206675,86.25801173312814,yes
34.126259725000004,74.84033515,261.12605508426736,yes
34.1228259,74.84200779999999,27.763823671678594,yes
34.125872,74.8395889,1051.1322688556436,yes
34.1267506,74.84220915,737.6429554920824,yes
34.1267676,74.84353175,202.1835883995609,mosque
34.123474925000004,74.83867995,248.34918428645926,yes
34.1241664,74.84297305,376.06464366035266,yes
34.12352705,74.839913275,240.27275145452785,yes
34.126734925,74.843327025,40.73999171045178,yes
34.124125375,74.844844625,118.69756509757443,yes
34.12331585,74.8399834,210.6783859642636,yes
34.125835425,74.84010772500001,176.1266987700285,yes
34.125299,74.840425725,74.1152839592455,yes
34.126160049999996,74.840211175,81.38724310442228,yes
34.125893475,74.839161325,151.48465511584632,yes
34.1261683,74.840040725,730.4734278265505,yes
34.126193625,74.839219,759.4938395665413,yes
34.12508825,74.8411979,292.1097878171724,yes
34.12324195,74.84011935,191.71904438385297,yes
34.124668074999995,74.84007650000001,284.62667715230134,yes
34.1216112,74.84021925,147.81378261812765,yes
34.123743275,74.83978595,97.79408706357377,yes
34.122474475000004,74.8421441,251.07169835753118,yes
34.126611860000004,74.83900466,127.20167784213433,yes
34.12630875,74.8429295,77.48117872153769,yes
34.12370955,74.83998405,99.09818696303378,yes
34.122493575,74.84178365,619.0020946419653,yes
34.1249612875,74.839891575,616.1423733840688,yes
34.12535880408163,74.83998753061225,2039.985898569641,yes
34.12592048333334,74.84032979999999,575.9447361138555,yes
34.12503293333334,74.84105056666665,273.6160023436857,yes
34.126246683333335,74.8425861,97.94246839335773,yes
34.12618878333333,74.84085988333334,136.59966014053668,yes
34.12173645,74.84210953333334,207.18664417370493,yes
34.1264964,74.83964069999999,1294.2111286116701,yes
34.125944312499996,74.8411713,476.3782342806207,yes
34.1227148125,74.84271266249999,218.12203846095406,yes
34.1222995125,74.84165751249999,208.27414100760382,yes
34.126465537499996,74.84274769999999,253.93855401534478,yes
34.12346206666666,74.83927399999999,276.1877101346887,yes
34.1222833125,74.841867275,214.45630453045553,yes
34.1265072875,74.8431071,253.99646228906477,yes
34.1264235375,74.8420496,253.93868017149214,yes
34.1222635,74.84211063750001,215.44722461877,yes
34.12693285,74.8405499625,176.42348401589985,yes
34.1226482875,74.8433079625,215.17336085313065,yes
34.126450575,74.842401475,253.86193713761548,yes
34.123914975,74.8448512875,279.9425167178559,yes
34.126991312499996,74.8434068125,277.4420143703741,yes
34.122625649999996,74.843604625,214.55717897067422,yes
34.1271180125,74.8415621625,200.0826015074722,yes
34.127026825,74.84133786250001,134.23746555624808,yes
34.1263976125,74.84172079999999,253.88840072210886,yes
34.12268195,74.8430072125,203.4814168553208,yes
34.12346837777778,74.84279156666668,269.6305183889409,yes
34.12493064444445,74.84051305555555,1048.6992456579505,yes
34.12685856666667,74.84309606666666,270.6627220940163,yes
34.01780978000001,74.80999140000002,417.1180964355812,commercial
34.249352599999995,74.68888828333333,438.51878089271077,yes
34.249579625,74.68865106666667,325.17051584263936,yes
34.24959526428571,74.68906151428571,262.3437733927834,yes
34.238816575,74.695800025,285.51263344273093,yes
34.238900175,74.69539499999999,467.1098748710531,yes
34.23875545,74.6951644,448.9695741632735,yes
34.23905275,74.69554115,441.55264776811316,yes
34.2388986,74.6944332,219.7637686167671,yes
34.23842245,74.69481605,392.13326606118136,yes
34.2390214,74.6946031,202.22486123352803,yes
34.23921515,74.69504105,410.44230042166896,yes
33.39509545,74.34876324999999,812.9041292812858,yes
33.39540625,74.34640954999999,214.4089734210317,yes
33.3948016,74.34867505,617.9736801925058,yes
33.395247749999996,74.348507825,598.5593553355716,yes
33.394842575,74.3507693,863.6689294321609,yes
33.394260775000006,74.35033942500002,1143.50339317688,yes
33.394831266666664,74.35102433333334,437.02180916941757,yes
33.394202199999995,74.3406337,217.29640666841328,yes
33.39634146666667,74.35315026666667,185.5957807158946,yes
33.39558085,74.3529221,1347.7917267040116,yes
34.25652375,75.418926625,48.41596890841832,yes
34.256516075,75.419218575,48.37259176234657,yes
34.2561865,75.41898562499999,48.3788107562882,yes
34.25587275,75.41875524999999,48.42124892767569,yes
34.25608165,75.41899975,48.42112869665974,yes
34.25605695,75.418730425,48.38971792949344,yes
34.256518074999995,75.4191216,48.456747780931124,yes
34.25661115,75.4192173,48.44667912492959,yes
34.25599105,75.418891975,48.389755833233664,yes
34.25595975,75.418508825,48.38977383604991,yes
34.256161775,75.418716325,48.41878318946823,yes
34.25596912499999,75.4186213,48.412813452133626,yes
34.2565199,75.4190251,48.357107097970065,yes
34.25588525,75.418906225,48.38981669061129,yes
34.256003250000006,75.4190103,48.36527308991866,yes
34.255759825,75.418535775,48.437409696638426,yes
34.255769175,75.418648225,48.437404318554925,yes
34.255791125,75.41891890000001,48.41291588882507,yes
34.256174300000005,75.41886724999999,48.41054929481379,yes
34.25585395,75.41852307500001,48.38983468891297,yes
34.255978475,75.41874100000001,48.412808075212844,yes
34.25586335,75.41863555,48.42125433776852,yes
34.25603815000001,75.418498275,48.38972874717234,yes
34.256069475,75.4188814,48.412755714238,yes
34.255897450000006,75.419024575,48.38980966908849,yes
34.25661315,75.419120325,48.472226565070514,yes
34.256142999999994,75.418484125,48.378835770696966,yes
34.25577855,75.418767925,48.38987806100842,yes
34.256152375,75.418596625,48.41878860271712,yes
34.25604755,75.41861072500001,48.38972333610067,yes
34.2951286,75.48350149999999,126.50139428175403,yes
34.29536805,75.4819545,16.73989670966263,yes
34.2941761,75.48297005,83.15815920984699,yes
34.2948979,75.48309359999999,98.89240238315068,yes
34.295215175,75.481860375,21.054585179555048,yes
34.294953725,75.483237925,70.7102730762449,yes
34.29455025,75.4830827,85.67891047822546,yes
34.29534805,75.48366792499999,18.497600487110383,yes
34.295001150000004,75.48175897499999,100.89391666020529,yes
34.2941969,75.483345925,28.16883385206286,yes
34.29501425,75.48276575,42.6045853265713,yes
34.29413055,75.48331424999999,48.48655638158024,yes
34.294825599999996,75.48147425,70.98434169964106,yes
34.29507665,75.4828274,59.635322784982904,yes
34.295211699999996,75.48174945,23.629774915576434,yes
34.29466285,75.483161075,66.26998503009307,yes
34.29524825,75.484071825,39.81517790232171,yes
34.29445125,75.483136525,27.42495500631255,yes
34.2944363,75.4834508,26.534072482194958,yes
34.2932207,75.48370075,29.427341408051454,yes
34.29494525,75.48378051666667,55.7710627576714,yes
34.36936015,75.58940315,115.09238533998993,yes
34.3696752,75.59084899999999,53.77211827399769,yes
34.3706042,75.5898231,107.14196498322016,yes
34.369562349999995,75.59096935,114.56365650498384,yes
34.3709584,75.5908172,66.59168310044859,yes
34.3300944,75.571700975,111.86444286991855,yes
34.36980945,75.59004497500001,130.7501714978651,yes
34.3697892,75.591801975,164.84413354507075,yes
34.370297550000004,75.5908928,72.88070033634096,yes
34.371248,75.5881463,93.1336944597349,yes
34.370115475000006,75.5896604,49.15144045217146,yes
34.37128575,75.58886145,40.65376637623723,yes
34.3710918,75.590586925,59.50915595377264,yes
34.36977265,75.5915261,98.96787657974113,yes
34.330522099999996,75.57156185,54.54198748984703,yes
34.36960705,75.5915514,94.30631590162093,yes
34.369628475,75.590002825,110.53640075795991,yes
34.369928825,75.591528425,165.3441399443522,yes
34.36970135,75.59102765,138.34913326281435,yes
34.3706272,75.58891042500001,45.80075414229787,yes
34.370009175,75.5897032,115.77353685583533,yes
34.3706403,75.590440375,114.43696004227039,yes
34.36979515,75.59094057499999,65.15406761219408,yes
34.37049465,75.591498,93.74339720855914,yes
34.37072405,75.59060835,69.6095504392881,yes
34.369855300000005,75.591336525,62.245560107519594,yes
34.370252,75.59052485000001,90.9318179304121,yes
34.370221400000005,75.59104844999999,139.8327835853894,yes
34.369529825,75.59123235,184.88634661123427,yes
34.3702988,75.59098035000001,55.77956940406993,yes
34.37089135,75.58871005,156.90460893800417,yes
34.369822475,75.590698075,137.38521213534673,yes
34.37084735,75.5909334,62.20226587702093,yes
34.369891875,75.589758325,111.0170458714382,yes
34.37057045,75.5902036,88.23648597811496,yes
34.3307094,75.571285425,63.86888844756706,yes
34.3697941,75.592094925,35.9838654397716,yes
34.3696154,75.58979805,13.382723527828519,yes
34.369858400000005,75.5911405,71.94746842321936,yes
34.37048312499999,75.5919167,69.21254922229556,yes
34.370458299999996,75.590704125,131.23009716859232,yes
34.369963025,75.59102555,39.4583572264776,yes
34.370093100000005,75.58956817500001,42.45706827566208,yes
34.370855375000005,75.590738925,69.31281726971349,yes
34.37059975,75.5912254,95.33565495098695,yes
34.370973925,75.59070220000001,67.37127090740776,yes
34.330478575,75.57131595,132.7518201760339,yes
34.369433674999996,75.591117575,64.26471666678233,yes
34.36954125,75.5898536,58.124527383812435,yes
34.369917799999996,75.591759775,68.60873947910059,yes
34.370290950000005,75.591124,52.16291076779275,yes
34.3694693,75.591441075,143.1481390287584,yes
34.370346649999995,75.590304575,120.69742680513352,yes
34.370470125,75.59100169999999,92.13573843191284,yes
34.369772025,75.589802625,44.98405348910961,yes
34.3705051,75.5890021,29.649464745115687,yes
34.369887899999995,75.590909375,40.789465621605956,yes
34.3711425,75.590427675,159.75974105300207,yes
34.369909725,75.58934909999999,52.59280626828918,yes
34.371058649999995,75.58835605,152.70993061485316,yes
34.37074595,75.590348025,55.13494402291343,yes
34.37014765,75.5908274,195.19026789066302,yes
34.369917400000006,75.5913257,28.034321698435562,yes
34.37028995,75.590722925,91.22523904381522,yes
34.36971465,75.591383575,98.2591096251962,yes
34.370406474999996,75.590849975,53.09394632214252,yes
34.369432266666664,75.58927068333332,267.17099863138503,yes
34.37015047142857,75.5906322,95.00004394389757,yes
34.370043325,75.5911127,339.41268016650946,yes
34.2526848,75.4194434,155.76132277409388,yes
34.2535572,75.419668825,156.068652619236,yes
34.225455825,74.78077135,64.8773307763982,yes
34.22536865,74.78090065,119.74819399166165,yes
34.2234575,74.77821906,5745.476004665136,yes
34.123988125,74.8799864,117.29835732324048,yes
34.1240091,74.8792857,72.1106624626527,yes
34.1241780375,74.88029362500001,85.68289145705721,yes
33.517932800000004,75.21612,170.86755829230407,yes
33.5187672,75.21629285,64.15504308001722,yes
33.51887635,75.216466275,139.4559273845475,yes
33.517222675,75.216783375,96.09486172168758,yes
33.518846950000004,75.21627405,145.06740209040996,yes
33.517502025,75.21660385,135.4157166196174,yes
33.518823775,75.216121125,62.13474656353044,yes
33.51707655,75.216815025,85.69681939488552,yes
33.516994975,75.21689035,77.56973553317764,yes
33.51715525,75.21701497500001,28.271172316594072,yes
33.518752475,75.2169308,109.51307137258325,yes
33.50533985,75.2141376,44.30344724810446,yes
33.505568325,75.21448205,45.32580366285963,yes
33.505561924999995,75.2146442,26.24315857587771,yes
33.5055935,75.2142587,45.34986382250395,yes
33.510367775,75.2048853,152.2519904887228,yes
33.505510125,75.21444425000001,41.774212378810645,yes
33.505468425000004,75.214198975,41.38679017730578,yes
33.510223599999996,75.2049634,108.40325391979121,yes
33.505774125,75.213994825,22.20527479864848,yes
33.5109669,75.20428305,17.702247470114102,yes
33.505407,75.21416965,40.8902476165605,yes
33.505428275,75.214582775,82.60221822837927,yes
33.505552,75.21474315,71.18632588306872,yes
33.51057155,75.204776,132.51983577007496,yes
33.505532025,75.21422935,41.744097217456144,yes
33.505398825,75.2143782,34.28547812926214,yes
33.50534445,75.21434315,34.21178449138113,yes
33.50564075,75.214818275,42.69625613230592,yes
33.510390175000005,75.20474990000001,56.17243835021657,yes
33.510996,75.204492,53.016622624741274,yes
33.5107572875,75.2045264,175.24426216355664,yes
33.49735835,75.201487,65.29272801122393,yes
33.497855550000004,75.20216504999999,102.50978198758813,yes
33.4982536,75.20229437500001,229.88339826731442,yes
33.497787,75.201987775,150.79639106687074,yes
33.49731005,75.20076152499999,153.34619961715194,yes
33.49714375,75.200623225,132.1444107329511,yes
33.497984599999995,75.20198289999999,31.50782736996451,yes
33.4974992,75.20168272500001,205.04401952916595,yes
33.497891575000004,75.20203215000001,92.12093190319975,yes
33.49718655,75.201261925,48.77647057310131,yes
33.49816725,75.2024787,165.0490972172052,yes
33.4976215,75.20199352499999,170.32748168579184,yes
33.497473750000005,75.200896,153.44061392302982,yes
33.497510874999996,75.20190755,145.1665327898841,yes
34.529086822222226,74.18004533888889,211378.45893056365,residential
33.621854075,75.325363,63.628038399103794,yes
34.15126992,74.19679466,2014.9950635231894,industrial
34.26739945,74.89693545,2491.972399638832,industrial
33.4953492,74.69354361666667,88.30964736435155,yes
34.07082668125,74.83460519375001,1473.7284354331105,yes
34.301455149999995,75.29027495,81.61415672416989,yes
34.3008363,75.2922931,138.25265850798232,yes
34.303137449999994,75.2838439,130.18927615978328,yes
34.30209334999999,75.29035114999999,124.3226967161007,yes
34.30151245,75.28991325,157.90590080360198,yes
34.301686675,75.292074225,132.3025463376259,yes
34.302045525000004,75.29410850000001,142.72783608159324,yes
34.3020097,75.2880453,102.46033198488632,yes
34.30179534999999,75.290870025,143.49619681527503,yes
34.301281375,75.29258229999999,313.14712049353056,yes
34.300996250000004,75.294691,183.23647445467054,yes
34.302247200000004,75.2934363,376.1713005001167,yes
34.301618925,75.288966025,129.02642064039,yes
34.3016845,75.298406075,66.64353669009529,yes
34.3007129,75.299646575,167.3583885831111,yes
34.30201100000001,75.2919358,417.4670346292161,yes
34.30206005,75.2975464,176.9570902465975,yes
34.302250975,75.29418932499999,94.5374285834696,yes
34.301358775,75.29831490000001,42.38677132535453,yes
34.30094325,75.2905651,284.3873518516617,yes
34.303085175,75.28402870000001,111.98041694837625,yes
34.3016484,75.29348184999999,354.00395956013847,yes
34.301992475,75.29779720000002,85.30024784336788,yes
34.30145295,75.298128475,42.334989945672234,yes
34.301596974999995,75.2978482,42.38665111131823,yes
34.301474575,75.29013175,92.62506977922152,yes
34.303073825,75.283550125,157.58889111670055,yes
34.301922950000005,75.29223965,347.4564895510871,yes
34.301916025,75.29743910000002,81.98580240901123,yes
34.30291005,75.28410545,136.04878142945842,yes
34.301765375,75.2901671,193.86516956452255,yes
34.302375549999994,75.29208965000001,161.35738529654373,yes
34.301406424999996,75.298219675,42.390577525082364,yes
34.301923200000004,75.29045885000001,117.87234036764912,yes
34.3017316,75.2911808,251.77479437102625,yes
34.3014485,75.29844762500001,144.07117310147493,yes
34.30218965,75.2948568,259.1139459898215,yes
34.301543775,75.29795410000001,42.38667795625176,yes
34.301682299999996,75.29046299999999,189.04712975057265,yes
34.3015674,75.293830625,324.9950304482188,yes
34.3019127,75.29786692500001,93.49210695843531,yes
34.302087325,75.289710175,168.0000965793496,yes
34.300989125,75.29258497500001,197.65912973061637,yes
34.301635075,75.29857319999999,144.0403132780633,yes
34.301498374999994,75.29804130000001,42.38670086860084,yes
34.302509375,75.29333564999999,111.11244485001129,yes
34.30174278,75.29298614,374.2303041261579,yes
34.30181965,75.297354625,76.7893994042816,yes
34.30140565,75.28890444999999,151.2346270826971,yes
34.30110405,75.292932625,242.69716832408136,yes
34.3018518,75.29830815,143.9906082677801,yes
34.3018738,75.28963145,166.72475187415438,yes
34.301783875,75.29044007499999,86.84557469858873,yes
34.302117225,75.29132425,616.2767955317676,yes
34.301270775,75.2917544625,442.19428817903633,yes
34.302029525,75.294358825,256.1387170752717,yes
34.292320275,75.32276585,129.92007086024037,yes
34.293196625,75.32315212500001,212.44502565655063,yes
34.290954125000006,75.3258343,139.89458042023594,yes
34.29180602500001,75.3237172,242.6706587607004,yes
34.292466875,75.32460885,152.5607540704723,yes
34.29188375,75.322708175,268.3486192426412,yes
34.291199000000006,75.32398355,257.1802933481388,yes
34.291152475,75.3243202,113.64710819571027,yes
34.292408949999995,75.32256199999999,101.77598704354196,yes
34.290843875,75.326247,153.15102855770147,yes
34.2919724,75.32299384999999,212.98303714678656,yes
34.289454775,75.32896275,84.44655651017639,yes
34.29087547500001,75.326647025,237.4078321090252,yes
34.29047105,75.32422497499999,104.75482447029546,yes
34.2914527,75.324577675,173.5223051372688,yes
34.290946825000006,75.32554912500001,233.10674821375088,yes
34.290796225,75.323564475,261.0993430707858,yes
34.289627575,75.32844655000001,57.33872778308901,yes
34.2909774,75.32667785000001,269.8701659607338,yes
34.290777975,75.32513555,225.6382589327652,yes
34.29311415,75.32288120000001,210.98106683599588,yes
34.28949575,75.32866250000001,77.93943183426722,yes
34.29136585,75.3231567,267.7548795421669,yes
34.29225415,75.32285015,184.40556136282106,yes
34.290950800000005,75.326288925,145.6084946302525,yes
34.2912976,75.325267025,184.95550325311183,yes
34.290810625,75.323379425,97.15489498554115,yes
34.29252305,75.3243241,197.30374966681097,yes
34.29182725,75.3234686,272.0118023915217,yes
34.291252175000004,75.324494525,86.63847043093011,yes
34.29161895,75.322725625,399.55645663283246,yes
34.290695975,75.3271754,157.39667316399593,yes
34.29088435,75.3239152,145.70800440195063,yes
34.29195245,75.323280825,134.14214988057654,yes
34.2895327,75.32853285000002,93.15161456544327,yes
34.291204549999996,75.322889225,160.28310756712972,yes
34.291059375,75.32632785,124.34949842531393,yes
34.291358575,75.324676925,123.81628103875909,yes
34.29076245,75.32661482500001,246.68557411584425,yes
34.290648325,75.324768125,61.592653472148115,yes
34.26817275,75.37882535,202.57098955085993,yes
34.26817925,75.378544275,198.27362679948592,yes
34.26812054999999,75.379488075,154.4935499438696,yes
34.26813365,75.3791389,92.66534900643472,yes
34.2562142,75.419221725,48.378794830992845,yes
34.25659575,75.41829505,48.44495068920283,yes
34.255560024999994,75.41878447500001,48.437524728032955,yes
34.25656845,75.4184807,48.443229100150305,yes
34.25623,75.419316725,48.378785749795505,yes
34.25582945000001,75.41925690000001,48.365373003724656,yes
34.25602005,75.4174474,50.98329758984542,yes
34.255666425,75.418926575,48.43746347490368,yes
34.255900800000006,75.419119425,48.3789750486539,yes
34.25612515,75.41933085,48.421103660440934,yes
34.25579595000001,75.41913355,48.421293129246884,yes
34.256575749999996,75.41838849999999,48.446699515290234,yes
34.2560167,75.4175171,46.51757782320143,yes
34.256551125,75.41857,48.39878448727033,yes
34.2561353,75.41742020000001,51.678766668805814,yes
34.25610935,75.41923584999999,48.42111275405927,yes
34.256547250000004,75.4186668,48.44671592235831,yes
34.256030949999996,75.41924639999999,48.36525716521807,yes
34.25609745,75.41909465,48.42111960304787,yes
34.2561353,75.4176244,48.62558994502797,yes
34.25604675,75.41934140000001,48.36524808549282,yes
34.256019050000006,75.4191052,48.3652640068233,yes
34.255644325,75.418545675,48.437476198002244,yes
34.255925149999996,75.419260675,48.389793740841924,yes
34.25580175,75.4190207,48.36538892726831,yes
34.255928499999996,75.419355625,48.37895912063598,yes
34.25604445,75.41738835,38.34287631570194,yes
34.2562023,75.419080525,48.37880167402263,yes
34.38297488333334,75.58897715,147.69188633081296,yes
34.054724975,74.8601208,106.26160109567262,yes
34.0546388,74.860621775,90.42739135224065,yes
34.054584,74.86021199999999,16.782607284678846,yes
34.055224249999995,74.85999612500001,64.67247648629214,yes
34.0550863,74.86028160000001,414.8253227412278,yes
34.055055775,74.8600573,55.66697265527671,yes
34.055135975,74.860001775,150.09487478029922,yes
34.0549701,74.860075225,100.2372841186897,yes
34.0548936,74.8601297,30.095695242114445,yes
34.054880025,74.86004645,55.91043143346387,yes
34.054644875,74.86010970000001,66.84068320171365,yes
34.05480565,74.860109125,121.06069278659365,yes
34.301061125000004,75.29448185000001,49.28885207648049,yes
34.301043500000006,75.2943808,43.97306841832089,yes
34.1322139625,74.83376874999999,621.8639862493867,university
34.091230350000004,74.0289825875,875.1644016847542,yes
34.07167429999999,74.83732257500002,1344.3604037506848,yes
34.070721991666666,74.83686040833334,724.7168004426718,yes
34.0718253,74.8253669,1106.7341939953722,commercial
34.071797275,74.83776379999999,49.43365166598193,yes
34.071268950000004,74.83810589999999,250.37735777297678,yes
34.0718651,74.837782875,50.44529976438179,yes
34.0712926,74.83864086666665,425.46306772618607,yes
34.071884828571434,74.83765977142856,82.23796013405271,yes
34.071545475,74.838189925,221.01137043954208,yes
34.071755962500006,74.8379998625,145.68295691735304,yes
34.04784255,74.8649302,123.77632053708966,yes
34.048063633333335,74.86477576666665,316.3755052535311,yes
34.047786412499995,74.8648359,51.5925989358777,yes
34.0478045625,74.864685925,103.26472614500044,yes
34.049704350000006,74.86521105,132.0080337167189,yes
34.049133925,74.864754675,273.0968415995251,yes
34.04785425,74.86554835,47.62405698683363,yes
34.049479149999996,74.86542525,374.567262261517,yes
34.0480359,74.86612615,96.02794191318111,yes
34.04784395,74.86619292500001,131.9116075635087,yes
34.04803645,74.86552375,100.67155963672622,yes
34.04750665,74.86725974999999,30.372057869594087,yes
34.04731065,74.86959555,120.29212519600091,yes
34.048035,74.866466375,40.22440838943847,yes
34.047144975,74.86976544999999,135.6564575892716,yes
34.047982725,74.866416975,20.027287919433753,yes
34.048074875,74.86523507499999,24.876032542483603,yes
34.0481884,74.865273875,157.60900229287319,yes
34.047834449999996,74.867023925,136.72582650988224,yes
34.0475548,74.867315025,41.449705205238516,yes
34.04779275,74.867205825,70.999967644536,yes
34.0476349,74.869524425,134.4067868536079,yes
34.048266174999995,74.866396325,101.30614965080437,yes
34.0477551,74.864091725,114.9514234358065,yes
34.04973545,74.86554445,121.26068345252885,yes
34.048582925,74.86276705,229.04758225172324,yes
34.04783715,74.8668531,173.1409748319232,yes
34.04962295,74.86533285,93.96136245142621,yes
34.04846085,74.8630399,237.50707791309975,yes
34.048612000000006,74.865803175,178.71083621879026,yes
34.04986655,74.8649741,222.83272921867285,yes
34.049971985714286,74.86480915714286,139.01360728440528,yes
34.047554274999996,74.867180875,46.14780113069307,yes
34.0482039875,74.8655480375,235.22820094682947,yes
34.047906475000005,74.8658512375,424.03127448484895,yes
34.047047862499994,74.86964814999999,155.76787312609343,yes
34.04997590000001,74.864581325,136.48152579637025,yes
34.048195875000005,74.86603840000001,259.07908583005474,yes
34.0493997125,74.86564792499999,204.03947258437285,yes
34.0493356125,74.864091675,478.32382805212586,yes
34.04815615,74.8662707125,166.02943113151866,yes
34.07073860625,74.85859246875,23.94053784906924,yes
34.07023019545454,74.8591663409091,214.72635223064765,yes
34.07575715,74.85412095000001,1820.0523967317959,yes
34.07043285,74.85935057500001,47.396750686214745,yes
34.070445050000004,74.8591543,27.08301964174163,yes
34.075476124999994,74.85683884999999,39.426127237703085,yes
34.073472699999996,74.862174625,15.582848965532058,yes
34.07560405,74.8570368,8.552777086430892,yes
34.073535925,74.86249615,21.605988233357813,yes
34.0733992,74.86184469999999,41.09069499502486,yes
34.071133075,74.80583870000001,939.0325872241967,yes
34.071156939999995,74.80532590000001,1811.751794297938,yes
34.0735316,74.80391932,1048.2335515531527,yes
34.074046575,74.80328237500001,52.220553509813186,yes
34.073977725,74.8032851,61.889714930302375,yes
34.073879399999996,74.80326967500001,92.22003152968028,yes
34.073745100000004,74.80322312499999,116.2238247330969,yes
34.073946725,74.8035687,149.8004505585851,yes
34.074241525000005,74.803400425,315.7155868967529,yes
34.074275375,74.80370925,482.75070801622894,yes
34.072737968,74.803627518,4759.97301257238,yes
34.07247985,74.80262894999998,77.23551531428915,yes
34.0732876,74.802795175,278.78286931105265,yes
34.0729345,74.80275954999999,265.21695674530145,yes
34.072945725,74.802456275,262.8664522926765,yes
34.073100175,74.80203270000001,272.41715681548015,yes
34.074208875,74.80315745000001,326.8937390291933,yes
34.07390336326531,74.80239344285714,5553.152614800384,government
34.075943300000006,74.831005775,316.4218872540387,yes
34.076174625,74.830972575,1077.9494318283803,yes
34.07689221666667,74.830673775,214.85345721501528,yes
34.07510005,74.83013015,349.02926312924353,yes
34.07350087142857,74.8296546142857,535.2622653872941,yes
34.07551545,74.829765,117.78668909045587,yes
34.07575572500001,74.82955315000001,132.29912545633903,yes
34.075628525,74.82962760000001,138.20967114280765,yes
34.07537082499999,74.829470025,332.325494136589,yes
34.07517525833333,74.8297496,1014.4438478886477,yes
34.074803700000004,74.830319925,75.55778932506337,yes
34.074894825,74.83060895000001,421.2414707251063,yes
34.07486925,74.83043325,310.75653239033414,yes
34.07471165,74.829976325,327.2417502292967,yes
34.0747922,74.8302006,399.7705789871958,yes
34.074843725,74.8299176,239.64448838898878,yes
34.074626550000005,74.8297399,299.3157290173911,yes
34.074496025,74.829458275,162.38378449134973,yes
34.0758532,74.824254225,975.658207650949,yes
34.0752419,74.82216652222223,656.2131732205798,yes
34.0763230375,74.8214418875,690.2528813214954,yes
34.075953150000004,74.8219114,296.384785276708,yes
34.07531715,74.8229876,248.09067333980727,yes
34.075426,74.822949525,179.86145400575913,yes
34.0755142,74.82291864999999,166.82756699849534,yes
34.07559815,74.822889275,163.14281072560675,yes
34.07567853333333,74.822918,143.58333668367277,yes
34.0757353,74.82284130000001,169.26467742580888,yes
34.0758227,74.82281072500001,174.3483082077916,yes
34.07590905,74.8227805,165.0647671029484,yes
34.0759951,74.8227504,173.10608994061454,yes
34.076103950000004,74.8221744,378.0337523545172,yes
34.076310325,74.822042225,946.4789388945491,yes
34.0736812,74.8326035,401.6873159184014,yes
34.073746,74.833971075,1056.5442097489968,yes
34.06891834583333,74.84390064166668,3014.8173257780627,yes
34.0412823625,74.880840275,876.168077269371,yes
34.040839291666664,74.88085964166666,559.2095067495823,yes
34.040876043749996,74.87975279375,1856.337515552121,yes
34.041537899999994,74.87889982499999,990.2402318579249,yes
34.04197213333333,74.87947059166666,1869.3315854278048,yes
34.041345791666664,74.87919746666667,1833.3368612435906,yes
34.0406683375,74.880383225,1472.7802544365127,yes
34.108641866666666,74.81620425555553,945.1168512371162,yes
34.0812509875,74.7991170125,835.5861549904196,school
34.091906775,74.805827275,1313.3243154134152,yes
34.111116287499996,74.7263295,759.9910404711263,yes
34.274914225,74.67597330000001,82.27687991814867,yes
34.11944225625,74.5761911625,610.1294903706474,yes
34.237192525,75.4123499,48.984281288175914,yes
34.23329918333334,75.05621771666667,478.5554430462904,yes
34.3975528,74.970209575,70.35935830009527,yes
34.3976697,74.9699918,124.48568382576704,yes
34.378542775,75.13981995,61.477483742985186,yes
34.416542875000005,75.13646932500001,50.81753229456878,yes
34.4368609,75.246760025,20.729156858795278,yes
34.436918975,75.245827075,32.93721509442995,yes
34.436877925000005,75.246024225,30.608430382370702,yes
34.436932150000004,75.2459475,35.66172264996567,yes
34.04137722,74.8740869,300.37898189723757,yes
34.041328449999995,74.873807,550.2797720593534,yes
33.99685335,74.75507081666667,711.6544002718599,yes
33.995991239999995,74.75679393,704.3057671153073,yes
33.9986138,74.7581818,857.5094682513873,yes
33.991997425,74.7644054125,667.8701824611877,yes
33.9932617125,74.7631131375,702.8157095916524,yes
33.99674154,74.75784274,490.41174082377927,yes
33.9938444625,74.7580429,668.7004698005906,yes
33.998348111111106,74.75687127777778,487.86475032186627,yes
33.994520175000005,74.76165655,669.8852097799308,yes
33.994411766666666,74.75595131666667,781.0623328098469,yes
33.992938825,74.76105565,793.4477775999612,yes
33.990366262500004,74.76577359999999,762.9246437537665,yes
33.99072418750001,74.763564525,684.2011894222511,yes
33.9978916,74.76303406,943.431211176413,yes
33.996363933333335,74.75725701666667,643.5720752428176,yes
34.00769654,74.75823471999999,1485.6851051986723,yes
33.979912029999994,74.78630445,991.3437226342294,yes
33.9760356,74.79053932000001,991.4368093677757,yes
33.97727276,74.78977602,991.7383363872631,yes
33.978208429999995,74.78720528,1067.9643081613408,yes
34.00561463636364,74.75731073636365,1485.9391313150854,yes
34.003278145454544,74.75824364545457,1486.0440230164522,yes
33.97931554,74.784621,919.2167036308279,yes
34.00446928181818,74.76093264545455,1485.826587680474,yes
33.976211627272725,74.78904963636363,1330.6465620040376,yes
33.97835371666666,74.785378275,1137.5479387120868,yes
33.978901575,74.7877253625,1207.028826351506,yes
33.97829105555556,74.78866893333333,844.9502898229457,yes
34.004634328571434,74.76402824285715,678.9147878380468,yes
34.00354041,74.76410483999999,1148.7368219026998,yes
34.0051131,74.766175825,116.25599748403752,yes
34.004654249999994,74.76595259999999,153.58815748502388,yes
34.0048805,74.76605985,175.29338532014867,yes
34.00396545,74.765616625,175.27610641335485,yes
34.00418955,74.76572992499999,175.27564393695695,yes
34.003626600000004,74.76545146666668,76.2668731008292,yes
34.00377648333333,74.76551428333333,76.23916587895624,yes
34.33010575,75.5719959,132.40509986206018,yes
34.029924175000005,75.31650259999999,490.41935894713913,yes
34.476721125,74.638041775,178.10976481594193,yes
34.48635365,74.63316119999999,93.13914224234608,yes
34.486439874999995,74.6331022,124.75879890531388,yes
34.486533249999994,74.633068675,145.9547381378713,yes
34.48662945,74.63302709999999,132.36926042254612,yes
34.486718975,74.63299090000001,126.4388420854698,yes
34.486810750000004,74.63295535,103.93600512238925,yes
34.486902475,74.6329111,125.15261534835791,yes
34.4870049,74.63285795,155.84020351361607,yes
34.48689,74.63325019999999,120.9615295667069,yes
34.486866549999995,74.63346105,103.11736345353462,yes
34.486698450000006,74.6334123,105.8615056396462,yes
34.48775595,74.63349662499999,154.56127258075213,yes
34.487678499999994,74.632646475,85.10061000772656,yes
34.487527825,74.63261779999999,99.83749336051278,yes
34.4874014,74.63271225,107.95737580298683,yes
34.485534575,74.633809125,94.28742145174289,yes
34.4853636,74.63374495,97.99673466766555,yes
34.485377,74.63351094999999,92.60731571613839,yes
34.48501535,74.6327226,244.49596746891112,yes
34.48534985,74.6328492,82.57517044509753,yes
34.486817200000004,74.63372294999999,84.7067761917732,yes
34.4867245,74.63387759999999,86.91840492127815,yes
34.4865438,74.63410670000002,86.26389604788929,yes
34.4864415,74.633801575,71.49630215365447,yes
34.48658345,74.633779175,87.3587703315378,yes
34.485997649999995,74.6338519,98.51677500317176,yes
34.48581575,74.63387614999999,117.61089448507218,yes
34.486300125,74.636964525,27.036249786666136,yes
34.4867378,74.63675727500001,74.3391435791598,yes
34.487524750000006,74.63671240000001,30.132430144156622,yes
34.48752055,74.63645977499999,52.33995064671048,yes
34.4933075,74.63503485000001,108.99783365787913,yes
34.4935223,74.635015275,123.98656091009035,yes
34.49392815,74.63497190000001,54.5264332246781,yes
34.493919925,74.63482855000001,93.90899374357292,yes
34.494105499999996,74.634925525,143.7025820685082,yes
34.50935885,74.64143995,308.0044375032081,yes
34.510418349999995,74.639495,103.8223191938362,yes
34.5135819,74.63726445,27.72371066287384,yes
34.51376525,74.63724954999999,41.36989432103003,yes
34.51372335,74.63741535,72.23457105112075,yes
34.513843075,74.63732365,62.99076325467256,yes
34.514036850000004,74.63699994999999,23.75561353447967,yes
34.514007,74.63659415,18.136188903774972,yes
34.514078549999994,74.6364311,24.14692503148104,yes
34.51420115,74.63631095000001,22.178151659623403,yes
34.518682150000004,74.635766725,58.121148610263674,yes
34.518088424999995,74.63555647499999,58.14158139802608,yes
34.5180225,74.63694140000001,57.79779665634723,yes
34.517906999999994,74.63619309999999,37.07733347127477,yes
34.518041275,74.636496525,117.41664732320714,yes
34.519123449999995,74.63552517500001,16.13044102628762,yes
34.519167375,74.6356469,26.804065834440163,yes
34.5189755,74.63569185,11.778640886968331,yes
34.53900503333333,74.63724053333333,348.3539694474878,yes
34.537959975,74.637244225,71.5788664027773,yes
34.538177675,74.6372082,130.89916808247008,yes
34.53835605,74.63725635,73.0461464846673,yes
34.5384334,74.6372565,58.90684327182205,yes
34.53857725,74.63725735,69.6161322054273,yes
34.53866125,74.63727995,102.08214175868984,yes
34.222420706250006,74.51210244375,632.5434263914125,yes
34.16581634117647,74.5633252647059,717.6638486037518,yes
34.165745650000005,74.56295455,253.1645817595949,yes
34.4412732,73.90690115,24.54304867174519,yes
34.441489,73.907091675,27.016250092433438,yes
34.4416085,73.90698635,23.15586408621406,yes
34.441441475000005,73.906942525,31.38121579999465,yes
34.436747675,73.9262031,60.02568350229171,yes
34.436636899999996,73.92611174999999,30.264607316185632,yes
34.4356027,73.925399125,86.0315231721649,yes
34.4357482,73.92496390000001,70.9852826984378,yes
34.435999025,73.92533865,45.66652506656833,yes
34.436141775,73.925103925,47.38040536703353,yes
34.4173813,73.9277323,109.71999182460081,yes
34.41703815,73.92813635,192.25659145594528,yes
34.417214099999995,73.9279622,85.80901827331547,yes
34.416999374999996,73.92852645,120.68208729972712,yes
34.4156412,73.928846,40.59611969864474,yes
34.415513425,73.92958865,72.36300655988069,yes
34.416249375,73.92797920000001,70.2495912823056,yes
34.4164236,73.927737325,51.07765341373855,yes
34.416358,73.92835195,79.9513262269057,yes
34.41661965,73.9282051,95.5378419959564,yes
34.41655895,73.92811557499999,133.72848373625033,yes
34.41644755,73.92906255,86.48738971356718,yes
34.416466275,73.92931002499999,187.74160974403077,yes
34.416256974999996,73.92961782500001,219.6591741054174,yes
34.403573575,73.944126225,92.67116218509102,yes
34.40358465,73.94443115,153.46092080245904,yes
34.403274925,73.9441164,75.23784385324392,yes
34.51057965,73.92105004999999,10.846460463314871,yes
34.5104881,73.9212607,18.91392974640356,yes
34.510692375,73.92175135,14.167939304602776,yes
34.5105434,73.92154815,119.81198328580075,yes
34.4089628,73.99451115000001,39.56529650715804,yes
34.40879585,73.9944766,24.30154058480639,yes
34.4088981,73.994740225,39.21880240453472,yes
34.4087392,73.994839325,150.58041598650283,yes
34.409916175,73.99528832499999,54.99928808425917,yes
34.41002375,73.9951176,69.27126267518143,yes
34.41012505,73.99508780000001,146.16109675963162,yes
34.69293375,74.3050294,38.40483525738345,yes
34.69280315,74.30511315000001,170.45585824516917,yes
34.691486600000005,74.31113520000001,44.54677673976205,yes
34.6914437,74.31133460000001,87.14634190210856,yes
34.69160935,74.311181625,53.837136716331955,yes
34.691192525000005,74.310734875,17.630594770016845,yes
34.69125592500001,74.31014535,38.99734602139302,yes
34.69126105,74.3100469,57.44046904270523,yes
34.69141045,74.310218925,108.0106818191594,yes
34.691881025,74.30991234999999,158.0493665521608,yes
34.6916588,74.3106118,54.58834313602199,yes
34.6916621,74.31049765,124.64785508124805,yes
34.691507275,74.3109638,72.26380424840848,yes
34.69153085000001,74.3107584,102.9057644972143,yes
34.617574275,74.42280085,92.69967377058279,yes
34.617540425,74.423034675,99.71060814462214,yes
34.617785575,74.42302752500001,179.5016931575242,yes
34.618030175,74.42180555,110.23899633417415,yes
34.618249625000004,74.421928,90.00078450128021,yes
34.61814765,74.42171337500001,111.03109060037306,yes
34.62172135,74.42023055000001,81.56163694884668,yes
34.62154755,74.4205329,154.45337835467194,yes
34.621622225,74.4203994,109.49232289565497,yes
34.62146025,74.4199163,102.57227347627168,yes
34.620354199999994,74.42070484999999,153.78547069044674,yes
34.620923274999996,74.420830325,174.01832683523511,yes
34.62079575,74.4206743,43.780963233876534,yes
34.6205938,74.420782675,150.51609849695888,yes
34.62057955,74.42063795,150.04186663554907,yes
34.6205534,74.42048779999999,108.53005656717104,yes
34.620934525,74.4199491,35.61770966064799,yes
34.62125145,74.419777475,29.81974140050798,yes
34.6212754,74.42066394999999,28.732184873659776,yes
34.621201,74.42006967500001,80.05137265677484,yes
34.621421825,74.4204443,130.1445146095997,yes
34.621371225,74.420207775,105.25713875236929,yes
34.621312,74.4199892,117.9927673612176,yes
34.621253949999996,74.42154715,118.68942613289619,yes
34.62115755,74.42114617499999,135.1261264128608,yes
34.037320199999996,74.209428725,270.2138034569964,yes
34.037436875,74.2091484,92.72270302309502,yes
34.04091085,74.20787835,82.72742766925575,yes
34.041155124999996,74.20590155,79.09550465688407,yes
34.041033325,74.205672575,50.46375431300617,yes
34.04072455,74.20576745000001,57.55286198750886,yes
34.042426,74.20504592500001,75.15891346396302,yes
34.04249375,74.2043774,87.06582521621635,yes
34.0426298,74.204355825,41.26011451527519,yes
34.04274535,74.204210675,42.70019540274575,yes
34.042798024999996,74.20405650000001,33.105459321603746,yes
34.04327875,74.2044944,64.42468827110798,yes
34.043436475,74.204147725,35.0008398334385,yes
34.046303800000004,74.204292,72.48770051588326,yes
34.046046000000004,74.20306514999999,60.45902073577002,yes
34.04569275,74.20370505,29.034711866580423,yes
34.045632999999995,74.2038367,28.391551393180784,yes
34.04562145,74.20400015,44.266283287087944,yes
34.0454305,74.204472025,62.12683686494806,yes
34.04558985,74.20453032500001,32.40499437134723,yes
34.0455332,74.20465077499999,53.18204879609714,yes
34.0455351,74.205707725,63.641587293516125,yes
34.0457181,74.208122175,46.78711435723691,yes
34.046271775,74.20843435,56.21208420853591,yes
34.0460418,74.20819715,50.96912841041073,yes
34.046133725000004,74.2080422,58.145958785331985,yes
34.046034325,74.20794409999999,60.11520856683671,yes
34.0465316,74.207710925,71.81042107999897,yes
34.046529250000006,74.20747545,64.2227508725529,yes
34.046510325,74.206886375,47.4541319118871,yes
34.04633555,74.2069524,52.725134748563505,yes
34.046159075000006,74.20695755,73.32253021698588,yes
34.04601515,74.2071345,76.32888191732007,yes
34.04583495,74.20685904999999,58.58608279206487,yes
34.045751599999996,74.2070513,89.73847008666897,yes
34.0448918,74.20853224999999,103.2664804672018,yes
34.044568874999996,74.20889855,58.03223515056948,yes
34.044080375,74.2080955,59.10047629262969,yes
34.044734225,74.20889205,30.980432005611224,yes
34.04485245,74.2089919,100.07046958814823,yes
34.04495215,74.2090263,84.9574251813788,yes
34.045362850000004,74.20812835,82.45159164464437,yes
34.045233775,74.20659207499999,36.495669795461126,yes
34.0451787,74.20674595,85.33052792501303,yes
34.045210850000004,74.206922425,68.38779806631999,yes
34.0593737,74.21598815,91.30787662611095,yes
34.05932405,74.21575865,62.824676023692845,yes
34.059971624999996,74.21581722500001,48.74006554113529,yes
34.059876100000004,74.2147561,46.36147808155358,yes
34.059824275,74.21453699999999,46.808011106539944,yes
34.0595771,74.2145079,48.34843450283267,yes
34.0703395,74.21555140000001,105.22110012880489,yes
34.0702049,74.21554515,63.30607597504229,yes
34.070067075000004,74.21562117500001,73.67906549467517,yes
34.07013335,74.21575849999999,77.37448822256741,yes
34.06984045,74.215799575,81.61082542172869,yes
34.0697515,74.2154864,71.76688707701412,yes
34.06991145,74.21530075,82.29712889590705,yes
34.07014945,74.215358125,93.64553276320396,yes
34.070426999999995,74.215338325,51.17487445713357,yes
34.070465325,74.215522,70.3212391483271,yes
34.070674624999995,74.21538617499999,56.62186593229236,yes
34.070813475,74.2148996,61.15614230199306,yes
34.070983749999996,74.214836125,63.0755113627215,yes
34.070900025,74.21471905,66.01828897670796,yes
34.07137075,74.21428475,67.90883049655764,yes
34.069957974999994,74.21457625,95.00967923308869,yes
34.070090074999996,74.21444885,50.05946359162742,yes
34.070399099999996,74.214428775,265.082325665745,yes
34.07070025,74.2140619,72.51968738756813,yes
34.07066135,74.21426255,194.59123127573974,yes
34.070999,74.2139061,71.01714510415653,yes
34.071213925,74.2125004,79.91697620895725,yes
34.07118785,74.2114128,72.92812699833766,yes
34.0711789,74.2111042,56.04373154945333,yes
34.0714483,74.2108674,44.47801565356738,yes
34.0717554,74.2107654,77.90250993803298,yes
34.012382475,74.35457715,18.07787498862173,yes
34.0124111,74.354429525,28.397545175793972,yes
34.012225325,74.354534625,27.925126939078282,yes
34.0124418,74.35416725,40.657805428469075,yes
34.0125209,74.35409435,38.86829282697045,yes
34.012064925000004,74.35421645,76.49784160494895,yes
33.992120425,74.26715987499999,73.73473960413044,yes
33.991081475,74.26834925,66.38643482334008,yes
33.991534900000005,74.26829024999999,31.319137731585336,yes
33.99161385,74.26818285,122.11742889609448,yes
33.9914359,74.26816485,114.80966887515692,yes
33.991519249999996,74.268024075,96.12404022700031,yes
34.002686925,74.2853776,6.195518131267096,yes
34.0025632,74.285383,11.629874611127022,yes
34.0031179,74.286353675,13.807746501894682,yes
34.0025837,74.28571400000001,16.126017556784824,yes
34.002706599999996,74.28581145,20.56903752535591,yes
34.0027793,74.2858382,12.56425068750603,yes
34.00283785,74.2857752,11.9887977762701,yes
34.002839,74.286039425,17.98350392681614,yes
34.00288904999999,74.285853175,15.22850694196488,yes
34.002843424999995,74.285676675,19.50175730178183,yes
34.002913,74.285750275,29.078256842068193,yes
34.003031525,74.28569802499999,28.461260251230975,yes
34.002778875000004,74.285570675,55.876864784829564,yes
34.103843575,74.29737929999999,25.485761698972723,yes
34.103660149999996,74.297849025,37.32097479460221,yes
34.101201025,74.31237125,26.228269739396012,yes
34.1011474,74.31222375,37.18115306277196,yes
34.1097953,74.32748975,46.30763940006398,yes
34.109937249999994,74.327368425,86.67461703457971,yes
34.10947235,74.32653822500001,90.78617955923659,yes
34.109536850000005,74.3257878,14.0033574624565,yes
34.109325775,74.3257863,88.50429002930254,yes
34.1086426,74.325324675,121.99904593040912,yes
34.10836835,74.3246228,31.454857319548545,yes
34.10826555,74.32458092499999,52.689514504734916,yes
34.108104075,74.3245064,103.16108320101903,yes
34.078826275,74.314540225,60.25140375162429,yes
34.0789158,74.314433925,29.23122332223071,yes
34.078990325,74.314414175,31.374119636388638,yes
34.0790738,74.314090625,135.37652143786136,yes
34.079226000000006,74.314099325,92.94510609671055,yes
34.0792423,74.31396195,89.30023700277732,yes
34.079110299999996,74.31490175,46.63862235386286,yes
34.0789769,74.3148634,55.45565649371631,yes
34.0793636,74.31508005,98.0332587994728,yes
34.0794822,74.3150347,130.35505961095961,yes
34.0796194,74.314461325,99.5568070559534,yes
34.079780074999995,74.31407235,122.79299870651315,yes
34.049830025,74.262817325,122.41699748701073,yes
34.050360675,74.26255632499999,25.963063861675124,yes
34.049746525,74.2621549,36.45382518241533,yes
34.049594025000005,74.26281,93.33494217884346,yes
34.05002865,74.26301165,182.77305939256462,yes
33.748402299999995,75.22330325,85.25780388214827,yes
33.74853375000001,75.22348925,282.1098430599577,yes
33.967754684999996,75.31564454,2855.752246047872,yes
33.96857875161291,75.31603926129031,2009.3732666371252,yes
33.9694620375,75.3162504625,1572.713104086712,yes
34.400810575,74.049421275,62.60144859327512,yes
34.4010276,74.048497275,78.57526190097803,yes
34.4028961,74.04360435000001,22.9582707704421,yes
34.402776349999996,74.043444975,29.78040213920491,yes
34.403080100000004,74.043338475,25.814671955181126,yes
34.402865675,74.0432707,54.54561481947151,yes
34.4029554,74.04313027500001,33.129686014724626,yes
34.403172075,74.04296845,38.777462085758785,yes
34.4031647,74.04320262499999,48.356413497945695,yes
34.4000319,74.04116515,29.229910644338595,yes
34.400059,74.0409981,22.16645728079076,yes
34.400259500000004,74.0410858,40.62358079831486,yes
34.40026515,74.0409262,102.24002773673273,yes
34.400145975,74.041139575,47.089594039269436,yes
34.4001379,74.04073464999999,29.8481131103403,yes
34.400061300000004,74.0405197,89.94923591734198,yes
34.40014745,74.04031792500001,104.17421014245454,yes
34.4002807,74.04009144999999,50.716772118641444,yes
34.399876649999996,74.04039907500001,98.47927869924786,yes
34.399730325,74.0406754,133.87082477567316,yes
34.4951819,73.99689365,86.84569692670395,yes
34.494852249999994,73.9968775,102.44969859139366,yes
34.494746899999996,73.99636207500001,174.30953395200362,yes
34.4898229,73.99841074999999,138.22606973732837,yes
34.48959565,73.99830125,136.83608105469915,yes
34.12906428235294,74.84243848235295,3365.5943215323855,yes
34.12941905833333,74.83719706666666,3456.0202118671873,yes
34.13284114166667,74.82500954166666,2153.327182998348,school
34.5040031,74.27334755,1669.314750838451,yes
34.504298025,74.273168175,1745.905454487956,yes
33.600399662499996,75.4827182125,122.44422442058755,yes
33.60592135,75.23622885,118.09796403044882,yes
33.605484974999996,75.235897925,886.787484972336,mosque
33.6050947,75.28642735,398.7072656765379,mosque
33.902025725,75.04023185,463.948338271569,mosque
33.923773025,75.0122685875,511.6617469771776,mosque
33.985418349999996,74.94918924999999,278.41547191055463,mosque
33.787588050000004,75.1087611,46.451121013577406,yes
34.0272239,74.91423975000001,219.7568790917486,yes
34.017962675,74.91339042499999,314.7847065002896,mosque
34.27757075,74.81149685,100.40129384271312,yes
34.23534835,74.4442901,1682.161076089723,yes
34.23548585,74.4447112,1680.6155218964896,yes
34.2348849,74.44578945,2885.1091563856917,yes
34.234720825000004,74.445341525,2928.494853192453,yes
34.234560900000005,74.444908075,2962.955745186696,yes
33.972164725,74.8870633,444.3279652875941,yes
33.8620296,74.766145225,2397.318472447692,yes
33.86242475,74.76688192499999,1014.8887288874023,yes
34.036668925,73.9481245,58.14117737931215,yes
34.0366728,73.94777164999999,103.69504043670105,yes
34.036733125,73.94827967500001,39.65035374534449,yes
34.03761415,73.9487924,31.16197872434524,yes
34.03769055,73.9484831,45.19522297517001,yes
34.037743125000006,73.94890635,46.89966005334725,yes
34.037793375,73.949182075,46.46786818104706,yes
34.03791685,73.9494761,33.59056265012963,yes
34.03738685,73.9478906,102.01812794356312,yes
34.037279999999996,73.94764445,140.79713666570905,yes
34.0294925,73.9597463,20.729983614573825,yes
34.02948825,73.959647875,23.856174631341744,yes
34.0294322,73.959875225,57.70766983823896,yes
34.029296349999996,73.95889724999999,30.18911262591925,yes
34.0293725,73.958914575,30.415953263958414,yes
34.02975359999999,73.95906025,23.6260055398913,yes
34.0296986,73.95881965,28.829920235397374,yes
34.02947125,73.95882645,33.515005279302834,yes
34.02940235,73.9591891,29.754706367166104,yes
34.02947175,73.959430675,17.038678839530355,yes
34.02957015,73.95946315,11.162091596982691,yes
34.02952675,73.959234725,52.145103847421865,yes
34.029892475,73.959362475,104.72448285152579,yes
34.029864350000004,73.95801725000001,402.2707296661863,yes
34.032688625,73.94522054999999,12.58375030957843,yes
34.032729,73.9451219,16.819721847152046,yes
34.032486075,73.94540740000001,12.350926694554667,yes
34.032471075,73.94547875,14.977795225172699,yes
34.032745774999995,73.9454078,12.397100847758532,yes
34.032866075,73.94529405,20.92840333568455,yes
34.03282355,73.9454066,30.601408165939873,yes
34.032523425,73.945162925,49.2556219492195,yes
34.0329893,73.94530835,126.93876344502374,yes
34.25806925,74.44697985,1016.5806504926065,yes
34.25769615,74.451505325,107.02521550256435,yes
34.257980825000004,74.45115336666666,666.1946075290518,yes
33.657737725000004,75.1256429,270.02818305415644,yes
33.657439675,75.1260392,381.49954617876404,yes
33.65760745,75.12558055,437.39744183281925,yes
33.65741005,75.12480049999999,282.4174945319812,yes
33.6574241,75.12492605,328.49116746524203,yes
33.6574754,75.12506069999999,318.27032672909945,yes
33.657366975,75.125252175,589.480580304304,yes
33.657461925,75.125501475,589.4799299179825,yes
33.657419575000006,75.12539025000001,589.8149049177507,yes
33.659047975,75.1234297,457.2752962132829,yes
33.659010075,75.12361845000001,599.5177133066306,yes
33.65904545,75.1237332,600.0496902372215,yes
33.6590879,75.12387104999999,599.6421608967953,yes
33.659124,75.1239882,600.3733234279298,yes
33.6591662,75.1241252,600.3730288737682,yes
33.65920175,75.12424060000001,600.048600140555,yes
33.659245049999996,75.1243811,600.0482981545742,yes
33.6592793,75.12449225,599.6408270071631,yes
33.65935675,75.1247437,600.047519313197,yes
33.659391400000004,75.1248561,600.3714576637235,yes
33.6594278,75.1249742,600.3712036812032,yes
33.659462375000004,75.125086575,599.8348308799157,yes
33.6871296,75.11653337499999,120.2990676351947,yes
34.3464389375,74.4061140875,1347.5991281640884,yes
34.348349418750004,74.40548900625001,2582.067516091679,yes
34.348827299999996,74.40486255,266.7469037147405,yes
34.34908075,74.4046235,429.20356289042604,yes
34.3478197875,74.4046107875,755.4445180770501,yes
34.346439025,74.40252405,859.7358097760527,yes
34.346741325,74.4032389,588.5042325409905,yes
34.3471478875,74.40688735,1265.7236952169878,yes
33.9807987,74.62915465,1041.1892247800351,yes
34.202515225,75.273200125,63.08570874184243,yes
34.20269865,75.27310725000001,74.9732255097058,yes
34.202327275,75.27327005000001,88.13266424836272,yes
34.20244325,75.27340232499999,101.60899769750762,yes
34.281687425,75.27688934999999,77.11694962972373,yes
34.291212,75.26958495,17.76224819349208,yes
34.291264999999996,75.269561475,23.701267910432577,yes
34.291029025,75.2702711,41.159206724672885,yes
34.2908616,75.269824175,49.524169816373956,yes
34.290979799999995,75.26985335,37.22788732306137,yes
34.29090375,75.27029105,37.35101503521416,yes
34.29077385,75.2702498,50.676812357195104,yes
34.290833525,75.2701814,54.43303683474382,yes
34.29070465,75.2700151,85.40936884467189,yes
34.290675075,75.26992489999999,39.79063221796433,yes
34.0719101,74.8087596,889.9500812881895,office
33.995672919444445,74.86524309444445,1706.410087929435,yes
34.085406625,74.7982487,971.5469508719436,hospital
34.08646764000001,74.79833620000001,2386.8873265899315,hospital
33.918379325000004,74.9445446,322.43538379916964,yes
33.9837866,74.79929924999999,178.7944520505494,yes
33.9837132,74.79936897500001,178.6942347539379,yes
33.9835831,74.79952052499999,178.6945082574693,yes
33.9834224,74.799127575,178.69484612065065,yes
33.983334,74.79918525,202.75789673699666,yes
33.9832717,74.79926705,202.7580453421889,yes
33.98318275,74.798938475,202.6347657279677,yes
33.9832439,74.7988607,202.89754605550183,yes
33.983317299999996,74.79879365,202.757936574296,yes
33.983384,74.798735975,202.85722682456543,yes
33.9827546,74.798469075,202.85872894216777,yes
33.9828347,74.79841007499999,202.8585377865304,yes
33.98290585,74.79834035,202.53602718062356,yes
33.9829759,74.798266575,202.85820079972632,yes
33.983042600000005,74.798199525,202.8580416139219,yes
33.983206100000004,74.798443625,202.85765139545046,yes
33.9831316,74.79851067499999,202.85782919606675,yes
33.9830604,74.79857235,202.7585493792796,yes
33.98298925,74.798643425,202.63522702817065,yes
33.98291472499999,74.798711825,202.7739169025652,yes
33.98268125,74.798784275,202.84613952577348,yes
33.982606725000004,74.7986689,202.6816092695873,yes
33.98254995,74.79857502499999,202.84645285462625,yes
33.98248975,74.79849214999999,202.91493022404524,yes
33.9825988,74.800269775,50.1516507757976,yes
33.9849286,74.79868834999999,226.98023578289508,yes
33.984612219999995,74.79827823999999,404.7737291720766,yes
33.984625775000005,74.798556425,441.1401773218102,yes
33.984351849999996,74.798415475,123.94269231790511,yes
33.9842631,74.79860587499999,128.13292877019717,yes
33.98424249999999,74.798745375,184.08814431762437,yes
33.9841669,74.7988218,184.06616282874643,yes
33.9840863,74.7988989,184.06633737657398,yes
33.98400565,74.7989539,223.36666606330454,yes
33.983934475,74.799028325,279.03168604167126,yes
33.9842225,74.799845725,279.17827269514635,yes
33.984370725,74.800056875,251.29466031386102,yes
33.98467741698113,74.79916583962265,2579.259821094025,yes
34.008382049999994,74.82878455,304.38470567726995,yes
33.97474185,74.8703117,579.3844663252117,yes
34.21603185,74.6504325,31.014589612612138,yes
33.976646275,74.74758707500001,394.2414073720843,yes
33.98492085,75.04896865,38.01736983282261,yes
33.985022050000005,75.0489874,61.06586007760353,yes
33.985013025,75.04911835000001,60.78766998123807,yes
33.9851349,75.049138875,39.54322654408504,yes
33.985226049999994,75.04917209999999,53.52064337218924,yes
33.902112349999996,75.12979155,407.741377878162,yes
34.0719199,74.83019627499999,167.5817866224782,yes
34.0712376125,74.8298662875,669.7043069234498,yes
34.071120449999995,74.8300308,510.87051057501344,yes
34.071553725,74.82997231875,1191.6047004894021,yes
34.075890300000005,74.05747402499999,2091.8455434881334,yes
34.0532856625,74.9384560375,14584.140376570293,yes
34.051820525,75.01579567499999,1778.822283739601,yes
34.050781,75.01802068750001,2240.680717445868,yes
34.056720475000006,75.0156995,1249.287597697641,yes
34.055779924999996,75.01679899999999,1027.3194480751429,yes
34.05280295,75.016234625,2296.665185301261,yes
33.74796346,75.03457108,880.1602442508968,yes
33.9886398,74.681539775,280.5602734170481,yes
34.306324475,75.28040387499999,347.07274174274994,yes
33.83139295,74.32578316666667,217.6423497076051,yes
33.827654450000004,74.34756016666667,2028.7946617434297,yes
33.8280796,74.3475525,351.2882300700322,yes
34.072757175,74.83019954999999,89.41660964070357,yes
33.65679633333334,74.83477415,662.0117090422891,school
33.656218357142855,74.84078902857142,646.5110325667581,school
33.64532989999999,75.02674077692308,2280.496051165535,hospital
33.645094488000005,75.026322124,1836.7008325783686,hospital
33.656512525,74.9874974,237.92602010896175,yes
33.7116713,74.8385925,786.7576637596449,college
33.71205026666667,74.83948996666666,999.201686031367,college
33.718075766666665,74.83296441666667,3683.5648237659116,yes
33.71757160000001,74.83444055,63.99343234828021,yes
33.720858725,74.835139125,655.8359894938462,yes
33.716454725,74.83274227499999,414.57322075057044,yes
33.658951775000006,74.830892025,2160.474759752718,yes
33.65508117500001,74.841078975,138.16147068697558,yes
33.655031359999995,74.8407336,190.9485487138229,yes
33.654147800000004,74.84060769999999,240.03378411599496,yes
33.656964099999996,74.83927674,73.67450187241832,yes
33.670765875,74.93804815,89.08312099240206,school
33.67166098333333,74.93735968333334,203.99681883349479,yes
33.65502480000001,74.83924834999999,87.06084373018214,yes
33.6525396,74.838479025,76.61080843045103,yes
33.716782859999995,74.83284846,976.8993659996727,yes
34.07417055,74.82822145,318.10269548584085,yes
34.066810200000006,74.81315415,2387.359203532764,yes
34.066244133333335,74.8078605,876.3556722082818,hospital
33.754228025,74.842206325,831.6819481315636,school
33.669216633333335,75.0347804,508.62888232281574,school
33.666148325,74.8468080875,724.3955842604444,yes
34.0766643,74.7985719,399.69681386219014,yes
34.130029525000005,74.835445625,654.4128721741583,mosque
34.1334513,74.835231125,905.8724151435996,university
34.13346765000001,74.8342930857143,1367.4048242372833,university
34.132653166666664,74.83374590833334,1780.9154955559702,university
34.13347558571429,74.83343344285716,817.1681867191203,university
33.92516258333334,75.0192902,1366.4849820584054,university
33.92527109545454,75.02010228636362,1563.0964070565735,university
33.92414501818182,75.01777677272726,1205.1018469998594,university
33.672000213333334,74.95626425999998,7963.717988810722,yes
33.671876375,74.95571699999999,95.93892595439024,school
33.672007674999996,74.95584715000001,180.69066780603265,school
33.672243075,74.95627795,113.1926571777693,school
33.67218345,74.956684025,146.46903067897313,school
33.67166695,74.955434275,51.444550626360744,school
34.127987925,74.83609435,339.42437964234443,university
33.645978725,75.0144804375,685.2131205883658,yes
33.646545933333336,74.99156585,137.17479889960185,yes
33.65408564666667,75.02643075333332,14086.355646167976,yes
33.6320569,74.83601321,2185.2176333105062,yes
33.6321747,74.83619143333334,651.2132944464397,school
34.288143616666666,74.46014656666667,14384.480795098232,yes
34.13416259285715,74.83354195000001,1311.834080044265,university
34.129824674999995,74.83793374999999,2232.9122152206173,university
34.1291799125,74.83588903750001,349.36192190393587,university
34.13174333,74.83377324,546.9164296570005,university
34.133708684999995,74.8382192,715.4950905370615,university
33.67206215,74.936146775,16.900049252195736,yes
33.671902200000005,74.93904925,111.63742253110937,residential
34.13797650909091,74.84042846363637,784.3472527513786,yes
33.67079416,74.93682559999999,98.49196619318742,yes
34.13420405471698,74.83847093396227,2090.7288977357694,university
33.67932818,74.97774296,727.1966840236082,yes
33.64657525,75.0018836,1438.4585684434278,bunker
33.64840112884615,75.01676644423077,4901.726095370284,yes
33.68664945,74.952827575,58.44486338271918,yes
33.703032375,75.288297975,103.13247851431716,yes
33.7075312,75.30333587499999,51.52800150076293,yes
33.7083909,75.30567674999999,143.14665884070092,yes
33.64224405,74.77905312499999,181.11597032347464,yes
33.71695905,74.83488066666666,224.84148392034882,yes
33.7382068,74.83492865,782.7110029921533,yes
34.0335368,74.366546725,207.27012799738756,yes
34.54403226,74.31466362,1583.317966746698,yes
34.0764777,74.79876984999999,185.06905691153446,yes
34.00116895,74.76389644999999,555.273613656938,yes
34.00138865,74.76419256666667,533.298267909536,yes
34.00154216666667,74.7643704,365.1198743978725,yes
34.001650649999995,74.76420089999999,153.9105285645083,yes
34.001699125,74.76388115,218.7552365022919,yes
34.0015372875,74.7639177125,290.8538540657505,yes
34.00174754545455,74.76432170909091,559.5592215131892,yes
34.001842625,74.76406315,34.57600484916421,yes
34.001292375,74.76491030833334,202.89191780024527,yes
34.001115649999996,74.764312625,74.09312742411518,yes
34.001166999999995,74.76441175,149.95086835422939,yes
34.00103182,74.76447978,275.5317751763814,yes
34.000970775,74.764581775,151.93143636985513,yes
34.000890049999995,74.76464115,122.49191978767888,yes
34.0008492,74.7647669,44.733996636456055,yes
34.003166314285714,74.76114282857144,1330.522982892089,yes
34.002805800000004,74.76109554375,736.4408459414367,yes
34.00367322,74.76198079999999,344.37960043976625,yes
34.00354142,74.76190428000001,306.37447854360084,yes
34.011643375,74.767575375,707.1548331341071,yes
34.01147515,74.7680389,202.6977124129932,yes
34.011556475,74.76787895,127.63481175468736,yes
34.01155585,74.766101775,412.51212580830565,yes
34.011664100000004,74.766357625,506.834626536314,roof
34.01281854285715,74.76642852142858,1062.7049441461154,yes
34.0706797675,74.77918624,6711.1846250781055,yes
34.07141335,74.7789721,372.55243974033806,yes
34.0716691,74.77880593333333,769.3715659583402,yes
34.071412175,74.77835256666667,945.4065500376638,yes
34.071109424999996,74.7781559,315.60666156858576,yes
34.070438087499994,74.7799844625,607.632690031313,yes
34.0690301625,74.7805575,746.9681499206226,yes
34.068639008333335,74.78005130833333,799.0693525116327,yes
34.070002099999996,74.783868025,165.2533625702916,house
34.07003428,74.78403422,135.4742368747978,house
34.07002876666667,74.78421295,172.40343862726883,house
34.070210949999996,74.7840578,159.40301662469318,house
34.070098175,74.7837523875,198.0063506190864,house
34.070453387499995,74.78379662500001,229.34260235381254,house
34.0705209,74.783656175,233.9261196103969,house
34.070658625,74.7835415,163.00739999691973,house
34.07077695,74.783497925,151.61365910239198,house
34.070924125000005,74.783357775,158.23501529407127,house
34.07106855,74.78325045,172.53544067912512,house
34.071170225,74.78315322499999,137.48603133175072,house
34.0710991,74.78296750000001,240.41820739611023,house
34.071326825,74.78279985,250.34973843535397,house
34.071604,74.78298425,177.2444785393387,house
34.071482375,74.7826751,346.6128509039079,house
34.070640499999996,74.78331304999999,248.62681315740878,house
34.07045755,74.7834664,315.9973641649091,house
34.07031979999999,74.78359915,124.68023400052628,house
34.07035962857143,74.7842267857143,130.14300695574798,house
34.070656425,74.78430655,172.08757916498985,house
34.070730850000004,74.7844843,90.72751783961002,house
34.070637500000004,74.7845413,128.13080007439365,house
34.0707536,74.78488057499999,411.73575963407495,yes
34.070524775,74.7846251,158.95623391343344,house
34.0704981,74.784413875,129.2365315664887,house
34.070612525,74.784042375,90.72820785931899,house
34.070686975,74.7839827,83.05822444496728,house
34.07054,74.78408730000001,88.08943752577716,house
34.070748428571434,74.78391584285714,98.04097684463531,house
34.070847666666666,74.78387611666666,116.05983198240631,house
34.07095208333333,74.78380233333334,156.52440587922104,house
34.071026350000004,74.78367203333333,269.5556760952114,house
34.071184093333336,74.78359774,317.73255258087283,house
34.07127405,74.782128625,149.48189129447633,house
34.071361825,74.7822956,160.91362924536554,house
34.07140405,74.7824438,155.06251504274866,house
34.071090775,74.7822299,153.19742016995866,house
34.070952475,74.78232642500001,196.79401300222688,house
34.070656975,74.7825598,150.692454701031,house
34.070928025,74.78265635,207.15773560316785,house
34.071035775,74.78245047499999,170.25196731101815,house
34.0708130375,74.7828686,293.31548661412324,house
34.070523900000005,74.78268184285714,140.76118811110004,house
34.07056398499999,74.78296252999999,423.1117362360898,yes
34.070347049999995,74.78316999999998,182.5202074556089,house
34.0701693,74.78333492499999,236.8485788695523,house
34.0700343,74.78343825,167.11643078024326,house
34.0698085125,74.7830835,289.161808382801,house
34.06979155,74.783442925,219.62317713047202,house
34.069432175,74.78304795,177.09964099029213,house
34.069541816666664,74.78277883333334,150.2178729602632,house
34.06960215,74.782972175,71.10747351417533,house
34.069780475,74.78368967499999,175.35786192004417,house
34.071010775000005,74.784665975,290.32569463096377,house
34.071194075,74.784562725,174.06839868970755,house
34.07134185,74.78441655,265.85468694063127,house
34.07149735,74.784342775,361.6821672718436,house
34.071328475,74.7840558,167.8268672161532,house
34.071232949999995,74.783908275,123.88242849801289,house
34.0714418,74.78397465,164.16440311419242,house
34.071199625,74.784242875,199.13330508156693,house
34.070990775,74.78410275,73.01699178347272,house
34.07155235,74.78390759999999,127.88883501797085,house
34.071493475000004,74.783752075,132.8142401214886,house
34.071359075000004,74.783826475,150.25741066326597,house
34.071597925000006,74.78367225,127.28485497718927,house
34.07164955,74.7838553,83.24178771573085,house
34.071718975,74.78357432499999,272.33290409388746,house
34.0718895,74.78371115,232.3334239881777,house
34.071726775,74.78378155,108.3355605058338,house
34.02075555,74.744603075,1691.2384754804148,barn
34.042378575,74.73126365,985.4635946501505,yes
34.042384125,74.732012,314.0242728508159,yes
34.0420352,74.73293065,642.7558858943576,yes
34.04204742499999,74.73375945000001,606.829115307582,yes
34.039535875,74.7332874,977.2099266368248,yes
34.041149475,74.73515152499999,987.7285138701809,yes
34.039765233333334,74.73737195,1963.4594776889335,yes
34.0396059,74.736878875,2571.275666147733,yes
34.039781524999995,74.737007525,2752.854343881243,yes
34.069261374999996,74.80506265,331.78092063629606,yes
34.071161540000006,74.80101109,1273.1516609456758,yes
34.07139727,74.80050678,1022.4295730029794,yes
34.070997274999996,74.803333375,623.9137096740056,office
34.07157376000001,74.80259074,3421.0608320998144,yes
34.07187076153846,74.80150755384616,163.09606630373236,yes
34.074069025,74.8049022,238.62969313342847,yes
34.07411015,74.8051181,267.66715267202295,yes
34.074239,74.80484255,268.0898235498755,yes
34.07428785,74.8050504,222.19510133951547,yes
34.074748825,74.80518455,185.7526125341565,yes
34.0746972,74.80498265,239.67695877020176,yes
34.074530575,74.8050544,212.11508290420596,yes
34.074582774999996,74.805240175,210.4558294311169,yes
34.074275033333336,74.8056572,1084.3749758279214,yes
34.07218836153846,74.80968957692308,1997.2121008460085,commercial
34.0722403,74.80969683333332,392.2530692721018,commercial
34.07240665,74.80986383333334,469.10284206821945,commercial
34.0729057375,74.810114125,720.0739400002966,commercial
34.0711174,74.80950245,256.57682860128415,yes
34.07014355555555,74.80412143333334,2008.6615876851458,commercial
34.069703562499996,74.8040113875,1966.2574319942441,commercial
34.092564655555556,74.81347597777778,835.7110866309009,hospital
34.093051366666664,74.81305021666667,536.0694482810206,yes
34.093135175,74.813386375,342.0733330256413,commercial
34.002059875,74.7638221,218.07517651695917,yes
34.071280140000006,74.81061362,38.69921554050086,yes
34.068916875,74.82190865,973.6341995276614,school
34.068563874999995,74.8223600625,1135.1427989903077,school
34.086994545833335,74.798496925,1171.046635138676,yes
34.0871753,74.79841014,917.9399416792523,yes
34.08698799,74.79883203,437.94911435329766,yes
34.163092725,74.637498925,227.44421088249766,yes
34.180505000000004,74.62232145,499.07083121868106,yes
34.0800791,75.41844625,74.85465846032864,yes
34.078468525,75.417375275,293.99417611195724,yes
34.0786122625,75.4166376,377.6410281958693,yes
34.0747526,74.79786567777776,1590.303915021546,yes
34.0211604,74.76767149999999,635.55673528986,yes
34.042503725,74.755055575,304.85196501785026,yes
34.0654679,74.7578378,216.03119148437565,yes
34.1048442,74.79414158,1900.3787640367887,religious
34.10184756666666,74.79498505,229.97968172878603,house
34.105434325,74.6717453,257.1579610992285,yes
34.117557575,74.698887325,241.1369212943951,yes
34.109903925,74.666170425,142.33490960865208,yes
34.032632899999996,74.77637375,208.1075852903034,yes
34.01660785,74.78950479999999,219.58277983762355,yes
34.152714825000004,74.80169810000001,546.1657512428333,yes
34.137394900000004,74.79596725,330.59543072707305,yes
34.13350655,74.66664835,529.612314498811,yes
34.15873755,74.691160625,569.1796365244577,yes
34.084452479999996,74.79736614,421.06070811878016,commercial
34.08450545714285,74.7970862,341.1448983077574,commercial
34.0846227,74.79707688181817,662.6779904218462,commercial
34.084370475,74.7965167875,483.30717745497327,commercial
34.0841764,74.796569425,134.239264924876,commercial
34.084118125,74.796389025,155.15142275546037,commercial
34.083999299999995,74.79647725714287,191.59569865807245,commercial
34.0842325,74.79644210000001,102.60592117760945,commercial
34.08380715,74.796484225,343.6826161079649,commercial
34.0835857,74.79661344999998,745.4235485808958,commercial
34.08404714705882,74.7971951117647,886.4099608597179,commercial
34.088683673913046,74.79837252608696,3433.5266919933947,hospital
34.08876866296296,74.7976088074074,2426.4349548114496,hospital
34.0884837,74.79511193333333,337.20947709516895,commercial
34.081799375,74.7995635,879.3576786587896,commercial
34.082640775,74.798331675,918.4305704613995,commercial
34.08505495,74.7967941,183.1355950714974,commercial
34.08499275,74.796674775,181.92354123016514,commercial
34.08480091428571,74.79682525714284,302.7623322606568,commercial
34.08504495,74.79692419999999,143.17116035329755,commercial
34.08502495,74.79705853333333,160.3812416329904,commercial
34.0848539,74.79713877500001,179.77476813460368,commercial
34.085009975,74.797386175,183.62061879354542,commercial
34.085032174999995,74.79723465000001,113.9379737436833,commercial
34.08483445,74.79733525,169.11510959949513,commercial
34.0847817,74.797563225,135.17487997250504,commercial
34.084933875000004,74.79767185,117.86539425827662,commercial
34.084862775000005,74.797787875,78.83936790079755,commercial
34.084693975,74.79747875,64.11062916776459,commercial
34.084296688888884,74.79839448888889,859.2870796660086,commercial
34.084677325,74.79814995000001,135.89729338843586,commercial
34.084628975,74.79791997500001,158.12421391134552,commercial
34.0845035,74.79798435000001,81.17874028061416,commercial
34.084584219999996,74.79834966000001,250.50788469968433,commercial
34.084336875,74.79895462500001,190.49983510869373,commercial
34.0838998,74.79907130000001,311.2540545089739,commercial
34.084028100000005,74.7989352,161.8764809206037,commercial
34.08404725,74.79868117500001,77.78112101375886,commercial
34.083676425,74.79927565,188.94114498451228,commercial
34.0841036,74.799227575,237.24846656515993,commercial
34.08393905,74.799421075,198.3841743324009,commercial
34.083827050000004,74.799314725,187.4609202886013,commercial
34.083752624999995,74.799454175,126.57966445396045,commercial
34.084088075000004,74.80023202500001,1137.9504976842309,commercial
34.084368525,74.799917575,689.1435141152085,commercial
34.084341875,74.800500925,218.44672799765326,commercial
34.083808175,74.800325225,208.76536194661057,commercial
34.082940675,74.80068532499999,282.1168893614895,commercial
34.08364987499999,74.7999256,141.28452342439743,commercial
34.083702100000004,74.79976400000001,191.6455250251986,commercial
34.084172474999995,74.79800714999999,240.2660502536339,commercial
34.084010325,74.797866325,370.30457308735083,commercial
34.084120850000005,74.797737575,146.8356431118857,commercial
34.083725425,74.797750975,288.4183631945011,commercial
34.083557725,74.79802255,387.2822389728633,commercial
34.083791180000006,74.79755358,114.72124100822029,commercial
34.0822998,74.79855900833333,816.3377265557382,commercial
34.08196877499999,74.7986274,298.05788865580155,commercial
34.082384733333335,74.79761956666665,639.2222579191235,commercial
34.082614675,74.797450575,313.62674660602164,commercial
34.082972325,74.79734330000001,187.62538016478516,commercial
34.083360712499996,74.79677195625001,301.8753861141207,commercial
34.0835274,74.79689155999999,66.21202672968718,commercial
34.083217825000006,74.79682294999999,289.5562193061086,commercial
34.0831367,74.7968726,92.3666312383015,commercial
34.083055075,74.79691079999999,281.033168502325,commercial
34.08359814,74.79697754,104.14065181449283,commercial
34.083480055555555,74.79700205555557,209.16216804625537,commercial
34.083369425,74.79711865,117.99194203175611,commercial
34.083303875,74.79700265000001,159.01694139694564,commercial
34.083183375,74.797082475,135.00170523434963,commercial
34.08284185,74.79711395,673.8622645399339,commercial
34.083095074999996,74.797206525,357.87623636716546,commercial
34.082955674999994,74.79698255,279.92665544893975,commercial
34.083257225000004,74.79718505,109.46764094040572,commercial
34.0837506625,74.796167475,354.73125323019485,commercial
34.0837643,74.795931775,199.87901479972305,commercial
34.083547724999995,74.796244925,209.3849859113904,commercial
34.083963116666666,74.79605896666666,275.45069242778993,commercial
34.083948683333325,74.79582561666666,147.5346418242962,commercial
34.084491799999995,74.79624895,333.703736752973,commercial
34.084332974999995,74.796137625,165.6856553530972,commercial
34.084596225,74.7960404,141.91640861271128,commercial
34.084211925,74.79610745,161.87141894569072,commercial
34.084092500000004,74.7960746,103.60662407340499,commercial
34.08417195,74.7959056,171.76417481714458,commercial
34.084360724999996,74.795958625,232.2327049202638,commercial
34.08405139999999,74.7959291,131.56130343249367,commercial
34.0847928,74.796240225,311.57124105354103,commercial
34.084676775,74.796124225,164.98157794076215,commercial
34.084786675000004,74.7958104,175.1678158113331,commercial
34.084696740000005,74.7956693,209.68638325835795,commercial
34.08480335,74.795569675,197.9600969659404,commercial
34.084830025,74.795376575,161.68109975417303,commercial
34.08491277500001,74.79546375,165.23717554377475,commercial
34.08499275,74.795651475,242.50981689306894,commercial
34.085216,74.79597737499999,213.01301286447494,commercial
34.08547240769231,74.79653728461541,1038.1517681346045,commercial
34.085446475,74.79683969999999,586.4582511028855,commercial
34.08533938888889,74.79707924444443,312.3335069256415,commercial
34.085259625,74.796726875,417.3034024027334,commercial
34.085698025,74.7965051,167.40834789323708,commercial
34.084410725,74.795618625,209.86998347828836,commercial
34.08427855,74.795510675,238.7063012226209,commercial
34.085152675,74.79575607499999,234.41001018342354,commercial
34.085226,74.7952941,196.14971467828445,commercial
34.084310800000004,74.79857328,329.1984523135875,commercial
34.083805025,74.798257925,312.9359250215784,commercial
34.0837403,74.798694375,220.8539014182399,commercial
34.08357205714286,74.7976829142857,326.47988379843554,commercial
34.083142425000005,74.79786945,305.845521518577,commercial
34.083045325,74.79824135,452.4959796743638,commercial
34.0834416,74.798275675,175.4106851847185,commercial
34.083340575,74.798501925,179.60292075833718,commercial
34.0829026,74.79804120000001,268.90119990203544,commercial
34.08272905,74.79735545,161.20810824987473,commercial
34.0824695,74.7972589,334.24708211078155,commercial
34.08225415,74.79746262500001,196.30928581298514,commercial
34.082192875,74.79735245,162.99508582353883,commercial
34.08200255,74.797141025,198.96264563926326,commercial
34.081923075,74.79697879999999,231.82305823258457,commercial
34.082054525,74.796895275,190.58581920625792,commercial
34.082153125000005,74.797047475,283.2291827154945,commercial
34.082186475,74.796818325,157.72017587078057,commercial
34.082476875,74.79690712499999,304.56161063287857,commercial
34.082099674999995,74.796452925,336.1099738190036,commercial
34.081976075,74.79652875000001,355.02854750945994,commercial
34.081789625,74.79666202499999,684.747207728431,commercial
34.081572425,74.79717657500001,262.65739641129187,commercial
34.08183775,74.79724525,173.42758299243775,commercial
34.0817421,74.797087175,170.33172836488393,commercial
34.081264874999995,74.7973945,221.6604627320919,commercial
34.081396825,74.79753812499999,247.2681529236817,commercial
34.0812956,74.7975791,205.94538279080942,commercial
34.08164695,74.79734772500001,230.99765016827837,commercial
34.081703375000004,74.797716075,422.18789373798893,commercial
34.08210162500001,74.797792475,410.4114834923861,commercial
34.081998125,74.797606525,227.82707237550363,commercial
34.081889724999996,74.79751175,68.83213970065137,commercial
34.08178135,74.79796775,176.7695226527406,commercial
34.081565049999995,74.79782565,187.70955300360504,commercial
34.0816136,74.79813595,929.5454922224448,commercial
34.08142479999999,74.7978789,413.01487008656653,commercial
34.08176075,74.797427675,63.632359568120684,commercial
34.08137996666667,74.79725416666666,384.6462640628687,commercial
34.081275175,74.796834275,276.7166853331745,commercial
34.0809737,74.79749535,175.59844060110962,commercial
34.080883175,74.79758455,268.40827409199414,commercial
34.08099925,74.79773475,179.21715179682235,commercial
34.0812947,74.798297325,574.9064786198421,commercial
34.080860975,74.79785677500001,292.1342429753134,commercial
34.081146975,74.79776492500001,88.19924740192104,commercial
34.0810664,74.79747927500001,112.98390855430881,commercial
34.08126195,74.79704945,175.90598529985454,commercial
34.081403525,74.796928075,97.22915510415277,commercial
34.08112865,74.79690730000002,215.8997047616032,commercial
34.081021650000004,74.79667526666667,325.1895549025744,commercial
34.08118682,74.79659024,428.6880906762075,commercial
34.080988700000006,74.796407725,231.83754655537865,commercial
34.080969825,74.79622197500001,148.8679515597744,commercial
34.08114755,74.79621392499999,272.8533869149845,commercial
34.081308025000006,74.796321875,98.857533717221,commercial
34.081171975000004,74.7963675,191.24310794256735,commercial
34.081304149999994,74.7961945,93.96269525740814,commercial
34.081324125,74.79607175,154.4014452214705,commercial
34.081082,74.79602685,427.69199515468017,commercial
34.0813741,74.7958592,158.51513657569748,commercial
34.07148723750001,74.8091757625,588.3816080653319,commercial
34.070889344444446,74.81123223333333,1047.9332811933896,school
34.0704741,74.811662825,1041.8724422680473,school
34.0707374,74.81229247499999,725.4004733138487,school
34.0711204,74.81207515,545.1895363315434,school
34.0713856,74.811602475,657.964144479726,school
34.0706679375,74.81282490000001,303.80274388713923,school
34.07085405,74.813190375,219.3815805372871,school
34.070355225,74.81241784999999,280.9021173323698,school
34.07049965,74.812597575,121.87581428621445,school
34.070197475,74.812560725,160.04501233246071,school
34.069936340000005,74.81279162000001,389.70455345149276,school
34.069737025,74.81271422500001,279.1293162657606,school
34.06983855,74.81292615,179.36561813356866,school
34.07025521999999,74.81193192,332.889465829484,school
34.070244925,74.811740875,177.7107735001456,school
34.069954200000005,74.811931725,379.2408775393976,school
34.07156022857142,74.81191809999999,536.2084831108396,school
34.071095,74.81079532500002,643.4580558425746,commercial
34.0727040625,74.825957775,843.9731888410536,commercial
34.07135142,74.80996792,396.8030987505027,commercial
34.071522550000005,74.81000095,368.8714928804277,commercial
34.07114485,74.80974208333333,231.7820443580534,commercial
34.196122200000005,74.68701435,218.2409302323249,yes
34.1735082,74.682736325,579.651701646111,yes
34.188348850000004,74.6713536,777.5685972259585,yes
34.046499075,74.785389575,415.84762329415,yes
34.070847799999996,74.81024995,1020.874972773132,commercial
34.070576700000004,74.8097135,855.6740326764452,commercial
34.0706242,74.81019325,1244.4812274216758,commercial
34.07018602,74.80922532,1137.6575551781334,commercial
34.070109575,74.808940325,121.37006023046268,commercial
34.06997775,74.80938088333333,316.9202730139169,commercial
34.0699111,74.80880555,530.8041469720936,commercial
34.0700596,74.80956415,270.3109791015379,commercial
34.0702488,74.8097078,884.6105457969991,commercial
34.06989105,74.81023459,923.7741025043831,commercial
34.070144166666665,74.81016385,446.7838929664215,commercial
34.0702978,74.8099775,245.57426409448766,commercial
34.0702873,74.8106288,911.5303658137468,commercial
34.06924415,74.80992402499999,410.71683264884155,commercial
34.069433575,74.809906575,350.288219834489,commercial
34.0695152,74.80982834,371.4482888174755,commercial
34.06986295,74.809730925,424.2838062706179,commercial
34.069669325,74.809881175,201.8482912273472,commercial
34.067757900000004,74.80387395000001,380.90740447874583,yes
34.07539085,74.79843415,300.79844103787866,yes
34.075616425,74.8028161,366.2077563189912,yes
34.0866073,74.80112785,273.86998783258656,yes
34.06468315,74.79518759999999,210.12428371735155,yes
34.0332435125,74.806758025,325.85802765084514,yes
34.0336404,74.80676260000001,80.03580965324454,yes
34.0334469125,74.80679828749999,311.3051080968404,yes
34.03371405,74.80684925,165.13260549760423,yes
34.02885285,74.808150275,736.4814517038828,yes
34.072158375,74.80914130000001,134.71837579695168,commercial
34.07227165,74.809194125,144.05782654431118,commercial
34.07257156666667,74.81014821666666,924.6789208539675,commercial
34.073252600000004,74.812182275,640.6336607530693,commercial
34.06689635000001,74.8053235,1993.9407234318246,commercial
34.06718971428571,74.80631220714284,1365.1581732729635,commercial
34.066830116666665,74.80416704166666,726.2712467306379,commercial
34.066810861538464,74.80471912307694,738.4548942656681,commercial
34.065891475,74.808233075,339.52647319521583,hospital
34.066807749999995,74.808094275,968.1063178577988,hospital
34.066571525,74.807681425,792.8328034134863,hospital
34.0671117,74.80744135,1545.2660208064199,hospital
34.029783333333334,74.36478076666667,290.1239919312354,commercial
34.03005805,74.3643945,96.22290435534497,commercial
34.033406175,74.3665845,175.71560975366555,commercial
34.03344103333333,74.3667802,327.84656991500196,commercial
34.06291298333333,74.80831403333333,824.5779547297664,commercial
34.063626625,74.80971232499999,315.508907087431,commercial
34.063685475,74.8090509,588.8487274662255,commercial
34.063598825,74.8086909,1077.6634275185963,commercial
34.063668899999996,74.81014525,394.66232675650554,commercial
34.063772328571424,74.81048919999999,517.8541133935739,commercial
34.063450024999995,74.81003855,193.81740438254292,commercial
34.063445,74.810245425,224.1446359276095,commercial
34.063435575,74.81040515000001,168.7471499144217,commercial
34.06357143333333,74.81055275,310.241071667743,commercial
34.06366845,74.81132301666666,480.7627390509898,commercial
34.063555525,74.81086902499999,189.32158433252255,commercial
34.0642727,74.81144505,363.14371546092445,commercial
34.064183775000004,74.811209,312.9489605540593,commercial
34.0641228,74.811498675,208.34742711598716,commercial
34.06393215,74.8116529,150.1823917413312,commercial
34.063978524999996,74.811054675,174.11384900347412,commercial
34.0640461,74.8112595,199.33581981816985,commercial
34.06461230000001,74.8074835,1636.855204026652,yes
34.0672356,74.804716025,680.6633394544267,commercial
34.067739849999995,74.80675675833334,2187.4918681058653,commercial
34.067479500000005,74.8059458,310.9848002574814,commercial
34.0672856,74.80532155,348.53428428559016,commercial
34.06835284,74.80477872,382.2859486733847,commercial
34.068394624999996,74.80494035000001,109.70603479575732,commercial
34.068166500000004,74.80466175555556,368.0331797922663,commercial
34.068035650000006,74.80402740000001,170.68858211770947,commercial
34.068533175,74.8037082,351.41464455898983,commercial
34.0684004,74.805353725,283.8309674985702,commercial
34.068076875,74.8053207,868.4153332795993,commercial
34.067558874999996,74.80543352500001,470.60990912506816,commercial
34.054873333333326,74.80262683333332,1983.7455054275943,office
34.0672546,74.77206285000001,359.1082397669083,yes
34.20711115,74.76766487500001,304.63740534104045,yes
34.08389900625,74.7750007125,495.2039068822903,office
34.10150313333334,74.75594806666668,1719.6426003782478,commercial
34.027173475,74.81504985000001,290.5811803927209,yes
34.019320675,74.809146275,201.83745223041697,yes
34.02068225,74.80420685,199.55961732083136,yes
34.021831575,74.79638213749999,355.6445089328969,yes
34.0257852,74.796203175,346.78566957010275,yes
34.0578262,74.77777005000002,259.5361727038231,yes
34.0636992,74.80389825,67.87052558369481,yes
34.063805599999995,74.8038697,73.71846535939616,yes
34.063989725,74.8039321,471.0124538195196,yes
34.064904133333336,74.80516518333333,197.8509703005682,yes
34.065758,74.80553871666667,119.60233281110877,yes
34.1504776125,74.8099085875,426.7101319604652,yes
34.155764725,74.803369675,305.97490181074295,yes
34.115730875,74.8129522,553.4469141035669,yes
34.110553525,74.81317115,370.86692227034575,yes
34.109049049999996,74.803422,284.4544360714662,yes
34.10929175,74.80294705,353.7625984764028,yes
34.11009785,74.8070495,305.91688995676543,yes
34.1035786,74.81505905,785.2955066073677,yes
34.093182875000004,74.817360175,492.2724801832942,yes
34.092899375,74.81750733749999,900.6936466201964,yes
34.10357604,74.81571712,1886.0526099890683,yes
34.10308523333334,74.82201017777777,1107.3612742318896,yes
34.0662431,74.81464785,444.0785239295755,yes
34.065573057142856,74.81315438571427,200.81294754369634,yes
34.0660959,74.81286854999999,281.9402354066217,yes
34.066188475000004,74.8131765,296.20447076460243,yes
34.066316199999996,74.81336776666667,1094.7852067848028,yes
34.0675072,74.8131485,1736.707657390742,yes
34.1161959,74.81073285,367.80487068371525,yes
34.122852475,74.81329042499999,231.07040579746356,yes
34.1123681,74.80738895,295.25275453932056,yes
34.120079475000004,74.81768894999999,261.9499988349392,yes
34.12524594999999,74.80583634999999,311.79487698748414,yes
34.092913800000005,74.80974676000001,212.07907276256736,yes
34.0927773,74.8097574,371.79956414944627,yes
34.09609115000001,74.81274450000001,538.0452458518369,yes
34.096535579999994,74.81249616999999,771.7268734453082,yes
34.1013103,74.812018225,320.0653906848141,yes
34.09595865,74.80072325,489.1989973458459,yes
34.096009842857136,74.80220237142858,362.37048545111713,yes
34.09603095,74.802437825,334.80567701304756,yes
34.073500349999996,74.804748175,1174.4877776467997,yes
34.08603405,74.804589525,223.568972942406,yes
34.07777945,74.81296262500001,256.93480312910367,yes
34.07371285,74.7934212,244.88319553934952,yes
34.07361315,74.79322549999999,517.1575542023552,yes
34.0885881,74.7844509,228.99050295179782,yes
34.082606225,74.7913801,279.8480369113198,yes
34.0870685,74.79383394999999,258.6856648683048,yes
34.085271375,74.7903352,268.2226369151141,yes
34.084776375,74.793066775,522.4278987386637,yes
34.07204395,74.794597,250.17965361175214,yes
34.07871887500001,74.76883187499999,318.6259804615891,yes
34.07788135,74.7669539,212.39487634682638,yes
34.077499,74.7719565,312.53928974606936,yes
34.076629274999995,74.76803635,209.68239483623216,yes
34.074624875,74.76818854999999,271.75203568373155,yes
34.0741295,74.770762575,498.52967634209426,mosque
34.080410125,74.7937191,539.5721697715776,yes
34.07937398,74.79345866000001,2931.2661238097517,yes
34.0796852,74.79372024999999,464.11613612233464,yes
34.079961725000004,74.793708175,564.2755938027065,yes
34.080243775,74.7937213,478.82369704746804,yes
34.06777024210527,74.80381240526316,56.464743742718206,yes
34.07801035,74.799358775,563.9368140375865,yes
34.076865983333334,74.79906946666667,852.2816980783035,yes
34.076150125,74.7995337875,946.5932298306857,yes
34.0761620125,74.79869504999999,658.6006162793334,yes
34.07578028333334,74.79836626666668,391.49115792213445,yes
34.075511325,74.798271325,262.81271179760336,yes
34.0752792,74.79820355,170.73871389585372,yes
34.0749906,74.79848305,280.88014136501306,yes
34.07486125,74.7970428,198.64826484044573,yes
34.070738410000004,74.80403686,695.502176747103,commercial
34.0704249,74.8038804,212.08767287194325,commercial
34.070567624999995,74.80390145,73.11562832275129,commercial
34.070413849999994,74.80414795,173.3017491876953,yes
34.07060725,74.804767,215.96452240944507,commercial
34.0706021,74.8045522,399.58100712440523,commercial
34.07077565,74.8047033,231.99296341400583,commercial
34.070855125,74.804452925,202.10305107026562,commercial
34.070736775,74.80449067500001,187.32090270077458,commercial
34.0703791,74.80463873333333,353.8460707333521,commercial
34.0701529125,74.8046980625,423.3176569318853,commercial
34.07210270769231,74.80098783076923,163.09853866808726,yes
34.07241163333333,74.79890181666666,545.394050373355,yes
34.071570275,74.809824575,1982.1720562683527,commercial
34.07146371666667,74.81024245,583.2086512807828,commercial
34.07196726666666,74.80484141666666,410.88537224513857,commercial
34.07559002105263,74.80281035263158,66.41169215043118,yes
34.071092449999995,74.8043302,556.5382761428143,commercial
34.07118465,74.80440355,308.46951168762394,commercial
34.070921625,74.80463097500001,219.83030982420274,commercial
34.0700856,74.8045247125,246.46015009025834,commercial
34.08361635,74.783266525,643.166832895002,yes
34.08364045,74.783434825,643.1666498440583,yes
34.083677975,74.783577225,643.1265808639328,yes
34.08371015,74.7837585,643.4653447111098,yes
34.09785283333333,74.82096130555554,2220.4160765862694,hospital
34.097855824999996,74.82157615,127.34931201949144,hospital
34.09767325000001,74.82185817777777,938.7992277056932,hospital
34.097370000000005,74.82081984999999,530.501094353612,hospital
34.097221475,74.821326575,145.18065844218393,yes
34.097204625,74.8214691,134.08407006406338,yes
34.097170475,74.82160850000001,134.0841241627108,yes
34.097187475,74.82178714999999,239.53717855614792,yes
34.09750555,74.822135775,194.1000368154235,yes
34.097560975,74.822294425,221.95869744896697,yes
34.103592400000004,74.81951705,1060.4052124123791,yes
34.103675675,74.82016295000001,469.76739289274445,school
34.1026801,74.82149100000001,502.63583935253087,yes
34.10271497916667,74.82386596666667,1529.876672932235,yes
34.308523975,75.26354055,148.30100665421224,yes
34.301760025,75.29279654999999,62.56223729541251,yes
34.30179614,75.29273043999999,65.78644691504743,yes
34.301861233333334,75.29260611666668,105.15745255346073,yes
34.30186155,75.29249865,148.59697573571563,yes
34.30169195,75.29325585000001,147.97361145086603,yes
34.301417474999994,75.2942903,103.25039182305065,yes
34.30149803333333,75.29411923333333,369.5878627230059,yes
34.300815527272725,75.29484573636363,151.88402750800202,yes
34.301001500000005,75.2936013,30.392089944475252,yes
34.301018325,75.29346215,30.411950168137075,yes
34.301089775,75.2934922,56.952730277085486,yes
34.301191949999996,75.29353515,67.9496878507562,yes
34.30132815,75.29359235,98.50272638376481,yes
34.3009328,75.29392845,68.60921454149586,yes
34.3009507,75.294083125,44.85428304375867,yes
34.3009802,75.29420695,31.16550520889615,yes
34.301007,75.29429075,54.77127119626374,yes
34.434758224999996,75.581415275,137.05147637519576,yes
34.468243799999996,75.53380675,201.56996662670684,yes
34.4681924,75.53400859999999,217.09861414092506,yes
34.486772875,75.50760410000001,157.8455397425495,yes
34.4864838,75.508555775,193.09269933789125,yes
34.4867762,75.50782857499999,200.9812849852364,yes
34.070328133333334,74.80592547777778,598.2173305320583,commercial
34.070612125,74.80547335,223.5677963675633,commercial
34.070522825,74.8056583,162.88629370727386,commercial
34.070051787500006,74.8055328625,168.99417304692747,commercial
34.070044124999995,74.805680975,100.8261436295948,commercial
34.07009107142857,74.80537642857144,201.2843838270745,commercial
34.06995035,74.806051175,182.86422226172263,commercial
34.070193575,74.8062401,352.8149611756643,commercial
34.070381600000005,74.806171325,153.03902971487622,commercial
33.888086862499996,74.9919427625,542.8918219237976,train_station
33.9264162,75.01913195,1620.672160387685,yes
33.92795795,75.004571325,308.39364121082906,yes
33.9231889,75.01295725,195.77010430302295,yes
34.159236275,75.2401345,24.969575619611913,yes
34.1589221,75.24035037499999,52.71518842453343,yes
34.1588524,75.24048435,101.90874854060495,yes
34.07327661666667,74.80602716666665,1286.9907127587571,yes
34.0182737,74.3459495,244.59539491771864,yes
33.387459,74.31547978064518,4272.128778163366,hospital
33.9428025,74.79950805,836.4991220641914,yes
33.720619140000004,74.835308,568.4351134633629,yes
33.8783995,74.89999905,587.5903777176762,yes
33.72462853333334,75.1530975875,2656.173349444405,yes
34.020996600000004,74.71966102500001,694.9963069575649,yes
33.772336294594595,74.09821664324323,1251.0799472714737,yes
34.066089325,74.8560077375,1298.1518385365443,yes
34.048207,74.80503385833333,765.9004367708634,yes
34.1368065375,74.80030487500001,716.1268063354315,yes
34.2092036,74.777402,369.34524713210635,yes
34.20372746901408,74.3653596605634,6849.9559600674875,yes
34.20369106,74.35213854000001,1248.0508270680466,yes
34.2067249,74.34113195,220.46268401333572,yes
34.0389295,74.80898201666666,888.3237773914025,yes
34.077829333333334,74.83043643333333,622.9410757878877,hospital
34.08058115,74.80151352499999,357.86182183370056,yes
34.0401825,74.7890741,222.24651202156238,yes
34.42170611666666,74.6366169,740.8709909235333,yes
34.026316275,74.82029119999999,498.29038384011494,yes
34.0611786375,74.809752825,653.7534361146933,yes
34.0674381,74.80263816666667,991.4208720532279,yes
34.068048625,74.83152555000001,570.5306474982345,yes
34.279475149999996,74.43172544999999,384.92238514550866,yes
34.206596725000004,74.3411474,213.42694805949395,yes
34.08362715,74.8207628,241.8783620691825,yes
34.06114942,74.78416822,426.62999003689316,yes
34.06944870833333,74.76151719166667,1428.5580818614173,yes
33.73445415,75.16575864999999,143.68981661018586,yes
34.292916500000004,74.45505917,1396.8231865723926,yes
33.8862921,74.911150375,562.55155655247,yes
33.8802216,74.899018325,343.7647969771499,yes
34.0722099,74.83847405,470.569787060541,yes
34.06735755,74.80265945,1464.2951770335667,yes
34.04732836,74.80611351000002,2988.365156203022,yes
34.04540785,74.78918135,253.55278106891137,yes
33.789549525,75.0757237875,557.3597339577136,yes
33.7385701875,75.1074552875,893.4011860259575,train_station
33.742707525,75.4849533,48.40846930004453,yes
34.13491540625,74.79954050625,1828.5878471595584,hospital
34.08445795,74.82169605000001,427.09329544207935,hospital
34.08430646666667,74.82190756666667,1283.4371007475352,hospital
34.0978434,74.761404975,111627.82643933874,no
34.10195063,74.81566098,574.9828020092045,yes
34.1015329,74.81438834999999,222.97399813263638,yes
34.10333596666666,74.82046666666666,640.5493960155936,yes
34.1042036625,74.8228895125,1109.3694957784883,yes
34.1038012625,74.8214879625,193.5746713219924,yes
34.09151955,74.81929735,90.29126771644584,yes
33.724657325,75.21188995,220.93673732381683,yes
33.9568373,74.71972075517242,966.0563157941499,yes
33.72252124,74.93941751999999,232.29228711815568,yes
33.99245048333333,74.75673591666667,365.45567847191256,yes
34.26650505,74.77375955,603.7923276616343,yes
34.021878725,74.98118155,282.0274823552809,yes
34.173783625,74.72409,441.8817093424383,yes
34.13178655,74.5746834,387.6662326101348,yes
33.685326825000004,74.99473234999999,451.953516795905,yes
33.621072,74.85999190000001,249.53325440742708,yes
33.812608325,74.8932985,108.1169263805804,yes
34.2082737875,74.696607525,449.95111912405724,yes
34.0873446,74.45003155,556.6175478526488,yes
33.313788925000004,74.8566141,359.36001258680045,yes
34.01733153571429,74.58895299999999,1201.9670516605788,yes
33.6902866,75.2634113,540.0009633600091,yes
34.285025516666664,74.46398176666666,241.11442547117014,yes
34.20990305,74.77683833611111,3688.0070606986556,yes
33.7055925,74.96362935,521.777110899465,yes
34.633651799999996,74.830076775,398.2307907410394,yes
34.26835410833333,75.15017595,654.2019260819736,yes
34.27481165,74.35487095,500.1198846480772,yes
33.71889695,75.083840175,279.35006614414385,yes
33.850961749999996,75.02585355,391.65026359884126,yes
34.266612775,74.41538145,385.435833714653,yes
34.15964964166667,74.55464275833334,306.3794348477634,yes
33.87232305,75.009677025,293.01192916483626,yes
33.81579495,74.96604657500001,146.59842651744384,yes
34.127858350000004,74.10357873749999,498.8591819561507,yes
34.163095625,74.0913496375,301.1509695145865,yes
34.27847695,74.5674239,367.5544427200435,yes
34.232492199999996,74.6458013,829.2122773321373,yes
33.70908865,75.0347701,410.019558148492,yes
33.8939682,75.0690972,101.50635086839337,yes
33.7235021,74.8741003,110.862154951018,yes
34.216621275,74.6748365,103.97953372657085,yes
33.69823405,75.28667248333333,510.509178021274,yes
34.257638075,75.08657175,481.0303049534158,yes
34.084369625,74.500911,483.8879617649419,yes
34.283262074999996,74.8072138,148.2207170406155,yes
33.757793175,75.037575425,478.2080875013662,yes
33.732483099999996,74.85663413750001,354.3127895637174,yes
33.815604834615385,74.85571596538462,1529.743222171236,yes
34.0639512125,74.4269523375,950.8744351522655,yes
33.70801005,74.9343987,523.2279181391353,yes
34.262783999999996,74.902792425,1064.356434837607,yes
33.947005075,74.926897425,421.041609641271,yes
33.9217892,75.01442554,1489.8471559787763,yes
34.013257725,74.949148125,390.96603511206774,yes
33.987310175000005,74.65072194999999,363.0797827752765,yes
33.741906549999996,75.1600154,108.02771176970204,yes
33.6105757,74.92292985,111.89696070838114,yes
33.93292721666667,74.66115960833334,743.123377652104,yes
33.924403225000006,75.12078217499999,6560.142026123509,hospital
34.0119684,74.9162408125,446.6414479050671,yes
34.117645749999994,74.46089155,177.2590531427344,yes
33.776579077272736,75.00604504090909,1495.8219801153746,yes
34.131972425,74.180777725,378.3064940169292,yes
34.2542494,74.663474775,470.5526428042598,yes
34.187598925,74.749214175,642.0645403943576,yes
33.8985406,74.95934535,537.1870390392316,yes
33.686057425,75.22274039999999,257.98455423461917,yes
34.077883916666664,74.39477386666667,419.14781580782443,yes
34.13108396666667,74.842518,344.5187375563604,yes
33.6092374125,74.3213781,466.9352054280071,yes
34.343192450000004,74.4011035,143.65742756724757,yes
34.545310275000006,74.31121967499999,118.32304395858019,yes
34.24440249999999,74.3800594,165.02392954587526,yes
34.3188892,74.4570425,47.17658077449259,yes
34.18113325,74.62354665000001,125.11406520881079,yes
34.002080150000005,74.72206713333334,327.3377310586188,yes
34.312186350000005,74.8112645875,144.61741029788857,yes
34.151141450000004,74.85157835,194.8326638010994,yes
34.28559585,74.8586334,124.78721416959854,yes
34.166775900000005,74.9009382,121.12413918073298,yes
34.164069575,74.908484875,90.59158007676098,yes
34.008624649999994,74.98182975,141.89935263115842,yes
34.174460325,74.8926438,115.60795173691179,yes
33.65233445,75.2154433,181.93845066074397,yes
34.1336338,74.83275197500001,988.6519990551665,university
34.51202515,75.583896,43.40974498106789,yes
34.5412322,75.48991947500001,36.039614869420575,yes
34.541225499999996,75.49021395,41.31663691301139,yes
34.541174225000006,75.49041935,38.52578736541557,yes
34.5410732,75.48999069999999,22.65986494214622,yes
34.54109255,75.4897481,41.56266475296215,yes
34.5200192,75.29547400000001,87.0340590140334,yes
34.5249558,75.29429795,221.3220896969635,yes
34.52487115,75.294147325,35.621044355618615,yes
34.524682175,75.294273825,102.58676852571195,yes
34.58238685,75.03764555000001,70.19870627281983,yes
34.5824723,75.03766635,32.36734271942249,yes
34.5825241,75.03767355,28.32456292650007,yes
34.58257805,75.037714725,53.00400117391568,yes
34.58267155,75.03776105,79.23617662101057,yes
34.582797625,75.0376923,55.600740820069696,yes
33.728952225,74.8206855125,170.86446256704602,yes
33.7287812,74.8206338,44.59481131556154,yes
33.72880975,74.8207943,194.97428689582938,yes
34.396867175000004,74.28270954999999,188.05458410784587,yes
34.3968566,74.2825055,88.85868030740544,house
34.6646735,73.94731535,284.0584951231232,yes
34.664875099999996,73.94564435000001,156.74124270679175,yes
34.665485875,73.94580655,69.24196639584308,yes
34.665542825,73.946156675,52.46564316282653,yes
34.66523695,73.94635065,114.37775453571646,yes
34.665325275,73.9469635,125.93281326500323,yes
34.665381375,73.9473892,125.83911752360157,yes
34.665576375,73.947713325,113.95937034033264,yes
34.665036699999995,73.947050125,111.9699284493262,yes
34.665174125,73.947308775,129.47113106147668,yes
34.66526845,73.947637575,142.88857062159178,yes
34.66560440000001,73.94822571428571,159.37467798085328,yes
34.6649839,73.94394034999999,169.74288692644552,yes
34.664775975,73.9452969,115.465724386777,yes
34.6645298,73.94489390000001,147.99555750012019,yes
34.664378125,73.94525435,110.66940867001927,yes
34.662092075000004,73.941203625,125.03962105872648,yes
34.662455625,73.9413235,184.34510350489595,yes
34.662251600000005,73.941633775,115.14838161915706,yes
34.662347600000004,73.940637025,123.70047026028634,yes
34.66246925,73.94027647499999,172.28608506470573,yes
34.662733124999995,73.94072899999999,98.25981319068036,yes
34.662643675000005,73.939798125,212.41924562070733,yes
34.662502350000004,73.9395256,145.304568035114,yes
34.66201325,73.93970812500001,140.60599920220534,yes
34.661774875,73.93997425,180.46580943520536,yes
34.661804950000004,73.9402999,188.42480802737057,yes
34.6612301,73.939151975,253.02296645062316,yes
34.66153405,73.939245275,161.25877000791633,yes
34.66120445,73.93946129999999,221.34861718692628,yes
34.665078275,73.9536585,162.02399639294254,yes
34.66533355,73.953360575,129.40010199987003,yes
34.665511849999994,73.953407675,138.7513982704702,yes
34.66525245,73.953650725,106.71900161136858,yes
34.665110575,73.9540353,190.61437307522948,yes
34.66495043333333,73.95401946666665,57.13817629760318,yes
34.665793175000005,73.953632225,125.61801786947794,yes
34.665880525000006,73.954137475,107.9833755052284,yes
34.66576295,73.954195575,137.59786070522003,yes
34.6655174,73.953926975,31.783575696044583,yes
34.6649546,73.953747725,66.87040746485798,yes
34.6644848,73.94720752500001,233.82455519144386,yes
34.664591775,73.94749317499999,130.89436429658053,yes
34.66436695,73.9473667,77.10546377590035,yes
34.66269225,73.94634217500001,45.231291730308975,yes
34.663046475,73.946591325,54.00774687315558,yes
34.66304365,73.946670075,38.49232874587064,yes
34.663011675,73.9461654,141.74474807550803,yes
34.662972925,73.94626137499999,50.142907294713396,yes
34.662576375,73.94549715000001,117.18256506886286,yes
34.660143475,73.94887742499999,164.41732981063547,yes
34.66033375,73.94892155,117.98872019921168,yes
34.66018284,73.94868216,97.51675422719816,yes
34.6601449,73.9485524,147.72615060084465,yes
34.6600368,73.94830040000001,140.36984510654463,yes
34.659851350000004,73.94831242500001,146.76319972146428,yes
34.6595795,73.94766014999999,176.02238338095486,yes
34.659463775,73.947531425,111.3495988484944,yes
34.65927645,73.94751984999999,145.02321957445815,yes
34.65935225,73.94813825,197.1677608417836,yes
34.659490375,73.94821385,89.8532706904405,yes
34.659155925,73.947900425,225.87081580236634,yes
34.659044575,73.94777529999999,118.2014877861607,yes
34.651973975000004,73.95034855,458.9404164159798,yes
34.6517511,73.950611425,433.5376618287275,yes
34.65175094999999,73.95116308,518.035695796939,yes
34.65140825,73.950247325,145.40625423650616,yes
34.652645625,73.949769425,108.18604117993073,yes
34.65233375,73.949871625,153.19856088954486,yes
34.652102875,73.9500917,73.92226810400462,yes
34.652121550000004,73.9504196,35.94769760391615,yes
34.652163975,73.949671725,157.66197369172926,yes
34.660629650000004,73.9415346,147.66802875143017,yes
34.661336075,73.941876525,190.2619697703986,yes
34.66138765,73.94291827500001,199.61302712914224,yes
34.661108975000005,73.943334475,172.1359049355409,yes
34.661319675,73.9437254,237.55246102974647,yes
34.6613207,73.944511175,191.50559545627812,yes
34.661229379999995,73.94417662,288.4188055052051,yes
34.661251725,73.943996575,172.17354262403444,yes
34.660299824999996,73.941455725,286.5025779695709,yes
34.6603303,73.9407523,216.11393809014993,yes
34.660361575,73.941134475,254.89336468166147,yes
34.65961475,73.941110775,179.39236746331648,yes
34.659747100000004,73.94131837500001,148.11170071831103,yes
34.6599946,73.941549425,188.28430449586472,yes
34.66011805,73.9419487,153.04845197949436,yes
34.66009425,73.94043314999999,141.2545528651309,yes
34.6598289,73.940623275,118.32408963425402,yes
34.659747375,73.9404161,150.0739416489261,yes
34.659180125000006,73.9408809,127.99065181486745,yes
34.658972174999995,73.940456025,215.3817087794364,yes
34.65905185,73.9408866,104.73152375745798,yes
34.65904905000001,73.94121547499999,146.19996544964897,yes
34.659026525,73.94153374999999,185.49475548090567,yes
34.659211225,73.94142277499999,146.24610667882448,yes
34.65946455,73.9414379,124.40250411580988,yes
34.658698025,73.94162205,294.87195293549394,yes
34.6584243,73.94165815,216.24227538163666,yes
34.65832885,73.942236125,100.21693690167116,yes
34.6582629,73.9423329,52.194278972532004,yes
34.65871865,73.94311694999999,141.20807997317593,yes
34.65873032499999,73.9432428,82.23986587949832,yes
34.6588965,73.94335650000001,124.8325443557106,yes
34.659188375,73.9433942,229.18481622980886,yes
34.658886425,73.94253395,172.97087757322075,yes
34.659050199999996,73.94267275,137.44450354300022,yes
34.65884715,73.939272525,288.7929742748339,yes
34.6587407,73.9394804,179.47801227396377,yes
34.658407775,73.93987975,234.27221592916854,yes
34.658225825,73.940646125,240.61285750347616,yes
34.658124674999996,73.9408887,137.8157839514027,yes
34.657989675,73.941262475,132.0099633695845,yes
34.658683700000005,73.93762823333333,689.024945435981,yes
34.6584782,73.93794489999999,173.43565109920905,yes
34.658427275,73.93819035,155.22361131424003,yes
34.65874565,73.938638525,196.11784529171246,yes
34.658708325,73.9388994,235.46363566828535,yes
34.658178074999995,73.938066175,137.56646929016682,yes
34.6582019,73.93834795,112.63418929823652,yes
34.65840955,73.93872465,127.47981413126794,yes
34.657552675000005,73.93762657500001,151.02809362485525,yes
34.65732845,73.93791985000001,140.3300891296539,yes
34.657553125,73.93806529999999,100.63639041367989,yes
34.65770525,73.93819587499999,81.05373541504635,yes
34.657276249999995,73.9382028,125.07063584429865,yes
34.656868675,73.93817585000001,158.5473230142329,yes
34.656533425000006,73.9385882,121.76452865714008,yes
34.656726025000005,73.938712275,129.51748725489705,yes
34.656364225,73.93967180000001,181.4048995661238,yes
34.656320900000004,73.940002875,200.97172215387224,yes
34.656257625,73.940901825,276.7252225992913,yes
34.656960525,73.94114110000001,324.17000255270966,yes
34.65763002,73.94119462,195.93660319033376,yes
34.6576039,73.941060575,35.76779425005125,yes
34.657439125,73.94116414999999,122.07466954289998,yes
34.65746455,73.941022625,96.66502100480078,yes
34.657356675,73.941070175,186.50450897520216,yes
34.6572397,73.941070175,243.8025015158695,yes
34.658576020000005,73.94115768,110.55389315116572,yes
34.65863628333333,73.94128073333333,100.33632103201167,yes
34.65852266666666,73.94126036666667,37.147058736589294,yes
34.6579023,73.94278234999999,153.12963604558902,yes
34.657854525,73.943073425,138.59762871951511,yes
34.658319225,73.943720025,99.58882518797735,yes
34.65858305,73.943386,200.50841797551215,yes
34.656752525,73.940331075,152.0702058212879,yes
34.656918375,73.94041712500001,146.50950218920184,yes
34.65729195,73.940111375,126.21565982820213,yes
34.656889675,73.939917475,136.10511424876057,yes
34.65691712500001,73.93967697500001,95.83619922606216,yes
34.656733824999996,73.939877225,265.5774335875118,yes
34.6567217,73.93923484999999,174.94518409233962,yes
34.65592421818181,73.93920305454544,179.32514389390502,yes
34.655843372727276,73.94104627272726,467.71277877536147,yes
34.657651075,73.9383284,92.75664662111478,yes
34.657491775,73.938348625,85.19491111060722,yes
34.65736735,73.93849267499999,85.66903553155721,yes
34.657199750000004,73.93836974999999,108.57028936782339,yes
34.657089899999995,73.93849689999999,132.0221773537258,yes
34.65723212500001,73.93745007499999,89.46567954118647,yes
34.65696655,73.93759887499999,90.67041443848521,yes
34.656719374999994,73.938000625,120.34535681578947,yes
34.65675845,73.9373347,164.99420851215868,yes
34.656356325000004,73.937569725,124.42618896134772,yes
34.65624776666667,73.93721968333334,170.84888919631825,yes
34.655724025,73.93801777499999,196.11116349943367,yes
34.655557325000004,73.938176825,121.50640567747746,yes
34.655616,73.9374656,139.1208418812505,yes
34.655840775,73.93829277500001,124.27908103604196,yes
34.655744375,73.93874815,150.18325359793073,yes
34.6558742,73.93891099999999,120.47956584667705,yes
34.6557294,73.93931638000001,59.4106702595286,yes
34.655691374999996,73.93934205,32.391637617818546,yes
34.655562775,73.939287675,172.2928157563916,yes
34.6555738,73.939536325,146.6347922752014,yes
34.65553755,73.939832,180.86287989173192,yes
34.655548124999996,73.9400172,101.52184787166217,yes
34.655639425000004,73.940196125,63.20390474755294,yes
34.655829950000005,73.940155525,57.26056379375436,yes
34.65528655,73.94109267500001,122.53343946141034,yes
34.65506555,73.940829825,125.56654330278334,yes
34.654949975,73.9412956,191.2545542449783,yes
34.6562488,73.93849765,218.26346847173718,yes
34.655649600000004,73.936516125,188.27810635318738,yes
34.6557879,73.93547045,99.410269069039,yes
34.656306825,73.936263275,122.98635519693485,yes
34.656932999999995,73.9359028,121.10616058327236,yes
34.656803700000005,73.935997325,124.32126889955987,yes
34.65716145,73.936223575,190.88936343667785,yes
34.657181449999996,73.9363714,161.91189901663802,yes
34.657318925,73.936685625,153.0929813366182,yes
34.658100475,73.93734305000001,203.8458385756551,yes
34.658017975,73.936648525,115.81346080959224,yes
34.65837878,73.93654176,250.10814477417068,yes
34.6582636,73.936525825,106.18444591722275,yes
34.657688300000004,73.939147875,121.89545483900403,yes
34.6576847,73.939256425,33.36071449819957,yes
34.656454974999995,73.937990125,103.88067685134511,yes
34.655555983333336,73.93867795,147.71704033622945,yes
34.655583125,73.938763125,24.509468348206966,yes
34.659047625,73.93823245,129.0426690614352,yes
34.6593493,73.938188175,117.27983056190477,yes
34.65958665,73.938902275,171.9616474347105,yes
34.6594824,73.93926910000002,178.59189946517552,yes
34.660013750000005,73.938755875,146.075407722911,yes
34.65964135,73.937505425,106.61801726161022,yes
34.659690325,73.937022075,114.76420101733501,yes
34.6610106,73.93836885,119.26857394391791,yes
34.661256975,73.93814979999999,122.11064116936137,yes
34.66416255000001,73.940344275,105.69637013037172,yes
34.664285675,73.94046145000002,152.2385718073664,yes
34.66398725,73.9407218,97.74501058671453,yes
34.664265025,73.941179925,231.34037120763907,yes
34.664750424999994,73.94134665,188.4818734387548,yes
34.66509235,73.941014725,176.32277670594755,yes
34.664517325,73.940299975,135.55679979846357,yes
34.6643930125,73.9416241,230.29793026301357,yes
34.664642025,73.9417018,136.0386863722139,yes
34.664824640000006,73.94166016000001,129.75317150750715,yes
34.664749075,73.94205065,139.13561202623663,yes
34.66502735,73.942118975,112.16316287762795,yes
34.66490291666667,73.94241905000001,381.94482671971275,yes
34.6648924,73.94286517500001,212.98999445169437,yes
34.66541915,73.9437075,128.11459187475245,yes
34.665359875,73.943967425,100.1688743277924,yes
34.665003,73.9437475,125.7064708323886,yes
34.664840616666666,73.94372951666666,130.97131090286115,yes
34.664805475,73.94382722499999,41.77156060081399,yes
34.664551525,73.942421275,165.5681242241741,yes
34.6641482,73.942488175,140.8240245001209,yes
34.659629925000004,73.9414869,127.57236746863143,yes
34.660161849999994,73.943326625,214.00467839045703,yes
34.659956875,73.9435996,200.08191240379517,yes
34.660280775000004,73.943987375,164.9236834486895,yes
34.6604849,73.94375297500001,120.53612138036206,yes
34.6607415,73.94394985000001,110.3230416500432,yes
34.65973094,73.9433722,200.47258746330726,yes
34.6597181,73.94349509999999,94.31576690189783,yes
34.659447650000004,73.9432581,192.36920870734366,yes
34.66227715,73.939015725,136.10501235136695,yes
34.663950825,73.9421484125,255.76774896898985,yes
34.66393825,73.94253760000001,156.92022203162088,yes
34.664544825,73.94343175,140.32788615820573,yes
34.66433813333334,73.94344371666666,117.15556466626967,yes
34.664434220000004,73.94354429999999,100.78078205269156,yes
34.66410715000001,73.943911125,175.31065104399045,yes
34.662192000000005,73.94385295000001,155.98057453889922,yes
34.66543835,73.943561725,78.9354883177043,yes
34.664278374999995,73.94729054999999,99.71453024106272,yes
34.660650649999994,73.9395892,233.15291006422083,yes
34.660828425,73.93971615000001,141.20718007980787,yes
34.660651275,73.9400746,184.21822836274066,yes
34.660703175,73.94022844999999,71.96732898703152,yes
34.661097325,73.940149175,136.72315358852336,yes
34.66078125,73.94049715,49.117868186856725,yes
34.661202474999996,73.940571,137.15886788233172,yes
34.661027375,73.94101420000001,202.61563866405965,yes
34.66125085,73.94119199999999,96.86476794743183,yes
34.6613529,73.94132656666667,149.95199397382953,yes
34.66149256666666,73.94106663333334,158.97822786959222,yes
34.661777150000006,73.941046,146.0954359443422,yes
34.661631650000004,73.94135969999999,129.0085929484864,yes
34.661520800000005,73.9416485,135.1125950023383,yes
34.661791425000004,73.9419871,185.98018263140392,yes
34.31015866,74.00950026000001,28119.13592621188,yes
34.39773344166667,74.281741525,504.13640617773586,yes
34.404946825,74.279496825,244.37985196380018,yes
34.40478195,74.279581175,251.36339974729253,yes
34.40517371666667,74.27913323333334,206.73949418204376,yes
34.405004375,74.27906235,104.08532797964003,yes
34.40492286666667,74.27892721666666,148.91339062187333,yes
34.4051244,74.27945840000001,186.362391704949,yes
34.40482355,74.279788925,223.83800881260044,yes
34.404591325,74.279477525,194.7721579004281,yes
34.4047068,74.27867463999999,213.49138319270338,yes
34.404481125000004,74.27870200000001,255.9857099511222,yes
34.405709125,74.2818679125,274.4849040605666,school
34.404738175,74.281899,262.35585762866333,yes
34.404100883333335,74.28200466666667,301.3137707686128,yes
34.403560025000004,74.28420525000001,528.1255052476655,school
34.408725225,74.28799395,1133.5401761702565,yes
34.3978728,74.279342225,113.59269655860207,yes
34.398008725,74.27877815,158.8799113678993,yes
34.397389575,74.279894375,150.30324223684204,yes
34.3975523,74.280058475,295.89101500439256,yes
34.398066075,74.28035165,591.7142758677508,yes
34.3982223,74.2806343,236.71830323731388,yes
34.3980345,74.2810076,257.3969148116296,yes
34.40780594,74.27957255999999,1878.4039365787887,school
34.400222125,74.280968775,1043.8287991770421,yes
34.40073078,74.28061509,516.4288281942648,yes
34.40055768333333,74.28086533333334,145.16333339625822,yes
34.3957805,74.2790575,243.56517230158093,yes
34.3959159,74.27935704999999,143.0415144533505,yes
34.3960688,74.27889216666667,463.28799858730326,yes
34.525106875,74.258042875,201.42378103078403,yes
34.52501945,74.257710075,139.5124568815886,yes
34.5254027375,74.25775346249999,512.1527219662662,yes
34.525654025,74.2574837,109.58369442082977,yes
34.52531838,74.2566425,244.09213756459093,yes
34.0676,74.82353685,241.09317227724307,yes
34.067803999999995,74.82301405,246.12454019721105,yes
34.06743636,74.82293833,210.34693646521217,yes
34.0670306,74.822454975,532.6247554895233,yes
34.066619833333334,74.8228793,611.3178107866457,house
34.526291125,74.261516125,142.60144034460032,yes
34.526416175,74.25760425,180.86858513437625,yes
34.52645241666667,74.25792166666666,535.260204091798,yes
34.526402575,74.25729017500001,137.99998352986302,yes
34.526307949999996,74.25787251666667,456.00268259707366,yes
34.526588233333335,74.25835111666666,396.50376382787647,yes
34.52674641666667,74.25835748333334,271.03320910430307,yes
34.526963099999996,74.25833981666666,245.8938392828168,yes
34.52665353333334,74.25851928333334,73.86797377576218,yes
34.526984375,74.2585408,104.17618180830438,yes
34.5271204,74.258043475,160.0462774556736,yes
34.527092025,74.25787635,169.49387419846227,yes
34.52714052499999,74.258266875,214.82266873175388,yes
34.527155675,74.25843595,74.32770177348516,yes
34.5272036,74.25852285,111.16712630885138,yes
34.527437774999996,74.2590008,216.02043689867338,yes
34.52752105,74.2591263,159.6551640441392,yes
34.5275978,74.25925344999999,220.26780436120086,yes
34.530589049999996,74.25645725,275.9522238812708,yes
34.530689100000004,74.25654854999999,35.39767190415846,yes
34.53115447500001,74.256702175,185.0550674292744,yes
34.528336325,74.25838130000001,187.17595855727794,yes
34.5283204125,74.25881627499999,448.2027970181058,yes
34.52865445,74.2605077,553.1990089653605,yes
34.52860295000001,74.25561905,151.87555662286655,yes
34.5283119,74.25556695,208.46292544132228,yes
34.528036275000005,74.25567302500001,204.90190607625894,yes
34.530270325,74.2529591,182.40849874294946,yes
34.5303976,74.253454875,154.5479589369279,yes
34.530168525,74.253404775,116.76378759884972,yes
34.530009575,74.253323775,142.33308640848404,yes
34.53012615,74.25324905,110.74223360977723,yes
34.529940375,74.25298625,184.46427126553033,yes
34.529988175,74.25347860000001,117.12045262725775,yes
34.530284325,74.253760575,217.89752837394377,yes
34.530357375,74.253986725,174.22313935287178,yes
34.530045175,74.2539275,133.0996756796473,yes
34.529836949999996,74.25380969999999,134.36925159648388,yes
34.529801225,74.253689425,61.15858674310683,yes
34.529800699999996,74.25356945,141.86223269859497,yes
34.5298145,74.253411525,211.96548653503925,yes
34.5296474,74.253356625,126.76370750234614,yes
34.529672675,74.25370290000001,128.69022706348642,yes
34.529685525,74.253935525,145.57324387655424,yes
34.529759975000005,74.25406642499999,64.4274010349222,yes
34.5297068,74.2542221,208.75635985668183,yes
34.529505825,74.2540957,183.37903127117437,yes
34.529415175,74.25428485,212.1426221327674,yes
34.529300425,74.253372725,127.70370878115862,yes
34.52923815,74.2540338,152.9240867156529,yes
34.52920975,74.253843875,144.46607063848086,yes
34.5293424,74.253757175,185.7263410560999,yes
34.52919546666667,74.2536213,87.25437347666303,yes
34.5287618,74.25440585,149.8606275364423,yes
34.528603649999994,74.253945575,132.08294389668183,yes
34.528655575,74.253788,133.90707103218136,yes
34.52880515,74.25388725,41.407652577701356,yes
34.528782975,74.25394092500001,20.68437603784516,yes
34.52905776,74.25355592,145.0579504504612,yes
34.528870475,74.25345122499999,65.9872986864014,yes
34.52890696,74.2535813,158.717613374365,yes
34.528745924999996,74.2536635,45.45529681571032,yes
34.528476475000005,74.2539119,37.80629708226302,yes
34.52828685,74.25325427500002,52.44254972524275,yes
34.528185475,74.253630325,87.85087393658986,yes
34.528102425,74.25382834999999,150.36364439695893,yes
34.52814815,74.253971325,92.28772626036772,yes
34.5269797375,74.2518689,451.4834385714412,commercial
34.52750835,74.25332005,124.13229757712335,yes
34.52761055,74.25358697499999,151.75518054408403,yes
34.52754873333333,74.25375754999999,177.12358653720023,yes
34.527317075,74.254020475,308.1379594233489,yes
34.52709385,74.2539343,74.48559627296714,yes
34.526984275,74.25393187499999,134.7302285721761,yes
34.5272754,74.25356927499999,558.210631567154,yes
34.527025875,74.253607475,63.570949110989304,yes
34.52691385,74.25358955,99.99894308224654,yes
34.52700095,74.25338531666667,513.8965982814334,yes
34.526555050000006,74.253369525,224.81390941992763,yes
34.5266567,74.253537425,110.41247479540937,yes
34.526623525000005,74.25372612499999,148.19566777380624,yes
34.52675135,74.25372575,67.25633249703354,yes
34.526612449999995,74.2531154,222.13148904040483,yes
34.5266497,74.252848075,283.7041829755267,yes
34.52711485,74.252756275,133.68305236982988,yes
34.527259475,74.252603675,120.86404104930097,yes
34.527220875,74.252767325,64.74774303130081,yes
34.527587000000004,74.252362575,136.04324921058537,yes
34.52766222499999,74.252451425,110.90248264403584,yes
34.52770405,74.25262024999999,112.22064816384491,yes
34.5275422,74.25265006666666,200.6483076773735,yes
34.52764495,74.25293786666666,149.25491667353185,yes
34.527838599999995,74.25287262500001,83.36760400986972,yes
34.527833225,74.253227275,92.75425483710276,yes
34.527938175,74.25331342499999,22.478812230176388,yes
34.5278803,74.25336805,37.324293949298266,yes
34.5280759,74.252434825,93.83725175870396,yes
34.52826281666666,74.25254186666666,253.8135877876903,yes
34.528137400000006,74.25301476,133.59121091466028,yes
34.5280155,74.2522893,81.64812287087162,yes
34.528160125,74.252188875,147.36896058027628,yes
34.52838395,74.2521403,326.4610692188994,yes
34.528371925,74.25201115,57.25445905509335,yes
34.528264050000004,74.25207755,76.00373820648046,yes
34.52813866666667,74.25104943333334,594.4817657217661,yes
34.528263724999995,74.25123797500001,160.24133842555753,yes
34.52827335,74.25141165,183.2977081079585,yes
34.527604525,74.25077074999999,679.4484044329924,yes
34.528372274999995,74.25051389999999,193.82509481687157,yes
34.52871258571428,74.25081158571427,410.5411278085091,yes
34.528773575,74.25124655,82.9330388156749,yes
34.530511725000004,74.25083624999999,805.7269727221218,yes
34.530339675,74.25118277499999,1007.0441153914646,yes
34.530414575,74.25141735,37.26815334453077,yes
34.53014147499999,74.251498325,102.33751291370316,yes
34.529785725,74.25089832500001,56.72772946201025,yes
34.5297544,74.25107245,133.5349359604075,yes
34.529724725,74.25122214999999,112.61849543061467,yes
34.532039025,74.25186315,73.8025908894848,yes
34.5320778,74.25199957499999,85.39192477898081,yes
34.532073725000004,74.2521873,109.02052509319455,yes
34.53220582499999,74.25231754999999,151.04744641291387,yes
34.531883775,74.25204385,103.62943711163334,yes
34.531866449999995,74.251742475,163.79228439647312,yes
34.531595375,74.25184415000001,106.80474661381734,yes
34.531470175,74.251886375,88.48020982366042,yes
34.531522275,74.252038325,52.029713770372666,yes
34.531748799999995,74.251885475,75.76857385204411,yes
34.53162575,74.25199725,59.5307599625726,yes
34.5315299,74.25220025,73.64078034697312,yes
34.53176325,74.25229250000001,118.6862785789044,yes
34.531680574999996,74.252420075,123.699492582197,yes
34.53176975,74.25266962500001,99.22570668355917,yes
34.531896675,74.252632,89.97682647214657,yes
34.53188995,74.25252535,37.77250904858083,yes
34.532059325,74.252491875,143.9737335378215,yes
34.532026225,74.252831725,54.97968377575131,yes
34.531802400000004,74.25277787499999,99.3624133778876,yes
34.53183730000001,74.252977275,105.47314071034302,yes
34.53186615,74.253187425,33.23531937541809,yes
34.531635699999995,74.25310239999999,110.72616949344791,yes
34.531646025,74.2531962,82.24879154503242,yes
34.53161245,74.252723675,107.02738883097427,yes
34.531482175,74.25275225,137.95194287668883,yes
34.531280675,74.25284177500001,129.6420642637191,yes
34.531274975,74.25297934999999,119.02713458925228,yes
34.531163275000004,74.25310987499999,143.86313533163656,yes
34.53122145,74.253386425,170.23215164738957,yes
34.531271525,74.253519925,105.74195176434091,yes
34.53141365,74.25332665,190.6153016721206,yes
34.530636474999994,74.252757025,256.3127798772329,yes
34.5306693,74.2518058,174.61189868701848,yes
34.530567399999995,74.25204232499999,96.6259295085162,yes
34.530531775,74.25183305,159.33540708856626,yes
34.530952625,74.2519413,223.22656990174454,yes
34.530807100000004,74.2520202,105.77493306332696,yes
34.53071515,74.252107675,58.99226464681453,yes
34.531176825,74.2511812,109.0328021026283,yes
34.531205975,74.2513678,111.17568733942457,yes
34.531209775,74.25106755,24.653600303731032,yes
34.531136225,74.251060675,24.820875770337565,yes
34.530850924999996,74.25142327500001,75.29706562862,yes
34.5308698,74.25155667499999,71.90077932875333,yes
34.529376674999995,74.25118830000001,167.03363973663244,yes
34.529618975,74.2504203,246.71479429720662,yes
34.528661975000006,74.250227525,298.2286118073311,yes
34.529124475,74.2511757,127.16706294285464,yes
34.52900021666667,74.250523,325.22897101627655,yes
34.529397349999996,74.25049915,180.86226341899015,yes
34.5295393,74.250218875,133.87432754074382,yes
34.529674525000004,74.2502698,55.57254269502202,yes
34.530045775000005,74.25015735,55.1449877292266,yes
34.530235225,74.2499669,502.3245001943949,yes
34.530450675,74.250019925,21.430752633685778,yes
34.529399250000004,74.248429425,160.97357748881223,yes
34.5292012,74.248363625,150.6171815739931,yes
34.529042849999996,74.24830260000002,75.18466571208918,yes
34.528939875,74.248251775,58.845312463054896,yes
34.528191375,74.248853375,254.9239631797842,yes
34.528184425,74.249045025,56.20605756609113,yes
34.52807345,74.2490511,106.59871205909133,yes
34.527848324999994,74.249181125,150.62197131320764,yes
34.5278567,74.249361375,120.4731379992214,yes
34.527821075000006,74.2482081,182.6431591236153,yes
34.5276334,74.248135975,181.73000321868474,yes
34.527551325,74.24825885,141.64272750008038,yes
34.527646000000004,74.247875075,135.98712763048067,yes
34.5274972,74.247853125,157.22340593336867,yes
34.527347,74.24782077500001,177.6606880319693,yes
34.52717212499999,74.2478817,221.17455736457703,yes
34.715360725000004,74.40762375,166.55172337157632,yes
34.715669299999995,74.40724785,92.81575861596457,yes
34.71580085,74.40729705,34.34758948597207,yes
34.71574475,74.406829625,13.645044397555594,yes
34.71568082500001,74.406619725,31.493619184702585,yes
34.71569505,74.406783875,8.895721587840463,yes
34.715698274999994,74.406833425,10.77970038678852,yes
34.715627325,74.40664027499999,67.30258802538812,yes
34.715448450000004,74.407448175,50.43239486975625,yes
34.715707475,74.40736845,47.46001799468529,yes
34.71577105,74.407235525,26.504809999696757,yes
34.715636149999995,74.40681384999999,115.8606883120008,yes
34.715737374999996,74.40677637499999,15.235557437935453,yes
34.715789775000005,74.406793025,35.83240623396827,yes
34.715840075,74.40678009999999,37.03958441714764,yes
34.7158382,74.40665955,27.538348034789305,yes
34.715806474999994,74.40658175000002,41.481025958532925,yes
34.715745075,74.40660394999999,49.98848261269026,yes
34.660494575,73.9744627,78.37911232402556,yes
34.660091125,73.97410830000001,50.86520795884719,yes
34.659820800000006,73.974675575,204.18866533355538,yes
34.659850675,73.97485275,86.88923200119066,yes
34.65966985,73.974338975,133.4424074904204,yes
34.659697525,73.974476325,23.167968906907447,yes
34.6596902,73.97453535,12.155857105784438,yes
34.65976275,73.9741175,118.12886514024677,yes
34.65987575,73.974295,44.44957116717559,yes
34.659977325,73.974454025,49.97981043152276,yes
34.659819675,73.9745478,48.256665650930906,yes
34.660033950000006,73.97484557499999,26.815918643489894,yes
34.6601407375,73.97523441250001,88.5777350323872,yes
34.660432275,73.974937925,92.51489160801006,yes
34.66052445,73.97505227500001,42.610821398664854,yes
34.660577775,73.97458265,39.430701067588956,yes
34.6599005,73.97444297499999,105.61607199827945,yes
34.660234825,73.97407197499999,70.48228275477291,yes
34.69126295,74.31029506666667,60.172419186363115,yes
34.6926938,74.30510702500001,22.699788536113637,yes
34.692922175,74.30532472499999,17.73717417096745,yes
34.692823250000004,74.305213675,16.049511998494026,yes
34.692813550000004,74.305267875,17.832911804866633,yes
34.692804425,74.30552867499999,24.289897663510608,yes
34.692625799999995,74.305215925,23.896417294826833,yes
34.6926267,74.305277475,28.588921943636226,yes
34.69263015,74.3053382,22.18565150452173,yes
34.69247065,74.30536865,35.355495677837396,yes
34.692569475,74.305538125,51.87545492703575,yes
34.692697975,74.305506825,23.03567765110784,yes
34.692691999999994,74.305571225,20.96025551145361,yes
34.69268124999999,74.305630625,17.99671734577826,yes
34.448281349999995,73.83215756666665,187.64293260299934,house
34.44804315,73.8316662,197.39244423617276,house
34.450354575,73.828924975,131.6101155122346,house
34.450328275000004,73.8290842,93.64112204171754,house
34.45062505,73.82835850000001,177.1224710018749,house
34.45023945,73.82899,90.38221705940451,house
34.450456575,73.829037575,61.9885750974604,house
34.450326249999996,73.84006425,144.21844898202787,house
34.450213774999995,73.84017205,164.87423761540808,house
34.45145805,73.84294995,72.05900203203737,house
34.45111045,73.84306972499999,162.66473008179977,house
34.452004175,73.8670875,216.60238217629274,bunker
34.452240825000004,73.8680622,68.88616486174317,yes
34.4522915,73.868188,67.52847575714922,yes
34.452295925,73.868335225,69.58579305505626,yes
34.452195575,73.867603475,113.32218417384436,yes
34.458734975,73.86847287500001,150.04505129941168,yes
34.467112525,73.88180995,142.12016704154178,yes
34.4671348,73.881930525,50.703638772104,yes
34.467147625,73.8820918,120.15502730474246,yes
34.46700445,73.88153995,96.79595897003651,yes
34.466660475000005,73.887757575,17.478077260651556,yes
34.4449627,73.86317378000001,381.8335221605782,bunker
34.4474644,73.863790475,70.97716424228882,bunker
34.44737395,73.863735125,36.91644673266441,bunker
34.448339825,73.8636467,98.74537359704074,yes
34.447697025,73.8639237,55.418426899533884,bunker
34.453990024999996,73.8726106,134.02727283094083,bunker
34.45309805,73.8712543,18.80031769188057,bunker
34.4552965,73.874103025,29.642615792958473,yes
34.45525225,73.874178125,57.90666162267874,yes
34.455228749999996,73.874265275,40.05861751030465,yes
34.455364575,73.874415225,42.7693121269654,yes
34.45525035,73.87440437500001,43.01670734193897,yes
34.455270825,73.87450195,47.11962036916431,yes
34.467439725,73.883882075,97.07878975107965,yes
34.47830165,73.88884672500001,34.16207856218887,yes
34.4780893,73.8889584,52.589417231893236,yes
34.47812795,73.888697475,16.561463541238687,yes
34.515429325,74.0573325,140.80348307624624,yes
34.515917775,74.0576106,102.75990556507821,house
34.51611115,74.0574583,117.50713557498455,house
34.516088275,74.05716175,174.5827168588383,house
34.511515474999996,74.062130325,98.5983920602875,yes
34.5152831,74.05231367500001,69.25631071255404,house
34.510522099999996,73.99962635,210.1697002359098,house
34.510206525,73.999792125,163.39361416394348,house
34.511036575,73.9994097,164.88082223843,house
34.5103273,74.000083925,189.73039271649913,house
34.510161599999996,74.00020467499999,189.24233141319192,house
34.5100603,73.99989185000001,218.01767966522965,house
34.5098746,74.000345275,117.79876562697036,house
34.51003975,74.0003523,169.82699410128112,house
34.600135699999996,74.09074336,83.36503250655466,house
34.600046000000006,74.09077505,43.34541816692621,house
34.5999594,74.09082505,56.507984073804614,house
33.902352525,75.085776475,146.24794909394672,house
33.9021234,75.085814925,109.99239393200594,house
33.9018866,75.084879925,153.46660552110586,house
33.90193185,75.08502045,86.06284562930384,house
33.901995725,75.0851576,131.49811988427956,house
33.87123125000001,74.897632675,322.1368349507444,yes
33.8580958,74.7573756,89.52689931466077,yes
34.3090247,73.92702737500001,48.458962345367354,yes
34.12743315,74.83679561666666,823.4962185708835,commercial
34.127493691666665,74.838031425,1223.3425843517707,commercial
34.12512725,74.87813472500001,127.33784155900602,yes
34.126566075,74.87786919999999,101.94554927024063,yes
34.137219625,74.80841649999999,282.8729973586333,yes
34.134789825,74.803059,690.3889857193205,accommodation
34.1351308,74.803234525,547.7921493326344,retail
34.15056825,74.813207125,179.28155147720054,house
34.1504757,74.8131558,102.55806990284272,house
34.1504073,74.81311547499999,88.02600476712414,house
34.15059480000001,74.813614375,201.5525547291574,yes
34.150636600000006,74.8138053,120.58963250478436,yes
34.1516687,74.811793225,65.23069176746027,yes
34.15174252,74.81129480000001,115.13236809626233,yes
34.15169508,74.81138898,182.224539785931,yes
34.1514539,74.8111709,290.6495945675274,yes
34.1514648,74.81102609999999,147.05688427383166,yes
34.15147235,74.81092559999999,156.73294432310777,yes
34.1514801,74.81082239999999,155.21743998978815,yes
34.151424925,74.811579875,142.7548258137768,yes
34.151418675,74.811678,51.467451179707155,yes
34.1514109,74.8117999,189.91946056711677,yes
34.151479099999996,74.81214405,23.21889018121947,yes
34.1514852,74.8120682,40.71102418558662,yes
34.1513663,74.812354075,89.91100548006031,yes
34.1513835,74.81211615000001,130.10819910487945,yes
34.151824825000006,74.812229875,175.66069364729643,yes
34.151773275,74.81194585,113.68053667434546,yes
34.151659075,74.8123346,158.06165441081288,yes
34.151504700000004,74.81254207500001,27.87749644955307,yes
34.152265425,74.812657075,255.7942850184129,house
34.152221,74.8135753,260.74015730084153,yes
34.1524831,74.8136824,230.05357363949201,yes
34.15276585,74.81369195,149.1646694832765,yes
34.1525642,74.812899325,157.9287855205637,house
34.152726924999996,74.8128646,151.81882731705713,house
34.15282235,74.8133464,159.20526006396437,house
34.152727975000005,74.813354125,105.37134618770088,house
34.15262855,74.813316225,152.4384014565615,house
34.152523225,74.813307525,200.28930654066306,house
34.152404025,74.813334025,131.39632956283253,house
34.152377,74.81293009999999,198.14511096922683,house
34.152222375,74.81291365,178.25554646710125,house
34.152269749999995,74.8133311,165.6913019954714,house
34.152111775,74.813322725,193.21590001154456,house
34.15194955,74.81336095,149.33524836086184,house
34.1518031,74.813375275,143.7553004577777,house
34.151683675,74.81328257499999,105.27851312002815,yes
34.151590525,74.81336075,126.13784607724403,house
34.15144285,74.813348675,132.0029569706702,house
34.15128205,74.81334855,171.1111979700667,house
34.15181025,74.8130013,238.11557940288588,house
34.15166635,74.812891025,119.51710999330047,house
34.151497375,74.8129412,241.89029773211757,house
34.15132315555556,74.8130015888889,204.4670990947144,yes
34.1508336,74.81312335,115.63652315441396,house
34.1507737,74.81334865,115.63660516921527,house
34.1508935,74.81340227499999,115.61669288909181,yes
34.1509712,74.813193075,115.61658652280815,yes
34.1503342,74.81307237499999,115.61745847086783,house
34.150245399999996,74.813021425,115.61758001192685,house
34.1499524,74.81280685,115.637729569758,house
34.150083300000006,74.812884625,115.6178018965687,house
34.150185425000004,74.81271835,115.66867037096117,house
34.150246075,74.81257984999999,115.66858731839235,house
34.1503586,74.81282025,242.86071863058808,house
34.14999675,74.81243135,242.99897513738506,house
34.149777025,74.81246887500001,243.0175651201925,house
34.14984005,74.81233025,242.9994259506371,house
34.077548400000005,74.83038382500001,245.86334684956532,hospital
34.08013711111111,74.82946405555555,325.66792099058375,yes
34.080295275,74.82992955,188.63368178188762,yes
34.0802404,74.830082575,141.31535308795105,yes
34.080352325,74.830084325,109.67191096176123,yes
34.08026185,74.830259,102.60607280587918,yes
34.079950225,74.829913275,90.95538470999495,yes
34.080083300000005,74.82981475,81.34242751108428,yes
34.08066665,74.8300686,139.41282974436405,yes
34.0806223,74.829947875,94.22100712212102,yes
34.08029535,74.83120795,125.15250175812773,yes
34.0803823,74.83092915,203.78899737316613,house
34.0805229,74.83077655,260.67670521441164,yes
34.0807768,74.830623225,157.53877507119583,yes
34.080648499999995,74.83048975,279.3065231678427,yes
34.080726774999995,74.830153125,177.05426639816847,yes
34.080489924999995,74.82979995,180.88404681369786,yes
34.080338975000004,74.82959055,201.69572798755462,yes
34.071973775000004,74.8134284125,841.357945609493,yes
34.0721789,74.814128275,1216.266635622708,yes
34.0723849875,74.8149684125,981.3380897078684,yes
34.07264275,74.818346025,119.18688790982301,yes
34.07214285,74.81813065,218.45950298775438,yes
34.072215799999995,74.81788710000001,573.5774251632943,yes
34.072216875,74.817514825,137.1347806033067,yes
34.072288725,74.817489775,181.49435585797636,yes
34.07236985,74.8174615,178.20181272727842,yes
34.072446299999996,74.817434875,160.72952210718,yes
34.07264365,74.81722415,589.3551951739648,yes
34.072625325000004,74.81677272499999,435.2813733483428,yes
34.07215775,74.8169603,65.15904670679093,yes
34.0721928,74.81708835,214.90496184878396,yes
34.072390850000005,74.81693722499999,206.04180060910278,yes
34.0719208,74.816901325,187.18790629906445,yes
34.072033675,74.8168417,197.5189769507373,yes
34.072198650000004,74.81679025,163.5631774506649,yes
34.0723846,74.8167305,467.4105638097076,yes
34.07094475,74.81573540000001,743.8200529921414,yes
34.070522950000004,74.814945225,144.30425227144747,yes
34.0706457,74.81480372499999,300.35972785625853,yes
34.071107850000004,74.81502234999999,128.63993141460233,yes
34.071079499999996,74.81520275,112.41246837479812,yes
34.071261424999996,74.8153784,430.2934579584932,yes
34.071397375000004,74.815191125,381.3797334042947,yes
34.071455,74.81538805,397.154780511647,yes
34.071522775,74.81558827500001,282.27628947030917,yes
34.07126595,74.815723675,587.6123396216947,yes
34.071352250000004,74.8159427,673.3757324490206,commercial
34.0713153,74.81644244999998,1335.789641502362,yes
34.071437975,74.81685205000001,206.09266469066716,yes
34.07158775,74.816767475,458.21751359124414,yes
34.071867175,74.816641275,515.752639199628,yes
34.072155800000004,74.81655015,585.5897122017393,yes
34.072415625,74.816468125,405.85920440480356,yes
34.072600375,74.81638885000001,262.9551420064222,yes
34.07257075,74.81617895,337.7508274728851,yes
34.0725275,74.815835275,448.1458686353071,yes
34.09370045,74.815379625,68.89441734296756,yes
34.088041375,74.8129876,26.91785601122736,yes
34.088227525,74.8131169,100.9131945246736,yes
34.093087100000005,74.81193135000001,136.4965120773399,yes
34.093200374999995,74.81177195000001,90.26095858893225,yes
34.09285989999999,74.81218095,71.95434478087472,yes
34.092803575000005,74.8122537,85.13748491292714,yes
34.09270835,74.81243359999999,409.36194365203244,yes
34.093058,74.81269385,278.2235389313062,yes
34.0932592,74.814213,261.56138176613103,yes
34.09328575,74.8139947,96.94857376575135,yes
34.09323575,74.81387805,98.05283095568542,yes
34.093107849999996,74.81374865,259.6784402980926,yes
34.09939448,74.80508316000001,487.5381113953041,yes
34.10145465,74.80908055,59.66369959539185,yes
34.1013953,74.809088125,77.81186849235453,yes
34.1011616,74.8090511,91.89883573833202,yes
34.1010828,74.8090511,174.33765953878788,yes
34.1012785,74.80917045000001,74.27229891841154,yes
34.10118304,74.80917328000001,95.8761799591089,yes
34.1010828,74.8091832,104.8139141099555,yes
34.100714575,74.80880967499999,74.8664127033424,yes
34.10072682,74.80898578,242.76948842811115,yes
34.10074661666666,74.80925946666666,425.7286657944902,yes
34.100430025,74.80809235000001,188.89228756521857,yes
34.100193075,74.80774768333333,1156.3293110729128,yes
34.1003511,74.80667102500001,67.33445908750663,yes
34.100289225,74.806343675,307.5791855065179,yes
34.10080805,74.80552180000001,132.97333838848772,yes
34.101864025,74.805041125,268.69410617320773,yes
34.102594475000004,74.805229275,40.941589496483004,yes
34.102510475,74.80506274999999,38.63022082939558,yes
34.1024609,74.8050705,79.03096617662652,yes
34.102263325,74.805108,102.23397365096665,yes
34.102411675,74.8052961375,472.3307696996944,yes
34.10232955,74.805593375,54.09204866392919,yes
34.102149950000005,74.80548103333332,94.8900194466563,yes
34.102023474999996,74.80569599999998,183.25962601009059,yes
34.10195605,74.8055313,65.11825248190456,yes
34.102104025,74.80885520000001,43.634772601575975,yes
34.102047325,74.80886344999999,60.530096947532996,yes
34.10190035,74.80891804999999,110.05833800641335,yes
34.101784550000005,74.80891167499999,120.28906963137315,yes
34.101725,74.80895699999999,88.46309775963886,yes
34.10165485,74.80902127499999,110.49690449640238,yes
34.101584,74.809056275,47.60803816024474,yes
34.10152755,74.809071475,71.36303811106532,yes
34.102394675,74.80875764999999,124.20602930290005,yes
34.102514875,74.8083807,203.74811153292387,yes
34.10270575,74.80842475,169.68765316544028,yes
34.10301065,74.808235075,133.20478951284008,yes
34.10313775,74.80843415,156.77282436800584,yes
34.10295565,74.80841815000001,151.41025761250475,yes
34.102711799999994,74.8086831,339.47541068439887,yes
34.10332385,74.80867857500002,232.80264328110752,yes
34.103569400000005,74.80867624999999,320.1920896583031,yes
34.10525255,74.80948625,453.61502713079756,yes
34.1053891,74.80969635,353.81649037046776,yes
34.1052713,74.8091557,288.91566106963415,yes
34.105493499999994,74.8091349,239.00121680677418,yes
34.106055275,74.8091302,137.46220337531616,yes
34.10627854285714,74.80932692857142,847.7845974429621,yes
34.10896995,74.8091325,158.22186238437473,yes
34.10897425,74.80900785,281.517083312002,yes
34.109034783333335,74.81033946666668,320.9269214410324,yes
34.1090118,74.80995565,328.92272477060044,yes
34.10925515,74.81013915,277.3628740959333,yes
34.1094875,74.8097267,1158.5103915411837,yes
34.115678550000005,74.8068239,104.88847279690452,yes
34.1156816,74.8066672,119.48360649375417,yes
34.1156321,74.8065179,103.98679424136441,yes
34.115701975,74.80651555,103.31749555106617,yes
34.115372425000004,74.806535125,180.2869824304664,yes
34.114506,74.80698715,226.2666235800336,yes
34.114669750000004,74.8068414,159.53480000818172,yes
34.114817875,74.80663287499999,128.97745962111244,retail
34.114437966666664,74.80680015,224.4956045112977,retail
34.1139694,74.806770575,66.21160488008913,yes
34.11399204999999,74.80660095,114.64504314837998,yes
34.1140996,74.806584025,26.763080867011638,yes
34.11405566,74.80648164000002,167.71233651294025,yes
34.11417625,74.80643255,36.61087298670714,retail
34.11418175,74.80653782499999,82.63209121288216,retail
34.114275400000004,74.8064652,85.6627274123841,retail
34.11428985,74.8063005,135.01177299764072,retail
34.1144238,74.806339075,76.5924700634632,retail
34.114550725,74.806348775,125.75157775259208,retail
34.114710425,74.8062931,191.43067377791937,retail
34.1152283,74.80599605,195.24385668832446,yes
34.1152536,74.80623445,82.78085637343472,yes
34.115089525,74.80622360000001,208.00204965703605,commercial
34.11488365,74.806243775,225.76826695730287,yes
34.07207205,74.81982819999999,205.5128188031388,yes
34.07207205,74.81969875,195.14432566383653,yes
34.07207205,74.81957,203.34626799922438,yes
34.07297025,74.81851245,114.07536123011332,yes
34.0729917,74.81861314,170.01437233631867,yes
34.0729431,74.8188142,264.9647792429301,yes
34.07291728333333,74.8190215,197.0609562421609,yes
34.07287775,74.819136575,157.7725378802134,yes
34.07286915,74.819246175,201.88491157284938,yes
34.072849500000004,74.81951964,503.5306053246958,yes
34.072807950000005,74.8196899,269.225344953442,yes
34.07277514,74.81982445999999,143.92172846166386,yes
34.072749,74.819928325,171.11958257403228,yes
34.07286876,74.81991878,184.01887141158318,yes
34.0741569,74.81977695,189.91827839517117,yes
34.074012700000004,74.81965582500001,203.78696415934718,yes
34.07388025,74.8194555,536.6484220369216,yes
34.073442400000005,74.81917349999999,3535.309837316873,yes
34.07232908333334,74.81813718333333,417.4248316107653,yes
34.07237036,74.81903052,334.704598623213,yes
34.07229806,74.81891279999999,209.06652477711413,yes
34.07230140000001,74.81871843333334,961.0614714832968,yes
34.072597699999996,74.81893445,268.7105464448379,yes
34.072345399999996,74.8194082,645.270466770324,yes
34.0725221875,74.8194010375,671.5743831505556,yes
34.07240449999999,74.81968533999999,371.67271759593143,yes
34.072393975000004,74.819813075,236.64028929287872,yes
34.07237905,74.81995764999999,529.7351136888907,yes
34.074723475,74.8271917,142.76563711288208,yes
34.074818225,74.827607175,142.69255813419738,yes
34.073613275,74.8275488,142.76750824565335,yes
34.0737119,74.827973775,142.51447682081397,yes
34.07431605,74.828010475,472.2858849584379,yes
34.074475925,74.82702805,142.6187302138394,yes
34.07376995,74.82725225,142.5482788432098,yes
34.0742455,74.8270673,98.04471324480248,yes
34.0739882,74.8271537,98.0450110508062,yes
34.074115375000005,74.82710575,168.81692764082732,yes
34.07395715,74.82673242499999,289.83721317164026,yes
34.074057375,74.826666975,142.30015418201862,yes
34.07393275,74.828382325,96.54770544716318,yes
34.07379265,74.828371825,93.51215425110871,yes
33.99907664444444,74.76236918888888,972.3665151619812,hangar
34.02918274375,74.77820003125001,8520.104271598613,yes
34.47035986666666,74.11819383333334,456.527241085862,yes
34.3958346,73.8629504,1663.9071958019676,yes
34.2663485,74.416189625,115.02649419238932,yes
34.170640359375,74.54981294375,2206.247148629884,yes
34.078030041666665,74.05688513333332,650.9005688054731,yes
34.237745950000004,74.4195776,538.4862350772084,yes
34.116000050000004,74.43405855,79.54734042228606,yes
34.288766775,74.4454364125,185.09540849846297,yes
34.206402125,74.348400075,77.92378150802013,yes
34.169362750000005,74.6632817,112.38173524390322,yes
34.24944,74.39460695,276.7233642405988,yes
34.1444148,74.837286,307.1659578040062,yes
34.418242899999996,74.642816825,258.7842302758078,yes
34.45079365,74.077090375,154.329777380964,yes
34.279491925,74.87650629999999,544.9893506839483,yes
34.0929749,74.58883655,149.21806971264164,yes
34.32844305,74.48579275,240.42758751682132,yes
34.39925169999999,74.39527047499999,77.83687065125126,yes
34.039303700000005,74.8849750625,163.96082854044988,yes
34.1831202125,74.3065255875,276.3590142192056,yes
34.2023073,74.364678825,315.2615636752897,yes
34.174733562499995,74.54251177500001,344.3917215055184,yes
34.280196075,74.46280982500001,269.3312317587724,yes
34.31761938333333,74.37180630833333,1306.339660352276,yes
34.21531999375,74.34158198125,725.0067155991602,yes
34.199278324999995,74.65986775,1416.9975485010507,yes
34.25569301666667,74.39367705,313.03892155509277,yes
34.33115735,74.406064025,495.2948032129618,yes
34.36341085,74.42464895,184.26995904010664,yes
34.3180421,74.37179504999999,205.97932476667344,yes
34.332421775,74.42386285,53.85927128170779,yes
34.40716195,74.29179845,636.4327991749672,yes
34.542274875,74.32820152500001,526.1084477451186,yes
34.374124300000005,74.68110622500001,159.25951290828903,yes
34.193251149999995,74.91722010000001,183.9006510277532,yes
34.47760555,74.15107668333336,869.8669199096873,yes
34.357992875,74.50389709999999,642.625600208072,yes
34.27722655,74.43174084999998,394.4420928574987,yes
34.27548785,74.5995475,127.89270355600911,yes
34.2170249375,74.77313435,254.45057485175627,yes
34.3548841875,74.23243826250001,682.4833330264253,yes
34.03930585,74.88584575,496.74946611741944,yes
34.2624548,74.9024123125,907.5792966210847,yes
34.26245750714286,74.90187413928571,1382.2718974569052,yes
34.4114032,74.229893,106.46813171283691,yes
34.396247475,74.28385134999999,389.02013911230654,yes
34.527325733333335,74.25792486666667,169.28243738607043,yes
34.281389675,74.46277615,185.7231614048486,yes
34.5257163875,74.2546812125,778.6715673371867,yes
34.51334608333334,74.17099651666666,236.0373196050329,yes
34.06320115,74.42651989999999,364.41955056617087,yes
34.359335550000004,74.420447,163.0798126514259,yes
34.2446412,74.380068275,225.4461063761865,yes
34.187002475,74.52712307499999,251.03892458396652,yes
34.093051100000004,74.59005132499999,87.63264724107532,yes
34.3615536,73.8347538,392.62950831582526,yes
34.15019645,74.61550548333334,251.0059287600223,yes
34.28904622499999,74.457910475,261.5211647689541,yes
34.18363065,74.30675187499999,502.3655420073535,yes
34.206995199999994,74.36412655,207.59732363433653,yes
34.284503525,74.46458220000001,547.0047647899423,yes
34.336138399999996,74.48103295,157.0986233935473,yes
34.1438466,74.83830325,169.85172519113485,yes
34.2068448,74.36793575,78.68036453605151,yes
34.16400655,74.82899577500001,174.8551630654685,yes
34.20864569499999,74.34389782999997,1819.0114368738336,yes
34.243250162500004,74.4482600875,184.4583171893803,yes
34.52620061666667,74.25449656666667,459.91318436503286,yes
34.371161825,74.43226259999999,187.45050042751225,yes
34.24803687000001,74.58011431,580.9265624821455,yes
34.525174825,74.25376539999999,328.8776090789122,yes
34.3446641,74.50702910000001,166.38188830932478,yes
34.333003225,74.46272795,138.1705379381342,yes
34.20926975,74.34286990000001,131.48412986806755,yes
34.2566659,75.413770375,123.02949225093627,yes
34.0945572875,74.5914991625,1372.191298169343,yes
34.2916047,74.47209465,167.9989466727439,yes
34.2078815,74.3431327,142.73776412560952,yes
34.22156205,75.01596359999999,854.9946598949208,yes
34.37290655,74.692660625,183.12307369171094,yes
34.286196125000004,74.84411563750001,528.5859217532636,yes
34.432785575,74.6117765,257.36360961563355,yes
34.262881575,74.9022643,297.8989532941866,yes
34.282497750000005,74.81191435000001,183.7589292573918,yes
34.272655799999995,74.4539058,98.74498254923094,yes
34.1314436,74.6689819,167.14176151590215,yes
34.2908669,74.45928491666666,839.7931561044157,yes
34.263879037500004,74.795271525,1028.0203640845725,yes
34.31127665,74.930824125,621.9959415297544,yes
34.030499750000004,74.82133755000001,321.6955975111472,yes
34.138923983333335,74.80191774999999,361.028808725178,yes
34.1227493,74.81775345000001,200.67514550816077,yes
34.078906175,74.79928885,282.1810227342273,yes
34.066426766666666,74.8095561,122.49924376196608,yes
34.02717022,74.74461495999999,959.1663607681235,yes
34.032287975,74.780610625,99.259929620631,yes
34.04528368333333,74.73304808333334,106.25120288143256,yes
34.0347137,74.8197326,158.43653624564826,yes
34.097265825,74.82611747499999,143.04293506837223,yes
34.04724505,74.80164005,349.35832073156035,yes
34.143733725000004,74.80883055,935.8741008184093,hospital
34.111542525000004,74.809484325,359.902722045783,yes
34.034390625,74.8076983375,1080.407837601159,yes
34.07755375,74.7951403,760.1688384425261,yes
34.05400995,74.81700525,322.36315521257063,yes
34.06060303333333,74.81889671666666,227.84221014509035,yes
34.019834974999995,74.73703585000001,153.43254635144842,yes
34.112054074999996,74.80714624999999,133.0365874653075,yes
34.04467498333333,74.8028858,657.502672728275,yes
34.146261725,74.802326775,534.4097994245608,yes
34.13598395,74.80499727499999,356.97972330003273,yes
34.024821214285716,74.81482618571428,611.0592901750683,yes
34.1080338625,74.74751494583334,2037.4719354078206,yes
34.063544750000005,74.83115835,233.48527228044782,yes
34.03629992,74.79030336,183.0184842234862,yes
33.86373771666667,74.77158643333333,684.0765067779786,yes
34.11641415,74.80618785,102.73186902274341,yes
34.046903875,74.787947325,319.7581722075513,yes
34.026148649999996,74.8031862,173.89457102361334,yes
34.079562624999994,74.7992644,579.5362155965086,yes
34.103808275,74.82948065,146.32481513910528,yes
34.1221900875,74.814379925,351.6870417575028,yes
34.042454049999996,74.80691412499999,150.4797054603788,yes
34.07266383333334,74.79371859999999,192.63686222022324,yes
34.013752025,74.81261175,162.28675919481637,yes
34.048861450000004,74.86620884999999,177.1332556197607,yes
34.083810675,74.79472755,129.94968760276012,yes
34.06647268333334,74.81103891666667,540.9822332447751,yes
34.0728627,74.7930225,882.8025774451244,yes
34.03405993333333,74.7908407,477.62004268111536,yes
34.0657634,74.8089631,58.88061208708829,yes
34.094494375000004,74.79457115,173.63700405651753,yes
34.0646,74.8120171,151.6367989715754,yes
34.0434297,74.80054195000001,248.2149711015689,yes
34.034026749999995,74.808842925,244.3933777559333,yes
34.113521524999996,74.80661154999999,214.32655945483305,yes
33.9956187,74.53004775000001,192.13885735963095,yes
34.05197965000001,74.83232914999999,176.8207458865336,yes
34.07435435,74.787661475,234.49935239452412,yes
34.0741790125,74.7877463,516.9532116423924,yes
34.098571033333336,74.7978904,164.11329800630435,yes
34.09143207499999,74.81936105,302.33569687749673,yes
34.080531324999995,74.79877405,277.70468850794634,yes
34.0747152,74.77263875,239.30626859023653,yes
34.08446073333334,74.83954948333333,133.5869676022022,yes
34.06514405,74.82145134999999,124.07841344708939,yes
34.115378375,74.8271968,251.09553119703764,yes
34.11214165,74.72550563749999,1773.1602575156294,hospital
34.0475834,74.8035159,293.68617438253216,yes
34.0520154,74.7973913,145.72739593462506,yes
34.0806134,74.82158304999999,690.7185871542018,yes
34.07694505,74.776911525,319.17072695981267,yes
34.036923,74.91636215,132.24197045998,yes
34.0344753,74.82470855,208.0930244854536,yes
34.078955625000006,74.82968965,145.89280373696502,yes
33.8150579,74.76266681666668,500.6598462521416,yes
34.09578668333334,74.79221723333332,236.89212604599322,yes
34.04372405,74.783701175,108.43288048904088,yes
34.040429849999995,74.868385025,362.82358725567315,yes
34.0755338,74.77494490000001,255.34370348546008,yes
34.089669025,74.778083925,330.57123898126684,office
34.057553575,74.816868675,204.25632073004255,yes
34.00848775,74.80317277500001,219.09238338963843,yes
34.0937388,74.82047895,170.88426532039827,yes
34.114062450000006,74.80566482500001,197.83608055613809,yes
34.01656405,74.7210286,440.50885324010585,yes
34.0464283,74.8018679,449.6753537986466,yes
34.046500775,74.801418825,473.3596754473287,yes
34.1026374,74.7992255,213.29331396507263,yes
34.1132935625,74.807975975,174.17281772164202,yes
34.0841332,74.794925975,266.04935008817426,yes
34.0362797,74.7355124875,904.2515705715042,yes
34.022288,74.73825827499999,168.67763229107476,yes
34.0758038,74.79735794999999,198.84729692676228,yes
34.06658115,74.80329358888889,1377.041659228454,yes
33.9219986,74.82796763333333,76.13315247944342,yes
34.028644475,74.811175325,185.52180448649096,yes
34.08649522499999,74.788787075,81.98861133232904,yes
34.12513990000001,74.81603686000001,1100.2709479665093,yes
34.026560266666664,74.80923738333333,410.78038157027436,yes
34.02920995,74.7365579,312.63057727979844,yes
34.08709085,74.78925815,168.38274466638615,yes
34.0907532,74.77621915,144.16160389915666,yes
34.0819355,74.8298352,168.14875827086917,yes
34.045767549999994,74.788295075,444.0285969755063,yes
34.045895225,74.78814584999999,272.65546987846346,yes
34.0327357125,74.800405575,318.81910882613977,yes
34.11712278333333,74.699232375,520.6205718326632,yes
34.0834297125,74.81911712499999,649.3542886356975,yes
33.98987465,74.72930127500001,135.98236754324745,yes
34.029337500000004,74.82110857500001,131.45514636034738,yes
34.028920775,74.80029425000001,518.9923532940913,yes
34.1247075,74.816898675,144.4006866636542,yes
34.1246954,74.8170339,152.45865639931412,yes
34.06782075,74.82538405,284.9852722659898,yes
33.5225813,75.37656109999999,99.75811144748732,yes
34.02157723333333,74.97160849999999,167.36362405865225,yes
33.57001385,75.18222730000001,533.4564346198904,yes
33.726514099999996,75.1523749,218.29668409673525,yes
33.685959575000005,75.2222591,420.0861956914627,yes
33.79872078333333,75.18331500000001,144.445946136693,yes
33.658430425,75.09026072500001,198.77796503089675,yes
33.67823945,75.10717315,353.0621768506461,yes
33.878193399999994,74.89954110000001,309.5862646738648,yes
33.646371650000006,75.02045765,120.30358729107874,yes
33.53864968333334,75.24588326666667,553.7788613148269,yes
33.5730646,75.34086805000001,454.74577136981577,yes
33.727879075000004,75.1502689,757.1048068015582,yes
33.705563500000004,75.153425225,483.41138573768694,yes
33.713232624999996,75.182260825,448.8974273908875,yes
33.601395525,74.9332805,100.0312626839686,yes
33.823832775,75.253309175,103.29228774707217,yes
33.8767889,75.07273294999999,173.47469379218327,yes
33.77203125,75.14208285000001,161.19575260789708,yes
33.58689955,74.971950075,83.61845221701623,yes
33.91560173333333,74.88293186666667,133.8481691765051,yes
33.92154853999999,75.01451073999999,1074.9620434219837,hospital
33.797371775,75.0959087375,924.9928916063045,yes
33.758839375,75.209704375,343.2600890567254,yes
33.826408175,74.99173822499999,218.82490184177612,yes
33.82816825,75.08074235,561.4492847748727,yes
34.01228603333333,75.3176452,602.0624407696026,yes
33.75440725,75.20751545,203.24582954151737,yes
33.793319025,75.10245427500001,525.53741067088,yes
33.6455943,75.02532536666668,183.69063238181937,yes
33.736397825000005,75.30896175,522.4657917889942,yes
33.925549825,74.83910635,125.39298845980989,yes
33.717042625000005,74.83606312500001,316.6770044733469,yes
33.72640485,75.1528071,222.1369913689855,yes
33.83147785,75.01697709999999,93.40285145533987,yes
33.686965725,74.98112645,246.5058832836429,yes
33.7894784875,75.24399005000001,924.1917361638828,yes
33.587743599999996,75.2996349576923,1556.972971276389,yes
33.64515955,75.01838517499999,318.7697473744639,yes
33.725841325000005,75.1519414,1714.6591504876874,yes
33.6893246,75.025901825,523.0320609980121,yes
33.7454219,75.18548975,502.46621557736523,yes
33.6484105,75.19943085,244.62892270675178,yes
33.724593334090905,75.01817092045454,1833.7028773738875,yes
33.57292050833333,75.22235826666666,1082.2547442065666,yes
33.64680056666666,74.99602494999999,1124.9258098821042,yes
33.878808825,74.89928135000001,152.4606301163295,yes
33.73918295,75.17362994999999,355.2508983749701,yes
33.724525050000004,75.1508975,775.0785079929534,yes
33.73775435,75.14431865,253.09512731317744,yes
33.87925035,74.95178085,600.408550405924,yes
33.73070224999999,75.153462375,644.5600346433646,yes
33.819520999999995,75.06273782500001,274.5919508304599,hospital
33.73898273333333,75.16718823333333,2139.763645035776,yes
33.716241,74.82828245,373.3672631937086,yes
33.6499374,75.16172295000001,355.4216116115837,yes
33.658018999999996,75.0897984,548.9638264609528,yes
33.72016065,75.16794825,188.70610046318356,retail
33.9724297,74.886115975,252.19815174913217,yes
33.72853798,75.15099696,191.4213047049912,yes
33.87117773333333,74.90031248333334,119.86453692142274,yes
33.608568299999995,75.26415474999999,603.6471401029221,yes
33.71000645,75.151510775,154.6916083816895,yes
33.709905875000004,75.151811775,579.8215581420259,yes
33.595126050000005,75.14258760000001,496.3353489264972,yes
33.59273895,75.16508582499999,199.72774105986338,yes
33.80659356666666,74.9663522,421.326290228679,yes
33.602456525,74.33143295,143.47544460839717,yes
33.636101213636366,74.26452191818184,1610.8067972286826,yes
33.38597765,74.31509095,147.57299293544514,yes
33.473285329999996,74.25495378000001,802.9551993622662,yes
33.6100986375,74.34734685,217.17583659127888,yes
33.396930375,74.34883915,482.7289983667539,yes
33.747285815384615,74.15517753076924,410.93839547621485,yes
33.456727924999996,74.37115385,303.01658044192186,yes
33.79696907,74.25510007999999,1109.2698734231565,yes
33.77087710000001,74.0983429,263.5840907547366,yes
33.53942705,74.36920272500001,489.6576615480218,yes
33.371372824999995,74.315398975,96.28366835426152,yes
33.83294360000001,74.32606571666666,185.9090070111186,yes
33.694899875000004,74.28798645,251.25303444248738,yes
33.493488525000004,74.35931339999999,457.5872519156759,yes
33.43954875,75.19799760000001,141.9457530048636,yes
33.60465331666666,74.14082839999999,716.220917731347,yes
33.6490479,74.256880225,323.6958797571597,yes
33.3817801,75.153342175,308.82844297997895,yes
33.754174175,74.16745465,183.5111521229088,yes
33.32676685,75.254935025,610.6436882953553,yes
33.60614725,74.140465275,128.47921926760495,yes
34.04905055,74.8662842,151.4320666520106,yes
34.07150756666667,74.83409606666667,601.9663860066817,stadium
34.073724575,74.83898905000001,569.8506855770311,yes
34.0738662,74.8405452,103.23804557577822,yes
34.40787235,74.3167269,18.966262774036334,yes
34.4075189,74.317274275,39.08418280885815,yes
34.406549150000004,74.31983785,87.54079910545065,yes
34.406283,74.31957514999999,65.36066133567437,yes
34.406426550000006,74.31961795000001,113.61979815106781,yes
34.4064963,74.31909379999999,287.6339590436304,yes
34.40671295,74.3191681,167.76089569530626,yes
34.40659675,74.31888584999999,153.52690614681075,yes
34.40780875,74.3190412,64.88144870477957,yes
34.407530975,74.319038525,139.7123812507436,yes
34.40728235,74.31875995,97.89782150599109,yes
34.40712625,74.318691875,76.60791018196696,yes
34.40685045,74.318493,102.83007454698205,yes
34.406721149999996,74.31848685,135.25271146016343,yes
34.40715985,74.3176383,22.863760554615002,yes
34.4070838,74.3173168,84.68565884071707,yes
34.40699550000001,74.3176148,103.99711020757039,yes
34.40728085,74.31687755,117.15433945741148,yes
34.407288949999995,74.3171392,112.58311321378609,yes
34.407455125,74.317067975,141.03109949204293,yes
34.4081944,74.31581505,80.21007453740876,yes
34.4075138,74.31650965,48.31595179672148,yes
34.407535625,74.31638287499999,62.703936145278746,yes
34.407690675,74.31648304999999,59.71363687086096,yes
34.407579174999995,74.31673814999999,160.13646413930405,yes
34.40775855,74.316659575,96.3771558564971,yes
34.4079535,74.316555125,110.07674661427288,yes
34.408127750000006,74.31654485,48.2849942025875,yes
34.4081225,74.3166935,101.44749977829473,yes
34.40814265,74.3163753,132.26335760795837,yes
34.408000775000005,74.3162944,41.74223968540163,yes
34.407824,74.316406675,177.0201870292189,yes
34.407633649999994,74.31597145,61.47106482157684,yes
34.4076056,74.3161082,68.17389679256094,yes
34.408329200000004,74.31537365,159.37816718232133,yes
34.40789275,74.3161678,71.60365586265391,yes
34.40780345,74.31603262499999,144.96678648429076,yes
34.40767889999999,74.315869825,38.645360796138846,yes
34.4076731,74.315545575,77.43058337828069,yes
34.4078267,74.31532089999999,225.5636394762268,yes
34.40790015,74.315893375,118.80833351056192,yes
34.407964675,74.31567955,118.59320440830399,yes
34.40803895,74.315493375,211.25987614987713,yes
34.408119875,74.315275425,105.47348008931003,yes
34.030834,74.90908655,5378.6995343289855,yes
33.990354762500004,74.931520275,3392.3915933310973,school
34.011714125,74.9164502,537.3236899944043,yes
34.2061573125,74.3406603125,361.45336703493274,yes
34.16278415,74.635485675,100.62069987864294,yes
33.731708375,75.00781082499999,74.94309249846569,yes
34.317617375,74.680339925,75.65193648333658,yes
34.34458295,74.63236425,103.97173223223078,yes
34.18148175,74.544159475,89.58532416626761,yes
34.1187228,74.537175825,29.074477945809754,yes
34.128058675,74.50729385,212.6190526602383,yes
34.238899,74.34893625,169.83774195732764,yes
34.300231225,74.41495815,93.77716564956474,yes
34.27619595,74.417475575,221.87646114832566,yes
34.275143675,74.3745587,181.79328089926537,yes
34.2587314,74.3673932,128.06943303966048,yes
34.257743375,74.34522955,37.47923533395947,yes
34.2211326,74.2952763,69.42925644119919,yes
34.249276,74.28605955,134.43688534114972,yes
34.277846025,74.8301688,101.77819757024989,yes
34.2871352,74.504783,37.03365301254481,yes
34.27461285,74.390293225,151.91310663086506,yes
34.2303503,74.4877097,147.02755270251316,yes
34.2436981,74.472593125,89.83682440655895,yes
34.26235785,74.52299315,73.63879815440245,yes
34.657143425,74.684798075,116.89367502178499,yes
33.35262755,74.69900035,103.31741422382733,yes
34.047766249999995,74.0568021,49.11942861208486,yes
34.1370737,74.069488925,123.86502214351049,yes
34.03726295,74.045251475,58.66572447713465,yes
34.056736625,74.06986145,57.98149841550631,yes
34.13842485000001,73.97511675000001,104.00133459446144,yes
34.07263725,74.10893250000001,123.78138859252729,yes
34.088112800000005,74.02486904999999,192.38182312919093,yes
33.64665115,74.863037575,104.92197570474778,yes
33.69397725,74.9687498,104.14461061097197,yes
33.6336128,74.8331611,117.0846146275988,yes
33.61244057500001,75.0278439,128.19496078497463,yes
33.7124264,75.16120735,121.3039867094354,yes
33.839863199999996,74.936509,542.1238031144303,yes
34.15902703333334,74.62362125,117.59682067889183,yes
34.10434885,74.579659175,57.047360414188844,yes
33.729252100000004,75.33055365,86.69250794984319,yes
33.7584238,75.178345325,134.7794226435107,yes
33.70193545,75.027116525,54.064626021604695,yes
34.11048987499999,74.513172575,51.360421299354655,yes
34.020883000000005,75.070414925,183.0449248605488,yes
33.705433725,75.322055725,58.79101500313267,yes
34.1150448,74.12261715000001,62.32003463856456,yes
33.904648975,74.68333915000001,29.70258755610511,yes
34.04257335,74.513946375,58.05962393747302,yes
33.951943525,74.98754939999999,96.92411270701984,yes
34.105832825,74.50099370000001,70.39844369298382,yes
34.350148325,74.4606167,77.53125686125017,yes
33.712881275,75.235391225,95.0626432545852,yes
33.934459499999996,75.1546993,129.40080902819358,yes
33.884913725000004,74.8137607,95.78570493098105,yes
34.055794750000004,74.0749355,88.21012358847948,yes
33.810711749999996,75.0254946,50.68329243453084,yes
33.976033925,74.74775555,67.66253522168287,yes
33.935815,74.898500725,80.98423792132951,yes
33.66354345,75.288865075,141.61139928648805,yes
33.68100995,75.2054286,102.87452720013926,yes
33.9296679,75.06205915000001,68.6875069155129,yes
33.909593224999995,74.9952913,112.0327794460971,yes
34.6557154,74.89582725,186.3277231120353,yes
34.04206355,75.071468025,147.18055068941214,yes
34.009760375,74.573896775,151.29091385171876,yes
34.20885565,74.7630405,64.69782896905723,yes
33.360331450000004,74.73966955,43.22627479923558,yes
34.22501246666666,74.73255225000001,194.45809659312022,yes
34.427540050000005,74.54165295,89.98934415002117,yes
33.995619000000005,74.63692230000001,90.3825636495838,yes
33.910856624999994,75.06943340000001,33.74340915505847,yes
34.5027667,74.142453425,73.88945954102621,yes
33.940391025,74.820997125,113.0683145276373,yes
33.75123925,74.9152746,57.33045879343927,yes
33.97328745,74.57180232500001,110.85824943517622,yes
33.986272525000004,74.7294495,147.8398888293618,yes
34.243230000000004,74.66080739999998,51.259043353482184,yes
34.29067575,74.832865425,82.97677804080479,yes
33.88720345,74.6982584,33.27528490758136,yes
33.63651335,75.04672295,71.84893939618757,yes
34.4079883,74.6581044,174.29351616432677,yes
34.123719824999995,74.50498145,158.59453176493517,yes
33.858770125,74.8523996,134.93028977692268,yes
34.15213265,74.5623435,199.282676612513,yes
33.97954405,74.605881475,153.76761010499126,yes
34.00871065,74.673605225,107.12234339051601,yes
33.6642682,74.78480837499998,115.00564529204787,yes
33.6882161,75.07928465,190.57679071718098,yes
34.49059115,74.696193775,62.277238781702124,yes
33.960587950000004,74.847151525,65.23243223475106,yes
34.07409025,74.106995275,121.71779343063044,yes
34.041639849999996,74.06426264999999,102.77537877697782,yes
33.776067075,74.90235742499999,76.34188675260074,yes
34.6086028,74.9502655,82.68926049095171,yes
34.1474184,74.49787979999999,36.57304502768212,yes
33.7931394,74.9165265,84.8339319766097,yes
33.8932249,74.977391225,143.6409530789607,yes
34.09334085,74.4172437,115.51622788178557,yes
34.113931150000006,74.60802555,91.71503593401515,yes
34.08395935,74.51416867500001,117.71089243299494,yes
34.39898375,74.66260595,63.8643065102973,yes
33.91763015,74.88546755,59.57866104409139,yes
34.0645641,74.510569825,70.13736392806231,yes
33.777285750000004,75.06510750000001,54.259650381756344,yes
33.703615,75.22050829999999,164.51851083509285,yes
34.14004685,74.64213050000001,237.04187456386944,yes
34.206471949999994,74.3380856,143.66014171360143,house
34.206809150000005,74.337773125,85.06789995113346,house
34.20673905,74.33804570000001,195.35671035014994,house
34.206551749999996,74.337785375,146.96402315807745,house
34.205932649999994,74.3391836,47.068598112776655,house
34.206258000000005,74.337681325,80.89147194825071,house
34.20689121666667,74.33837568333333,237.5967695483126,house
34.20659036666667,74.33819190000001,92.56572093317703,house
34.20624655,74.33917037500001,155.79697856381352,house
34.2057729,74.3379338,130.1711971850036,house
34.20674356666667,74.3375149,117.12340162330283,house
34.207012925,74.33800612499999,100.22678470756601,house
34.206093325,74.33810805,224.81720821144,house
34.206201575,74.33686402500001,148.32887653745354,house
34.2062545,74.3367202,99.41567551114834,house
34.206100075,74.33735715,207.44261692995337,house
34.206222725,74.337221,141.1934467449645,house
34.20635095,74.33716125000001,199.36152225777425,house
34.206452625000004,74.337028775,227.8360015391794,house
34.205816025000004,74.33852985,181.44696551553625,house
34.206020175,74.338560825,370.88347371029,house
34.2053423,74.3381079,161.02902503857587,house
34.2060296625,74.3406131,211.50362322776556,house
34.20631365,74.34031820000001,324.54507682013104,house
34.206427325,74.33970165,115.6128655302237,house
34.206749349999996,74.33910535,192.62453739067348,yes
34.20639235,74.339213825,193.3620519177939,house
34.2067679,74.338639325,192.26425100420244,house
34.2057393625,74.341364225,429.7825590964791,house
34.205388,74.34120641666667,265.98615168039066,house
34.20547635,74.34042185,274.016328313082,house
34.20591475,74.34151937499999,277.42795038477163,house
34.20592325,74.3426982,458.63292410257594,house
34.207020925,74.342110875,640.5929749055481,yes
34.20722867,74.34138720000001,881.9984889486384,yes
34.2073063,74.341729775,631.0500763956638,house
34.2074749625,74.34197822499999,253.73357160160776,house
34.207628025000005,74.3414314625,642.3257559054705,yes
34.20797713333334,74.34083131666667,299.1454136950736,house
34.206941125,74.3434921375,355.30501063776677,house
34.20619728333334,74.34348633333333,704.6609783391984,house
34.20570789999999,74.3429976,229.21622333387268,house
34.206669825,74.3444676375,871.2188361318383,yes
34.206778775000004,74.34387745000001,379.5679148154363,house
34.2060119,74.344276725,551.5517850386163,house
34.205644074999995,74.34345239999999,469.3977321743703,yes
34.20437484166667,74.344082075,1000.1085474443881,yes
34.20514745,74.343822025,275.3071121540473,house
34.207573374999996,74.34405325,526.9993492827891,house
34.207663274999994,74.34350222500001,520.9019039241983,house
34.207154425,74.34449103333333,745.5453897256463,house
34.20756803333334,74.34235160000001,343.4016474427426,house
34.2080578375,74.341882275,330.998010297021,yes
34.206644775,74.34254444999999,65.9404421680658,yes
34.20697815,74.34265015,342.2150849944544,yes
34.20639525,74.3422394,156.17152066761685,yes
34.2055073,74.3439159,175.9481263243934,house
34.2054457875,74.3425736,255.10940592746175,house
34.205749250000004,74.34232858333333,231.4308763744195,house
34.2061294,74.34174315,144.93309283399432,yes
34.206214575000004,74.34145545,320.3634613754069,yes
34.2067617,74.340543225,325.1588238888281,house
34.2068521,74.3399178,178.15443165121607,house
34.20771761666666,74.33914405,492.19388152703647,yes
34.2076845875,74.33977322499999,469.3034918980178,yes
34.2074673,74.338812925,154.2043138296607,house
34.206385725,74.34324892500001,623.5103700580604,yes
34.206358425,74.342931025,419.1301683885479,yes
34.20511798333334,74.33924653333334,487.9657078108588,house
34.204851500000004,74.34078405,299.685023500448,house
34.2049625,74.346168,1453.979557287193,yes
34.20709415,74.338955775,528.4263417940936,yes
34.205967825,74.339474625,164.04637199599398,house
34.2071901,74.3384757,223.65977973494768,house
34.20710455,74.33776395000001,318.1573637454252,house
34.207145125,74.33870635,145.57345300813677,house
34.2073749,74.33899215,197.41852095828034,house
34.207223174999996,74.34053775,327.89168256669143,house
34.205968475,74.34110669999998,112.10054586978342,house
34.2062219,74.34117495,108.41594117743509,house
34.20644755,74.34040095,254.33076770694095,house
34.20649715,74.33948889999999,157.36148039624337,house
34.206265175,74.340013775,135.48659828396728,house
34.20586421666667,74.34170593333333,192.85944822900103,house
34.20739736666667,74.34228292222222,317.4161941605192,yes
34.2076747,74.34311915,236.47549545390368,yes
34.207544299999995,74.34288364999999,206.98510608161206,yes
34.20358774375,74.34958864375,1782.3225271460808,yes
34.20328916500001,74.35031632,2376.7549795027808,yes
34.203583684,74.35116494799999,1302.2039499553034,yes
34.2031771,74.349533075,212.94885260921075,yes
34.203858960000005,74.35286238,1409.0262586380547,yes
34.204195025,74.347949675,334.16267543636025,yes
34.2039982,74.34786145,201.4029464604718,yes
34.2037638,74.347949575,297.18979412408163,yes
34.20532813999999,74.34535898000001,352.6276754345258,yes
34.20530135,74.3457281,159.10228079335988,yes
34.20541335,74.34510569999999,206.84196488815286,yes
34.205499625,74.34440975,783.1769469556864,yes
34.20611485,74.34381155,395.0216875333209,yes
34.205453475,74.34334595,274.49521868258614,yes
34.206075850000005,74.344794375,393.86264819356336,yes
34.205492825,74.34648941666666,140.81657621966434,yes
34.205582475,74.345801675,376.1926054581511,yes
34.204326699999996,74.343168375,556.7421723298144,yes
34.204999674999996,74.343074425,273.8689916337843,yes
34.206938300000004,74.3429106,188.30589017779153,yes
34.208536,74.34333864999999,136.36017432762077,yes
34.2080954,74.34325685,722.77272474966,yes
34.2079509,74.344118575,995.6266813073989,yes
34.2067831375,74.341462925,444.11280795447135,yes
34.206872450000006,74.344727775,90.53959086467837,yes
34.206678025,74.34652885,142.2494383777548,yes
34.206487875,74.34643182500001,169.73371619122372,yes
34.2068854,74.3468451,149.4003254815736,yes
34.20647565,74.34518700000001,140.02935834589596,yes
34.205200375000004,74.34800525,92.48017575834919,yes
34.205076625000004,74.34859575,154.57532988041697,yes
34.2053849,74.348512475,219.68402838331505,yes
34.20490877499999,74.347883925,312.03400662473075,yes
34.204835249999995,74.34837762500001,489.35829860959643,yes
34.205173375,74.349377975,209.81316571894084,yes
34.20556289,74.34690154,764.399126977198,yes
34.205818799999996,74.34570285,708.0144083989776,yes
34.2061525,74.349265625,304.69041303616325,yes
34.205544,74.349004225,321.14034648282325,yes
34.206013725,74.347996025,449.7730908742997,yes
34.204825400000004,74.3464848,1173.5889652842143,yes
34.20657338333333,74.3467303,322.31404575317674,yes
34.206800925,74.347429825,532.800853287054,yes
34.20633335,74.348162425,232.72326385158487,yes
34.20616137499999,74.34812095000001,219.48633851463865,yes
34.206711275,74.348076325,468.5546787843617,yes
34.2047204,74.3430612,430.4143877917129,yes
34.20525524999999,74.3431152,184.31458212836367,yes
34.2054873,74.3431587,219.52485497522503,yes
34.2046735,74.34336095,332.0468107109144,yes
34.20680235,74.35008925,161.55775644611992,yes
34.206817025,74.35046870000001,337.8383120256826,yes
34.20665205,74.34997315000001,157.2671165702971,yes
34.205962625,74.35049485,485.72749880068585,yes
34.20610165,74.35014340000001,127.76369254231444,yes
34.20612739166667,74.34987720833333,361.6398051741816,yes
34.20571645,74.351211875,132.40000868526047,yes
34.205436250000005,74.351248875,165.75181803789263,yes
34.2057928,74.350126475,242.88333505862974,yes
34.20578425,74.349846875,226.12077511225635,yes
34.20566615,74.3499817,136.88519930694892,yes
34.205543025,74.34992845000001,147.9078699641214,yes
34.205902249999994,74.34913922499999,189.39053283926705,yes
34.206636675,74.349690425,486.8641162161667,yes
34.206882074999996,74.349833625,243.9435434184269,yes
34.206348649999995,74.349198825,228.63903860561862,yes
34.206498775,74.348643575,166.9680995727138,yes
34.20655365,74.3484598,111.48061265711505,yes
34.2064207,74.348924625,200.79978279023115,yes
34.2070431625,74.34817960000001,347.28991928496515,yes
34.20730425,74.34848204999999,602.6514301123877,yes
34.204941875,74.346716775,511.0864970110474,yes
34.204080725,74.344401675,426.3526879499543,yes
34.20452655,74.34492562499999,516.5818850841385,yes
34.204863,74.344904375,222.47844184085614,yes
34.20736395,74.343237825,218.44716773781028,yes
34.207296425,74.34370475,309.8893320799084,yes
34.20715676666667,74.34270529999999,271.1296937388916,yes
34.2065014,74.3461121,887.7768724713276,yes
34.20761935,74.342639475,470.2742443252366,yes
34.2064938,74.341636325,203.5445479119441,yes
34.206004225,74.342182425,582.7181819101927,yes
34.2066832,74.344883025,776.7143242181116,yes
34.207490925,74.344501025,267.73583056749374,yes
34.207054025,74.3438626,814.414100820685,yes
34.2059790875,74.3459992625,258.9958660458209,yes
34.2067516,74.34207828333332,761.0363796868191,yes
34.2077088,74.34171475,420.17702493954357,yes
34.20678332,74.3429473,398.12776753393416,yes
34.207134475000004,74.34497695,934.7388423399993,yes
34.206538800000004,74.343533575,535.2832207295573,yes
34.207389875000004,74.3440312,466.2190519006031,yes
33.7272196,75.0694684,248.80803595532558,yes
33.72663025,75.06951575,168.75641676452307,yes
33.72699146666667,75.06855689999999,280.31971681420526,yes
33.726422549999995,75.06912811250001,132.51065497228177,yes
33.727412925,75.06950865,21.279510270740097,yes
33.72755505,75.06674042499999,72.02220971051254,yes
34.258692149999995,74.4570382,62.847379200649556,yes
34.2587557,74.45688885,97.01208770440152,yes
34.2587175,74.45658979999999,167.3011008367896,yes
34.258701650000006,74.45628549999999,133.32510276945195,yes
34.258686749999995,74.4560762,126.40837225785612,yes
34.258674500000005,74.45586485,123.87495179482872,yes
34.258657025,74.45563525,120.17026566068017,yes
34.302132799999995,75.26869991250001,1034.7683822914269,yes
33.5676431,75.19341800000001,90.29714066326764,yes
33.5676404,75.193784525,146.2591028216815,yes
33.566827025,75.19327215,87.82277030816417,yes
33.566724625000006,75.193055075,141.60871547677527,yes
33.568759549999996,75.19105985,90.35613824377765,yes
33.568467150000004,75.19088542499999,156.40324342775432,yes
33.56849645,75.1912178,167.8953399078655,yes
33.568424449999995,75.1913651,232.34777397622565,yes
33.567835925000004,75.1906786,74.20680721733402,yes
33.56776675,75.19122585,49.52000901483366,yes
33.567939450000004,75.191023075,132.03058259961006,yes
33.567525950000004,75.19244172500001,42.499008148497815,yes
33.56754595,75.19227599999999,63.05934414883579,yes
33.5675558,75.19205035,124.75813905759563,yes
34.081960725,74.78610757499999,482.4410072269851,yes
34.21006715,74.33359834999999,98.23958768652219,yes
34.209851900000004,74.33409879999999,74.483419617783,yes
34.21022885,74.33402175,191.72311861892058,yes
34.2102042,74.33344372500001,145.59378315183181,yes
34.2098709,74.334352475,99.02858165500885,yes
34.20999835,74.33391660000001,128.16576706842247,yes
34.210160175,74.33426217499999,42.98954989857438,yes
34.20983245,74.334751175,146.4817099438476,yes
34.21017125,74.333696675,211.47814835583836,yes
34.21026500000001,74.334261625,80.00643014336649,yes
34.210358075,74.333701525,351.4927143010085,yes
34.20970955,74.3347323,103.89930856812845,yes
34.21022616,74.33469370000002,351.054506731753,yes
34.2127365,74.34503335000001,258.2506761124011,yes
34.209767080000006,74.33588268000001,109.35914785204758,yes
34.21029515,74.335412375,93.89259721300918,yes
34.21028115,74.3352817,12.256067316951956,yes
34.2100051,74.33480075,160.0915757467908,yes
34.210556225000005,74.33510685,26.197599649283,yes
34.210593,74.33410922499999,114.97734098346487,yes
34.210500399999994,74.33491025000001,25.816785520969248,yes
34.210063115384614,74.33586442307693,311.0770798595622,yes
34.21029425,74.33553004999999,32.2511730950735,yes
34.209839550000005,74.335233175,29.896042611921445,yes
34.209597325000004,74.33578495,94.98705627067272,yes
34.211488599999996,74.3338749875,108.31387020210494,yes
34.21110745000001,74.33377953333333,204.18079936229628,yes
34.210719149999996,74.33447295,76.26466786682158,yes
34.211577750000004,74.3355124,136.79717327392893,yes
34.2110791,74.33636265,115.95418455202915,yes
34.212045599999996,74.33762202499999,210.15029823475015,yes
34.2109914,74.33480135,43.79316693681599,yes
34.209807,74.33609765,109.70971543955429,yes
34.20980515,74.33652141666667,360.7424662786534,yes
34.20958975,74.336732375,80.12225745611664,yes
34.210946525,74.337171,49.54290232366341,yes
34.2114157125,74.338780775,145.3622939124922,yes
34.210559375,74.337739025,60.74219549507014,yes
34.2114337,74.3388979,122.33752519074926,yes
34.210933600000004,74.33938565,76.98431266477415,yes
34.210206575,74.3391777,26.784269596703282,yes
34.210961825,74.336412175,70.94060767142258,yes
34.210537566666666,74.33753083333333,208.42597733569073,yes
34.210540675,74.336736,70.72828154737068,yes
34.210234625,74.33894240000001,103.35642583225487,yes
34.21090268333334,74.33882695,139.44199076565423,yes
34.21097193333333,74.33743838333334,148.21460160675844,yes
34.21028487499999,74.33967383333334,276.7193863524136,yes
34.211902,74.33578043333334,103.93571569805873,yes
34.21120917499999,74.33539192500001,56.94903739006607,yes
34.2118165,74.33715997499999,234.01215322090673,yes
34.212171749999996,74.33780315,82.70520300916161,yes
34.212249566666664,74.3384398,106.32104524625247,yes
34.210895775000004,74.3396432,96.49883997000939,yes
34.2119669,74.337801025,97.858030878193,yes
34.211642399999995,74.3393246,31.527245642992824,yes
34.21133515,74.33946399999999,32.06314718610835,yes
34.21140965,74.33780433333332,60.50170587203004,yes
34.21199995,74.33916590000001,174.48294988385732,yes
34.2123573,74.3368602,104.11311697951216,yes
34.21191855,74.336677375,20.9844380423344,yes
34.212057325,74.33996655,50.63646134978762,yes
34.211073850000005,74.340029375,14.015924459736675,yes
34.211223249999996,74.34047695,102.19509068594127,yes
34.211745475,74.34054015416666,286.7748551005798,yes
34.2104983,74.34100000000001,30.011300716633542,yes
34.21074041666666,74.3396456,297.7963341715196,yes
34.210306100000004,74.34071971666667,105.88964792891821,yes
34.21055749999999,74.33658936,113.96500923397562,yes
34.2110443,74.340874175,32.82338215518905,yes
34.210869849999995,74.34092152500001,69.92304281713928,yes
34.211712675,74.34529027500001,111.03156229346263,yes
34.21263505,74.34338255,140.30807697235792,yes
34.21192936,74.34083084,171.0682473969904,yes
34.212058025000005,74.34024124999999,85.70748320195926,yes
34.21199314999999,74.34067171666668,83.34284689219254,yes
34.212973000000005,74.3430311,119.24660217697851,yes
34.21248755,74.34307095,43.9593603531067,yes
34.2116969,74.3410186,250.64132826243866,yes
34.2118178,74.3452944,160.4405837402179,yes
34.2125472,74.342850125,115.1854076496538,yes
34.21287745,74.3426151,203.00020467795105,yes
34.2105727,74.3349183,90.52610661875332,yes
34.21063647142857,74.3349092,195.90923471173397,yes
34.211546225000006,74.3346982,67.8779598257147,yes
34.211426425,74.3357881,33.82875235420785,yes
34.21180555,74.3358008,29.74570409330814,yes
34.211387625,74.3346988,53.71103972163963,yes
34.2111512,74.33647841666665,173.33347925290786,yes
34.210196466666666,74.33631853333334,89.29960421425855,yes
34.2110634,74.33357147499999,93.89915437392492,yes
34.2111554,74.33347296666668,90.07072573258151,yes
34.211011400000004,74.3345377,27.271438336792784,yes
34.21074808888889,74.33399424444445,211.45195633211472,yes
34.210244925,74.33329525,84.5130965485626,yes
34.21160573333333,74.33347076666666,138.00734727574428,yes
34.211403525,74.33410815,197.61997342585585,yes
34.21150008333333,74.33364523333334,243.878745750772,yes
34.2108072,74.33326017499999,84.77495729024605,yes
34.2098464,74.334882475,111.25733766472855,yes
34.209716760000006,74.33580006,64.823243801894,yes
34.209448625,74.3353142,16.407604997056403,yes
34.2094271,74.33581810000001,97.65606775035158,yes
34.20927795,74.33635495,341.41298858673315,yes
34.210532025000006,74.33689112500001,47.50478574136644,yes
34.2100038625,74.33912140000001,178.08084632603456,yes
34.210090875000006,74.338095675,118.14770047778654,yes
34.210500233333335,74.33776956666667,60.13936997418963,yes
34.210120625,74.33917375,139.5305047128512,yes
34.210000425000004,74.338131,33.767667435471424,yes
34.2100448,74.3383458,35.26061530055317,yes
34.20991213333334,74.3382049,100.85739598506206,yes
34.209183700000004,74.33669505,142.664595895138,yes
34.214406675,74.33650355,372.636991151956,yes
34.21499535,74.33776406666668,165.14429228921813,yes
34.215145799999995,74.33859375,15.171072720978724,yes
34.21527351666667,74.33864519999999,133.06466572734612,yes
34.215135866666664,74.3378221,199.9153058009478,yes
34.21496603333333,74.33940668333334,206.77440196564834,yes
34.21561235,74.3396443,119.66615792374077,yes
34.21524375,74.33832225,232.87753596490967,yes
34.2115927,74.34319835,184.6671839001266,yes
34.211830825,74.342879225,167.43815666458192,yes
34.211574999999996,74.34516672500001,411.3759871388809,yes
34.2113312,74.343782625,136.566080943982,yes
34.2117238,74.3431759,229.78227221898015,yes
34.21212630000001,74.34335024999999,143.5012210835423,yes
34.21149315,74.34487039999999,181.762196669102,yes
34.2108873,74.34385495,63.727860565093344,yes
34.212537525,74.343399875,66.25443616740947,yes
34.21294005,74.3428279,213.09350862425458,yes
34.21299775,74.3425781,118.83686207641759,yes
34.21238103333333,74.34309876666667,179.76163833805128,yes
34.212433393750004,74.34355734375,565.3025086119719,yes
34.211253525000004,74.34398035,37.14298208027956,yes
34.21125215,74.34412474999999,52.41807949828456,yes
34.211775599999996,74.34444715,136.1338196388695,yes
34.21150685,74.343942,24.8210817900497,yes
34.21211915,74.34420738333333,160.55897602101544,yes
34.211631249999996,74.34409495,39.161670822226704,yes
34.212810925,74.3435302,90.83683544740575,yes
34.21087025,74.34345475,89.84464918105404,yes
34.211293874999996,74.34432890000001,80.97099447349515,yes
34.2113022,74.344439925,56.6196803659206,yes
34.2124437,74.34287020000001,50.68985825574125,yes
34.067596525,74.785760375,255.32665907469996,yes
34.086876249999996,75.262996525,16.0756410579217,yes
34.08686905,75.26293509999999,12.99375698939443,yes
34.0868611,75.26288622499999,11.121166896757597,yes
34.086591850000005,75.2627467,24.205011802278676,yes
34.086636625,75.262763025,17.934202772166252,yes
34.0866974,75.2627767,22.505340862702674,yes
34.08675785,75.262792925,19.548773229281238,yes
34.086815575,75.26281024999999,22.13211194829878,yes
34.092134575,75.25766300000001,29.535172542646293,yes
34.08845555,75.26208977499999,86.773419682225,yes
34.09253355,75.265623075,39.89175484755006,yes
34.09288071666667,75.26680803333335,624.7985978285344,yes
34.09314115,75.26521085,129.0483402792027,yes
34.08598105,75.2637391,37.21566867609928,yes
34.0859723,75.2636349,115.34820698056566,yes
34.08720202000001,75.26372579,147.90421699513308,yes
34.08651345,75.26309865,36.91417222519132,yes
34.086981875000006,75.26292227500001,76.80623973650529,yes
34.092385125,75.264465325,71.15874163330288,yes
34.092010125,75.263599375,149.84739386305756,yes
34.0922583625,75.264143425,163.38313357416058,yes
34.092158,75.26396672499999,178.5272576225933,yes
34.09213045,75.263755525,83.58971223216226,yes
34.092101,75.263673125,30.22542085968484,yes
34.092272475,75.263266875,99.46124429975507,yes
34.092255099999996,75.26341995,241.52789742691,yes
34.09224475,75.263649825,207.9697985239857,yes
34.09230235,75.26380647500001,141.66624581855353,yes
34.092400225,75.26390405,303.0537032663309,yes
34.092548550000004,75.26402945,68.57593910297997,yes
34.0927505,75.2635221,59.69205524042545,yes
34.092417075,75.26301595,72.99314403868718,yes
34.092558625,75.2629081,196.82173069157375,yes
34.09201605,75.263456925,57.08731389488,yes
34.09206695,75.26332135,78.9511803657835,yes
34.09210145,75.26309445,65.30686730511582,yes
34.09184537142857,75.26383052857145,126.86507184420884,yes
34.09183485,75.26398102499999,187.25514369686456,yes
34.091476528571434,75.26403164285713,715.1056514571201,yes
34.09164845,75.2634989,68.38478127616874,yes
34.091541199999995,75.2632801,144.67663731365462,yes
34.090762399999996,75.26347945,38.18693781887268,yes
34.090544475,75.26302145,92.30453647961346,yes
34.090503350000006,75.2631519,112.58554075404163,yes
34.09041164999999,75.26302629999999,163.19890384501096,yes
34.089161475,75.261606875,258.1020560597759,yes
34.0892589,75.261606825,144.07577972038223,yes
34.089498,75.26162335000001,51.089523595906414,yes
34.08939285,75.2616041,129.86468089149832,yes
34.090239249999996,75.262706175,31.758698503939,yes
34.0901548,75.2627035,154.8944565865948,yes
34.0901543,75.2624492,59.299455962070525,yes
34.090256624999995,75.262477175,78.47094185329439,yes
34.090412199999996,75.262519825,33.83465811621748,yes
34.090444175,75.26246395,32.33541718643615,yes
34.09055265,75.2625562,96.83364173352837,yes
34.090660199999995,75.2623259,81.48923953281809,yes
34.09036125,75.262341125,141.66109781018713,yes
34.09026795,75.2622203,73.23260712380262,yes
34.09011395,75.2621932,65.77051466593298,yes
34.0900435,75.26213235,124.2424337784017,yes
34.089908650000005,75.2621573,123.10152562909849,yes
34.0899683,75.262040925,39.08838415750349,yes
34.089861625,75.26200415,81.40322719449145,yes
34.089968825,75.262457125,87.21140508536044,yes
34.089834925000005,75.2627615,158.42454819071526,yes
34.08967165,75.262830525,80.01644606533935,yes
34.08955555,75.26269860000001,121.70882714243837,yes
34.0886247,75.26193674999999,137.6090938680398,yes
34.088631825,75.2617775,134.00047453535723,yes
34.088795250000004,75.2616573,257.5161260027344,yes
34.088966299999996,75.26176935,121.1878561499104,yes
34.08885125,75.261406275,188.68886055082424,yes
34.088979125,75.261424,102.11526538083552,yes
34.089341475,75.26129022500001,165.8867414097429,yes
34.089262825,75.261089075,76.25685728674861,yes
34.089463349999996,75.2611851,103.5023653150952,yes
34.0895488,75.261353775,86.06468546999126,yes
34.089704499999996,75.261169975,111.9671031387058,yes
34.08957535,75.26113522499999,96.1601179433958,yes
34.089488275,75.2610514,70.89084872987006,yes
34.089406800000006,75.26096175,104.10340278616513,yes
34.0895276,75.2608622,105.27938518004567,yes
34.0898836,75.26093485,86.55902250063318,yes
34.089848024999995,75.261174225,93.19338089648463,yes
34.08978555,75.26151905,240.12903814879743,yes
34.090270350000004,75.261995475,71.5572526720756,yes
34.09003715,75.26186325,89.61283503504814,yes
34.090161450000004,75.26176505000001,116.17713068510633,yes
34.0902368,75.2614963,108.19822431617551,yes
34.09038355,75.261562475,96.99567186043271,yes
34.0903072,75.2617912,80.4877371720605,yes
34.09039215,75.262045325,72.06892426142096,yes
34.0904057,75.26194455,62.376172756942935,yes
34.09049105,75.2617384,111.84011607064991,yes
34.090626225,75.26203291666667,300.95664413768134,yes
34.090597900000006,75.26142775,61.35258694657519,yes
34.0905911,75.26156125,128.6372695359526,yes
34.09077845,75.261697875,135.08497672573952,yes
34.09074755,75.2618807,119.86880819013842,yes
34.09080865,75.26206895,96.65507858473303,yes
34.091405025,75.262048175,81.28076383255237,yes
34.09154075,75.262174825,172.50064771856103,yes
34.091291025,75.26228945,183.41316341982966,yes
34.090945,75.2621895,40.940467103499884,yes
34.090922899999995,75.262392925,60.125349429995424,yes
34.09100215,75.262531,155.85429405034,yes
34.0911382,75.2627263,98.91148733115983,yes
34.091192799999995,75.26291125,117.35806918955862,yes
34.09148405,75.26295975,173.37219204905728,yes
34.09188290526317,75.26305365789473,126.01647599408827,yes
34.09227455,75.262886175,150.54565962938568,yes
34.09233245,75.26268585,72.13766795836092,yes
34.0919379,75.262869725,134.7309424040305,yes
34.09198985,75.26243785,49.624912860995956,yes
34.091953950000004,75.262213975,109.29169636573707,yes
34.09220765,75.2619758,152.02910451653077,yes
34.092362050000006,75.26189815000001,91.1697243200432,yes
34.092671725,75.2621666,86.0735929399814,yes
34.0927713,75.26231252,106.81288435579317,yes
34.092844299999996,75.2617808,67.79433929107643,yes
34.09292165,75.26162307499999,65.7757567493058,yes
34.09102745,75.25901487499999,131.57775207475774,yes
34.092028125,75.25766159999999,76.69158825951376,yes
34.091934625,75.2576168625,65.99759234156832,yes
34.10491076666666,74.82259871666666,1217.833823749259,yes
34.074572625,74.774243775,850.7994273786554,yes
34.087250624999996,74.77504365,361.28906186035647,yes
34.12983742,74.80474196,420.97449462706226,yes
34.0681206,74.8212188923077,1100.2944648323892,yes
34.068286075,74.82083245833333,435.4514131942255,yes
34.06805124545454,74.8206796,64.16752530685463,yes
34.06761745,74.820801,142.2071143212089,yes
34.06783446666667,74.82105220000001,133.6825839891083,yes
34.06789786666667,74.82083928333334,145.84378918305356,yes
34.06748154444445,74.82102517777778,117.78095979709528,yes
34.0675994,74.821204725,549.2478821459329,yes
34.068494725,74.82074825,280.73217072578564,yes
34.068773971875004,74.82094385312499,2396.6040970680256,yes
34.06929795,74.820683225,255.8478240062913,yes
34.06936071666667,74.82105155,363.2259697605417,yes
33.336750475,75.19240895,167.93663688417388,yes
33.336707675,75.192681075,393.216506616031,yes
33.3368429,75.19183662500001,144.03769298460418,yes
33.337656225,75.1930152,136.11446456589007,yes
33.97460476,74.79046528,555.596706132123,hangar
33.97552396,74.79113264,469.8399374135097,hangar
33.974722675,74.79245285,663.8492434083271,hangar
33.97523785,74.79131795,259.15009987729354,hangar
33.975716750000004,74.789660975,278.4557076880983,hangar
33.977717,74.7806600875,854.6828942525052,yes
33.98209815,74.774990575,1320.3055522358347,yes
33.982415925,74.774716625,2045.0137780673758,yes
33.9827139375,74.77442919999999,886.8503006753581,yes
33.98186095,74.77454262500001,1131.3290381372576,yes
33.983094175,74.77419725,607.6997772204745,yes
33.987632725,74.767183475,9141.89479661517,yes
33.98685145,74.768087425,6843.556264705334,yes
33.98813115,74.76621615,1603.6478175497841,yes
33.99764975,74.754944225,1459.761672503383,yes
33.9978485,74.755268325,1441.8353551413697,yes
33.976747675,74.78858202500001,913.9332018322137,hangar
33.9775866,74.7892278,841.6368914080556,yes
33.97747535,74.7879649,416.5277142841281,yes
33.98040334,74.78761446,992.9882440244488,yes
33.9807287,74.78901975000001,942.0693911653857,yes
33.998026825000004,74.757515875,253.05195078743873,yes
33.985962325,74.768566775,668.4968130795255,yes
33.985692324999995,74.76828094999999,119.19528621135693,yes
33.985776775,74.7694851,413.72160342941163,yes
33.9855373,74.7697371,399.7980576743326,yes
33.986095225,74.769218675,559.8134832088226,yes
33.986367949999995,74.76910335,748.9952118070366,yes
33.98637655,74.7701729,313.85412144374754,yes
33.98568393,74.76896681999999,2026.6246084494574,yes
33.98668635,74.7705418,184.23099410526964,yes
33.986014850000004,74.77102044999998,297.285757705375,yes
33.98580965,74.77077374999999,251.8937490432063,yes
33.583678150000004,74.12370385,94.02304532534956,yes
33.584121325,74.12470315,147.74601075030122,yes
33.58534965,74.12687045,46.27151572980034,yes
33.585537099999996,74.1272113,80.48205800917485,yes
33.585470375,74.127104025,127.1774269740018,yes
33.5861624,74.12679435,161.34714614843753,yes
33.5868906,74.127283625,914.136525894173,yes
33.59245935,74.12423585,125.18798692265149,yes
33.5925764,74.12405335,237.54740653839858,yes
33.592024875,74.12413810000001,24.78373834759988,yes
33.59205605,74.12429415,169.5629327601552,yes
33.592014625000004,74.1252254,175.86485391651317,yes
33.592210124999994,74.125329675,91.53502904444323,yes
33.591659500000006,74.1246191,29.24466939100584,yes
33.591689775000006,74.124738675,125.04521949600772,yes
33.591367049999995,74.125142325,30.594988977736854,yes
33.5912476,74.12531627500002,30.262612677399872,yes
33.59124705,74.12516785,138.63789671535224,yes
33.590963224999996,74.1244934,42.95821198604885,yes
33.590893124999994,74.1244293,96.90700560215501,yes
33.590876875,74.12457239999999,76.10942193464791,yes
33.590450399999995,74.125586775,156.92829495264937,yes
33.591234,74.12674695,80.02521051636705,yes
33.59106785,74.126479675,109.01578316746975,yes
33.590558525,74.12653675,102.5266150259519,yes
33.5910237,74.127547425,89.10202944237861,yes
33.5907883,74.12734595,168.87349579036987,yes
33.590494975000006,74.12836675,70.7268984041305,yes
33.590571100000005,74.128281975,46.29920242769421,yes
33.5903862,74.12809485,102.46764819962442,yes
33.5898469,74.12843654999999,104.24911357642478,yes
33.5899495,74.128619725,72.89301756466914,yes
33.590062700000004,74.12852149999999,70.95101405606744,yes
33.5901091,74.12836555,57.24391938899007,yes
33.5900375,74.1283291,55.03776775918731,yes
33.590100075,74.127736575,79.87990352828216,yes
33.589496625,74.1272015,115.86058234851022,yes
33.5895618,74.1272702,79.87473705948277,yes
33.5892274,74.1273989,47.53322313526202,yes
33.58940245,74.12713000000001,173.4642508385091,yes
33.589217375000004,74.126607925,282.46992128154193,yes
33.588026075,74.12444845,226.09263499736016,yes
33.588883575,74.12554120000001,224.07259500440495,yes
33.5886504,74.1252504,131.331316787121,yes
33.588555,74.124578875,201.3254140001588,yes
33.588495875,74.1248834,153.42710333943927,yes
33.58828685,74.121200675,161.631519725862,yes
33.5885777,74.12166719999999,359.0632348749456,yes
33.589185025,74.1215942,103.84914747351014,yes
33.589012249999996,74.12141642499999,49.036551569935554,yes
33.58908889999999,74.12152867500001,41.83182902412349,yes
33.5889358,74.12173975,21.734737999271225,yes
33.589037625,74.121674275,56.39643892500524,yes
33.59005735,74.12180154999999,246.10794639058093,yes
33.590550975,74.12300099999999,108.62798487636245,yes
33.590195725,74.12295172500001,50.8545993813683,yes
33.590116975,74.12286797499999,88.09519120469513,yes
33.477561179999995,75.18393915,1091.9403237310578,yes
34.283483725,74.46173155,405.1662236239357,yes
34.283376425,74.4623626,91.13594057640553,yes
34.2835228,74.46216240000001,139.2198128877279,yes
34.2840079,74.4619984,571.1863546759662,yes
34.2835735,74.46260964999999,218.70106224884083,yes
34.28380138461539,74.46302726923076,1909.69216517588,yes
34.283984225,74.463870925,641.7001146637256,yes
34.2885308,74.4554612,883.245453486149,yes
34.288742875,74.456259525,746.6927970134336,yes
34.28886446666667,74.45565445833334,1435.000158455815,yes
34.291051700000004,74.45891400000001,730.9266928098584,yes
34.293606325,74.45688475,491.16993201154594,yes
34.29318105,74.4572746,994.1954046329821,yes
34.29404864999999,74.45748625,572.0173218818043,yes
34.29453205,74.4570662,685.9568832230866,yes
34.285393225,74.46346116250001,564.1814715297139,yes
34.285569550000005,74.463235975,238.87327963146143,yes
34.28587331666667,74.46319646666667,531.8393101254113,yes
34.28616989999999,74.46426061000001,707.0558028730815,yes
33.8745823,75.0434593625,2345.4289960037177,yes
34.028692774999996,74.00024457500001,90.50947149520388,yes
33.56790235,75.1859949,1416.2562181398407,yes
34.43291405,73.9861464,193.73448402666327,yes
34.438982875,73.991315125,157.98252735596938,yes
34.438881325,73.99156145,172.0292217263852,yes
34.440264500000005,73.98954555,62.83591893141066,yes
34.4388889,73.98848484999999,28.13909369951213,yes
34.43887365,73.9883923,36.2880247476603,yes
34.43876815,73.98811935,89.3359493828261,yes
34.4390503,73.988041125,76.76369255020207,yes
34.439183125,73.98849770000001,86.73399370865316,yes
34.43929935,73.9884659,98.90769225688811,yes
34.439396450000004,73.98857205,41.782243880792564,yes
34.43941805,73.98844344999999,45.47636564219757,yes
34.439581,73.98868925,86.69605515760456,yes
34.4396829,73.988426925,66.01929414016435,yes
34.4398684,73.98872585000001,28.14610577130579,yes
34.440070000000006,73.9886616,28.720746454787843,yes
34.439959599999995,73.98863300000001,32.577537005878966,yes
34.439997925,73.9889116,31.70607706210722,yes
34.4401872,73.98902912499999,34.13433943394111,yes
34.4400934,73.9889195,38.00968288890631,yes
34.44026375,73.98883384999999,25.29945847843964,yes
34.4401597,73.9887986,51.6362279550853,yes
34.440265175,73.98898994999999,48.16890164281472,yes
34.4403515,73.98897825,31.65475361525138,yes
34.440410625,73.9891043,33.15553440576127,yes
34.44041785,73.98889685,41.75787200400993,yes
34.440280625,73.988697575,45.31524124909349,yes
34.440364725,73.98871365000001,36.70509993207543,yes
34.44045275,73.9886106,43.04207156091167,yes
34.44074195,73.9888208,44.82446344760021,yes
34.440952775,73.98877287500001,47.69771005467115,yes
34.44106465,73.98880519999999,35.360779567847395,yes
34.440553449999996,73.98901695,34.793530539365356,yes
34.4406399,73.98901570000001,35.57377137639372,yes
34.4407357,73.988988275,62.05590043267554,yes
34.44083275,73.988964375,60.5999505692041,yes
34.440849050000004,73.98909094999999,34.648304043096005,yes
34.4409423,73.9891167,51.040443758435515,yes
34.440938425,73.98898405,28.454051446359784,yes
34.44101675,73.98896529999999,52.6075729530704,yes
34.441099175,73.98898015,35.03114772384495,yes
34.441087075,73.9891043,59.318363014411986,yes
34.4410713,73.989198575,31.392622497933267,yes
34.4411555,73.98927555,16.187381429186473,yes
34.4412684,73.98918764999999,10.357760596801796,yes
34.44121445,73.989192125,30.84891772568869,yes
34.441224825,73.98908834999999,71.01351546427003,yes
34.441323849999996,73.9892533,65.12647838059264,yes
34.441408825,73.98931839999999,63.78143608549742,yes
34.441491600000006,73.9892935,38.46525734884496,yes
34.4414729,73.9894266,27.27107656863538,yes
34.4415395,73.9893932,36.06039332235679,yes
34.441578650000004,73.98951642499999,38.01741966923521,yes
34.441671549999995,73.98950852499999,30.81183615141272,yes
34.441811425,73.98957485,62.29753247227838,yes
34.44176295,73.9896894,29.92268424863678,yes
34.441656574999996,73.989645725,93.16654130457962,yes
34.441661825,73.98932500000001,56.7818823087471,yes
34.44182965,73.989273675,37.039424075597886,yes
34.4417505,73.98934685,74.29264527173208,yes
34.4419123,73.989660125,30.593279299126678,yes
34.44198525,73.98964805,17.97432360044055,yes
34.441981775,73.98948659999999,75.00540459258741,yes
34.4420657,73.989469425,30.596180207466645,yes
34.4420632,73.98935245,47.612901061730476,yes
34.442159625,73.989334025,49.03596890054921,yes
34.4421407,73.98954144999999,76.36776476619113,yes
34.4407123,73.989373975,30.6948731707525,yes
34.44058085,73.98932575,21.455588783033846,yes
34.4408648,73.989430125,50.27908081863655,yes
34.440927675,73.98950045,26.74636415750991,yes
34.441000675,73.98953929999999,55.98870013117359,yes
34.4409952,73.9897131,31.498903711204747,yes
34.441083199999994,73.98963582500001,110.14152783368831,yes
34.441316925,73.989733475,20.901705445961937,yes
34.4412678,73.98994425,29.964873042086406,yes
34.4413598,73.990039525,56.501365724783874,yes
34.44145315,73.990031175,67.57603756584271,yes
34.43912745,73.9928711,189.88031806773802,yes
34.4417777875,73.9931187,147.879871972086,yes
34.441758775,73.993374775,186.59440502266932,yes
34.441650925,73.99307315,83.44573329822434,yes
34.4415927,73.99333332500001,148.41956540645754,yes
34.441489325,73.993055875,227.0502976055169,yes
34.441444575,73.993259325,125.53372987274761,yes
34.441421399999996,73.993434375,121.63445638676774,yes
34.0785919,74.84323455,141.19889839114745,yes
34.078806225,74.841965475,218.77801770001668,yes
34.07896515,74.84097735,207.2783307561558,yes
34.07888815,74.841176275,51.310934827313474,yes
34.078940625,74.84145135,534.7989984740541,yes
34.078703075,74.844500025,205.14285314337167,yes
34.079199875,74.8440114,115.5102272389172,yes
34.07896935,74.84430024999999,74.12044023548488,yes
34.0789003,74.844384175,45.79472792323803,yes
33.7022319,74.979722525,107.50748343622035,yes
33.83216654,75.00982776000001,1162.4243616523518,yes
33.83202375555555,75.01191022777779,488.22501259374894,hospital
34.418205981818176,74.59643507272727,1631.0835362934638,yes
34.41859885,74.5982075,843.2806155724105,yes
34.42403884,74.59307102666665,6820.53801963544,yes
34.4225871,74.59297616666667,1066.9706902347393,yes
34.41814956,74.60496917999998,4332.4118660822,school
34.047742975000006,74.8029764,2027.4815518432933,yes
34.0016719,74.79368577142857,6442.915385357715,commercial
34.10613836,74.81862204,85.51945004655704,yes
34.41910563333333,74.59721252222222,419.6038639505655,yes
34.419120875000004,74.59740780000001,54.481314372971454,house
34.41886181666666,74.5974801,112.65530454797549,retail
33.33281315,74.6544567,169.88555353467046,yes
33.33363705,74.6556303,118.71328427964914,yes
33.333851550000006,74.6565959,116.7282508669085,yes
33.336836399999996,74.65852170000001,149.68048477358667,yes
33.336508300000006,74.65888895,107.9384015493732,yes
33.33638755,74.65970924999999,118.21039522092352,yes
33.33813715000001,74.65669830000002,62.323568335385744,yes
33.339250574999994,74.65577015,116.71579936797741,yes
33.34081365,74.6543929,124.56129093985183,yes
33.340748825,74.65529555,174.55729120601023,yes
33.34042185,74.655301625,93.09425576303482,yes
33.3400212,74.6554017,228.33782903592592,yes
33.339878575,74.65356715,71.6243841358401,yes
33.33979705,74.653197825,143.07862066545613,yes
33.3399652,74.6532821,136.82028438492887,yes
33.3395716,74.65406752499999,137.87100176364925,yes
33.337259700000004,74.6560608,221.1898267355699,yes
33.3367224,74.65548402499999,192.43968320247717,yes
33.337953825,74.6584151,209.19278888577713,yes
33.455458674999996,74.3167928,206.1318880972841,yes
33.455483975,74.31787457499999,127.52987406859961,yes
33.45572855,74.317926625,74.90529927166041,yes
33.4570228,74.31697100000001,65.00995188542939,yes
33.458016549999996,74.318566275,33.365891934217125,yes
33.457776525,74.3192426,146.54747188437665,yes
33.457969375,74.3193605,103.61432081552502,yes
33.457811400000004,74.317666925,190.37404900381432,yes
33.458099925,74.31766400000001,133.95961208267636,yes
33.458235075000005,74.31604672499999,353.8715652444802,yes
33.456783900000005,74.3180204,167.1291785235157,yes
34.1136876,74.56169343333333,932.4147418283839,yes
34.113464549999996,74.563389575,321.9822664182062,yes
34.11428505000001,74.5634754,305.5123429744506,yes
34.11400255,74.56292565,1239.6374941155807,yes
33.316448,74.609977275,107.53456804280756,yes
33.3148717,74.606686375,78.5936697877452,yes
33.3151735,74.6071571,294.0503539699467,yes
33.3443869,74.57383605000001,99.45435421309762,yes
33.344873625000005,74.57328377500001,54.54615337763678,yes
33.342847524999996,74.57796815,121.84042574500234,yes
33.343738675,74.578927275,160.4028047904771,yes
33.343062599999996,74.5784783,97.33695383573101,yes
33.3375451,74.57110335,45.40146794839116,yes
33.33757395,74.57158089999999,63.567570822057206,yes
33.338006475,74.5726638,92.96425579287185,yes
33.3370246,74.569603325,90.93466726666256,yes
33.337175025,74.56855469999999,34.11263050798574,yes
33.336735625,74.56825334999999,153.56205000559962,yes
33.3354407,74.568380675,123.3685246782589,yes
33.335462575,74.56858245000001,150.45919732405628,yes
33.335312225,74.568432,77.97599163657658,yes
33.334454324999996,74.56701255,111.96231038094845,yes
33.3334031,74.566621,99.21091375060533,yes
33.333248850000004,74.56742835,59.633757895138125,yes
33.320274725,74.59959755,70.23083011634125,yes
33.320351175,74.59934849999999,239.31960384483,yes
33.32376305,74.603582,135.47103681311603,yes
33.323830099999995,74.60224604999999,50.79137164844062,yes
33.32476435,74.60191795,196.72919627168733,yes
33.325466225,74.601394075,163.5870556012672,yes
33.3229003,74.5930127,100.00166162882581,yes
33.32294315,74.592913,115.8778098976851,yes
33.322745600000005,74.5923712,92.56108159488079,yes
33.32042045,74.5892296,71.72722099815883,yes
33.3203393,74.589900425,182.68865952741754,yes
33.320418200000006,74.58970282500002,77.65984086107801,yes
33.3205574,74.590558975,298.1815361940237,yes
33.321316975,74.5908652,63.32331051208193,yes
33.3217806,74.59145662499999,119.376819053006,yes
33.322232975000006,74.5902627,215.12408362201444,yes
33.32281215,74.59066295,63.30083792430216,yes
33.324061475,74.59132235000001,21.211676036240448,yes
33.3242268,74.5913147,84.42874377951979,yes
33.323416325,74.5893419,53.09180373847023,yes
33.323551550000005,74.5893615,107.19416554876994,yes
33.323536225,74.589874475,289.7436421237983,yes
33.32321915,74.58936345000001,154.41636963660966,yes
33.322888525,74.58920284999999,109.39254251762165,yes
33.3227529,74.58937159999999,97.40304154848876,yes
33.321993875,74.58744275000001,45.68496137794194,yes
33.3224711,74.587288125,88.34310533984853,yes
33.322637425,74.587297775,79.12798823134054,yes
33.32239955,74.586477825,167.1937731516859,yes
33.32130885,74.58563915,102.75760527662507,yes
33.3211701,74.58479665,100.1265942219759,yes
33.32078745,74.58250645,34.26968407207374,yes
33.320505925,74.582628425,102.40618655091984,yes
33.324768475,74.577227525,155.89166830452945,yes
33.3227852,74.57190075,69.20862207484167,yes
33.322878875,74.57176355,80.92183394123629,yes
33.322733125,74.57253095,288.54351701779115,yes
33.322502899999996,74.57387835,81.82324869837538,yes
33.321734475,74.57510965,225.84102816456794,yes
33.32151665,74.5750005,153.5477039681347,yes
33.32102075,74.57521865,80.72441536003114,yes
33.320570700000005,74.57312884999999,194.32350779272116,yes
33.32105045,74.57162745,81.88577611572423,yes
33.321566975,74.56526435,87.6461701709658,yes
33.32168015,74.56502640000001,114.2001841545761,yes
33.32162545,74.5675564,103.73811868777808,yes
33.323312725,74.5670131,16.986347550843497,yes
33.323754675,74.5670104,41.34211420756861,yes
33.32505725,74.57297775,135.1329496197775,yes
33.324968150000004,74.57252220000001,49.08935774772969,yes
33.324890950000004,74.5723773,148.83586928806858,yes
33.32410985,74.5705652,236.69514011779114,yes
33.323636575,74.572126275,81.81541722529025,yes
33.323973675000005,74.5724012,31.630832422681127,yes
33.3242639,74.5729201,155.76368753797618,yes
33.324350925000005,74.57266522500001,149.21667445332707,yes
33.329331175,74.577699075,75.74437959717136,yes
33.3292212,74.577585975,81.6619792481013,yes
33.3332376,74.5776187,55.78553280822052,yes
33.33332915,74.5756585,91.94520905443383,yes
33.332192899999995,74.570134775,115.20674004198331,yes
33.3307044,74.5708377,44.20203826959336,yes
33.331888500000005,74.5677811,85.44052044765132,yes
33.32954065,74.5619275,174.09043885376144,yes
33.32911815,74.56234094999999,84.57772624851457,yes
33.329486325000005,74.562812875,76.68966023342946,yes
33.331606300000004,74.56261815,262.71581314646454,yes
33.33097085,74.56293894999999,56.00898763586788,yes
33.331100799999994,74.563046625,106.73405457606988,yes
33.3310096,74.55826515,143.7105630639075,yes
33.330635375,74.5584318,120.25611456803007,yes
33.339414874999996,74.55666422499999,142.4073119922822,yes
33.33840235,74.55852279999999,56.07971939954292,yes
33.3399148,74.559225875,64.79785941687246,yes
33.33945695,74.5614652,35.35706539921522,yes
33.3386731,74.5607897,229.4491126496356,yes
33.338475900000006,74.56095655,30.826465816563573,yes
33.336511200000004,74.5617144,140.9529119244251,yes
33.3367389,74.563898975,146.1015636982014,yes
33.3358119,74.563702225,162.7868405996909,yes
33.33608935,74.5649597,54.13391288792606,yes
33.33620525,74.56502449999999,28.184462789792207,yes
33.33641295,74.5650216,100.67164512491213,yes
33.3365188,74.5666195,65.56830943484789,yes
33.33666735,74.56684630000001,68.28743125186044,yes
33.336772275,74.566965675,48.28937443969558,yes
33.336808125,74.566652625,45.955170411841635,yes
33.33678025,74.56680180000001,62.184156573960905,yes
33.33693665,74.56679555,41.78345121683092,yes
33.336962050000004,74.567356725,96.44729796413878,yes
33.337092875,74.567353675,66.02347375403764,yes
33.337141900000006,74.56742025,27.159959189824306,yes
33.337209575,74.56747295,28.003004767908045,yes
33.337164525000006,74.56769469999999,16.673339751880263,yes
33.337272625,74.56787274999999,47.054221924473126,yes
33.33740285,74.56752475,45.47498681795855,yes
33.337716325,74.56869799999998,48.25496951420864,yes
33.3376292,74.5687253,55.57819132153169,yes
33.338827574999996,74.57065715,38.42196085971656,yes
33.33903705,74.5706869,40.30107799558951,yes
33.3393153,74.57007815,113.23511881807667,yes
33.338189925,74.57048975,78.24224554727489,yes
33.33782695,74.56976565,130.17873642270618,yes
33.33700675,74.570593925,65.98232304565275,yes
33.336762449999995,74.57090485,48.385550824399274,yes
33.33860625,74.5760033,69.43756214417294,yes
33.340902775,74.57600545,45.869238839025314,yes
33.34091655,74.57659505000001,47.6891100366791,yes
33.34082840000001,74.57684045,82.89837010398685,yes
33.34114505,74.5767915,160.85096880185668,yes
33.34198202499999,74.577879475,108.55493569228557,yes
33.333049474999996,74.592065825,262.2617317280889,yes
33.332140450000004,74.59285595,60.66135856277713,yes
33.33413555,74.5934397,50.741771156197174,yes
33.33400125,74.593439425,38.87252299957625,yes
33.3287876,74.61238445,24.393806430667347,yes
33.3253002,74.618722975,148.84488162226774,yes
33.32663195,74.634250775,119.4974004317366,yes
33.324282,74.6270806,93.0867610020438,yes
33.32220000000001,74.63105835,78.84710812073136,yes
33.3222369,74.63122325,41.86550865373992,yes
33.322476725,74.63087759999999,72.30802134128672,yes
33.323661625,74.63445805,55.201069325323644,yes
33.323517624999994,74.6345233,204.38521979669247,yes
33.32338955,74.63419784999999,133.17493847549923,yes
33.37780585,74.367187125,191.94345593426567,yes
33.347351,74.36787369999999,118.81254477347626,yes
33.3480379,74.3672023,47.14575167947219,yes
33.3480245,74.3673829,105.4192563858536,yes
33.34752575,74.36634864999999,172.5728592817174,yes
33.370654637499996,74.39756601875,9896.890452149848,yes
33.37023125,74.4030649,116.45468499902627,yes
33.357427325,74.382822175,70.16772703549628,yes
33.35742165,74.3830944,157.24111192095046,yes
33.357119325,74.382192825,182.02446454067228,yes
33.356790225000005,74.381814725,135.9222591335651,yes
33.355840900000004,74.3806386,85.38149508902711,yes
33.350773000000004,74.379843975,120.9440547848873,yes
33.35099425,74.3786846,164.32834265330445,yes
33.378740125,74.39828712500001,91.6589527347094,yes
33.379021275,74.3982877,154.8390316815203,yes
34.235188699999995,74.44729015,3268.316077712074,yes
34.235007949999996,74.44778099999999,3293.826627657818,yes
34.235091925,74.4468679,3026.6952666508505,yes
33.64341675,74.780042375,98.03226304695497,yes
33.6413667,74.77866982500001,71.49521691715313,yes
33.6406482,74.7784728,48.98963167890957,yes
33.6410754,74.7786006,192.67533132627568,yes
33.6401597,74.778419375,320.84057138834277,yes
33.638337400000005,74.77777275000001,68.22538980787742,yes
33.639690975,74.778234675,28.671379211959824,yes
33.6394608,74.778176625,52.479703439481355,yes
33.63929855,74.77816715,38.62832065393172,yes
33.63911415,74.7781528,113.42322936509913,yes
33.638884899999994,74.7783019,126.41831987321666,yes
34.14914178,74.83193464,2329.5411108646,university
34.149565375,74.83289345,1896.5727049887143,university
34.149073575,74.833195975,764.7594923814108,university
34.14997404444445,74.83261037777777,148.98106853890215,yes
34.150181149999995,74.830805875,223.56035769816305,yes
34.150217425,74.830155175,1820.8041779665014,yes
34.150741249999996,74.83009064999999,1462.3352448690298,yes
34.149293300000004,74.83329005,126.31139134282209,shed
33.94783555,75.30400225,121.00600890421742,mosque
34.059618325,74.9513769,158.48547663661242,yes
34.060232049999996,74.950734725,184.2323858745737,yes
34.060487625,74.95127154999999,190.7348297534706,yes
34.0603671,74.95167467499999,89.79511245720386,yes
34.06017685,74.95172042499999,304.94243010812625,yes
34.059546725,74.9522066,237.39571288388225,yes
34.059405174999995,74.95228405,128.58481742732948,yes
34.059387,74.95210180000001,156.7152462600156,yes
34.0592634,74.95214299999999,102.13009506305511,yes
34.05987615,74.9528065,134.03808411553854,yes
34.0597799,74.95244244999999,44.668110344927214,yes
34.05982415,74.952304275,133.05629650579442,yes
34.05966815,74.952127725,286.6642696066906,yes
34.060859750000006,74.9528405,244.59963274621697,yes
34.061225725,74.95258135,150.2061890503572,yes
34.061361125000005,74.952709125,74.09723048038111,yes
34.061401375,74.95283815,149.9129253159847,yes
34.06102185,74.9525166,80.22282106645437,yes
34.0610985,74.95403719999999,34.88563737773991,yes
34.060896475,74.953171775,92.02187395900673,yes
34.06103325,74.9533344,111.10340818814339,yes
34.061258325,74.95379995,168.80792488483127,yes
34.06154495,74.953585575,26.737241445547497,yes
34.0614419,74.95356665,32.63109500687231,yes
34.0612698,74.95347915,167.86538244206392,yes
34.060964049999995,74.95302525,95.25663693374896,yes
34.0611061,74.9529244,113.81774149570938,yes
34.06097095,74.95217770000001,109.59498204525512,yes
34.060780575,74.951952425,99.12609703749104,yes
34.06097475,74.95231390000001,99.60842440717616,yes
34.06072245,74.9504666,347.6513782983037,yes
34.06026638,74.95209128000002,67.87686000796747,yes
34.060278149999995,74.95201349999999,48.35336107015996,yes
34.060256599999995,74.95187375,71.38630095360816,yes
34.0599812,74.95184375,114.5474458109247,yes
34.0603975,74.95253364,194.86058914768478,yes
34.060163975,74.952322275,297.43330977283836,yes
34.060137250000004,74.95202337500001,257.2795258284382,yes
34.06039532,74.95178417999999,122.64132949989244,yes
34.06044034999999,74.95234975000001,116.7645822260776,yes
34.059726149999996,74.95186655,147.62441241634113,yes
34.059928549999995,74.9520974,160.7009255431414,yes
34.05997338,74.95256284,99.57139394639944,yes
34.0601326,74.95270065,133.05586347710704,yes
34.05988285,74.95263324999999,94.56151428601032,yes
34.059707225,74.95265459999999,99.99454991682482,yes
34.05971142,74.95246546000001,92.81215057117046,yes
34.0597381,74.95281605,126.32162013717395,yes
34.060045450000004,74.9527879,75.64265401912195,yes
34.06009445,74.95290870000001,87.04263036213479,yes
34.059969175,74.95337895,145.09426116307924,yes
34.0600673,74.953214125,194.11651017653497,yes
34.060336225,74.953114025,170.19956173620835,yes
34.06105065,74.953811075,78.77323665867988,yes
34.06095295,74.954042325,92.26478006844464,yes
34.06089855,74.95389260000002,130.91752959762204,yes
34.0605871,74.95338567499999,126.95358875800682,yes
34.060141775,74.953478825,159.11076975607838,yes
34.060256075,74.95339287499999,195.7773249210067,yes
34.06039705,74.953639725,212.90472744223658,yes
34.060808699999995,74.95364885000001,127.5000368779655,yes
34.06055455,74.9539671,312.84979020144283,yes
34.06123065,74.953156675,130.87978286885365,yes
34.061424474999995,74.9532624,166.31888178622074,yes
34.061145350000004,74.9523241,96.1824114517029,yes
34.060652225,74.95270000000001,93.73034348799578,yes
34.05913485,74.94951365,215.91427479067298,yes
34.055808825,74.94968745,174.32613564041037,yes
34.0587757,74.95077915,86.03418943073255,yes
34.05866185,74.950909825,186.86671983242798,yes
34.058976099999995,74.950680675,95.55377833426263,yes
34.0589897,74.95081225,82.85002135269909,yes
34.05914455,74.95094367499999,64.4734274065748,yes
34.0591037,74.95075555,158.77683848095904,yes
34.059227275,74.95072295,94.98032824496524,yes
34.059418550000004,74.95073335000001,134.297964096515,yes
34.0594564,74.95085395000001,96.76225672144432,yes
34.059582,74.95067420000001,163.5389800066704,yes
34.05880955,74.951302775,90.1163056801226,yes
34.05912895,74.951301425,79.92525043168153,yes
34.05899075,74.951409725,169.26417463870922,yes
34.059072425000004,74.95153675,90.44309709831487,yes
34.059227275,74.95164195,135.78585835889248,yes
34.05932055,74.95192905000002,83.52514400296802,yes
34.05843215,74.9526543,261.9328212617812,yes
34.058768799999996,74.953399575,264.67240524514386,yes
34.057907175,74.95313605,231.09813666187904,yes
34.0579836,74.953828,74.48994873851544,yes
34.058390724999995,74.953891,74.15596158893412,yes
34.058383725,74.9540245,203.50634300838436,yes
34.05872415,74.9537699,124.54620607795255,yes
34.05855415,74.953778275,318.7744487432172,yes
34.058940875,74.953359,105.73441534627537,yes
34.059415200000004,74.953471175,131.2413591490933,yes
34.059112250000005,74.953536275,101.36310010743853,yes
34.05998535,74.95472512500001,180.06012406933223,yes
34.06004695,74.955079925,231.9251814999712,yes
34.103093675,74.80676665000001,110.9413022633214,yes
34.10522655,74.80792392500001,214.20941712800294,yes
34.10333445,74.81283595,192.72408948667368,yes
34.10305702,74.81227238,223.41897189511968,yes
34.1020551,74.8143881,423.142574492711,college
34.10181378181819,74.81376817272728,1341.431519851195,school
34.101893100000005,74.81467227499999,343.18758383721365,college
34.100904875,74.81309165,335.648666767882,yes
34.10067435,74.8147989,7.258370734694511,yes
34.09519305,74.814404075,260.8145115079941,yes
34.089805225,74.82086115,190.06883212826136,yes
34.30414025625,75.28169740000001,10276.051568105735,yes
33.74710568333334,74.15512456666669,601.4621195633365,garage
34.031185675,74.90479822500001,8264.917622704903,yes
34.072765325,74.810746325,2233.949282580048,yes
34.073260675,74.809896025,85.06480723078877,yes
34.1320366,74.80523629999999,495.0507613144034,yes
34.132941075,74.80465065,267.3891051907227,yes
34.002590875,74.761249525,84.63406324471782,yes
34.0868149,74.84450743333333,188.25574053887624,yes
34.086752700000005,74.84469494999999,94.23026288141378,yes
34.084585475,74.838486675,463.22904459524074,yes
34.15032875,74.8743217,504.83555281292604,pavilion
34.273857299999996,74.80738342500001,52.23351027333352,yes
34.295548525,75.2058485,160.2983650994147,yes
34.3039864,75.284910125,461.9629183830485,yes
34.30416555,75.284577825,664.5635854852881,yes
34.3051274,75.283713175,541.0970848726743,yes
34.3052527,75.2833842,442.9487844981568,yes
34.305295075,75.28178145,458.6876480068345,yes
34.303669625,75.29719985,238.20205076882644,yes
34.3092433,75.27261005,183.22797838676254,yes
34.30962815,75.2715013,339.4620487732245,yes
34.3037242375,75.2819178,912.6274528258722,yes
34.2572985,74.91130943333333,230.55774504325723,yes
34.376762533333334,73.78205355,90.92046431919562,yes
34.385429175,73.797259975,43.33794006909406,yes
34.387144075,73.79979,55.29796658069468,yes
34.38700335,73.79927285000001,75.13717252594421,yes
34.38577145,73.797631625,31.467822840525514,yes
34.3883072,73.8069224,51.441940337190466,yes
34.393797125,73.77282265,36.25305622025718,yes
34.386979974999996,73.78045985,104.75057238383442,yes
34.3949318,73.77415385,154.61259515071612,yes
34.39019267,73.77213235,240.49726572007623,yes
34.367651725,73.7841992,31.196469039940588,yes
34.393049575,73.8028339,68.96453943205836,yes
34.39371755,73.77512603333334,36.417559093205384,yes
34.386094549999996,73.7951757,45.88341473502891,yes
34.39182035,73.77337082499999,14.77601508300775,yes
34.3631255,73.780419425,84.1560185355419,yes
34.387310925,73.7893286,57.415702192256646,yes
34.379766025,73.7952758,112.58707796870938,yes
34.370819075,73.78683025000001,282.193373391038,yes
34.39479935,73.77353025,46.50773729612243,yes
34.3853023,73.78096120000001,52.90435585234816,yes
34.3685292,73.79069735,72.67597905086879,yes
34.385396825,73.7943341,207.8530142016662,yes
34.393653575,73.7752619,98.55572560727225,yes
34.385755525,73.79612,108.8729297803393,yes
34.36256525,73.77927095,36.95577599923895,yes
34.37115945,73.8015092,127.17598508235798,yes
34.385685233333334,73.78067779999999,111.49272775415318,yes
34.36996705,73.77322735,143.41110450644243,yes
34.38664815,73.79344784999999,91.68989961166645,yes
34.366389375000004,73.77632935,75.87198257961968,yes
34.392140999999995,73.77354555,93.58918173445815,yes
34.368396125000004,73.792540475,204.1143553045922,yes
34.38541805,73.79134432500001,35.56986966235957,yes
34.384733075,73.79427375,81.68564281321405,yes
34.3873362,73.790552775,64.7903899160363,yes
34.372298066666666,73.80127104999998,109.28129225173058,yes
34.383020425,73.795575325,35.58093925574188,yes
34.385280824999995,73.796187575,109.07741864813991,yes
34.38916474999999,73.789417,100.0098809069033,yes
34.3731589,73.80050935,34.61409879918055,yes
34.36852775,73.79198785,91.68565464552881,yes
34.366565175,73.7904551,199.7793510838924,yes
34.389219950000005,73.785724625,90.84811633673412,yes
34.379881825,73.80171345,104.79200504107234,yes
34.385037600000004,73.7915481,114.47208306770665,yes
34.388738000000004,73.80689775,94.20304547753726,yes
34.38615865,73.77042374999999,32.774309025008804,yes
34.373188799999994,73.80131735,31.456580129689225,yes
34.36330205,73.787513275,94.93840566027393,yes
34.37246126666667,73.80148935,117.91036187596919,yes
34.37395655,73.78918390000001,112.04258456456145,yes
34.366673774999995,73.791117425,13.852875855561479,yes
34.377069675,73.7956503,168.82946893486292,yes
34.3874548625,73.78878337500001,136.61714619770777,yes
34.39085504285714,73.77247071428572,384.03471420631223,yes
34.393290525,73.773802375,24.49183727669385,yes
34.370891799999995,73.8028548,19.774246942775445,yes
34.36349575,73.78288185,58.38071852582485,yes
34.3774918,73.796142325,86.8317590005131,yes
34.370925,73.79987144999998,87.87289764146152,yes
34.38658775,73.779200375,82.59093544253622,yes
34.3729062,73.80120045,31.317281990136593,yes
34.3666694,73.79128730000001,24.271008888170094,yes
34.38460105,73.800657975,117.04328880801098,yes
34.38624655,73.8024136,71.6283011009964,yes
34.39698745,73.80104505,17.817496447471022,yes
34.39457735,73.77336275,57.20513486239,yes
34.38310935,73.79511590000001,140.78636609519515,yes
34.38836585,73.771815625,104.14744952690864,yes
34.366707225,73.79077344999999,102.80483770732206,yes
34.3953777,73.77661655,71.74526520985633,yes
34.37286145,73.78912155,137.71087971503178,yes
34.394318325,73.774316125,89.87138975584762,yes
34.370360975,73.802418375,82.66827563933211,yes
34.3899944,73.7722331,94.73842242357043,yes
34.390315,73.803879925,20.13738308490451,yes
34.37067605,73.79983770000001,123.13582650461835,yes
34.387854425,73.79037167499999,43.927975689195534,yes
34.38647665,73.7793295,27.99163777362331,yes
34.366131425000006,73.782132225,56.20441804175547,yes
34.3686346,73.79247344999999,82.27822918644509,yes
34.37164163333333,73.7994676,97.93002001222257,yes
34.38546,73.77848242499999,86.33616501173879,yes
34.369261924999996,73.7881525,94.8391375897207,yes
34.3633638,73.77932717499999,155.49102838727043,yes
34.372201275,73.7999634,144.5126239714123,yes
34.387011,73.79579344999999,14.316427826075362,yes
34.3663301,73.77648024999999,142.87018178100053,yes
34.3948765,73.77456765000001,99.57107801945664,yes
34.385984074999996,73.79168374999999,104.62131317101051,yes
34.369115375,73.7878415,38.98413795534968,yes
34.39761683333333,73.776206,68.42729885327144,yes
34.363166574999994,73.7877657375,131.85839832683422,yes
34.39006485,73.8038208,37.312285429792865,yes
34.39459,73.776925425,109.4267689203615,yes
34.3898308,73.8013211,46.961378722482124,yes
34.372615874999994,73.78792565,130.77936668760003,yes
34.37318395,73.79891035,147.20572877489062,yes
34.36722555,73.77056005,104.79962442416624,yes
34.376969125,73.7955436,24.158221175229286,yes
34.386790575,73.78844649999999,59.14832403109939,yes
34.36953285,73.79475959999999,139.8846552428514,yes
34.381776275,73.79553045,94.98828655504664,yes
34.385665949999996,73.79553014999999,130.6514921197073,yes
34.36182395,73.777484625,22.169487239985568,yes
34.372273325,73.788262525,159.90224546594902,yes
34.39196195,73.773458975,50.809814165663816,yes
34.38657189999999,73.779120275,77.12747080569054,yes
34.366039575,73.77164115,86.4540121425011,yes
34.36958,73.78724545,110.32265539047648,yes
34.388550075,73.80166005,103.37247735324118,yes
34.369020475,73.795479,70.04695624234279,yes
34.386446,73.8034512,32.09718496335028,yes
34.39458345,73.77300034999999,177.06330058827848,yes
34.395080712500004,73.77589342499999,110.63120606513742,yes
34.383465199999996,73.79124715,62.13473231122203,yes
34.368361650000004,73.7882176,124.56712808323672,yes
34.390018,73.77177905,95.5186348386525,yes
34.3684515,73.79218626666668,234.79387438846055,yes
34.3881601,73.78741237499999,22.498261376922898,yes
34.396911200000005,73.7759054,134.25680112147313,yes
34.387296425,73.770040975,87.33375873701667,yes
34.3686315,73.78787642500001,84.83080775497713,yes
34.39561105,73.7761003,95.0642595003765,yes
34.372205375,73.78672069999999,96.69206113991821,yes
34.38670275,73.780523225,97.5236005399263,yes
34.38645355,73.779562725,47.26341333505413,yes
34.37037599999999,73.787377725,137.05047922472795,yes
34.3859375,73.77958910000001,10.317576177103295,yes
34.390427124999995,73.77226572500001,91.57770928587308,yes
34.3930451,73.80265765,76.54514863320398,yes
34.38606655,73.7917128,19.953820353669123,yes
34.382293849999996,73.7907843,35.604717542118664,yes
34.394557799999994,73.80280325,68.35950375505331,yes
34.3705868,73.78762392499999,141.14675354909082,yes
34.3966505,73.77538704999999,30.339990293358973,yes
34.3951002,73.77431745,25.555437449372366,yes
34.364475875,73.771433325,46.20445987167059,yes
34.38516668333333,73.78089738333334,192.65645875399815,yes
34.3696613,73.79078505,147.40990958683795,yes
34.3726806,73.79774095,221.2280319505166,yes
34.374305575,73.78963329999999,99.4573674516847,yes
34.394254200000006,73.79995029999999,37.24920185010835,yes
34.3950252,73.797247725,29.210029934726105,yes
34.373696550000005,73.789132225,130.92606295893614,yes
34.3708106,73.80248705,163.5859229887226,yes
34.3937956,73.77592535,129.4082512837696,yes
34.397284174999996,73.800664625,105.01773161990232,yes
34.370691975,73.800479925,145.31825228631197,yes
34.377764725,73.79020822499999,95.59981245165244,yes
34.394129035714286,73.7727560357143,456.5868872020484,yes
34.385691525,73.7797299,87.37293163807422,yes
34.371935625,73.78686785,104.39546628416431,yes
34.36290629999999,73.78761639999999,68.82310233315586,yes
34.386520625,73.77692747500001,15.987611476598705,yes
34.366516175,73.77597295000001,145.03962377720973,yes
34.3926935,73.774391925,28.320846527388625,yes
34.371523350000004,73.79296785,18.34492534956382,yes
34.3866079,73.7816296,103.21044418730386,yes
34.3944203,73.77386332500001,37.02069017765288,yes
34.38608505,73.77889335,73.47459197179784,yes
34.3693618,73.79069525,174.4081448578661,yes
34.387284275,73.79327542499999,28.31487093951977,yes
34.38433655,73.799414275,90.54607427937651,yes
34.386276775,73.7813088,67.14019473070252,yes
34.368092925,73.77164525,39.06141295930459,yes
34.385259275,73.79444785,165.50075825407276,yes
34.373809216666665,73.7894404,93.98042811565094,yes
34.382928625,73.794875825,106.22696602019982,yes
34.371394699999996,73.78853345,94.39033559788189,yes
34.385493725,73.792176225,94.33261046606565,yes
34.385397049999995,73.7785953,77.49486841087716,yes
34.394940675,73.774725225,54.70637048577249,yes
34.38563202500001,73.7790304,28.755364001554177,yes
34.385725575,73.799274525,93.63482235947592,yes
34.387133025000004,73.79096955,126.72996537173087,yes
34.3649587,73.7894018,130.32861976469096,yes
34.388478875000004,73.786679725,121.32313968532073,yes
34.374524949999994,73.78945725,95.465384613381,yes
34.3702222,73.78813135,96.10671082790847,yes
34.39789315,73.7764856,26.74273812696454,yes
34.394310875,73.77390645,132.32690109699746,yes
34.3692066,73.78735830000001,81.1417683823827,yes
34.386312075,73.80220026250001,95.18231630466326,yes
34.39307723333334,73.77401265,107.13423170617094,yes
34.36300405,73.78746415,192.7703140565201,yes
34.377492724999996,73.7895863,16.866176874577675,yes
34.38206665,73.79540295,29.647208853911586,yes
34.3691212,73.79458715,43.90014388243645,yes
34.390152325,73.80375015,92.19678231863907,yes
34.366345,73.76990673333334,107.93016824763374,yes
34.388252675000004,73.78732367500001,112.31598976882343,yes
34.38722605,73.8064744,18.626878975443937,yes
34.3857744,73.7913053,89.51419839811166,yes
34.388834025,73.788307025,78.69491703158158,yes
34.3711537,73.79812535,46.705898622789235,yes
34.370814499999994,73.79833835,103.07060179823839,yes
34.38156855,73.79213684999999,97.58922461338335,yes
34.377866374999996,73.79071815,15.212993450423896,yes
34.384245899999996,73.793501575,115.75028674578601,yes
34.38523675,73.781080325,59.738843629397294,yes
34.392974025,73.7742804,207.94235143246266,yes
34.368195400000005,73.79029582500002,111.28342179911394,yes
34.3861717,73.7812785125,111.2979550203195,yes
34.367673575,73.7749515,29.932966983334204,yes
34.37969515,73.79566557499999,38.67833547037476,yes
34.389639450000004,73.8031084,206.30689155278446,yes
34.371564925,73.8012914,87.27092099763654,yes
34.38680778333334,73.78219481666666,92.20413911024158,yes
34.368769400000005,73.792485625,95.25558131180469,yes
34.385464400000004,73.7775494,102.60207714625655,yes
34.3724554,73.80085478000001,298.62903015307154,yes
34.368537825,73.79063355000001,35.19044304688248,yes
34.375256575,73.791654875,103.89822148920145,yes
34.392647975,73.77247575000001,159.4798150900926,yes
34.37315035,73.801414475,41.19736314461751,yes
34.381512333333326,73.79239390000001,111.21180034015792,yes
34.370181825,73.787065075,65.15672650586893,yes
34.385113875,73.797936725,105.69936098475881,yes
34.38602021666667,73.79552113333334,129.80219611330227,yes
34.37091435,73.787964725,73.94720326747543,yes
34.393670650000004,73.77382735,38.265146343264156,yes
34.37388275,73.78907025000001,31.145980239298737,yes
34.371036249999996,73.78851725000001,135.30660261868707,yes
34.3780564,73.795462625,93.23245683005632,yes
34.366948975,73.76939965,148.0022934957148,yes
34.383237449999996,73.79565529999999,115.33249923207504,yes
34.37223855,73.80097565,98.44918382504719,yes
34.38530375,73.79183362500001,27.612908473320502,yes
34.37162405,73.80144625,29.824602393104,yes
34.39307275,73.7744913,60.17671810534043,yes
34.378694525,73.79187780000001,40.70292817609463,yes
34.38553925,73.79240595,46.129833545244665,yes
34.38703195,73.77035104999999,49.252017589696884,yes
34.383897000000005,73.79957324,111.71806539218016,yes
34.366123375,73.79026245,24.88062535063387,yes
34.38762115,73.78974550000001,40.568188351504155,yes
34.379298475,73.7961739,48.22152311687296,yes
34.3691885,73.79093602500001,139.07193452735964,yes
34.38005415,73.795602225,135.39300768608453,yes
34.38648595000001,73.780806325,79.90635719315989,yes
34.38926505,73.80327325,109.39067259676182,yes
34.371000325,73.787818,133.9770851257559,yes
34.392565725,73.77367985000001,116.72453638981168,yes
34.37754935,73.7960008,123.67932872933557,yes
34.3894736,73.772254675,107.34862334144094,yes
34.365999175,73.77606805,126.26582822922833,yes
34.367543625,73.76993737500001,113.05547811962322,yes
34.3722961,73.80038880000001,132.6319866209646,yes
34.38543215,73.79790279999999,95.8609996886149,yes
34.386741825,73.793372825,136.92661171068534,yes
34.389979600000004,73.80348599999999,91.12976780275119,yes
34.38506175,73.7916942,48.90787971281108,yes
34.364875874999996,73.7704686,10.9151965031397,yes
34.39746775,73.77598545,81.65612764583199,yes
34.3896139,73.776343525,23.692263672101227,yes
34.38586728,73.77831606,13.175695416705468,yes
34.387885725,73.787220375,77.14610616004757,yes
34.3664974,73.77137317500001,94.50036372531497,yes
34.368158875,73.7919294,105.03584546338956,yes
34.39517343333333,73.77563963333334,163.12043488580312,yes
34.374070149999994,73.78909355,74.49973057244446,yes
34.36917033333334,73.79469053333332,171.707643834268,yes
34.3854485,73.77920436666665,17.686079417860196,yes
34.38125745,73.795818725,130.4731126839027,yes
34.3708977,73.801503275,23.97076173788784,yes
34.370924525,73.79305325,81.14719726910428,yes
34.3952573,73.77664191666666,39.59626401968016,yes
34.38525715,73.7971114,114.42984532563676,yes
34.38530585,73.79413927499999,97.32115213111427,yes
34.380992125,73.79541455,98.62078637100348,yes
34.39302442500001,73.774848325,106.5659501585319,yes
34.389823025,73.80690415000001,62.32402829069558,yes
34.367571225000006,73.77500165,144.90420155932054,yes
34.39349643333333,73.77446423333333,174.0786849249248,yes
34.36214955,73.7778364,91.63241543199626,yes
34.392203724999995,73.77390162500001,111.61852121791287,yes
34.3730583,73.80081855,129.4993940342794,yes
34.389840250000006,73.77169405000001,76.23810535552522,yes
34.363130725,73.77927355,22.613837920055975,yes
34.394661025,73.80548805000001,39.02045407857136,yes
34.36714285000001,73.7904489,122.06530814551044,yes
34.38580375,73.79206980000001,77.0764455912323,yes
34.394897500000006,73.79852487500001,79.83277624395004,yes
34.388299975,73.787499325,109.18092707047711,yes
34.3669077,73.78367822499999,77.52034701248382,yes
34.3811766,73.791927525,36.83858429508483,yes
34.385046075,73.7807485,69.34622534024453,yes
34.3665517,73.7916582,160.20133511518992,yes
34.369612375,73.788451275,19.44694623432747,yes
34.393432350000005,73.775251525,21.547627880515286,yes
34.3703482,73.80152536,128.43413868719188,yes
34.381361425,73.795371325,18.88716786096434,yes
34.394387975,73.795462725,52.24181700477125,yes
34.3669739,73.77080835,99.36064432188711,yes
34.384905875,73.791521725,104.92091839708742,yes
34.37326845,73.7895468,118.99246154852489,yes
34.394026180000004,73.77634051999999,119.72786301947116,yes
34.386406775,73.80336455,55.72675160952926,yes
34.3680931,73.77461174999999,103.83204265502349,yes
34.3822571,73.794332375,97.87056693767353,yes
34.387208,73.78073255000001,95.70111746485841,yes
34.38523935,73.798094775,57.26483135049816,yes
34.37093685,73.7982635,97.22002872404093,yes
34.387689550000005,73.804204,41.82563323202683,yes
34.364698849999996,73.779789925,47.50492452739876,yes
34.395458975,73.7766631,85.8940811569739,yes
34.362961299999995,73.78836608750001,199.91552534666693,yes
34.387136674999994,73.79639955000002,50.75580718513788,yes
34.362103625,73.777728075,26.58586301944979,yes
34.393399925,73.772558725,593.0182291707771,yes
34.38589296,73.79556202,242.15797622315498,yes
34.382951875,73.79541180000001,57.82532361297905,yes
34.38826435,73.78900455,91.86750563958668,yes
34.368611550000004,73.79154145,119.97005788782761,yes
34.370213475,73.799345825,74.17229454097381,yes
34.38939045,73.80369850000001,108.97921443847724,yes
34.37158788333333,73.80159453333333,166.22644338665395,yes
34.3866785,73.79734685,114.30341859697424,yes
34.381390950000004,73.8026232,119.2105173138221,yes
34.396681799999996,73.80365825,40.01684687875243,yes
34.38609805,73.79642330000001,43.97899736885375,yes
34.36276895,73.787522825,91.99269190048092,yes
34.3683618,73.79230655,136.8793565040615,yes
34.3732534375,73.78737205,188.19529332986704,yes
34.3732262,73.799196,27.703176520076244,yes
34.394489074999996,73.7737777,163.29756054583532,yes
34.385321700000006,73.7912647,117.33201765307594,yes
34.388572749999994,73.80364295000001,20.885710075993188,yes
34.363075574999996,73.7792722,15.318918357363744,yes
34.39483575,73.77367665,96.68980507870212,yes
34.3653057,73.7908855,118.98203303317649,yes
34.365774449999996,73.79032785,114.76275337940453,yes
34.3723265,73.79239565,11.465825599562363,yes
34.3806205,73.80145982500001,143.17245030116214,yes
34.364427225,73.77169515,37.375098126584106,yes
34.368482825,73.79230767499999,16.811706015791344,yes
34.3886383,73.796281275,100.17590652593549,yes
34.39637788333334,73.77505366666666,156.38983965818443,yes
34.397996,73.776232175,157.77294223243626,yes
34.3935645,73.775798925,100.52710830895677,yes
34.38531855,73.79899795,61.52510971071912,yes
34.3879602,73.7873416,118.16663588415551,yes
34.37365735,73.78830310000001,154.18413054990106,yes
34.38586595,73.79519895000001,94.13740221922399,yes
34.370453299999994,73.78790185000001,92.05645951113428,yes
34.3707122,73.78752735,17.78369523322253,yes
34.38839674,73.77066827000002,272.48943091292386,yes
34.3947482,73.7967709,84.25657450372634,yes
34.371891500000004,73.7886589,90.51773951383188,yes
34.3721315,73.80080285000001,93.24262417089588,yes
34.38605025,73.78156022499999,100.51975559742314,yes
34.371920675000005,73.78799835,103.27931912612019,yes
34.36557145,73.770618325,18.883635332815366,yes
34.3783259,73.79004090000001,89.7603374385244,yes
34.376244299999996,73.789658,42.75030033578995,yes
34.372283875,73.798178775,28.08011723064019,yes
34.388107983333335,73.78754178333332,237.75439759766383,yes
34.3855937,73.77915589999999,112.0330358963675,yes
34.3712165,73.80188835,30.627818027098748,yes
34.386230675,73.777041,20.127345618700772,yes
34.378296899999995,73.79127735,48.7290660479201,yes
34.371209675,73.78781169999999,34.85820333810109,yes
34.371684349999995,73.79914355,48.374906512320464,yes
34.385011475,73.79100159999999,52.52914123578161,yes
34.368389975,73.79104534999999,106.50902401775576,yes
34.3630847,73.78012899999999,35.71617316895457,yes
34.3732401375,73.8014776375,47.110700132828725,yes
34.37145355,73.793038925,20.06277599598028,yes
34.394629425,73.80279597500001,18.06939160186581,yes
34.3871776,73.79624425,163.312844900198,yes
34.37077388,73.80223926000001,214.86796780169146,yes
34.370731525000004,73.80149672499999,12.363520483750975,yes
34.39463015,73.797046875,78.06057704532974,yes
34.3813658,73.795496675,131.7831198263352,yes
34.371475499999995,73.8015025,220.08820257410474,yes
34.39661047,73.77571567,170.713322238121,yes
34.389645125,73.772334275,105.08052679951086,yes
34.393740825,73.7744544,167.65661570074224,yes
34.362836,73.778893775,92.20374010011318,yes
34.39554535,73.77700899999999,105.84402310394358,yes
34.3676813,73.79081790000001,34.84875116748359,yes
34.384673,73.79431755,21.034740933964734,yes
34.39476625,73.79539525,50.17284528716638,yes
34.37042225,73.78804395,155.29800456794453,yes
34.3823858,73.79478470000001,85.30065602678496,yes
34.37847127142857,73.79568588571429,136.1767299561608,yes
34.36799805,73.79150017500001,114.51879757667507,yes
34.384974725,73.79748345,123.16811969073572,yes
34.384381525,73.79964035,86.93772517029791,yes
34.38710994,73.78043548000001,79.50828194691019,yes
34.394054350000005,73.77374284999999,148.2908293145867,yes
34.3629225,73.77976825,101.64537834008723,yes
34.387024475000004,73.78061124999999,99.02845647387127,yes
34.37348885,73.7889034,74.10571380534884,yes
34.389794075,73.801514125,28.472580297129603,yes
34.3711471,73.798370925,65.70038839449813,yes
34.3921084,73.77333245,14.439828026274402,yes
34.389094199999995,73.80686495,95.33806988665603,yes
34.3810672,73.79264195,22.03668825760178,yes
34.37247888333333,73.79990828333335,131.5859047060504,yes
34.384367075,73.7999858,107.46506729168772,yes
34.3731394,73.78822972500001,88.85619894032486,yes
34.36710615,73.77006244999998,101.54946979323847,yes
34.38468435,73.79777185,112.13251584307285,yes
34.368242375,73.79098077500001,132.1764366725938,yes
34.38772575,73.79061435,83.41399926105771,yes
34.370877775,73.801644425,11.993905345316241,yes
34.379176724999994,73.79182065,88.4955438460704,yes
34.37279555,73.786796225,51.449888362842984,yes
34.390638249999995,73.8023374,79.62359334519465,yes
34.3947441,73.7989214,59.15423324816385,yes
34.385334625,73.794246375,43.150188504910545,yes
34.384284325,73.79932020000001,34.627255459706134,yes
34.3731316,73.79908785,115.65522869101524,yes
34.3953579,73.79631635,42.87939849730964,yes
34.3944492,73.774351325,108.94538721738144,yes
34.387150425,73.78925375,87.14790023791426,yes
34.385332475,73.78074435,69.68296783590813,yes
34.371869375,73.786611475,74.96195229786645,yes
34.3857394,73.78050705000001,73.789170109071,yes
34.38546685,73.7779123,8.42279590533952,yes
34.386509525,73.79045575,75.58897343753841,yes
34.3702088,73.79916215,77.41125610909354,yes
34.367355950000004,73.77001394999999,160.65243192272476,yes
34.36359147500001,73.7712085,135.1417491598192,yes
34.38407155,73.799515075,106.55540908183768,yes
34.39233645,73.77356345000001,11.608579606451945,yes
34.381517200000005,73.80234,41.90412608898569,yes
34.372448275,73.79802065,79.0843432313203,yes
34.3864168,73.792448925,89.58656964679585,yes
34.36715825,73.7716343,55.178078154329675,yes
34.3865219,73.78090795,30.365395510044486,yes
34.371939025,73.788388525,122.89766375265836,yes
34.37081608333333,73.80031913333333,95.43521899193564,yes
34.392856725,73.7725775,45.70289287694317,yes
34.38632615000001,73.77708748333333,69.86580659909148,yes
34.37728825,73.790364125,38.587502257960736,yes
34.39555925,73.7989011,78.78210062372332,yes
34.388496025,73.787569475,123.30951100446966,yes
34.370960975,73.79962065000001,67.59942589393307,yes
34.36915895,73.79064517500001,156.75920702570687,yes
34.39401605,73.7747506,130.23086167839676,yes
34.368619575,73.792089675,26.334824762405763,yes
34.3860872,73.784306775,348.41858591448675,yes
34.38679305,73.770098575,99.60564168528427,yes
34.394698149999996,73.77436645,151.71777401047314,yes
34.370952249999995,73.80216908333334,106.85826536704917,yes
34.372962125,73.78817165,85.2496865634578,yes
34.3707267,73.80061425,75.83187591325535,yes
34.371664824999996,73.78782285,118.47574185672175,yes
34.389940450000005,73.80122245,90.19101260485553,yes
34.370541575000004,73.79965265000001,68.84831485734769,yes
34.39317738333333,73.77239378333333,99.32103873095679,yes
34.371666125,73.793556575,139.05450325973965,yes
34.3668513,73.77030504999999,102.03456503917215,yes
34.386395175000004,73.791197475,77.43522254575456,yes
34.3816907,73.79232035,115.56585735981517,yes
34.3870383,73.780192375,33.893704300735045,yes
34.393110475,73.77258805,202.00707809101618,yes
34.3852548,73.79833675,22.92739707706089,yes
34.3651044,73.779952975,54.52929321233279,yes
34.382378125,73.79551545,107.14399587233811,yes
34.3721868,73.800739775,44.74854333769455,yes
34.38636985,73.7904727,103.66439194316155,yes
34.380920075,73.795839,105.10709056341705,yes
34.38208255,73.79195115,99.38639672701412,yes
34.3630078,73.77892824999999,38.587089313828514,yes
34.387183975,73.79651369999999,7.455734668209614,yes
34.3663712,73.79055070000001,137.15041646597354,yes
34.377594625,73.79002600000001,91.97676993064496,yes
34.395744937500005,73.7764722625,99.52311328477451,yes
34.37013268333333,73.78714736666667,81.57180406673874,yes
34.3724292,73.79957585,101.2266516103171,yes
34.37955015,73.7958812,75.13161569934779,yes
34.37061175,73.802352425,128.92957225731334,yes
34.371970725000004,73.787579875,45.903298259302765,yes
34.376873999999994,73.79008465,102.70750807222208,yes
34.3845615,73.79356974999999,148.18326113959137,yes
34.36769205,73.784043425,147.60641973210448,yes
34.38146885,73.792518,22.52026388886437,yes
34.3709035,73.79998277499999,96.24472447937114,yes
34.385867409999996,73.77999554,173.27998810662882,yes
34.36299305,73.77918245000001,33.59856794422744,yes
34.3869644,73.78986219999999,79.99666136587905,yes
34.39306925,73.77412285,107.47318006466696,yes
34.370294550000004,73.78828705,93.47756089583407,yes
34.3855297,73.77896255,29.126611657454156,yes
34.373069875,73.7870358625,83.69914112588214,yes
34.3855265,73.77736075,15.70847357914236,yes
34.3723827,73.800147975,153.33922828433404,yes
34.396435475,73.77582405,121.85861034918591,yes
34.36671355,73.79062809999999,44.59133416332172,yes
34.38186375,73.7952932,113.91524233586105,yes
34.39017445,73.804994775,43.503377057033546,yes
34.3932058,73.7749036,94.945986090601,yes
34.36841725,73.7904044,43.97164744390115,yes
34.3863341,73.7792578,69.03425314755326,yes
34.369143,73.769424875,23.02121064392772,yes
34.37986155,73.790802525,126.38606107569922,yes
34.370370449999996,73.78691417499999,57.57708500038501,yes
34.37126795,73.7929071,28.909296689694614,yes
34.3710136,73.78771425000001,12.575855751969439,yes
34.38660395,73.779317725,129.53074206742593,yes
34.381735275000004,73.7921237,78.1927564477808,yes
34.38671302857143,73.79606762857144,163.77082178889066,yes
34.38848875,73.80376585,56.04100768332322,yes
34.385304825000006,73.79725195,117.05883509293571,yes
34.394716200000005,73.79883045,48.42679670736682,yes
34.3674636,73.783518925,103.91845078577055,yes
34.368533674999995,73.792406925,24.73661980681929,yes
34.383864700000004,73.80134132500001,59.242736900838736,yes
34.387101650000005,73.79001769999999,71.53114585773183,yes
34.39299975,73.7747403,17.880174628283818,yes
34.3720392,73.796581925,106.95857558926497,yes
34.3821876,73.79571445,88.53669907245973,yes
34.38187085,73.79204995,99.8209386768284,yes
34.36884895,73.78836436666667,74.00786279508999,yes
34.36244375,73.78766975,22.706137567541546,yes
34.36261115,73.778357325,150.41533235322913,yes
34.371730549999995,73.7925704,64.75919387907891,yes
34.385929950000005,73.7784405,128.93706198327288,yes
34.38542411666667,73.77772465,41.57376266224405,yes
34.365366875,73.789231175,158.66501451888,yes
34.39328225,73.7762136,104.16423808436397,yes
34.371729175,73.7968995,101.15014037128061,yes
34.392954950000004,73.77450655,129.84766130219367,yes
34.388038425,73.7874204,72.69568110132391,yes
34.368643049999996,73.787646725,79.63915147518063,yes
34.363607099999996,73.78287455,129.46184922960714,yes
34.3667558,73.771714,65.86263830205215,yes
34.364984075,73.78956045,8.847037748851388,yes
34.39647065,73.7756594,144.05376852102344,yes
34.389110599999995,73.7880629,79.948287480102,yes
34.386607975000004,73.8026873,69.88460117498012,yes
34.3670159,73.7715005,114.18767935382434,yes
34.38688145,73.78053735,77.58940814910125,yes
34.366337625,73.77008542499999,112.30603926978858,yes
34.3877742,73.78758005,123.80003511538055,yes
34.3717269375,73.79995357499999,204.48118747970514,yes
34.364821325,73.77966880000001,125.81102550583614,yes
34.3747156,73.7945883,84.3395996403504,yes
34.392437683333334,73.77363838333332,207.7745196489641,yes
34.364456485714285,73.7897013,93.61303174578455,yes
34.37738675,73.7856653,45.133953782582736,yes
34.392448,73.80216355,95.17079955656007,yes
34.370094975,73.7878883,93.41532511677816,yes
34.37748855,73.789470225,28.249301661225893,yes
34.37085041666666,73.80061385,69.46564935287805,yes
34.387447725,73.7744276,14.234010745655103,yes
34.36311485,73.77875955,118.24496987288757,yes
34.394099080000004,73.77639930000001,102.61475652095984,yes
34.38199195,73.80219187499999,72.57955246375656,yes
34.37203495,73.79708935,82.89731666594983,yes
34.3784996,73.79548324999999,46.538528728413766,yes
34.3732781,73.7890612,153.41928215728544,yes
34.38160774999999,73.792043425,10.6446961250243,yes
34.3822606,73.795430175,103.02437337187939,yes
34.387233699999996,73.8064214,33.79230398539616,yes
34.36753955,73.783756975,96.21638946765044,yes
34.385073825,73.79724325,99.89553651467352,yes
34.36882395,73.78803470000001,103.15939188873904,yes
34.377264000000004,73.79618463333333,98.06789495802059,yes
34.385185825,73.79401800000001,118.95114210393449,yes
34.39353073333333,73.7742031,52.65148345303052,yes
34.378768875,73.7927877,19.83596184320014,yes
34.365648375,73.7891888,126.63668794029243,yes
34.36320775,73.7805499,127.9913053224582,yes
34.363223274999996,73.780386825,96.49508371063554,yes
34.38515435,73.79373805,104.72923477929386,yes
34.36958169999999,73.78851224,37.39928255689268,yes
34.3898959,73.8035541,56.63277074891816,yes
34.39688995,73.80132035,44.54710878686784,yes
34.368720225,73.7916515,100.4469198271897,yes
34.377421174999995,73.78980415000001,97.47114177181402,yes
34.363171975,73.787530925,75.85866773604846,yes
34.386221225,73.7915768,99.7867738842597,yes
34.3777121625,73.7902853125,147.94449964783652,yes
34.371114937499996,73.80171182500001,137.9051042907018,yes
34.3824871,73.7951361,19.217629591826757,yes
34.389308674999995,73.771981375,51.236850969558255,yes
34.395886175,73.8012511,32.33730281956412,yes
34.395431925,73.776957375,104.53859780295349,yes
34.38530875,73.7937998,142.48843374613494,yes
34.371268175,73.792838425,40.37031741617914,yes
34.3855055,73.77786945,21.338501658176895,yes
34.394646474999995,73.80034284999999,70.91616223708694,yes
34.37217565,73.8011892,329.4151679337049,yes
34.3848407,73.800823175,87.64136413117322,yes
34.395115849999996,73.7739459,131.51814487465822,yes
34.3880647,73.78960219999999,55.68631375017055,yes
34.36861065,73.791676475,103.91565022247178,yes
34.371716575,73.79927085,25.91930639553295,yes
34.39397305,73.77414259999999,119.00793283104244,yes
34.3664107,73.7817963,68.28909942373306,yes
34.386446375,73.77963965000001,43.63908417058113,yes
34.38545842,73.79603096000001,133.0517916334365,yes
34.3733523,73.80130285000001,92.98807332189779,yes
34.39218815,73.77367445,143.8374910742175,yes
34.38198855,73.7957572,81.10489612939554,yes
34.372526300000004,73.786923,70.76401134148858,yes
34.385249599999995,73.7939176,109.61866818730826,yes
34.370413049999996,73.78819324999999,108.51394342067266,yes
34.371640375,73.786614725,121.34371059433725,yes
34.384856049999996,73.798153575,126.1136311408222,yes
34.3831724625,73.7957708625,128.87380878788153,yes
34.372409725,73.798183375,110.49252177722855,yes
34.367671325,73.7720204,66.15860492727896,yes
34.39379835,73.77417212499999,90.4165706026478,yes
34.386886700000005,73.78854076,207.87349788132298,yes
34.381480075,73.7955657,24.501823412653852,yes
34.38631,73.7769918,9.412874001945784,yes
34.385310274999995,73.7808559,69.31366053208927,yes
34.364544699999996,73.7793408,142.32657628353493,yes
34.3833272,73.795823,106.17161373975209,yes
34.38358795,73.79122294999999,160.8410939787687,yes
34.3872497,73.7963936,131.21919458347884,yes
34.39459325,73.7988482,47.09787094252105,yes
34.386231099999996,73.80214455,45.61192234920877,yes
34.36807815,73.769829,62.94731002676541,yes
34.37740602,73.78529596000001,104.63499070096373,yes
34.3883024,73.77118920000001,44.67422243917822,yes
34.37160255,73.78639562500001,144.17713218247854,yes
34.369464075,73.79498865000001,77.23502830665868,yes
34.383066850000006,73.79579142499999,93.18397049268228,yes
34.3770643,73.790033175,121.17507666824152,yes
34.369765325,73.787124575,90.40450876085325,yes
34.388648925,73.8037716,47.526186203410376,yes
34.364180375000004,73.78802305,143.3641096356488,yes
34.37831315,73.79554205,68.57604533255503,yes
34.3675828,73.7704588,95.95664967816833,yes
34.37945265,73.795433325,32.06940544937735,yes
34.38718085,73.7885364,39.68242734934669,yes
34.386344625,73.80319932500001,119.8264487004831,yes
34.386653975,73.7898623,126.33463718918352,yes
34.3717196,73.79934891666666,70.23314273032827,yes
34.362321550000004,73.778329,119.83954061779515,yes
34.387571933333334,73.7903352,100.86989843690736,yes
34.378261699999996,73.7954486,107.41075674547275,yes
34.370166275,73.80137965,118.83914038693422,yes
34.385541675,73.79911399999999,108.99412231956072,yes
34.38866915,73.7880562,132.40505010317437,yes
34.371544125,73.7862421,139.0971094569051,yes
34.386372449999996,73.77041345,19.60468059409897,yes
34.36770215,73.7835846,46.99889595010208,yes
34.3642812,73.7884439,83.93348228906896,yes
34.39336005,73.77442060000001,105.78179490124731,yes
34.364891099999994,73.78894195000001,114.03360282004788,yes
34.386585350000004,73.7926519,87.80422434615855,yes
34.386865674999996,73.78037467499999,45.666267869156215,yes
34.365276275,73.789789525,35.31076650447529,yes
34.388640450000004,73.80225835,91.48109929005153,yes
34.39256003333333,73.77402526666667,73.08313757036993,yes
34.366412175,73.78238694999999,100.56578124379027,yes
34.3867302,73.781150525,79.72087759685616,yes
34.367567300000005,73.78386375,78.1428094137822,yes
34.363334975,73.78055075,143.67460759233734,yes
34.384671575,73.79377795,35.66406228760853,yes
34.37008085,73.790680775,114.72220636596599,yes
34.368162775,73.79153965,108.95831310967631,yes
34.373761125,73.788260725,72.55402942613911,yes
34.39346465,73.77270565,153.37816669502303,yes
34.38551579999999,73.791213375,77.50465613910458,yes
34.394528879999996,73.77409232,103.48517926029027,yes
34.38445935,73.79962125,28.406487839074323,yes
34.3746194,73.79175212499999,24.734822744880972,yes
34.382026175,73.79120375000001,227.60152014957458,yes
34.387927675,73.80407065,93.21590525188458,yes
34.371746825,73.78721525,174.60611438557856,yes
34.3740428,73.794713725,66.66842307519107,yes
34.386872,73.78974799999999,96.42799709255283,yes
34.385850175,73.7787725,88.0510068971513,yes
34.385332925,73.797999225,109.5255006447972,yes
34.3696197,73.7944689,134.5383609611511,yes
34.367422950000005,73.7836758,102.6682712588511,yes
34.385838074999995,73.7778667,17.19387194913753,yes
34.3954459,73.77582935000001,141.03007002424738,yes
34.3841651,73.79946604999999,100.49635605703483,yes
34.386464525,73.770006525,31.69714421280689,yes
34.370877275,73.799557875,85.1782774549653,yes
34.381075925000005,73.79220055,56.51766313623054,yes
34.39433195,73.77356592499999,41.69370957615475,yes
34.3895349,73.803228125,35.076986410723514,yes
34.3737383,73.7917386,56.01016151765451,yes
34.38710158,73.78051646,27.922044614763998,yes
34.386628725,73.79089582499999,80.32819157295548,yes
34.371716649999996,73.80047172500001,121.21184793736322,yes
34.38752125,73.79064065,68.87624222175155,yes
34.37098525,73.80019035000001,107.28578374024676,yes
34.386925,73.7800599,39.70050693221248,yes
34.379142125,73.79192735000001,24.19846349627372,yes
34.386162424999995,73.79626835,28.598096245911655,yes
34.387345525,73.789215625,64.85782804700322,yes
34.38659205,73.78107065,18.836602458363593,yes
34.375147899999995,73.79667125,43.09925927717868,yes
34.3922843,73.7736187,64.93103376509302,yes
34.372142000000004,73.800577625,72.80918875373652,yes
34.382678925,73.79180975,66.01323090724762,yes
34.384028825,73.7998123,86.16407187140942,yes
34.393552674999995,73.776060375,20.19195423320013,yes
34.367221975,73.7908905,166.8822168926169,yes
34.39509105,73.7754496,31.01729323576217,yes
34.3705863,73.78726555,17.246194408883518,yes
34.390697599999996,73.7724566,84.23004271107455,yes
34.3685385,73.79185315,93.94592647019023,yes
34.368781750000004,73.79188695,217.1497858022783,yes
34.371982700000004,73.79327015,45.503954274819094,yes
34.385430074999995,73.77883785,35.799857413195326,yes
34.3856318,73.7789078,122.79119625405255,yes
34.388685075,73.80408382499999,101.6476863836241,yes
34.36819045,73.791831875,85.48590958259905,yes
34.379837574999996,73.79507705,22.56728589145545,yes
34.3628868,73.77944495,132.87989796706046,yes
34.3849381,73.791660525,34.470968599678386,yes
34.388155250000004,73.7706536,14.742123426254611,yes
34.393222200000004,73.774140625,208.9732394752922,yes
34.3693902,73.7877367,22.128244346275768,yes
34.392994125,73.77611510000001,108.93075260364448,yes
34.39274043333333,73.77374513333334,59.592332367467336,yes
34.3628896,73.778819025,11.904670297377939,yes
34.367039416666664,73.78371975,84.9089648834811,yes
34.386960425,73.77041455,21.158292771805847,yes
34.38839995,73.789268725,118.62072980345312,yes
34.382234600000004,73.791191775,51.72659196507007,yes
34.373603349999996,73.790238675,95.9542948877091,yes
34.3828756,73.80087689999999,106.47667600939764,yes
34.373155375,73.78725875,122.67371064872489,yes
34.387464349999995,73.780649675,36.589249921577405,yes
34.395288050000005,73.7757348,125.11046058788796,yes
34.366340425,73.790819125,128.06031013753872,yes
34.3824339,73.79466157499999,34.247406681346206,yes
34.386423525,73.77009095,35.395572401718645,yes
34.37275405,73.80072049999998,174.276577526185,yes
34.387685575,73.80406245,78.77629809304841,yes
34.3627848,73.78057859999998,56.940154761009595,yes
34.370364200000004,73.80253243333333,71.11313440165776,yes
34.3954899,73.77724442499999,80.04646447923179,yes
34.37163815,73.7880854,77.21684824343716,yes
34.37388954000001,73.7893322,119.4201453734251,yes
34.38551775,73.794127,152.43520764306436,yes
34.369507049999996,73.7911557,102.6964364097418,yes
34.382586599999996,73.7948026,170.1003912898003,yes
34.3766265,73.7904965,101.49690557921824,yes
34.365476125,73.77266805,75.10683457152587,yes
34.39447712,73.77414582,30.94946901127058,yes
34.361954925,73.777522625,83.08662126597419,yes
34.386233024999996,73.79656795,99.06122808362485,yes
34.37124905,73.7936416,30.095181469332545,yes
34.37811935,73.79009955000001,96.83218105848442,yes
34.3959402,73.80137385,93.48403104124056,yes
34.370836249999996,73.78660392500001,16.47475698542052,yes
34.38693775,73.79568627500001,67.18348902939285,yes
34.370197825,73.80071585,90.85018073803221,yes
34.38571885,73.79138855,36.32609332361042,yes
34.381593300000006,73.802193725,68.33458022829437,yes
34.38929245,73.80743455000001,199.72611196442875,yes
34.36981815,73.78786877499999,29.455238899407085,yes
34.377584675,73.78980965,82.19428042937004,yes
34.379678874999996,73.795375,119.23183289848949,yes
34.371226899999996,73.79739799999999,59.93177159613981,yes
34.385398824999996,73.78106444999999,66.91738524230414,yes
34.370466175000004,73.78779275,27.127218464863113,yes
34.3815698,73.792518675,51.916699369311466,yes
34.386042025,73.79572915,69.12107229102455,yes
34.3750677,73.78924777499999,93.91605103559233,yes
34.377414449999996,73.79594775,110.41938481254405,yes
34.362921225,73.787753575,131.68001743048416,yes
34.368413649999994,73.7884668,25.060129280243245,yes
34.3847525,73.798208325,118.94757415828346,yes
34.371297575,73.78885707500001,55.76660674486079,yes
34.39408985,73.77496860000001,91.27945591622077,yes
34.37311905,73.801524,8.272387688525816,yes
34.3819098,73.791460975,122.0061358961074,yes
34.3737148,73.790126275,112.66016900179437,yes
34.385094575,73.797443575,127.65802599102588,yes
34.371722524999996,73.7865192,81.11126651048608,yes
34.37108165,73.79803534999999,54.69001783278526,yes
34.372982916666665,73.78914485,75.61383866477635,yes
34.39418785,73.775175825,92.18427726205991,yes
34.3928828,73.77481695,118.47107828686472,yes
34.390806874999996,73.80040405,43.653034098907966,yes
34.398058000000006,73.77638705000001,136.4036520280991,yes
34.387906224999995,73.78748225,124.96930977098704,yes
34.392815437500005,73.7757036625,77.00234496318068,yes
34.369858550000004,73.77501355,96.74314487710873,yes
34.385652575,73.79622085,124.22953565657403,yes
34.395448075,73.77642165,100.26309970138448,yes
34.371835825000005,73.787094525,126.38771201625005,yes
34.377418899999995,73.78960057500001,67.32251288301462,yes
34.381541350000006,73.802051,88.25543927638779,yes
34.38681235,73.7957175,104.99337261924865,yes
34.370841075,73.799743925,86.42645208898622,yes
34.38153245,73.7922789,17.435780269870385,yes
34.37072085,73.7874972,22.863203240942386,yes
34.3930136,73.80003075,141.2638345032543,yes
34.37184070000001,73.79698955,123.81644893836771,yes
34.392406075,73.77395005,106.7876305217375,yes
34.36624525,73.77192000000001,47.42081700811109,yes
34.3954838,73.79601604999999,75.45522562059108,yes
34.3633559,73.78090300000001,36.39029593420868,yes
34.38518500000001,73.79175795,48.95780631295661,yes
34.3736979,73.788819475,109.07617851283668,yes
34.367268675,73.784133225,53.980333963194624,yes
34.36836625,73.7742436,111.01631204245459,yes
34.378838,73.795723125,40.788168634696596,yes
34.36930835,73.79483305,120.70448487602255,yes
34.385125875,73.791111675,77.90730197947369,yes
34.3857049,73.7793683,22.535552583925526,yes
34.392898450000004,73.776115225,93.09120072673845,yes
34.384188475,73.798667175,99.89837853970187,yes
34.386093149999994,73.79084805,88.65572777906945,yes
34.38451718333333,73.80040643333332,89.24411945578518,yes
34.395512375,73.801135475,97.82859561041855,yes
34.3628987,73.779165575,72.9773622290611,yes
34.39423415,73.77372319999999,147.46419476952852,yes
34.37036555,73.80076785,110.12618363643242,yes
34.3729302,73.8012911,23.629935823105818,yes
34.3627049,73.778751775,33.10121704024777,yes
34.36525185,73.789976725,128.85055779988477,yes
34.385304725,73.778619225,68.9370946231403,yes
34.3689778,73.7918766,11.876657936181216,yes
34.3816408,73.7957754,87.46777225344158,yes
34.370206575,73.78620605,125.75869747319197,yes
34.386817566666664,73.77042866666666,90.14386933117447,yes
34.38183885,73.79215612499999,87.22179716871307,yes
34.38457625,73.79782705000001,112.24541336156906,yes
34.364337175,73.77173945,117.41586846079753,yes
34.375238775,73.791874675,45.67766050074147,yes
34.36849615,73.791391075,101.49741922956707,yes
34.389500225,73.80427285,108.05919584261821,yes
34.371073800000005,73.802307275,84.77363310266598,yes
34.386705500000005,73.803184125,48.85355462422939,yes
34.371593025,73.788948275,122.21313051018987,yes
34.385935125,73.7958222,28.428741396659348,yes
34.380433,73.801259225,35.02692079238608,yes
34.371554124999996,73.79302085,91.74587140344165,yes
34.389406875,73.8034211,90.6828754208331,yes
34.38897255,73.78906135000001,100.05439298283471,yes
34.38732147499999,73.7887584,99.7820953126822,yes
34.370719825,73.80168725,40.01246867843557,yes
34.37162275,73.80057215,90.68468487520789,yes
34.38700597500001,73.795914125,87.69562532602124,yes
34.38514954,73.7985287,107.2118760841123,yes
34.3873172,73.78959615,25.548222391317132,yes
34.386866575,73.79114477499999,122.65531009645531,yes
34.366347649999994,73.7906749,100.93026713901645,yes
34.385403000000004,73.794018925,90.38283409882428,yes
34.365630575,73.790200025,141.8666275091589,yes
34.386843,73.7958978,57.34725088952296,yes
34.38736015,73.79676024999999,11.647941092691303,yes
34.3716856,73.78711149999998,102.09440024255878,yes
34.386957325,73.788467075,16.9954885915955,yes
34.39274975000001,73.774306975,113.23744808207074,yes
34.367272,73.79162975,26.069943977132958,yes
34.388702450000004,73.78817442500001,12.14277062572465,yes
34.37105595,73.78793507500001,112.2764457460309,yes
34.38853788888889,73.79603089999999,107.23467803412686,yes
34.3852881,73.79403325,17.86304687864039,yes
34.382594399999995,73.8021574,36.25010175825565,yes
34.368259387500004,73.77013675,308.7090045846672,yes
34.3726525875,73.78705666249999,260.2820350458577,yes
34.39352945,73.775915725,93.2933811602106,yes
34.365678224999996,73.7889263,127.74656395767067,yes
34.394686199999995,73.77330301666667,115.93046681802164,yes
34.38618935,73.77894315,103.09871978230714,yes
34.371434875000006,73.80159745,42.647281554706865,yes
34.38412905,73.79976375,105.16030654011239,yes
34.38585005,73.77935215,14.328564699120907,yes
34.366311624999994,73.7918167,130.67566578127264,yes
34.392789925,73.77322115000001,41.99025886170669,yes
34.38607105,73.77905785,123.71643454892131,yes
34.3945253,73.77284965000001,51.833369981366126,yes
34.366270750000005,73.79091844999999,44.15291168562372,yes
34.368301675,73.7905688,164.83879381597495,yes
34.387204600000004,73.78034257499999,59.257617636015766,yes
34.3948615,73.79974915,36.345898107663096,yes
34.36527185,73.77136374999999,110.42834949681333,yes
34.3870175,73.79620862499999,81.93069754998348,yes
34.38083535,73.79235385,19.0815768575927,yes
34.3951458,73.79841335,73.01507311300756,yes
34.39564085,73.7770489,105.8439023179292,yes
34.3881922,73.78702645,115.49994858961259,yes
34.36849515,73.79278705,133.7479905522281,yes
34.385653975000004,73.77926395,83.79793837150228,yes
34.371351825,73.79289955,95.11420758343138,yes
34.38846605,73.771852125,89.87588775981118,yes
34.38633694,73.7702739,217.18554429662237,yes
34.3644525,73.771098475,21.23394387790993,yes
34.362696299999996,73.787726225,114.08262125906663,yes
34.374477,73.78907674999999,34.64376119351401,yes
34.38699905,73.79608101666666,83.18320424735991,yes
34.364021099999995,73.78925372500001,120.216072635106,yes
34.3855816,73.79804055,39.53584328233458,yes
34.36268662,73.77954173999998,27.25461440466899,yes
34.38522023750001,73.797370425,200.4639187091352,yes
34.394718575,73.77392367499999,13.540984914898191,yes
34.36855715,73.790520375,120.9512723551808,yes
34.37138545,73.78897115000001,108.65045772787136,yes
34.3637353,73.77150395000001,107.13809353550906,yes
34.382834149999994,73.80111675,200.05815202548416,yes
34.385193675,73.79463695,198.06262154019885,yes
34.369315225,73.78753885,126.29318280765507,yes
34.372354775,73.798297275,91.77581467226474,yes
34.38555855,73.780329675,70.41602109223311,yes
34.364961066666666,73.78882503333334,153.01406724271757,yes
34.3798236125,73.795171875,156.7056760508895,yes
34.384825375000005,73.79990105,130.51081742316768,yes
34.389194825,73.80727015,104.00040889844921,yes
34.386245640000006,73.77036642,62.48841970040972,yes
34.39193005,73.801395175,66.65300915827231,yes
34.371760650000006,73.788103375,76.61680909689512,yes
34.39485472,73.77357348,123.164092134638,yes
34.37234685,73.79870167499999,25.469259151957345,yes
34.38484163333334,73.79116698333333,89.2445899255306,yes
34.3766153,73.7909281,183.2638028428799,yes
34.3815525,73.79551595,59.216821415538035,yes
34.385592675,73.778717575,113.84409994567076,yes
34.3788132,73.79077509999999,83.09051568543453,yes
34.367919325,73.78401385000001,105.48923665739079,yes
34.368368825000005,73.788410275,41.869473213838404,yes
34.394621775,73.773993725,78.88138760030479,yes
34.372064575,73.8006485,75.47082263533584,yes
34.395801725,73.8013474,132.69668016959093,yes
34.3850332,73.7980182,98.05129678806901,yes
34.36274934,73.7795864,94.7645512796812,yes
34.394236025000005,73.80486752499999,75.71784555730088,yes
34.3829614625,73.80143588749999,190.28679181488258,yes
34.36317455,73.779437925,130.89239382268687,yes
34.395482650000005,73.79849895000001,48.095382851460144,yes
34.3790883,73.79182222499999,82.75655435749613,yes
34.3644699,73.78960922000002,92.97353988341021,yes
34.3728634,73.79857985000001,30.516182250415994,yes
34.365257125,73.7889533,138.9224073761165,yes
34.373186025,73.799269025,62.40106255491561,yes
34.3847299,73.7938451,102.08788689538733,yes
34.387262525000004,73.78050495,79.53573761915428,yes
34.379553625,73.795492975,99.6306832111542,yes
34.37202635,73.796289175,179.1164196954413,yes
34.370902475,73.79348850000001,66.39455662828809,yes
34.384500625,73.7936749,99.60801187893142,yes
34.394922574999995,73.77525155000001,54.112029415370955,yes
34.389902125,73.772380275,21.475175518637446,yes
34.38044475,73.795770125,17.64198200571716,yes
34.370832074999996,73.80013925,20.23999101598226,yes
34.387328275,73.7890726,13.472541362924439,yes
34.371138975,73.788703525,100.78942503692741,yes
34.386053950000004,73.80196674999999,87.41142945787246,yes
34.3719275,73.78702104999999,45.619407439908116,yes
34.3936966,73.77590297999998,141.53443219976072,yes
34.374699324999995,73.79172515,17.984756115373514,yes
34.38850425,73.80385005,84.06501611834602,yes
34.394021599999995,73.775113775,100.30067112889972,yes
34.38558595,73.79118632500001,23.82508295851921,yes
34.37069675,73.79943455,85.08773358379867,yes
34.3630254,73.78758057499999,77.41922034179277,yes
34.3953297,73.80298115,48.46490536916049,yes
34.369191825,73.794938625,102.88338382300778,yes
34.39545094,73.77682831999999,111.62296501781918,yes
34.38453155,73.79385095,83.6306468239564,yes
34.3661287,73.77659324999999,103.2673233129789,yes
34.38661885,73.78148060000001,90.58569597003282,yes
34.3908136,73.8044761,55.98159968345972,yes
34.3715046,73.80101385,65.12023367372683,yes
34.385381474999996,73.790792,132.43657552723448,yes
34.387467324999996,73.78054475,77.53504161877194,yes
34.3822598,73.8019544,42.34192071234659,yes
34.372052100000005,73.79608165,267.1351907071454,yes
34.37778705,73.790746075,95.78724723571378,yes
34.3892551,73.7718989,131.57194232052046,yes
34.3955056,73.77609625,116.22209358828806,yes
34.369254,73.787673225,125.05608479138641,yes
34.384988925,73.7936386,89.40983683622562,yes
34.3682392,73.79233725,56.94093873105754,yes
34.386557599999996,73.77700515000001,10.781050543248508,yes
34.394207574999996,73.80005295000001,73.2985572727623,yes
34.3855827,73.7910935,95.421351968941,yes
34.3867639,73.78034352499999,23.516445909889264,yes
34.366525075,73.79074445,113.51112465659298,yes
34.376592075,73.7906253,71.93311271330573,yes
34.366170075,73.79069235,142.2237444003444,yes
34.362746200000004,73.7879003,115.73795018111784,yes
34.38689875,73.789962,32.468523949455104,yes
34.38031637499999,73.802069875,113.76795514711364,yes
34.36537785,73.79018315,143.81373648495827,yes
34.3922473,73.773497825,91.7921221721322,yes
34.363478875,73.7713736,91.88204019178153,yes
34.36728135,73.769384325,73.53186305901107,yes
34.369558766666664,73.78829094999999,105.91647502889644,yes
34.3665947,73.76991579999999,105.1436433318982,yes
34.37307825,73.7876168,85.87214086016888,yes
34.387423000000005,73.78140585,112.125174636564,yes
34.37203375,73.80089345,123.58888941404427,yes
34.3843027,73.79879355,47.14202765213052,yes
34.371919625,73.788528975,101.54582931031356,yes
34.38249055,73.79492297499999,113.49122464028147,yes
34.36292915,73.7879029,126.04790177455547,yes
34.3880105,73.79103115,38.30446628517478,yes
34.38091925,73.79246085,124.17497554394276,yes
34.3715405,73.79944943333334,101.2136420248251,yes
34.3950594,73.8058149,53.21671459905268,yes
34.36966545,73.788043225,118.90710632841764,yes
34.39197412,73.77358410000001,38.02105073902511,yes
34.369114675,73.7871911,37.09699254754925,yes
34.385869160000006,73.77826250000001,39.54744175555926,yes
34.372613449999996,73.78672145,33.39244046312908,yes
34.36480795,73.78002910000001,142.49810489734062,yes
34.396506849999994,73.7755337,114.38804343874071,yes
34.38835075,73.771453575,91.39586028388266,yes
34.3818443,73.7924029,46.30829992445191,yes
34.39675522,73.77557886,91.88098923624035,yes
34.37064313333333,73.8009799,116.24747469609116,yes
34.366175750000004,73.79026615,41.1432817597958,yes
34.370635625,73.800757975,42.518077742578654,yes
34.385973400000005,73.795645675,78.97642214453862,yes
34.3657907,73.770141225,138.74250669681487,yes
34.382732950000005,73.79476185000001,143.88225764907327,yes
34.386307775,73.79646285,26.22375748253139,yes
34.393845775,73.8009199,37.498126394203965,yes
34.36306425,73.77999955,118.67310146504263,yes
34.387292025,73.796491675,5.656535232496044,yes
34.3794414,73.79604585,69.69404427028826,yes
34.385944050000006,73.77938252499999,112.43933766144544,yes
34.3650663,73.7709412,110.66509911542417,yes
34.38579405,73.7909680125,124.53763114302856,yes
34.37376092,73.78948,90.25523199376246,yes
34.396558175,73.77536045,96.90119853620007,yes
34.38178595,73.79523585,89.227642563259,yes
34.371241733333335,73.80165356666667,93.95162071300332,yes
34.385496499999995,73.77836825,128.06714500661747,yes
34.3957228,73.7995802,31.46250069923763,yes
34.364913875,73.7896009,40.288922641477825,yes
34.36938815,73.79448860000001,120.67150749421666,yes
34.390234225,73.7723109,32.0936919163444,yes
34.370811425,73.787424875,106.69622784962809,yes
34.386610000000005,73.79619937499999,117.01859361483557,yes
34.365802450000004,73.79011275,89.92368651626259,yes
34.382179125,73.79562155,59.73184145805965,yes
34.36678475,73.79054707499999,111.72042991383941,yes
34.36514555,73.77173337500001,89.80339660241276,yes
34.381953499999995,73.792161025,51.59992754458082,yes
34.365186699999995,73.77150180000001,45.2750457018107,yes
34.3927326,73.77220525999999,19.52712870336638,yes
34.372019075,73.7867732,135.2035734572243,yes
34.38640235,73.8020805,58.93564822502988,yes
34.377396025,73.7858684,61.191521233367496,yes
34.392781825,73.77241745,94.49891820195487,yes
34.388762325,73.7962533,106.59571131095389,yes
34.39767165,73.77611002500001,79.47861069609854,yes
34.364091525,73.779350575,67.63655754899682,yes
34.377476125,73.7899026,64.34094975681862,yes
34.36382225,73.78192770000001,98.50398255081075,yes
34.390003925,73.772452,92.6947092306285,yes
34.3674635,73.77030055,142.65729199671603,yes
34.3947031,73.77304917500001,68.91053139441804,yes
34.365032925,73.788704125,127.70549806894776,yes
34.384886675000004,73.798648825,16.83428025120991,yes
34.368069750000004,73.7900914,106.62450242495106,yes
34.38074055,73.79526800000001,32.40050213880993,yes
34.394789825000004,73.79835565,28.61116705152841,yes
34.3860274,73.78452035,14.099155349622382,yes
34.3939208,73.7998583,103.27774442390883,yes
34.369912575,73.7878364,21.817752379237884,yes
34.395561375,73.80138607500001,82.79210093938487,yes
34.38128811666667,73.79251383333333,61.28332193373603,yes
34.37271105,73.78804037500001,123.29392602094465,yes
34.36762765,73.791986975,20.590624636730553,yes
34.364546525,73.771650675,128.56459001464867,yes
34.382033475,73.79552899999999,151.40358209505132,yes
34.365094850000006,73.78898565,121.16095694801558,yes
34.37247537499999,73.800372375,13.071718034220055,yes
34.38289445,73.794951275,28.37890654570454,yes
34.370713725,73.787418425,92.25788616834937,yes
34.39765815,73.77603255,15.188635689212541,yes
34.392670425,73.77231892500001,65.53928514926548,yes
34.3856235,73.77836995,114.08915188726792,yes
34.388516716666665,73.79616576666666,94.28318701654652,yes
34.366663700000004,73.79103065,132.06007782717208,yes
34.36588570000001,73.7724852,71.65347307197044,yes
34.393410375,73.8031739,44.09799746751345,yes
34.387574112500005,73.77009899999999,155.7111246063056,yes
34.38542495,73.7912532,94.4179914379161,yes
34.369373025,73.794665225,101.70598238154219,yes
34.394108499999994,73.800004575,97.56042600113543,yes
34.3709974,73.800038325,14.617983403380133,yes
34.384770375,73.80001645,91.49435863233046,yes
34.3891424,73.7718658,228.57725362597265,yes
34.369992725,73.7878179,141.05182145784954,yes
34.37996615,73.7954727,114.5921836141492,yes
34.3771832,73.79040795,64.37576896670181,yes
34.3819022375,73.7951281375,256.3472263468791,yes
34.386992750000005,73.78080885,75.1911589522747,yes
34.368756175,73.79231060000001,109.10700522853298,yes
34.36543125,73.789102175,133.07942558127402,yes
34.387029975000004,73.78011414999999,44.5456732427255,yes
34.368847650000006,73.78874325000001,27.670843438962784,yes
34.3923408,73.773729625,14.092990603086763,yes
34.38524415,73.7991349,120.90569674172806,yes
34.3841287,73.79917935,49.314336817365216,yes
34.383114899999995,73.7955705,133.6734218402777,yes
34.372880116666664,73.80118271666666,62.52155983334441,yes
34.3648975,73.78861905,118.69234648178127,yes
34.371256675000005,73.79268135,35.61731928086405,yes
34.3673891,73.77223152500001,15.269855529992466,yes
34.38949604999999,73.80348989999999,134.2579823376219,yes
34.37438657,73.78967767,162.0647052297156,yes
34.36625465,73.7919674,87.62029653061956,yes
34.39772275,73.77598155,20.135498846865563,yes
34.3703093,73.78707924999999,106.34875414370543,yes
34.3886593,73.79618275,47.419044913097885,yes
34.3707246,73.80256695,91.634059557835,yes
34.3926484,73.773747375,25.717697741381464,yes
34.38904425,73.78935425,96.81536405067982,yes
34.395538275,73.77563115,48.41667965061866,yes
34.368833475,73.788675225,28.138834478189413,yes
34.38688335,73.79289015,42.34794951670868,yes
34.38397392,73.79957712000001,89.86035336225015,yes
34.38070505,73.795862875,49.77202802094443,yes
34.388560999999996,73.7719223,99.9843794932284,yes
34.379670225,73.79522155000001,36.253459575125575,yes
34.38558723333333,73.78020666666667,115.23140857570844,yes
34.388453125,73.80163385,63.80882608229533,yes
34.388807850000006,73.80427660000001,96.85012478814079,yes
34.374334,73.79199845000001,12.63730231979833,yes
34.392051975,73.77358285,90.28173749649622,yes
34.385177549999995,73.7962773,109.94926345561791,yes
34.368658075,73.79287697500001,134.85980634444638,yes
34.367886174999995,73.79148985,160.38937864966894,yes
34.392901800000004,73.77399912499999,95.174670812389,yes
34.38131455,73.79621995,50.87041011253406,yes
34.387996675000004,73.7912257,31.510402142041645,yes
34.39246726666667,73.77318576666666,104.6838660900748,yes
34.3663951125,73.7914493375,197.45618849801815,yes
34.370540475,73.80067410000001,125.57270982311768,yes
34.36983815,73.77315812500001,65.39151998484965,yes
34.384500700000004,73.79396325,15.057658627403814,yes
34.37221265,73.800637075,64.08256197064841,yes
34.38866835,73.77198619999999,104.32170386875353,yes
34.37694174999999,73.79008048333334,119.48952323096344,yes
34.382329075,73.794643875,115.54482312594098,yes
34.381671575,73.79241880000001,46.33962037766245,yes
34.38967485,73.771195975,27.751353294421836,yes
34.385920725,73.78153840000002,90.91868396569441,yes
34.3951464,73.798530075,81.777762800444,yes
34.37016185,73.7992699,27.797571442503756,yes
34.38413535,73.79961775,89.79533418540596,yes
34.386145549999995,73.7909882,67.25947891686512,yes
34.39288745,73.79967255000001,102.23373692715066,yes
34.3681229875,73.7921329875,255.42877498362304,yes
34.3666712,73.790176625,125.51757947779777,yes
34.39067372,73.77209838000002,411.5042477461174,yes
34.3706019,73.80164095,42.14829598406125,yes
34.364864999999995,73.78955429999999,39.46234029588195,yes
34.389337075,73.8012777,61.71652917445321,yes
34.385791325,73.79641125,90.73429020577953,yes
34.36496498,73.78953738,22.964540238404794,yes
34.371075925,73.793449425,96.01260607320154,yes
34.3690879,73.787541825,123.12948601570659,yes
34.38573685,73.7952675,12.040398224126779,yes
34.388818,73.7705632,27.750259893249847,yes
34.3712965,73.787779325,116.83088316504924,yes
34.38164135,73.792068,66.75717169674417,yes
34.3736125,73.789232225,128.7006943007512,yes
34.367644850000005,73.7701762,97.4262327715974,yes
34.3829253,73.79477725000001,15.794879875632876,yes
34.393436775000005,73.775775925,117.4575143537682,yes
34.38992211666666,73.7719446,85.31654736483596,yes
34.36851555,73.79173184999999,86.2590263568607,yes
34.387025825,73.78945285,108.07524632832565,yes
34.371335200000004,73.78763415,36.326209716793855,yes
34.381153475000005,73.79257445,89.39153407119237,yes
34.362958925,73.7807608,79.02537700641531,yes
34.38477965,73.79799925,69.98898205378745,yes
34.3687273,73.787956925,93.52901194939491,yes
34.363599199999996,73.7706095,44.99767636661845,yes
34.38710175,73.78951947499999,67.40242787786278,yes
34.372295925,73.792456675,18.29709709639196,yes
34.362991400000006,73.7798885,65.42324774994643,yes
34.366950375,73.770182825,112.00240541264994,yes
34.3935348,73.7761259,12.203541376652472,yes
34.385889225,73.77955994999999,29.457647957560322,yes
34.372622925,73.786896375,45.12779537443093,yes
34.361810250000005,73.777545975,77.64504225737787,yes
34.394768475,73.77413343333335,249.60643996210553,yes
34.374009674999996,73.78937149999999,127.75814811047624,yes
34.38546004285714,73.77916345714286,62.28824705239172,yes
34.36713671666667,73.79067174999999,320.21774570518164,yes
34.39464855,73.80433612499999,45.73124706461735,yes
34.381522425,73.7956323,37.073537862627475,yes
34.371487375,73.80019845000001,137.0771852554811,yes
34.388633425,73.789291375,91.75159841168629,yes
34.372590816666666,73.80091900000001,94.64840726003199,yes
34.384663474999996,73.79799034999999,32.09822547847833,yes
34.3821826,73.79555789999999,45.71463885654188,yes
34.365953775,73.7693512,111.56655776962418,yes
34.392865375,73.798898,35.4038167628504,yes
34.370224,73.78756796666666,35.45380511074511,yes
34.3865363,73.7769709,12.3710849307747,yes
34.3850653,73.7991894,68.45817189561251,yes
34.392772125,73.7740477,55.839082110542535,yes
34.38852145,73.805625175,51.79510099374066,yes
34.373642275,73.7894342,112.90463008832563,yes
34.387086325,73.78093255,174.63617172753027,yes
34.396993075,73.776164125,36.288400345591555,yes
34.3695476,73.791278475,103.83799630381819,yes
34.367670525,73.772346525,130.92415288974468,yes
34.38568395,73.79214385,103.34157878832812,yes
34.3661305,73.77586289999999,102.63040840921222,yes
34.39267865,73.77226730000001,12.634431852561235,yes
34.373078774999996,73.78714595,27.23587495212883,yes
34.3966068,73.776021575,34.107957370904955,yes
34.363205549999996,73.7809685,105.35774143364642,yes
34.38672885,73.788534975,95.3691806888092,yes
34.38847634,73.78679351999999,136.6458343520226,yes
34.372112099999995,73.78659885,86.38146167935201,yes
34.3713245,73.801634575,45.17049044877092,yes
34.39387325,73.77267040000001,85.33445609094414,yes
34.38534145,73.77848605,101.08166119445889,yes
34.38800995,73.789435725,115.37597302904871,yes
34.394733325,73.773613,83.6486147043354,yes
34.389891,73.80493065,51.69716997346974,yes
34.382506400000004,73.795339375,92.08423281849583,yes
34.369653150000005,73.788339,35.24044166949267,yes
34.3849745,73.797672375,84.76466512028583,yes
34.3846238,73.793715525,28.603978833157473,yes
34.368446750000004,73.7929252,108.78439356568646,yes
34.3772331,73.78567025000001,45.385890147218404,yes
34.38501125,73.798723875,67.7262963896411,yes
34.386384199999995,73.790200625,93.04502913022031,yes
34.3854767,73.7800867,111.98952036895466,yes
34.38549715,73.7776607,16.965275779261905,yes
34.36550665,73.7899613,149.0157136516841,yes
34.38272615,73.801788275,106.19069222800405,yes
34.368422949999996,73.790827125,119.78391835559611,yes
34.394206350000005,73.77643805,112.22270691899095,yes
34.394528699999995,73.7749467,360.839976212671,yes
34.3707887,73.79822095,17.407094246973013,yes
34.39089475,73.80026925000001,18.13345706918888,yes
34.394779650000004,73.79847435,51.65538070946674,yes
34.387919000000004,73.78954622500001,43.948246694701204,yes
34.369653475,73.77362539999999,120.44068089607396,yes
34.3870294,73.78857500000001,93.77407138060704,yes
34.38655583333333,73.8031009,91.31557860775666,yes
34.38755570000001,73.80686015,93.52584278233448,yes
34.3896874,73.80685985000001,90.64349309549283,yes
34.3818842,73.79576192500001,37.16664405549266,yes
34.3884328,73.78914772499999,81.19293317603048,yes
34.368630825000004,73.791882125,101.77459898988828,yes
34.371868,73.80085294999999,109.19061689735919,yes
34.3676509,73.7762515,21.512469639066815,yes
34.3913181,73.7983845,36.81708307443242,yes
34.36918665,73.7944785,90.69548665188466,yes
34.385833125000005,73.7792912,28.270822517148765,yes
34.387395625,73.78907112499999,81.1996530677881,yes
34.369375675,73.78734779999999,110.77626258547986,yes
34.365443799999994,73.79008677499999,122.5675811286801,yes
34.38255595,73.79447522500001,35.362411421542134,yes
34.36765445,73.790096075,216.18442007196057,yes
34.3863517,73.77720132500001,29.646711963594193,yes
34.385946600000004,73.7780906,20.670250844239284,yes
34.376651525,73.78958155,166.34773077709372,yes
34.3798874,73.795559075,157.38420297849842,yes
34.371618274999996,73.8000814,126.78778765357282,yes
34.38890310000001,73.791243525,48.62249297083709,yes
34.39665625,73.775581,58.15049629460323,yes
34.36642725,73.7715555,165.18856997630968,yes
34.368357275,73.792749375,183.17914914534066,yes
34.3684688,73.791543975,138.54232396299855,yes
34.370623439999996,73.80174353999999,107.22271743751094,yes
34.38560435,73.79223095,50.535059835885875,yes
34.368177124999995,73.7904556,139.4559252159459,yes
34.3706792,73.799064775,284.1189707987624,yes
34.37676149999999,73.78959065000001,32.21049716530389,yes
34.380575425,73.7957295,78.98998339330363,yes
34.39658685,73.775773125,25.525039445170492,yes
34.3731498,73.79858885,23.551089261617754,yes
34.387136825,73.789734575,72.81666190538617,yes
34.388111099999996,73.78950735,79.42345887083611,yes
34.371871625,73.7888279,119.1486496922613,yes
34.371454150000005,73.7893004,23.466146243893895,yes
34.38722435,73.79359908333333,110.92086107562753,yes
34.370981775,73.799775475,47.99990199968698,yes
34.38708956666667,73.79653698333333,244.037276461848,yes
34.37336425,73.7894136,206.8190879223709,yes
34.3947283,73.798717375,94.65654477579056,yes
34.3729962,73.8011652,58.848541963105646,yes
34.37352035,73.78837545,118.8410665048541,yes
34.387375425,73.78057305,69.48648212495482,yes
34.372525825,73.79972882499999,144.81470331864472,yes
34.393494675,73.77605245,88.91729379897028,yes
34.381411375,73.79228515000001,75.35102098669428,yes
34.37171675,73.79674349999999,36.20408929697933,yes
34.372126550000004,73.800199575,89.96664982763122,yes
34.368920975,73.790824125,28.449519947207456,yes
34.3945695,73.776712775,25.203097914252474,yes
34.367281825,73.771927225,71.75638002445504,yes
34.387225,73.780234075,111.3885397356894,yes
34.378795350000004,73.7916226,126.00953975101606,yes
34.365607725000004,73.79086087499999,100.14747695051531,yes
34.386466774999995,73.79111002500001,87.88434522105614,yes
34.38602735,73.7994559,51.702004832043855,yes
34.3838868,73.79921114999999,40.11194244211653,yes
34.39413785,73.7743256,67.06828653792198,yes
34.388369275,73.78697107500001,147.00971109569826,yes
34.367193650000004,73.790321225,23.84246072728679,yes
34.369532475,73.77315222499999,132.3450405857933,yes
34.389661525,73.801042475,80.23054436718323,yes
34.386510099999995,73.7925554,131.4548332985176,yes
34.397492375,73.7758807,63.16740369849953,yes
34.386381449999995,73.80329465,16.208700106777563,yes
34.384731450000004,73.800711725,101.40121694624395,yes
34.371003224999995,73.80169885,86.27779445195779,yes
34.385401825,73.77895765,45.891498224831714,yes
34.385617550000006,73.7952809,85.39103402523992,yes
34.384132199999996,73.7993398,87.46027185080204,yes
34.388311400000006,73.78831397500001,95.17254370376563,yes
34.395112999999995,73.77416028333333,99.89722834167466,yes
34.362083775,73.777984925,161.65891001483266,yes
34.38599045,73.78165855,85.24321027029134,yes
34.388455449999995,73.78900625,112.3875496272804,yes
34.3908029,73.801658325,134.49902645561332,yes
34.395492325,73.7762128,95.54921897323467,yes
34.387181475,73.789591175,106.73419673414313,yes
34.378307324999994,73.7915635,74.51749340411357,yes
34.3619418,73.77775845000001,295.12450151318984,yes
34.36718045,73.79169925,194.83058216069594,yes
34.39296695,73.77596525,55.2839173224599,yes
34.370859849999995,73.802966125,82.19240927324239,yes
34.3708893,73.79964563333333,27.64491036439273,yes
34.393530025000004,73.77522234999999,105.90722728488694,yes
34.374637899999996,73.789784425,83.30202536550581,yes
34.3928874,73.77303925,112.82644386697811,yes
34.39689115,73.804048275,68.65586412481625,yes
34.371753625000004,73.7870136,113.17527248513653,yes
34.394136275,73.77390672499999,28.75616683105966,yes
34.366294599999996,73.79214272499999,68.65467435834259,yes
34.396299025,73.77485972500001,37.30756795443517,yes
34.3955443,73.77668627999999,128.39279317427935,yes
34.3900798,73.79682505,37.43328869345979,yes
34.37292545,73.78903120000001,17.20866762867135,yes
34.39690865,73.80118905,38.50923687067852,yes
34.38770355,73.789660075,69.47661850451628,yes
34.393691800000006,73.77413195,35.9086057308717,yes
34.37189013333333,73.7882142,229.62591005858744,yes
34.3852784,73.7798724,18.922099606474575,yes
34.3858738,73.7959465,30.35420241425205,yes
34.38737835,73.8068478,63.56685235059183,yes
34.3680516,73.7907254,133.82238513109982,yes
34.372434049999995,73.787171575,28.54798211245749,yes
34.38755475,73.78883415,36.87608197751531,yes
34.385630662500006,73.7785488375,208.55720602866833,yes
34.384586500000005,73.80084105,88.06049897568741,yes
34.3743211,73.78910520000001,100.56368589975402,yes
34.36939325,73.79125057499999,16.225715062968845,yes
34.385519474999995,73.7784832,20.658928088951747,yes
34.38697055,73.780991825,37.017505792041035,yes
34.36756515,73.7719695,107.71524122633724,yes
34.38641555,73.777025025,56.98954881486789,yes
34.397417250000004,73.80091905,29.331724726884186,yes
34.3703714,73.78601605,89.05753200276743,yes
34.368903425,73.78809952499999,45.09887564810958,yes
34.38734325,73.79334225,106.24774118407592,yes
34.363928200000004,73.781691325,92.64692426102704,yes
34.390415725,73.79781137500001,53.48545934251862,yes
34.384820024999996,73.7939335,132.535828639407,yes
34.39377865,73.800446025,71.72811797562326,yes
34.38520575,73.7984418,90.42998447682189,yes
34.386036875,73.7909774,21.05296899796408,yes
34.3959192,73.80115735,63.644026979524554,yes
34.372848850000004,73.798452825,159.0236953109171,yes
34.386172825,73.79166165,48.39771020503521,yes
34.368940325000004,73.7882635,173.37966794818897,yes
34.37318185,73.7893779,141.9506373249459,yes
34.3686906,73.79026255,364.36783146210246,yes
34.38084455,73.80135365000001,95.30185088462474,yes
34.37380988333334,73.79007460000001,149.2303571061871,yes
34.381676549999995,73.801738775,30.561288128685156,yes
34.37656505,73.79070180000001,14.59517339891445,yes
34.364880775,73.77033077499999,67.3003893767972,yes
34.384797925,73.80159715,18.96582961391898,yes
34.394191125,73.77406575,143.75002979914848,yes
34.37071726666667,73.80155093333333,93.05019073925858,yes
34.395359850000006,73.7768806,23.511582474489963,yes
34.381484150000006,73.7957853,69.41407439918751,yes
34.3712327,73.788118875,147.89670202496612,yes
34.3925082,73.801864725,74.51567024587898,yes
34.381761,73.80159465,75.54198431923197,yes
34.383810925000006,73.7994285,98.96863582053794,yes
34.36960405,73.774165475,104.29590680641701,yes
34.3753985125,73.7917950875,211.22353780888432,yes
34.3708519,73.79811434999999,96.21488152382435,yes
34.397837100000004,73.7759936,74.6160090813143,yes
34.390505919999995,73.77228674,69.84451389106874,yes
34.367612449999996,73.76896515,101.15337611458222,yes
34.385753900000005,73.77879569999999,29.316935181184483,yes
34.36855845,73.79040025,29.600451377468858,yes
34.373519800000004,73.789335675,191.2856506869268,yes
34.390042875000006,73.8036839,91.6592451134951,yes
34.3863021,73.776922,19.96753915287801,yes
34.36530625,73.77201805,141.66790026203063,yes
34.393973675,73.77496239999999,134.88734851771164,yes
34.386379149999996,73.7950518,17.62302834064817,yes
34.38478815,73.791037225,47.83964616331591,yes
34.38296329999999,73.79511218333333,140.54732633736802,yes
34.382673662500004,73.7948413,29.801892182031366,yes
34.372708249999995,73.7979206,209.82096818856218,yes
34.38817315,73.789682375,92.73627477167878,yes
34.3850886375,73.780624225,262.09410148208406,yes
34.364394125000004,73.77151205000001,79.4019127441259,yes
34.3821231,73.7948093,43.51873445190998,yes
34.371227000000005,73.79254862500001,34.291076754099606,yes
34.38778955,73.78985780000001,82.39562867820649,yes
34.387906175,73.8042081,11.107693798984485,yes
34.388787325,73.77202612500001,75.46075233139551,yes
34.367893550000005,73.77094670000001,96.93565206344624,yes
34.3868431,73.7935118,82.15279635782144,yes
34.373353675000004,73.78888782499999,129.90673861559782,yes
34.38589995,73.7992835,110.10269687403238,yes
34.370137150000005,73.788318575,34.32831416591147,yes
34.3817429,73.79590250000001,124.19181560466834,yes
34.3688648,73.78748575,140.02752907044066,yes
34.36954985,73.790753125,18.129966234711347,yes
34.3823148,73.7944251,60.64220945340738,yes
34.376518250000004,73.790817875,30.851253578690933,yes
34.38825745,73.787611625,94.8968576253293,yes
34.396681071428574,73.77548437142856,99.8503640832406,yes
34.392326249999996,73.7734351375,128.1470949552551,yes
34.37072858333334,73.79967094999999,97.10290653802392,yes
34.3861098,73.79526235,79.29944407640363,yes
34.384776450000004,73.79963635,112.30973530477247,yes
34.385634599999996,73.79056087500001,135.621782689251,yes
34.395511674999995,73.77555005,52.288659417724105,yes
34.3642863,73.789349525,151.75461226738747,yes
34.392933,73.77239008333333,384.2903016720082,yes
34.37084045,73.79789389999999,43.28721654686457,yes
34.377593950000005,73.78995685,10.1609413693229,yes
34.39193515,73.80318980000001,58.57230241690435,yes
34.373056825,73.80094465,30.8219127738926,yes
34.3646334,73.7704176,79.667917294743,yes
34.38832145,73.78981805,79.26020877573049,yes
34.39787085,73.7762697,109.22435157741245,yes
34.38613495,73.78035735,85.79446995405813,yes
34.3673587,73.7716095,114.08494836391628,yes
34.38571796666667,73.7953178,76.54603266771142,yes
34.39362475,73.7728316,35.770591074539844,yes
34.372533600000004,73.79802935000001,20.65580453238004,yes
34.37068335,73.8022925,24.846766426068385,yes
34.381249749999995,73.79562303333333,132.52750016945487,yes
34.372843225,73.789336025,99.21540131050739,yes
34.382487475,73.8018258,75.90388142855822,yes
34.378185875,73.79157000000001,146.34240055813746,yes
34.3708014,73.80306470000001,122.62393610044688,yes
34.397262850000004,73.800774625,6.521273447632164,yes
34.394151625,73.774432975,100.42172341073748,yes
34.3666278,73.771322825,105.3084295861415,yes
34.3630917,73.7875468,45.30026502553646,yes
34.38242765,73.7945476,81.78671899067774,yes
34.3942926,73.7765339,58.17937978219243,yes
34.385797499999995,73.780073125,12.789240505661848,yes
34.368679900000004,73.79267675,124.64840339262258,yes
34.38438153333333,73.79358309999999,44.217343601837044,yes
34.38590705,73.7780172,53.00845966351977,yes
34.39250585,73.77382987499999,147.80398657443698,yes
34.38925645,73.79535425,35.74215407376275,yes
34.38119205,73.79227985,78.47255487999732,yes
34.36318597500001,73.7874036,72.66479390968884,yes
34.387181299999995,73.7938114,135.6933549445918,yes
34.372404200000005,73.7997938,125.24293655057278,yes
34.371978999999996,73.796427825,156.3378046477608,yes
34.386822225,73.7926272,95.16015571549909,yes
34.372557387499995,73.80111515,125.00145342933924,yes
34.394103900000005,73.77411602499998,81.600948232571,yes
34.3866748,73.790177925,93.69498240918875,yes
34.37089663333333,73.80170045,119.86457706094357,yes
34.3923095,73.77404125,40.737937642026324,yes
34.367006450000005,73.78382635,52.080858366954565,yes
34.3930835,73.775371175,116.0381330232794,yes
34.389817275,73.77187095,44.36838846144681,yes
34.36769325,73.78380505000001,130.61350003068014,yes
34.385980875,73.8028699,126.40207896804107,yes
34.3711931,73.79827750000001,112.61462526178067,yes
34.39047495,73.772401175,101.44109290963304,yes
34.385820624999994,73.79630060000001,83.73200861203367,yes
34.3871927,73.80654765,74.30214814120012,yes
34.396249075,73.775020825,130.61763059813066,yes
34.37802895,73.79009325000001,88.34710528701972,yes
34.3932181,73.77461129999999,19.53063743577419,yes
34.3707394875,73.78816003749999,117.08613552916711,yes
34.38677285,73.781242425,78.80623721133412,yes
34.3883038,73.7871981,140.39510553751137,yes
34.3649118,73.78006462500001,69.09977995591981,yes
34.389800699999995,73.80365830000001,108.81563270345347,yes
34.3640254,73.789009675,29.27810264856406,yes
34.366339025,73.791295475,18.46041987701902,yes
34.363082014285716,73.77889889999999,122.52520883196374,yes
34.37814195,73.79074415,82.76412256476239,yes
34.3863259,73.77049795,134.3119420018965,yes
34.38516405,73.79717685,112.69308222876853,yes
34.368461124999996,73.7906268,23.874299425017675,yes
34.38532025,73.77874975,97.6313812704924,yes
34.37860815,73.79154275,8.71666388971406,yes
34.396451325,73.775138,14.93909944206873,yes
34.366455375,73.7902324,120.58469360522292,yes
34.39610245,73.80092582500001,89.69980697635035,yes
34.37156965,73.79706842499999,155.55361617510968,yes
34.39302075,73.77295795,24.01666795880289,yes
34.37144325,73.801049525,16.454838999736104,yes
34.394859325,73.7743468,23.341135359433324,yes
34.39299025,73.77622690000001,25.983172714107724,yes
34.37815025,73.795391875,129.9639456024777,yes
34.376522775,73.79054310000001,86.89511532201114,yes
34.395648625,73.77680367500001,111.39656252761226,yes
34.3785808,73.791654075,28.260413402987055,yes
34.37699285,73.79607475,58.2645709800333,yes
34.3869812,73.7800191,16.8981416318961,yes
34.362924275,73.780629925,27.29903747560212,yes
34.38578925,73.796587075,98.11535805294903,yes
34.39086916,73.77214251999999,120.74457763966701,yes
34.37364365,73.79170264999999,37.15387094322552,yes
34.385717525000004,73.794260075,115.67641798580868,yes
34.381194824999994,73.79210435,150.4061503954989,yes
34.3860645,73.77953260000001,138.98258906198225,yes
34.389681550000006,73.803577675,116.36460851759804,yes
34.38264505,73.79471035,30.142515364026977,yes
34.3683281,73.77535889999999,87.53842042440877,yes
34.387592025,73.79053400000001,85.0467947352798,yes
34.371572549999996,73.799380275,12.290682502915395,yes
34.3839295,73.79970499999999,93.86488924683016,yes
34.39503145,73.775612925,170.27145495543965,yes
34.3702859,73.78744475,90.90830822797264,yes
34.380998875,73.7923485,65.4694924689337,yes
34.388690350000005,73.78836429999998,120.09934743004928,yes
34.3702025,73.8003437,125.09253173393259,yes
34.386685533333335,73.78106863333333,85.97292809450354,yes
34.3859633,73.79627685,59.770007707382774,yes
34.370588175,73.80056175,61.2413484707549,yes
34.36618008333333,73.79053463333334,119.9637928513034,yes
34.39288035,73.775847475,117.04303893316109,yes
34.39517085000001,73.79884795,123.82684547128711,yes
34.3640995,73.78916715,18.966485524105174,yes
34.364591275,73.7888514,128.26200650908854,yes
34.381884425,73.7955125,112.98668332462856,yes
34.37139045,73.78605185,97.27226460591254,yes
34.3854681,73.790870725,136.9038487233371,yes
34.38066953333333,73.7951495,96.14967397370509,yes
34.3973136,73.80122015,111.58273211922656,yes
34.368288,73.79164125,28.739683192902593,yes
34.37231395,73.800040425,32.76936936795716,yes
34.3833752,73.791247875,31.376019983227238,yes
34.38462826666667,73.80027436666667,214.6667656625978,yes
34.3683566,73.77442210000001,56.267885514246714,yes
34.38519719999999,73.79118775,53.476650979838794,yes
34.370969966666664,73.7979365,128.94575799963735,yes
34.3865909,73.790345725,121.04272522089704,yes
34.37097958333333,73.79925191666668,76.93833418195737,yes
34.388992825,73.78800655,79.15646845935791,yes
34.373137500000006,73.78896195,58.9572307874879,yes
34.382357324999994,73.7912154,209.3272006845608,yes
34.385537049999996,73.795709175,92.04472749011768,yes
34.395048949999996,73.77384789999999,16.071123329698484,yes
34.36212705,73.77815305,27.422592968747434,yes
34.37412445,73.7892099,206.86027657460488,yes
34.38422405,73.79971077500001,113.11459553967342,yes
34.3874458,73.780711,41.691986875350864,yes
34.3703199,73.799128725,76.83627167942755,yes
34.393382966666664,73.77607383333333,53.96840018533019,yes
34.377447475000004,73.78606467499999,57.32623522547647,yes
34.39432115,73.773016175,21.896024673393207,yes
34.371700849999996,73.79921435,15.536758258051588,yes
34.394351275,73.77345365,48.93535625346225,yes
34.3878303,73.78951347499999,54.11258408296092,yes
34.371930875000004,73.792581525,72.00947226141454,yes
34.36342045,73.780608675,20.595332901707046,yes
34.3765793,73.796687775,54.06189193743444,yes
34.391949225000005,73.7729041,122.10506515391155,yes
34.385000925,73.80064285,30.65558249750721,yes
34.392475825,73.773472275,95.25876798144073,yes
34.36636735,73.78211687499999,105.12958908576263,yes
34.389395,73.80733512500001,57.435087543032864,yes
34.393435624999995,73.78258475,17.20093286801781,yes
34.382590099999994,73.79462484999999,70.46836469631015,yes
34.385921749999994,73.790969625,120.95874683209252,yes
34.366680675,73.79089435,128.0685162534969,yes
34.392796687499995,73.77358657500001,126.63446289109788,yes
34.363108499999996,73.780836875,18.041594100876146,yes
34.362215649999996,73.77810215,111.57133100780847,yes
34.381873075,73.7958691,102.76443903045214,yes
34.365638450000006,73.7809094,61.16775706564986,yes
34.38550292,73.77918276,19.14428666458832,yes
34.3626653,73.78748862500001,48.86890547515476,yes
34.37150295,73.7929046,100.77954705243337,yes
34.393898225,73.776018325,87.09333069798039,yes
34.3965457,73.77586595000001,116.48070863402994,yes
34.369096983333336,73.78847498333333,152.80836910763043,yes
34.385092150000006,73.7943938,110.85526948982874,yes
34.3883802,73.7713195,131.78248720258475,yes
34.364924,73.77977010000001,29.3858729930394,yes
34.392782600000004,73.77585265,82.78383063380787,yes
34.372851600000004,73.788792875,143.3426892978189,yes
34.38583135,73.7794694,112.61626839244599,yes
34.3867532,73.793592475,84.80418889273108,yes
34.379851875,73.80190655,112.15036539772254,yes
34.3847037,73.8008218,11.541374297467778,yes
34.390621375,73.77234072499999,111.94539694162066,yes
34.385499425,73.77887145,42.45879908653417,yes
34.3841577,73.799958225,77.06847129205951,yes
34.386491125,73.777008825,19.83025517876446,yes
34.37272491666667,73.79861486666665,199.79925818100926,yes
34.3904938,73.798349275,85.25535801370498,yes
34.395013750000004,73.774303175,52.12103577387823,yes
34.378941225,73.791847975,127.846293296271,yes
34.39628415,73.77589715,26.060096795392518,yes
34.383888975,73.79932434999999,46.34038298538552,yes
34.36938848333333,73.79114106666667,93.29675703916877,yes
34.38539935,73.77745300000001,103.9915019829044,yes
34.365206175,73.7798284,108.91628118747998,yes
34.394880625,73.80066055,31.869646479622315,yes
34.366359900000006,73.79165049999999,144.91951349129522,yes
34.396669025,73.8016192,19.461170037158787,yes
34.369177,73.78777135,87.40006201248084,yes
34.385519075,73.79584345,185.0392088778542,yes
34.3820176,73.79524144999999,49.54303137117408,yes
34.38439598333333,73.80051325,259.61590800635895,yes
34.394821300000004,73.77344565,22.206308536960996,yes
34.384796,73.7709438,27.14875010235833,yes
34.367768475,73.79087584999999,143.81448084906992,yes
34.363145200000005,73.78792080000001,78.04976804512918,yes
34.379938275,73.802069925,28.935029629655585,yes
34.39553625,73.80125135,26.410582635052066,yes
34.3867836,73.78050605,43.57916631153052,yes
34.366895400000004,73.7755407,63.88378481431968,yes
34.38740295,73.79048476666667,97.52594798208253,yes
34.37090125,73.79801655,82.04290858340451,yes
34.39491438333333,73.77402716666667,242.2471692675456,yes
34.37199015,73.78855045,13.284372287703492,yes
34.385649,73.7943674,147.2583062535935,yes
34.38683925,73.79372225,109.98667116219946,yes
34.395371971428574,73.77676018571428,109.90424626614937,yes
34.3787607,73.79183205000001,19.349715665344583,yes
34.36568735,73.79041715000001,85.52382800550937,yes
34.36785835,73.791691625,111.91270637916068,yes
34.38672825,73.7925813,86.22088288803837,yes
34.3779138,73.79152965,135.33610744170136,yes
34.38198595,73.79529425,42.028892773596155,yes
34.36542225,73.7889606,38.7552983286255,yes
34.385867625,73.7969236,61.74643286974813,yes
34.373666325,73.790216075,21.70660959449591,yes
34.386300174999995,73.79695835,23.296126120488296,yes
34.381593949999996,73.797396225,79.18846433094629,yes
34.38928155,73.80717179999999,41.15305287233681,yes
34.36563595,73.77073759999999,124.75254447975746,yes
34.388005125,73.80486605,64.60075127020181,yes
34.370783575000004,73.7994273,82.87130623591455,yes
34.3805708,73.795550125,93.23639242828477,yes
34.386465675,73.797003375,86.94030575062695,yes
34.3936457,73.77422810000002,125.5690811890668,yes
34.382551975,73.79190535000001,76.30295693254328,yes
34.366741475000005,73.77070810000001,130.95647800309084,yes
34.3705256,73.7873958,77.05621738123244,yes
34.388893949999996,73.77207505000001,22.32215853558567,yes
34.368551,73.79292115,116.17194611237409,yes
34.387013075,73.78031435,102.85460530576091,yes
34.390211012500004,73.80387251249999,112.67011657207371,yes
34.389045749999994,73.80705245,89.92720030464798,yes
34.392076880000005,73.77337914,86.84601872710276,yes
34.3686299,73.79070005,112.08359263151294,yes
34.395720425,73.79872,67.13047796984765,yes
34.3671698,73.791498725,139.60446616545067,yes
34.3931152,73.7748852,82.29519432513172,yes
34.38422645,73.79988845,78.09476843877033,yes
34.378654100000006,73.790733425,76.72821344740169,yes
34.39445755999999,73.77408697999999,24.611224049383722,yes
34.39003395,73.771972875,96.93374995796864,yes
34.368576925,73.79257810000001,120.01848305362097,yes
34.3846829,73.800108475,145.3204565851808,yes
34.374878975,73.79486299999999,22.853189917436758,yes
34.3762926,73.7858809,14.49970321290674,yes
34.38530455,73.777746775,144.38782350253877,yes
34.367377875,73.76954805,103.29400313143582,yes
34.38746136666666,73.78892593333333,143.91060962994646,yes
34.36538505,73.789720525,140.01471871359314,yes
34.38569085,73.79599545,116.4381635008952,yes
34.3707723,73.8032018,23.739131621189888,yes
34.388520225,73.7900788,32.03629176572245,yes
34.37208605,73.787604775,94.33174304207625,yes
34.39590825,73.7763346,55.67538244103456,yes
34.38618045,73.77910937499999,55.69588308006048,yes
34.365367500000005,73.78992495,31.032387233176728,yes
34.3725134,73.78668400000001,173.29644722201635,yes
34.384797150000004,73.80094325,76.33371627538557,yes
34.3697597,73.78827225,110.6984978233859,yes
34.380803262499995,73.79571032499999,199.50462336781624,yes
34.397232725,73.8008303,31.232482745093584,yes
34.37286265,73.7883006,129.89239629961983,yes
34.380872675,73.79541285,123.80029096140042,yes
34.370510724999995,73.80138232499999,144.50916195098506,yes
34.383252675,73.79552380000001,77.37767011562804,yes
34.363209025,73.78125525,110.69556887429704,yes
34.3731279,73.80064875,150.58479012093687,yes
34.387726325,73.77449870000001,14.4754798651053,yes
34.393458550000005,73.77429955,21.505126531011733,yes
34.3849211,73.790939975,56.46532409602465,yes
34.363167175,73.779090825,67.33233413989463,yes
34.38145605,73.8014493,96.09555571844743,yes
34.386747975,73.780649975,100.22520712358616,yes
34.39538205,73.77551534999999,57.59697499097956,yes
34.382272750000006,73.79556335000001,42.483853882152744,yes
34.3885742,73.78748005,59.533669994901985,yes
34.37317745,73.80155153333332,90.61044237184693,yes
34.385691349999995,73.7910926,104.17419425969467,yes
34.371844175,73.78895025,125.3239374461162,yes
34.392446633333336,73.77248924999999,466.37733917753076,yes
34.382581175,73.79164515,135.23177851355155,yes
34.386472250000004,73.779226975,100.96729066425249,yes
34.371819550000005,73.787874275,110.4313023150589,yes
34.39269156,73.77222298000001,48.70319083741369,yes
34.37106444999999,73.79782985,65.75270544862835,yes
34.3872004,73.774349775,35.72956322840439,yes
34.392994125,73.77585915,120.3371737021233,yes
34.365679300000004,73.772259825,55.53555373061039,yes
34.37090248333334,73.7994619,74.90678915743587,yes
34.39557425,73.77618687500001,24.676599953039982,yes
34.391655674999996,73.7730591,65.81938697591357,yes
34.37083905,73.79986579999999,39.64047073049102,yes
34.370699025,73.80071137499999,27.042487949356552,yes
34.37182115,73.79339995,141.46379730722197,yes
34.388967,73.77072805,28.41454956078487,yes
34.39292025,73.7756954,97.80361864062787,yes
34.382333225,73.794980425,109.70304809288032,yes
34.38527500000001,73.7804889,98.13999060855781,yes
34.3645271,73.7890076,49.108688604193475,yes
34.39656011666666,73.77545359999999,38.21648612083371,yes
34.37257785,73.80036270000001,78.88159405146347,yes
34.39299104999999,73.775381125,15.446849414580617,yes
34.37192901666666,73.79923699999999,156.19282802999692,yes
34.392264325,73.80155355,59.26428997829092,yes
34.38612,73.77873965,103.81081802015737,yes
34.372182675,73.801433725,125.7685386239987,yes
34.36828845,73.792232125,89.07296292591673,yes
34.388240700000004,73.7871565,36.48162162540523,yes
34.36617085,73.782037175,35.84095418366224,yes
34.388344975,73.801671,34.70383615838723,yes
34.372445283333334,73.80035271666667,31.6115213820011,yes
34.371631325,73.79284477499999,92.95630584176902,yes
34.38881375,73.800858525,115.95727258404838,yes
34.39488285,73.773147375,93.75716273453295,yes
34.397296575,73.8010766,99.33242319238506,yes
34.36906375,73.788141425,177.69976540871693,yes
34.38729225,73.7815271,163.50261112158984,yes
34.370627325,73.7867979,18.579543477669397,yes
34.37021625,73.788367925,30.385034881643747,yes
34.3885278,73.8039907,166.10604107772778,yes
34.374182000000005,73.789387525,68.46921251318267,yes
34.36929295,73.79458964999999,67.14585144710797,yes
34.387319,73.79650445,8.174051471923988,yes
34.36757455,73.7839893,109.10476791684846,yes
34.39014205,73.80409015000001,47.50391180351795,yes
34.39434,73.8048172,81.56102963147418,yes
34.3958848,73.776081525,79.16918272852627,yes
34.38538715,73.779948875,73.8688148700079,yes
34.37052229999999,73.799885425,147.41768160337224,yes
34.3697138,73.78793385,110.43494577633291,yes
34.38596538571428,73.7960296,208.29898390105802,yes
34.387241024999994,73.79037994999999,103.1341064245867,yes
34.369754325,73.7741895,122.7292605301366,yes
34.368198549999995,73.79168481666667,136.08152464123546,yes
34.386541075000004,73.7804008,28.76454114966328,yes
34.37011375,73.788470725,34.16544189425949,yes
34.3882607,73.78959325,92.98855935813887,yes
34.3967203,73.801340375,50.82095385951147,yes
34.38675325,73.78996104999999,81.95330204344745,yes
34.36905915,73.7946657,91.29521306332282,yes
34.387034275,73.7897914,67.71170136450112,yes
34.364024575,73.77106275,101.84383121218906,yes
34.379549075,73.79605495,34.8985609842786,yes
34.393147750000004,73.800007275,50.67931443869617,yes
34.37110655000001,73.78775145,141.63359913460846,yes
34.382860225,73.79526955,20.796267865301687,yes
34.38285535,73.7947202,11.299588340940938,yes
34.38515303333333,73.79930568333333,150.97356531696835,yes
34.389898224999996,73.77206967500001,106.74333396130724,yes
34.3874726,73.796506875,66.61691774536837,yes
34.389286049999995,73.78934869999999,73.2029258344499,yes
34.3628172,73.78764132500001,96.36179489497967,yes
34.37096391666666,73.78670223333333,144.90603854917822,yes
34.379768,73.79591125,77.50140484684708,yes
34.37102165,73.788892625,129.1399915515562,yes
34.397461525,73.77609472500001,48.54131032336929,yes
34.376343999999996,73.78960095000001,88.7098290698562,yes
34.3956502,73.775942225,65.78808685454669,yes
34.38567755,73.7957674,96.96313018998985,yes
34.386880700000006,73.79066705,88.74560371236649,yes
34.369623525,73.78815575,98.40689284989857,yes
34.38269053333334,73.79492795,174.1433501324081,yes
34.3680674,73.79063155,39.03565501346263,yes
34.39315805,73.774751675,108.84733524337126,yes
34.385416,73.79374150000001,46.53733784094685,yes
34.3817827,73.7920069,45.021787298316085,yes
34.38329133333333,73.79605136666667,217.69180934560507,yes
34.3675002,73.77152535,115.98622610992636,yes
34.37079588333333,73.80171341666667,96.87626536384694,yes
34.3864747,73.77695408000001,29.484736682975843,yes
34.377478874999994,73.79005325,107.56416846758552,yes
34.371002525,73.788038125,28.47983783692677,yes
34.381380799999995,73.7924076,78.2125775940162,yes
34.366638175,73.7903152,131.2567995118931,yes
34.370716075000004,73.787585225,46.403037566547525,yes
34.374575,73.7895647142857,77.98237993613887,yes
34.371058950000005,73.801558375,87.56582622505626,yes
34.38108615,73.7924347,111.42415647102683,yes
34.3721454,73.787736775,104.24482851415276,yes
34.39451123333333,73.79737345,50.270688607007,yes
34.38844055,73.772014,66.44789347996621,yes
34.3709777,73.79322582500001,101.9431496586293,yes
34.37316665,73.79873599999999,129.31389901473597,yes
34.38604751666667,73.78110593333334,100.54322736216906,yes
34.377750899999995,73.79619410000001,58.077603723695816,yes
34.395561324999996,73.77643465,84.08195580977731,yes
34.39161395,73.772936725,23.149764666613876,yes
34.368198549999995,73.7907056,180.27883648476643,yes
34.36594825,73.77053118333333,53.263642135762304,yes
34.372912774999996,73.7892605,42.27444424264591,yes
34.3705955,73.801842225,60.19603737121536,yes
34.38654315,73.781596825,14.635830402427208,yes
34.362808925,73.77869375,107.78397290219479,yes
34.381155375,73.79574525,121.9626934237615,yes
34.36426295,73.78798065,26.107623101694465,yes
34.38538612,73.79609534,101.06558734396897,yes
34.371043125,73.80196000000001,120.066079512058,yes
34.384766625,73.801326875,138.1516505912469,yes
34.363742450000004,73.7713979,19.67764672692907,yes
34.387538400000004,73.78963575,93.47382421694641,yes
34.39483145,73.7752006,46.66239115648149,yes
34.36584705,73.77061764999999,106.25082625807289,yes
34.387298,73.7806268,57.45244379144138,yes
34.390007225,73.77210105,113.9470161058372,yes
34.384015,73.7993556,67.70516378442503,yes
34.3867959,73.782041225,94.3995073818223,yes
34.3664017,73.7904111,165.19076362384786,yes
34.38594925,73.77901779999999,27.42877386609763,yes
34.3671533,73.7698027,87.19264421991149,yes
34.38547675,73.7906223,109.58918802731193,yes
34.37259062857143,73.78634344285715,48.19043207479041,yes
34.3977385,73.77589755000001,74.22790083029251,yes
34.370523325,73.80221420000001,84.62406607551746,yes
34.388165599999994,73.7885763,69.85064995434978,yes
34.371566075000004,73.8011118625,139.7096043570035,yes
34.384898050000004,73.798367175,26.183485757621717,yes
34.3947195,73.7746075,100.03640281065776,yes
34.38630795,73.80244532500001,11.620384557866743,yes
34.36729425,73.771074,113.68190012621221,yes
34.38251484999999,73.79521595,13.832296869989218,yes
34.3860625,73.79162605,15.901936967044165,yes
34.37341105,73.78908895000001,209.46039186861293,yes
34.363011900000004,73.78778812499999,25.287002349382224,yes
34.37454341428571,73.78963984285714,71.00758660740709,yes
34.377166625,73.789985125,132.36211369199856,yes
34.3854947,73.79849374999999,57.789486932599786,yes
34.373195,73.80088545,70.88274585168759,yes
34.3798378,73.7954176,100.65094280877685,yes
34.388919,73.7892517,102.76109684443779,yes
34.38203235,73.7949255,65.53521568888269,yes
34.37096645,73.79940445,40.41031540712777,yes
34.37154165,73.78912915,35.53458493645643,yes
34.3706291,73.79967435,79.3297186609168,yes
34.3771061,73.7958958,102.25474353239605,yes
34.38431005,73.799864525,36.016659022512854,yes
34.3712592,73.7981684,82.97595226852823,yes
34.381282049999996,73.795175575,98.34686842910503,yes
34.368367525,73.7703,127.73797292849437,yes
34.364974425,73.7703702,11.830480800180554,yes
34.3857538,73.777993475,20.375614856236357,yes
34.372750625,73.7983235,37.121712114056855,yes
34.38669005,73.8030382,115.5967105371748,yes
34.38867425,73.7960263,24.5797125772394,yes
34.381356725,73.79572239999999,79.0364921214584,yes
34.36338155,73.778161625,104.91399879887676,yes
34.3708434,73.79898784999999,123.63789728572345,yes
34.3936085,73.78245135,11.91836327075993,yes
34.3882569,73.7899894,21.992859962725532,yes
34.367698475,73.7751416,121.32579374690374,yes
34.36905292499999,73.79080015,129.60657211238413,yes
34.3827801,73.800967525,58.32003436364805,yes
34.3707093,73.80083085,74.75306208878382,yes
34.38076705,73.79235059999999,8.015707626700866,yes
34.392301925,73.77391265,92.09656863269362,yes
34.384257174999995,73.789045225,242.77647250672106,yes
34.37421635,73.79466925,75.05659659006545,yes
34.3900897,73.80389525,57.32104932229272,yes
34.38579195,73.795796,117.18105783127906,yes
34.393822275,73.775303875,79.98036422797756,yes
34.379775300000006,73.80205322500001,84.7683978370452,yes
34.379343975,73.79575915000001,81.02566843467048,yes
34.3700565,73.80137266666667,118.1033165344978,yes
34.370659,73.802613025,27.66401974447487,yes
34.39232078333333,73.7731984,65.34111202485707,yes
34.366062400000004,73.7718376,109.99079162355285,yes
34.386635025000004,73.78035455,138.4317179807246,yes
34.372696825,73.79843389999999,35.87036007060371,yes
34.387946174999996,73.78925810000001,44.05812367302708,yes
34.3661166,73.77216575,119.39310659503604,yes
34.392767325,73.798754375,38.62898556025354,yes
34.3694278,73.78763725,120.2032121890964,yes
34.2156509625,74.3807368625,267.2869740988575,yes
34.219525275,74.384365975,146.85214368339237,yes
34.21916605,74.3800765,34.15925380598313,yes
34.219637649999996,74.3837538,35.55749141436281,yes
34.21530668333333,74.38150433333334,173.32713000453202,yes
34.21754981666667,74.38978086666667,3442.3798807038675,yes
34.215198349999994,74.38157340000001,86.55818549188702,yes
34.21901065,74.38156322500001,132.44189842697222,yes
34.214849687500006,74.38105006250001,306.1542027122588,yes
34.215587299999996,74.3811893,40.630001555712965,yes
34.215984175,74.3813242,27.463274115556786,yes
34.21913775,74.38211315000001,176.04920714406575,yes
34.215385125,74.3818489125,560.4701121357657,yes
34.21624789999999,74.38156511666666,271.5795584915169,yes
34.2192803,74.382935525,152.54175051190214,yes
34.218892800000006,74.380899675,134.08646363975544,yes
34.2149830375,74.3808632375,311.928869444097,yes
34.21555541666667,74.38082251666667,227.62183232771338,yes
34.21904775,74.381786375,133.05343974459836,yes
34.218974625,74.38133984999999,136.13548024877127,yes
34.21940766666666,74.38367131666668,146.59266021337012,yes
34.21668165,74.38143355000001,102.1098462023761,yes
34.219331725,74.38326707499999,137.2018761828875,yes
34.21959625,74.38475856666666,129.50655577432607,yes
34.218641613636365,74.38486748636365,1432.2762803548562,yes
34.21662135,74.38094205,40.934493608221075,yes
34.21976485,74.38442674999999,184.13838519877098,yes
34.21980454999999,74.384668125,159.05143664808156,yes
34.219237050000004,74.38270505,151.9487359566943,yes
34.219721025,74.3841745,183.59507975297558,yes
34.2195618,74.38457790000001,135.48331777183353,yes
34.21664215,74.38114511666667,69.87525996463228,yes
34.21498955,74.380475775,133.61105091310287,yes
34.21527973333334,74.38056015000001,118.6858493206583,yes
34.216281800000004,74.38259606,607.7479648721406,yes
34.215945805000004,74.38081740999999,2680.3280675355745,yes
34.219183924999996,74.3823604,194.51014736750324,yes
34.21513243333333,74.38132223333334,578.2797600304173,yes
34.2193686,74.3834817,144.88762720675481,yes
34.21944499999999,74.38392329999999,147.1242918222258,yes
34.219408775,74.38280225,26.457705332408267,yes
34.216442525000005,74.3813337625,192.25628930016882,yes
34.218934125000004,74.381118875,127.14291275865267,yes
34.219483075,74.384139475,146.21449858091626,yes
34.2161273,74.38164437500001,63.197036868424036,yes
34.215553150000005,74.38047755,432.95167339705597,yes
34.21034723333333,74.33590045000001,37.09332987601306,yes
34.2137353,74.34562335,52.78380412470246,yes
34.21209555833334,74.345160725,465.24211057318496,yes
34.2118586,74.340513825,59.71417068641729,yes
34.21264945,74.3446021,15.797789689642748,yes
34.212230687499996,74.344601675,203.48299417281237,yes
34.2117358,74.33334256250001,251.9649263874722,yes
34.21022885,74.3367057,12.391761598475258,yes
34.21409893333334,74.3458018,137.48620613932277,yes
34.21196385,74.340476325,91.07205119690207,yes
34.21426786,74.34583078,184.7253785043593,yes
34.21265021666667,74.34410938333333,87.75234726951575,yes
34.212189170833334,74.34441134166667,741.9703200444833,yes
34.21090215,74.33806075,11.108017638049887,yes
34.2119667,74.344343125,19.47620829092806,yes
34.210685475,74.33521595,115.82072733184432,yes
34.21399045,74.34551330000001,45.12673837191797,yes
34.21393545,74.344509,176.9754876688832,yes
34.20986288333333,74.33422085,233.20146065043704,yes
34.211288675000006,74.34421025,45.423328147926384,yes
34.213923025,74.34514537499999,176.86677492686636,yes
34.21429474,74.34558898,19.22414565938872,yes
34.211310675,74.3359518,29.641788899077937,yes
34.2121501,74.34378945,151.8508841163983,yes
34.21437350000001,74.344233925,146.51548180902554,yes
34.211427375,74.33898565,60.08160214487224,yes
34.21313405,74.3459306,150.67224613029606,yes
34.21143776,74.33375148,49.5679713335613,yes
34.21131335,74.33603447499999,66.31184029344936,yes
34.212981850000006,74.344808,139.53399832450384,yes
34.213130283333335,74.34646516666668,59.419922414865056,yes
34.214066933333335,74.3452966,200.49558314637488,yes
34.211711,74.33859539999999,186.75704546725467,yes
34.213665524999996,74.34380027499999,41.784882497225254,yes
34.21266895,74.34400465,42.940878295631265,yes
34.214196083333334,74.3440076,221.91849728129725,yes
34.2144394,74.3443242,14.468977230727093,yes
34.21370755,74.34427785,174.97183320769858,yes
34.213443325,74.3454773,90.82817849358926,yes
34.214419774999996,74.34578929999999,38.50426485691618,yes
34.209817050000005,74.33873685,35.79732485091514,yes
34.2116242,74.34081167500001,89.10969755556945,yes
34.2112194,74.3353149,29.81779238152754,yes
34.211054175,74.3349739,15.33101215017433,yes
34.21278826,74.34472382,161.04158787811613,yes
34.214096,74.34411639999999,37.672743822734304,yes
34.212161249999994,74.340157375,125.12912703455143,yes
34.21326005,74.344170025,205.2285235512397,yes
34.213109675000005,74.345370975,22.90035617393729,yes
34.2141314,74.34626600000001,136.0597197809261,yes
34.21435161666667,74.34564715,161.95932258004876,yes
34.214446824999996,74.34497806249999,361.69541225647293,yes
34.21394178,74.34566758000001,87.5932364118457,yes
34.2131491,74.34433829999999,41.56776112958555,yes
34.212491,74.33596920000001,36.69781144715669,yes
34.21311075,74.34475242500001,48.15868551110519,yes
34.21134179999999,74.33871003333333,76.74477855315072,yes
34.211459575,74.339079175,12.461621334291099,yes
34.209852425,74.3389626,49.47503724200208,yes
34.21330095,74.3453238,124.89415825839421,yes
34.2145886,74.34401980000001,135.28948263436797,yes
34.2139551,74.3459969,161.17626555075043,yes
34.21459976666667,74.34490478333333,201.5944246020115,yes
34.21101413333333,74.3385991,95.79098286170412,yes
34.2137218,74.34509195,60.80136615727697,yes
34.2131302,74.34574635000001,114.89709169336254,yes
34.2114557,74.3337003,19.303831981713962,yes
34.20982691428571,74.3362832142857,202.10314143737025,yes
34.2141297,74.34608305,78.10006595674193,yes
34.21243938333333,74.34434499999999,195.97927550911396,yes
34.2125281,74.336088925,117.50533644657466,yes
34.21439175,74.3459063,131.86702356303098,yes
34.213578250000005,74.34455065,159.38695462357754,yes
34.21083035,74.33876925,76.91549050708261,yes
34.21388889999999,74.34554177999999,223.43924796282909,yes
34.21420125,74.34480339999999,413.58318005103655,yes
34.210679025000005,74.3366237,25.436666997155463,yes
34.2125782,74.34398375,102.00786771299204,yes
34.2124821,74.3411232,51.10107645339393,yes
34.2131366,74.3455213,40.95510228020828,yes
34.21363135,74.34592425000001,256.93130465439987,yes
34.2118169,74.33554445,60.07462714069551,yes
34.2126558,74.3447243,177.19023704278572,yes
34.20933764,74.33668034,120.38883719933857,yes
34.21362325,74.34551935000002,159.37367969422712,yes
34.213627025,74.3451259,108.10836668489006,yes
34.21155865,74.338739725,74.26274027969089,yes
34.212740675,74.34426872499999,76.49657654398403,yes
34.213446925,74.3441806,55.34751625406936,yes
34.21284416666666,74.34428075000001,243.16270199533938,yes
34.211393175,74.33615525000002,21.580886670790996,yes
34.21212403333334,74.34048606666667,225.26241535125166,yes
34.2113673,74.3346047,43.30135690960378,yes
34.21152922499999,74.33377892500002,76.22957907413979,yes
34.210154625,74.33389095,105.83615659136211,yes
34.213449974999996,74.34631915,21.210635564844175,yes
34.21256356666666,74.34428453333335,144.7384424387845,yes
34.212974450000004,74.34332847499999,92.72797976298222,yes
34.210323450000004,74.33606332500001,165.11091205315938,yes
34.2115469,74.33889587499999,22.085497710027937,yes
34.21438361666667,74.34447504999999,179.38243152649974,yes
34.21329585,74.34619711666666,281.8520109100468,yes
34.21332181666667,74.344568675,301.92212949629277,yes
34.21252785,74.343168425,12.266936719939444,yes
34.212843680000006,74.34484196,101.81910415629014,yes
34.2125556,74.343261375,52.98873207460451,yes
34.213928275,74.343872175,109.93946534036809,yes
34.20995765,74.33595815,51.825215228326456,yes
34.209945250000004,74.3358546,42.774267724886656,yes
34.21277975,74.345295,159.48570243709594,yes
34.211700300000004,74.33972235,267.37977123436656,yes
34.213713874999996,74.3441385,37.84182582232677,yes
34.21244435,74.3446873,105.21115300870068,yes
34.214310366666666,74.34604866666668,157.0256869781642,yes
34.212828875,74.3436541,31.073947401114438,yes
34.21169655,74.33353455,76.65846415400384,yes
34.21039675,74.34088564999999,17.599252122918067,yes
34.21059813333334,74.33452531666666,124.77623065878171,yes
34.210546300000004,74.33529835,186.48666936311923,yes
34.212244425,74.3450212,123.1939043153192,yes
34.211984816666664,74.34420275000001,105.88431779150892,yes
34.2125566,74.34491905,148.91205908258235,yes
34.21364466666666,74.34573363333332,166.1590269426167,yes
34.214621449999996,74.3438663,57.10853466598837,yes
34.21093065,74.33652897500001,30.054551807025497,yes
34.210031349999994,74.340573925,67.72769522263457,yes
34.21109355,74.33864255,61.16706675072554,yes
34.2127081,74.34436837499999,42.586058881167034,yes
34.209641625,74.33797375,20.52835022732387,yes
34.21048961666666,74.33577518333334,101.5282342363602,yes
34.213398225,74.34435909999999,198.0905901672716,yes
34.2113717,74.33486450000001,154.57804878061273,yes
34.2142177,74.34519455,336.7568426536594,yes
34.212426275,74.340444925,118.09381359607139,yes
34.213623274999996,74.346153675,156.72937871828614,yes
34.211712275,74.34484315,56.16547088579996,yes
34.2137421125,74.343914475,226.53407430618853,yes
34.210491225,74.3340492,51.403308810795636,yes
34.20912113333333,74.33643373333334,243.5659902625651,yes
34.21105266666667,74.33876431666665,154.5598711623857,yes
34.2110817,74.338416025,90.0822564670123,yes
34.209838125000005,74.33577425,84.06492862716132,yes
34.2113115,74.338604,95.80685137794987,yes
34.212209699999995,74.34492495,74.4950370130951,yes
34.211189175,74.3387475,105.33899826001965,yes
34.21397855,74.3461743,33.29206028828705,yes
34.211700325,74.3450307,108.0623725035811,yes
34.212273675000006,74.34524950000001,44.57705112184009,yes
34.210887325,74.33797532499999,26.226842443462285,yes
34.2111169,74.34519920000001,92.96882776265397,yes
34.21221951666667,74.34087385,71.44194586777057,yes
34.210952283333334,74.33518641666667,322.5166769367015,yes
34.210208025,74.3352793,101.23925506827283,yes
34.21308085,74.3441476,45.73396057252722,yes
34.214619,74.34565425000001,214.65924046401983,yes
34.21328115,74.344357,197.1022392305553,yes
34.21230915,74.34471195,26.194140644957546,yes
34.2108274,74.34046995,92.88499541090769,yes
34.209991425,74.3361297,146.60224316129694,yes
34.21407155,74.3455284,21.108181951605616,yes
34.21011775,74.33605896666667,92.21879540038515,yes
34.210652249999995,74.336383975,74.22662669367135,yes
34.211318925,74.33880965,31.14531188265834,yes
34.2095159,74.33829060000001,112.33806170520614,yes
34.212153575,74.34030935,114.44091301617317,yes
34.21478605,74.33748875,30.79470984446693,yes
34.21360931666666,74.34528121666666,154.56750272463597,yes
34.213808525,74.3452846,150.74097663552024,yes
34.209835625,74.336702675,65.47909363110062,yes
34.21242195,74.34486015,183.46691752249683,yes
34.21038555,74.33524055000001,136.3430712639166,yes
34.21261268333333,74.34448031666666,125.34859623474023,yes
34.212760425,74.34445925,25.22638000476952,yes
34.213688162500006,74.34456076250001,186.11674159833512,yes
34.2104972,74.33392895,82.6214673731084,yes
34.212629625000005,74.34351475,147.75780820881107,yes
34.21381305,74.3461494,127.96324351920592,yes
34.21059882,74.33650467999999,82.19160996988778,yes
34.212807925,74.3433806,44.111030858995974,yes
34.21529235,74.337998625,38.340632698743875,yes
34.21524857,74.33971917,413.6830958458661,yes
34.210102725,74.337613025,40.50329874195903,yes
34.21188485,74.3443539,16.511424346217204,yes
34.2125445,74.34475722500001,157.53075911707808,yes
34.214486199999996,74.3459135,90.58074490484694,yes
34.210361666666664,74.33568071666666,307.510450637756,yes
34.20999185,74.34029562500001,26.870075284127466,yes
34.2101048375,74.33955544999999,270.9727131655116,yes
34.213256441666665,74.345110175,272.2247677610046,yes
34.21552629999999,74.3377919,26.58718999142102,yes
34.21049574999999,74.335871575,119.6179533152384,yes
34.210400324999995,74.334097175,10.78057547492908,yes
34.214049857142854,74.3449223857143,394.52321305779185,yes
34.20981508333333,74.33885376666667,166.60722951907047,yes
34.212773825,74.343253,28.144573788401296,yes
34.210976133333325,74.34522293333335,160.60374081890126,yes
34.214128583333334,74.34444928333333,228.76848990551838,yes
34.2141203,74.34380245,118.6053277960296,yes
34.21238615,74.344546325,119.52559851148519,yes
34.2128704875,74.3377472,201.41753257156796,yes
34.212107024999995,74.33743989999999,15.077858041377539,yes
34.21282193571429,74.34401654285715,423.2506560990982,yes
34.2141436,74.34423269999999,163.09250521739716,yes
34.214913425,74.33750380000001,63.42370430478391,yes
34.21266385,74.344221375,30.646663828714352,yes
34.21326393333333,74.34640555,201.18500267310708,yes
34.212971125,74.345241775,148.0334306804495,yes
34.212665525,74.34485707500001,61.551092981553836,yes
34.211888099999996,74.34071267499999,79.95161767336435,yes
34.21157638333333,74.33911175,269.30694566348643,yes
34.2131555,74.34521525,100.21671916147426,yes
34.213024825,74.34381280000001,209.5617747181849,yes
34.21230345,74.34381859999999,35.202002299655064,yes
34.21178590833333,74.33653503333333,237.63317510869854,yes
34.213445899999996,74.34577365000001,24.814887078318698,yes
34.214418474999995,74.3446946,139.08521509897128,yes
34.21378005,74.3448405,23.908885705311654,yes
34.214238449999996,74.346244,21.064890158032238,yes
34.213408375,74.3450397,39.39130933319399,yes
34.213323625,74.34573625,174.63853852003115,yes
34.21135622857143,74.34487392857143,131.31799147027442,yes
34.211828475,74.34488350000001,40.553184700071355,yes
34.213836975,74.34424115,140.21103776297534,yes
34.211561775,74.3388258,67.59706908943755,yes
34.210729775000004,74.33649700000001,55.94920214013382,yes
34.211494875,74.33417635,25.061728709270835,yes
34.2104247,74.33389325,43.983647278389284,yes
34.21253129,74.34513072,271.8298772992413,yes
34.2102724,74.3357852,30.459238966543204,yes
34.2145962,74.344188175,181.72902201152925,yes
34.2134365,74.3451674,145.25937313332327,yes
34.211870966666666,74.34063571666667,97.03524471679646,yes
34.20994625,74.3376214,89.45411502877926,yes
34.21363276666667,74.3449604,176.3687276722503,yes
34.21383066666667,74.34410534999999,44.953414178148634,yes
34.211679575,74.337984,12.016601438440055,yes
34.21095254000001,74.3448808,389.8342226149599,yes
34.212407,74.3440164,61.48747903412617,yes
34.21218805,74.34480055,27.24835843541971,yes
34.21016267500001,74.339762625,80.73276340161915,yes
34.210876299999995,74.34512962500001,87.03553099700164,yes
34.212249775000004,74.34029182500001,116.87229669296653,yes
34.21190845,74.340348775,184.56950912563224,yes
34.213255274999995,74.34402754999999,121.69772843836577,yes
34.209769949999995,74.335585175,27.319744787040356,yes
34.213493039999996,74.34615444,202.5179064597675,yes
34.210711849999996,74.33407765,35.20144014586725,yes
34.2099601,74.339434525,214.00790828451414,yes
34.20731295555556,74.3428276,565.3020383284725,yes
34.211818674999996,74.34507835,145.89789361053764,yes
34.21036563333334,74.33406416666666,211.99049807874894,yes
34.214163316666664,74.3455194,174.3780138444144,yes
34.21335775,74.345923575,241.42286935523464,yes
34.209875625,74.336078925,39.86219109631969,yes
34.21425785,74.345703,19.45379815753974,yes
34.21019555,74.3356366,196.0205882235372,yes
34.211841666666665,74.33674563333334,182.65458767445205,yes
34.21418485,74.34588384999999,21.22594083663715,yes
34.2134801,74.34460335,17.473764921056436,yes
34.213768925,74.3458524,289.8859219093272,yes
34.212984399999996,74.3449306,71.17519868492295,yes
34.2119726375,74.3448453375,212.94575182420692,yes
34.21101383333333,74.33750666666667,128.59745488696564,yes
34.211171612499996,74.340176,452.9234310840829,yes
34.206741019999996,74.34273616,342.2311303639474,yes
34.212906024999995,74.343136425,25.802603016906954,yes
34.214498625,74.34424692500001,53.89959135019757,yes
34.20988116,74.33902908,105.01838883418131,yes
34.2139861,74.34436275,21.480072552190123,yes
34.213318900000004,74.345571,160.73383295750463,yes
34.21158055,74.33525065,248.32062078953294,yes
34.210512975,74.3402766,29.169979617354183,yes
34.21018774,74.33614548,119.80934376757097,yes
34.20978386,74.33867228,110.77648156577867,yes
34.2144123,74.34544327142858,316.03276973223166,yes
34.213349862499996,74.34483696250001,353.4453702207692,yes
34.21117995,74.33857465,142.7962882662324,yes
34.20979215,74.33449209999999,57.60833946168458,yes
34.210167525,74.3354097,98.22188355290722,yes
34.211406625,74.33424192499999,32.46674897013416,yes
34.2105397,74.33503042499999,59.491790550235756,yes
34.213575625000004,74.34429029999998,184.80025800965564,yes
34.213462050000004,74.3456751,105.62725368807423,yes
34.2129876,74.34460251666667,108.51326854691004,yes
34.21348375,74.345343475,25.531267752433425,yes
34.21409953,74.34563642,137.86625353771188,yes
34.21388595,74.344777475,160.56798145960994,yes
34.20793132,74.3418887,188.51099057415166,yes
34.20773715,74.341926275,404.04293425082494,yes
34.207265660000004,74.34219746,156.20104435662262,yes
34.207303839999994,74.34238764,69.59219247718738,yes
34.2113992,74.33647185,62.10457299425636,yes
34.21147706,74.33659758,188.88153498310444,yes
34.211508779999996,74.33645338000001,113.3517616893717,yes
34.21024008333333,74.33592813333333,111.20201159185005,yes
34.21005485,74.336708375,59.68748316835172,yes
34.21190888333333,74.33683324166667,189.6197737824338,yes
34.209694500000005,74.33742721666667,223.22260457447737,yes
34.212073125,74.33630595,115.70102999180408,yes
34.21240435,74.3361519,97.46274314788566,yes
34.211737674999995,74.33638624375,410.7745320670455,yes
34.21173173333333,74.33594523333333,148.0011500296295,yes
34.211714400000005,74.33616860000001,322.3280251569764,yes
34.210009,74.33701966666666,94.07098605047642,yes
34.2120471,74.3389715,295.30431773624673,yes
34.211515739999996,74.33627306000001,91.83050829399522,yes
34.21150945,74.3357572,64.18843146748533,yes
34.21119438333333,74.3379689,127.82253699118006,yes
34.211831175,74.33816990000001,214.07401524979784,yes
34.209332625,74.33793755,124.38627551634065,yes
34.212321700000004,74.33725116000001,31.199644029712857,yes
34.210748575,74.33733155,15.115268987847557,yes
34.211312199999995,74.336923525,312.11832698811935,yes
34.211068850000004,74.33701605,126.03448284147706,yes
34.211964200000004,74.33615896666667,189.51065231375998,yes
34.211750800000004,74.335596,146.14494208658473,yes
34.21005206666666,74.33723583333334,227.9598112021045,yes
34.21122055,74.3366211,16.805112790879022,yes
34.2104885,74.33701035000001,68.56061731019415,yes
34.211168325,74.3378204,18.369234634712118,yes
34.212476699999996,74.33693465,93.09779602585199,yes
34.2100962625,74.33529142500001,144.19251939245908,yes
34.210786049999996,74.33703134999999,143.6411318543161,yes
34.209363525,74.33565895,14.220507893249778,yes
34.210385366666664,74.33730656666667,135.4041051888156,yes
34.2120264,74.33851455,14.993108440615163,yes
34.21129835,74.337502625,17.54686552350944,yes
34.21210305,74.33666967500001,49.78092133951258,yes
34.212485875,74.336202775,14.137978165254893,yes
34.212055,74.3386367,52.98045797735085,yes
34.210986250000005,74.33657255,41.78212105039731,yes
34.20955095,74.33798265,89.61997757055167,yes
34.2095384,74.33651625,140.53961764061677,yes
34.212725925,74.33689165,204.74230754372297,yes
34.21106062,74.33778097999999,77.98169343282171,yes
34.210153325,74.3359547,62.85560289709964,yes
34.21108945,74.33663215,31.925714887199973,yes
34.211227425000004,74.337426025,255.5824481900983,yes
34.2094438,74.33562595000001,140.3363968644037,yes
34.2105314,74.33620855,32.129506697619036,yes
34.211991514285714,74.33670047142857,148.21516013049498,yes
34.21130888333333,74.33648341666667,164.72396132638204,yes
34.2104316,74.33478415,78.486728073049,yes
34.212032549999996,74.336573925,100.13323949833499,yes
34.21039953333333,74.33661554999999,197.94947822320387,yes
34.210743775,74.33801052499999,41.20948749632286,yes
34.212481499999996,74.3367423,117.79742160875585,yes
34.21226445,74.33665415,113.83770241890713,yes
34.21212848333334,74.33852841666668,126.87072137815723,yes
34.210963199999995,74.336093875,205.88560194766734,yes
34.210991750000005,74.33547982500001,120.24322238468713,yes
34.212056175,74.3387608,175.68450869835277,yes
34.2098647,74.3354999,40.805156239931996,yes
34.21232115,74.3380301,181.62922638031307,yes
34.210810975,74.3365837625,157.22704521805053,yes
34.212709312499996,74.3371331125,183.51225222174833,yes
34.212416125000004,74.3381312375,52.83554997051104,yes
34.2112857,74.33637191666666,120.69045089714038,yes
34.21193852941176,74.33856867647059,576.996782078598,yes
34.21178595,74.3369705,16.252140758161847,yes
34.210563625,74.33796595,103.30740233071676,yes
34.209766200000004,74.33527627500001,145.81601605024568,yes
34.210478574999996,74.336499675,26.028706136859906,yes
34.211209675,74.335890025,36.74407496480859,yes
34.2111404875,74.33569200000001,294.0073912224248,yes
34.21191155,74.337071525,20.69149739170834,yes
34.21060381666666,74.33626541666666,97.60598198811118,yes
34.21088575,74.33627720000001,67.5889201016506,yes
34.21159135,74.33797055,100.39475443761793,yes
34.209503350000006,74.33664365000001,35.79193651069659,yes
34.211733550000005,74.335735825,26.88260782696462,yes
34.209420475,74.33543390000001,80.18514979293556,yes
34.21206545,74.338565875,16.270235956146205,yes
34.211880120000004,74.33650542000001,30.662286156113126,yes
34.21138595833333,74.33536130833333,396.95664145883825,yes
34.212371725,74.33577925,263.4889924961536,yes
34.210421133333334,74.3350764,152.35303295313355,yes
34.2104535,74.335483775,93.84819748193114,yes
34.21010663333333,74.33707461666667,226.1620938111225,yes
34.212077533333336,74.33719553333333,306.7809350939468,yes
34.2099695,74.33633125,80.99997696209292,yes
34.210382200000005,74.334958675,49.2147031936188,yes
34.21154729999999,74.33586335,76.78354832206699,yes
34.2094395,74.33573775,26.997810335933895,yes
34.2108911,74.33551865000001,19.48555711718636,yes
34.2111716,74.33630219999999,52.0280986911862,yes
34.21042925,74.33487665000001,69.30494653187095,yes
34.211200375000004,74.336246,36.03600112568047,yes
34.211125075000005,74.336791425,73.52191494840366,yes
34.2101398,74.336885525,57.9814195018834,yes
34.209525125,74.335562075,62.43121624182572,yes
34.2113964,74.33767925000001,116.21683534058164,yes
34.210802599999994,74.33796009999999,176.11099944788384,yes
34.21089886666666,74.33782781666666,100.42487398765195,yes
34.2112979,74.33566777499999,83.0190460237217,yes
34.2093350625,74.3357425375,93.17514359190982,yes
34.212131283333335,74.33829803333334,241.89273803301361,yes
34.210656900000004,74.33535119999999,107.644893770067,yes
34.209985919999994,74.33626468,39.19075893850154,yes
34.212272175,74.336952825,29.97309278430428,yes
34.211499575,74.3370587,193.07717622762215,yes
34.209990375,74.335472375,9.970237750309693,yes
34.209972799999996,74.33553745,48.507263062011646,yes
34.21073578333334,74.33719088333334,87.69161037917223,yes
34.21055885,74.3378616,39.433848203775185,yes
34.2104419,74.3371247,105.71468017889961,yes
34.2096239,74.33762106666667,155.49931909918993,yes
34.21088295,74.336135,25.7731098700475,yes
34.21186767499999,74.3387215,23.222214749432695,yes
34.21108585,74.336207325,65.36232452303328,yes
34.21114363333333,74.33776485000001,87.63014298226189,yes
34.212158800000005,74.3386718,125.65361360117896,yes
34.210777375,74.33772515000001,120.9190942016906,yes
34.2120042,74.336827775,71.56313955695636,yes
34.21164039,74.33691633,244.27879784687343,yes
34.212518550000006,74.33796953333335,78.20053520766498,yes
34.209140625,74.336215325,38.85453838014797,yes
34.210826499999996,74.3360163375,200.08048943049198,yes
34.21105618333333,74.33786268333334,43.55167063510311,yes
34.210866125,74.336926,56.16751745163502,yes
34.21016015,74.3372815,41.142133993222096,yes
34.211765042857145,74.33779274999999,702.4787055342788,yes
34.209587299999995,74.3366432,77.47307751839874,yes
34.21015447,74.33785686,151.4509473544756,yes
34.21215043,74.33700513,183.5051871750428,yes
34.212269325,74.338180775,145.96546632127672,yes
34.20996755,74.33676365,111.49255957531439,yes
34.212449899999996,74.33631645,126.0554231868432,yes
34.212012650000005,74.3364506,34.95406884188315,yes
34.21237174,74.3371111,255.7050495471938,yes
34.212696125,74.3377371625,181.83245346661585,yes
34.21023134,74.33700084,102.33801299724743,yes
34.211300099999995,74.33577095,113.54560048640451,yes
34.21024928,74.33718572000001,79.76395759625555,yes
34.210204350000005,74.33744007499999,163.13095787246075,yes
34.209279575,74.3366397,33.32029767617833,yes
34.211663849999994,74.337109575,163.0083991738785,yes
34.209861675,74.337620025,82.84970145543465,yes
34.210962,74.33783906666666,199.44938869247338,yes
34.211938550000006,74.3381214,97.46716731635051,yes
34.209507925000004,74.335793775,71.25369882673746,yes
34.21073695,74.337901875,61.20459573043274,yes
34.210868,74.337408775,105.55524929849773,yes
34.210265025,74.3379225,70.2584666499009,yes
34.21002926,74.33546012,162.2007110209158,yes
34.21246431666666,74.33709384999999,107.0790964605096,yes
34.211085049999994,74.33537165,74.24081606597164,yes
34.21063635,74.3369018,101.3722792901435,yes
34.2094301,74.33668105,125.55001119110747,yes
34.211115240000005,74.33782214,24.73448945003495,yes
34.21155594,74.33633096000001,24.953224267917758,yes
34.210318125,74.33759608749999,131.97595560116005,yes
34.210772975,74.33610585,17.61292618958545,yes
34.2103141625,74.3364788,186.00691201963792,yes
34.20960235,74.3355546,83.6806472043537,yes
34.212260275,74.33830825,99.05629506124411,yes
34.2125145,74.338061725,30.351988509746334,yes
34.211724000000004,74.335795075,63.3148581177789,yes
34.21121756,74.33614571999999,113.18712271768673,yes
34.212344800000004,74.33734397272725,153.83562951998636,yes
34.209506225,74.33607089999998,61.7388848577185,yes
34.210084450000004,74.336233375,139.8090959762694,yes
34.210159925,74.3365952,148.22732841215918,yes
34.21008305,74.33789878333333,189.08609358927205,yes
34.21243623333333,74.33845063333332,26.584330695651193,yes
34.211028825,74.3358545,58.417311920577546,yes
34.210516125,74.336290625,55.27546307499496,yes
34.21184639999999,74.33591966666667,107.07482032028992,yes
34.2099634,74.33663842499999,82.53180530323371,yes
34.21024914,74.33685582000001,90.69307164286286,yes
34.2116016,74.33661539999999,200.39112222367402,yes
34.21248597142858,74.3374362,184.15889453640995,yes
34.211081033333336,74.33607418333332,108.49005895844525,yes
34.21168675,74.33768005,37.152658156907435,yes
34.2103215,74.33688423999999,71.27796011289789,yes
34.209276437499994,74.33581155,105.09281483576589,yes
34.2118444,74.33844640000001,122.55512777300598,yes
34.210705940000004,74.33615714,101.13517980843727,yes
34.2123641,74.3384009,64.71200651095432,yes
34.21194919090909,74.33707223636362,395.84653372313403,yes
34.21044195,74.3363775,100.31943589100665,yes
34.210617375,74.335444675,42.1126744060404,yes
34.21211618333333,74.33806143333334,81.94294456309683,yes
34.2113998,74.337194475,48.925050236098755,yes
34.21125978333333,74.33783995,372.5468683560714,yes
34.20940756,74.33649448,60.34327269016967,yes
34.211972312499995,74.33821972499999,151.75355707802316,yes
34.2114555,74.33688655,73.49223003859727,yes
34.21107145,74.337971675,75.02145317239409,yes
34.21048107,74.33601472000001,186.83236889503456,yes
34.211542574999996,74.33781797500001,213.466008370949,yes
34.2123073,74.337467525,35.686145781347925,yes
34.2116354,74.33587995,60.06841708799021,yes
34.21192826,74.33646595999998,61.07239215334675,yes
34.21222065,74.3371410875,259.18225620288786,yes
34.20954151666667,74.33543533333334,121.19653754212797,yes
34.209760724999995,74.3376135,144.81621267994058,yes
34.2115552125,74.33767498750001,142.62295369342002,yes
34.2106666,74.33599835,118.73483180258845,yes
34.21237065,74.338560625,216.48575097736187,yes
34.20937425,74.337498925,48.097936008375925,yes
34.210043325,74.336889025,99.58119863816849,yes
34.211190683333335,74.33594933333335,143.88308028818278,yes
34.212566075,74.3362549,132.90830982691665,yes
34.2122327,74.3355094,26.916650627900204,yes
34.2100743,74.33750280000001,33.44053726601166,yes
34.209872849999996,74.33727144999999,563.1617772501245,yes
34.210899975,74.3358079,129.61215193888125,yes
34.21168835,74.33546295,66.39012351038733,yes
34.211368675,74.33620925,151.62125987628113,yes
34.21029188,74.33703904000001,69.04462717601224,yes
34.212219825000005,74.3373747,112.53721573126174,yes
34.21139648333334,74.33599683333333,197.4758695920308,yes
34.20949955,74.3359572,130.9364186526314,yes
34.211639500000004,74.335795125,15.296345511587262,yes
34.20970585,74.33556130000001,133.49984569772218,yes
34.2103671,74.3374831,124.87043871276884,yes
34.209559675,74.335298075,99.68841844349609,yes
34.2106662,74.3377421,122.9492773348814,yes
34.21084636,74.33731562,68.48747308514064,yes
34.21191995,74.33662995,27.158159578892985,yes
34.21114805,74.3378743,13.370257153896617,yes
34.21031452,74.3371475,107.06741076947716,yes
34.209756,74.3372350375,167.99300437900553,yes
34.21010425,74.336397775,115.43021214859627,yes
34.210036349999996,74.33757346666668,154.57277818466503,yes
34.21116395,74.33612092499999,27.681767580822353,yes
34.212561,74.33709031666667,138.68281709830933,yes
34.210557825,74.337283025,62.601413723981594,yes
34.21003305,74.336497275,35.341040569343974,yes
34.210229,74.3377839,108.66181223785213,yes
34.211101,74.33789054,13.102984071058241,yes
34.212148,74.33680516666666,230.25600810108398,yes
34.2103041,74.3366547,53.64107512913412,yes
34.211110525,74.3355006,138.56725919934843,yes
34.211193275,74.336714525,83.1607646793623,yes
34.211891699999995,74.3365684,28.059695262032058,yes
34.21079094545455,74.33633044545455,280.0765353062333,yes
34.21282053333333,74.33706643333333,153.03687230067828,yes
34.209110325,74.33663345,12.164773128145018,yes
34.212431333333335,74.33825301666667,139.83378084574463,yes
34.21089645,74.33672810833333,295.31893273364994,yes
34.209780887499996,74.3370615,171.4979738015135,yes
34.210395500000004,74.33700879999999,106.70043312932142,yes
34.21152803333333,74.33603855,179.92807900546813,yes
34.211493,74.3372639875,365.19396939446574,yes
34.210607575000004,74.33561569999999,111.7055180892075,yes
34.21074648333334,74.33676676666666,172.78706931150737,yes
34.21122173333334,74.3378853,22.944069638731943,yes
34.20965135,74.3362335,516.4327339917234,yes
34.21148065,74.3355263,152.45198634359573,yes
34.21042805,74.3368061,115.50671210964248,yes
34.209442640000006,74.33655082,60.58026688653928,yes
34.2210019625,74.38893307500001,287.9229180363436,bridge
34.22106113333333,74.38852926666665,1079.858249732396,roof
34.21918075,74.36263565,36.36333413088916,yes
34.22246294999999,74.37587497499999,132.62714087122902,yes
34.219789925,74.36737509999999,93.55797085418928,yes
34.219746275000006,74.36727855,93.48343588072456,yes
34.22039298,74.36775064,86.3669794931316,yes
34.21958755,74.36748065,65.8776105655801,yes
34.2198824,74.367254825,152.11064316250793,yes
34.220721275,74.37137875,70.09378435860594,yes
34.220776425,74.371444325,43.505802628232345,yes
34.22038714,74.36787342,215.30715177352587,yes
34.219710966666675,74.36889814999999,301.4571532839821,yes
34.219804,74.3666716,48.07485789145818,yes
34.2197869,74.36872782500001,20.5829792523624,yes
34.219973,74.36819811666668,193.18366761598912,yes
34.220232,74.367755925,42.43595282389049,yes
34.220891725,74.37169302499998,181.04542813913324,yes
34.2207513,74.371861475,50.07225084536164,yes
34.2194877,74.36704255000001,31.05983643053866,yes
34.219077060000004,74.36259609999999,166.88311283611083,yes
34.219743325,74.3687672,46.040333458914745,yes
34.22087795,74.367427875,215.5281111616875,yes
34.22093809166667,74.368048925,227.40782452792433,yes
34.2207139,74.36819245000001,223.35239382271354,yes
34.2197026,74.367182,93.53332593716524,yes
34.22002225,74.3685123,41.47624053348082,yes
34.22075602499999,74.37160937499999,94.84473790294132,yes
34.22106635,74.36775965,25.449991601243845,yes
34.22063855,74.36768073333333,179.9865303137288,yes
34.219905849999996,74.36685935,137.44953518385813,yes
34.214370450000004,74.3789338,2214.202652427488,yes
34.214491816666666,74.37841788333333,364.35605658421406,yes
34.214498750000004,74.378669175,87.41362552811079,yes
34.214665700000005,74.37815015,84.71565870556998,yes
34.2145526125,74.38042713749999,562.3113133476069,yes
34.21477358125,74.37821660624999,444.9738841929171,yes
34.214240775,74.378285275,86.22768820197943,yes
34.214112910000004,74.37830040999998,166.4218982688256,yes
34.214582375,74.37957505,93.28815115000077,yes
34.218908475000006,74.37655935000001,17.311662046593412,yes
34.22027736,74.37849422000001,132.57194808307747,yes
34.2205013,74.37899756666667,200.2264145163852,yes
34.2183809,74.37783999999999,165.47448891357723,yes
34.21860416666667,74.37591763333332,148.19826336712322,yes
34.2203797,74.37905868333333,137.07175806941785,yes
34.21959355,74.37784185,193.85251840124215,yes
34.2186226,74.3746962,53.239904630835355,yes
34.218969349999995,74.377757425,13.157941487588243,yes
34.218435850000006,74.37524747500001,70.75023106938085,yes
34.2205126,74.37834369999999,73.22321415850953,yes
34.21871575,74.37663047500001,52.87428522438216,yes
34.21957635,74.3768586,96.56660095560355,yes
34.220716450000005,74.379222925,310.05493776873715,yes
34.218394625,74.3772746125,344.6886541079507,yes
34.218128425,74.376379625,142.41624088659114,yes
34.217931925,74.37767475000001,190.3537065757639,yes
34.218134625,74.37769962499999,133.8890669672428,yes
34.21910065,74.37734085,140.4126373815658,yes
34.21847805,74.37720405,44.63940737479672,yes
34.21765925,74.3775776,25.142251001899602,yes
34.220092625,74.378269175,133.30201880624838,yes
34.220222575,74.379042,201.8705619607412,yes
34.22089525,74.37822067500001,79.16427509204361,yes
34.219143425,74.377098,197.15927607179572,yes
34.22009255,74.3795807,155.4088939494702,yes
34.219450325,74.37719190625,449.11513851582833,yes
34.218743165,74.37611380999999,339.37747716819376,yes
34.2199731875,74.37727455,848.2282591448366,yes
34.22024025,74.37945077500001,45.86548956809438,yes
34.217758724999996,74.37765325,132.00494347794435,yes
34.22044207,74.37878872,312.124995229437,yes
34.2189723,74.37805814999999,40.24864955488036,yes
34.219986999999996,74.3793713,168.95558332313857,yes
34.218846125,74.3766607,162.55032229712629,yes
34.21775635,74.37618656666668,177.7051353028296,yes
34.217963375,74.37800125,74.2792821290509,yes
34.21921505,74.37675820000001,216.34665429956814,yes
34.22051536666667,74.37939506666667,139.49064676112124,yes
34.21782485,74.376482325,153.61275808086145,yes
34.218141474999996,74.37522332500001,115.15501170880572,yes
34.218652049999996,74.3779487,28.71699734889082,yes
34.2194718,74.37773274999999,126.4521381986693,yes
34.2179867,74.376431475,164.98634535886816,yes
34.217733749999994,74.3773890125,308.36251921196697,yes
34.220131560000006,74.37924785999999,177.43951895153398,yes
34.218021316666665,74.3775361,145.24717509887034,yes
34.21860383333333,74.37779043333335,141.24861718309572,yes
34.2193416,74.37757827499999,162.55171782598927,yes
34.220931500000006,74.37833112499999,107.7555780232451,yes
34.217763975,74.3757769,125.95985243633623,yes
34.21864345,74.37643475,100.83058723659761,yes
34.219236849999994,74.37490704999999,34.88625205368549,yes
34.218277925,74.37626879999999,130.73884740264532,yes
34.218969924999996,74.37698777499999,130.56974197137615,yes
34.21896983333334,74.37634616666666,155.98754799749702,yes
34.220610975,74.378417575,63.82361371969166,yes
34.218744650000005,74.37649485,114.04472601106588,yes
34.220123400000006,74.37870465,132.73331854361157,yes
34.21764988333333,74.37684243333332,58.72179851072379,yes
34.220305325,74.378717275,144.40851143600156,yes
34.21912495,74.37642009999999,78.53639645684476,yes
34.218042700000005,74.37717992500001,270.4748336054554,yes
34.217796775000004,74.376324125,130.86264170220494,yes
34.217885325,74.375282825,57.53716775142793,yes
34.21999635,74.3787104,121.95887391753698,yes
34.219478249999995,74.37667594999999,58.96242273972621,yes
34.219274625,74.377853125,175.33625917339683,yes
34.218514674999994,74.376342475,102.80449690061914,yes
34.2209049,74.37806067500001,95.5693847459466,yes
34.22073965,74.3781409,188.9676105934812,yes
34.219205025,74.376562,54.263468182181,yes
34.218141075,74.3772943,15.333096740336122,yes
34.220827375,74.37808095,24.283581242376595,yes
34.217926,74.3762956,122.14733682487386,yes
34.2195251,74.37672655,49.597259667859966,yes
34.218340325,74.376474875,178.5269424192968,yes
34.21930195,74.37771975,175.43379008754664,yes
34.21968304999999,74.37774114999999,28.8341187853374,yes
34.2182159,74.37633268333333,109.57137548870901,yes
34.219979525,74.376100775,30.900622553604975,yes
34.2179599,74.37509845,235.61960443985743,yes
34.22021292000001,74.37841662000001,131.52349063403716,yes
34.217849275,74.375382925,40.806350826989764,yes
34.22003115,74.378813925,79.11683037739093,yes
34.21977091,74.37775995,256.1174695390362,yes
34.218327225,74.375197225,146.90228520175492,yes
34.220602625,74.37937865,28.11542799602676,yes
34.21991596666667,74.37923298333334,181.9713050464821,yes
34.217736425,74.3778071,146.61402278590475,yes
34.220387370000005,74.37947580000001,136.34212147583713,yes
34.22017295,74.37888805,106.91277289487493,yes
34.21988805,74.37908395,197.72843589509353,yes
34.22050306,74.37776298000001,168.71239708626962,yes
34.21933643333333,74.37703316666666,154.75084307834356,yes
34.2203344,74.37887860000001,101.62540975672862,yes
34.220448325,74.37922525,168.800176052462,yes
34.22026794999999,74.3795854,52.5057124819058,yes
34.21820305,74.376988625,180.5229268571835,yes
34.217902349999996,74.37664742499999,37.52386552223686,yes
34.21897415,74.37723349999999,101.36705410727728,yes
34.21863086250001,74.37508388750001,348.54731756498296,yes
34.22010286,74.37934676,24.243610273719433,yes
34.22083925,74.37926734999999,37.8842237262496,yes
34.21885695,74.377700075,197.21132220725963,yes
34.218831449999996,74.3778612,193.98268573875256,yes
34.2203198,74.379310625,218.34176103993232,yes
34.2190608,74.37745516666666,121.64251754214999,yes
34.220073799999994,74.37844635,178.88202484460118,yes
34.21938926666667,74.37686023333333,77.35661204818445,yes
34.2190073,74.3778797,164.4291832890777,yes
34.21872325,74.375820575,74.55006041933763,yes
34.219362724999996,74.37744947499999,133.19387960696588,yes
34.220195725,74.37957205,26.281914512184088,yes
34.220559725,74.378630825,36.55995632899422,yes
34.218165,74.374876425,48.963450089404944,yes
34.217859950000005,74.37704690000001,155.41822669028278,yes
34.218232199999996,74.37743119999999,144.38062594492763,yes
34.218364225,74.376281675,16.37090271659743,yes
34.22005721666667,74.37899621666668,141.70507916945485,yes
34.219045725,74.37759042500001,112.40382660349351,yes
34.2192238,74.3769003,142.16318610594894,yes
34.2188636,74.37683005000001,181.90160104076847,yes
34.219035975,74.3765232,203.35210253136336,yes
34.21859635,74.37436465,28.330035892695598,yes
34.21999435,74.379076325,34.61382969918184,yes
34.213550899999994,74.34485214000001,188.21003396404848,yes
34.2136887,74.34483626000001,147.49849449533326,yes
34.2069259,74.3431306,87.72839832644277,yes
34.206916240000005,74.34305364000001,51.9380318050232,yes
34.2069124,74.3432586,94.11687810927359,yes
34.2112234625,74.339370375,39.80546972528357,yes
34.21151951666666,74.33913331666668,10.991730127811888,yes
34.211521975000004,74.3391817,12.796273490611162,yes
34.211138175,74.339417625,94.09176042213716,yes
34.211177625,74.339736125,64.31629164354084,yes
34.2110729,74.339671575,82.4011684265523,yes
34.21129261666667,74.33950836666666,79.1012630961551,yes
34.2111604,74.339025125,50.130302580862704,yes
34.211377825,74.33955425,30.880464422053443,yes
34.21180833,74.33897422999999,491.160949577025,yes
34.211680775000005,74.33906685,103.13773112267796,yes
34.211144125000004,74.339639625,39.49134535606223,yes
34.211609333333335,74.33953876666668,245.8091466998527,yes
34.21164374999999,74.33873940000001,43.250090371384246,yes
34.211297175,74.3392432,25.370836307500756,yes
34.211450825,74.339167075,22.757351334408355,yes
34.2116514,74.3388868,79.1458136175802,yes
34.211333625,74.339023275,94.28147037370555,yes
34.2115758,74.33863265,150.68034924653,yes
34.211264625,74.33888590000001,89.91447409769064,yes
34.2112454,74.3390347,90.06009783743028,yes
34.211841925,74.33934855000001,28.942169555726664,yes
34.21131455,74.3393474,94.79324984687362,yes
34.21143515,74.3393478,241.02904312514903,yes
34.21153095,74.339339575,69.01513564400682,yes
34.21151365,74.33924429999999,17.33807908597241,yes
34.21130315,74.33917170000001,30.26162735856991,yes
34.21166425,74.33897475,33.567308561176354,yes
34.211194750000004,74.33956895,75.40002450758097,yes
34.21120808181818,74.33928404545455,147.65350111723782,yes
34.211264799999995,74.33968934999999,55.01684331796419,yes
34.211201849999995,74.3391523,26.669127074104964,yes
34.21166035,74.339387125,78.16549334574614,yes
34.21138424285714,74.33963489285713,403.72902913463344,yes
34.21126075,74.33918105000001,28.025447284730454,yes
34.21172325,74.33920675,116.31525926467103,yes
34.20686181666667,74.34446826666665,220.92605131202376,yes
34.20693081666666,74.3444949,212.58582414299343,yes
34.205351,74.3455397,197.92697743888695,yes
34.205132075,74.34566562500001,186.64615490820336,yes
34.2050421,74.3459271,317.13409156766727,yes
34.20375315,74.35124694999999,177.7280188656179,yes
34.203788625,74.350989475,127.96629579571413,yes
34.203814924999996,74.35072305,181.00379001657967,yes
34.203333375,74.3512223125,1968.2109977931998,yes
34.20364696,74.35100076,62.16376675501436,yes
34.203617075000004,74.351386075,150.07995224696367,yes
34.21090515,74.3310187,18.870214129163937,yes
34.21116225714285,74.3322502,473.3882198285215,yes
34.21153855,74.33185515,52.75491440411892,yes
34.211211525,74.32824,35.75429898487881,yes
34.210634999999996,74.33189142500001,25.256924428151212,yes
34.210954075000004,74.330210375,63.81819891666012,yes
34.21078206666667,74.33173555555555,479.8560334022539,yes
34.211202175,74.32852001250001,65.28007681312269,yes
34.210960175,74.3306274,425.2305652061721,yes
34.211198350000004,74.32835664999999,17.510332142762145,yes
34.21108228333333,74.3301679,61.833078076183256,yes
34.21148445,74.3317474875,208.16468949362218,yes
34.211013400000006,74.32957235,49.241430761608534,yes
34.211331775,74.3316956,208.2932873126383,yes
34.210944366666666,74.33102981666667,288.8240603870912,yes
34.21082435,74.3307658,35.12930692209676,yes
34.210988549999996,74.32986805,33.02831240710225,yes
34.21077371818182,74.33140100909091,521.414737671833,yes
34.2108385,74.332127625,23.477611991042334,yes
34.210918899999996,74.330421375,86.39550515210365,yes
34.210630519999995,74.3315214,29.96974004749473,yes
34.21074746666667,74.33111383333333,268.24246181122476,yes
34.21108705384615,74.33195090769232,569.9924781170243,yes
34.21092635,74.33031235,38.86854133160391,yes
34.21099135,74.32935185,103.75570337103309,yes
34.06653869,74.81214027000001,1224.051738556251,yes
34.0970122,74.8050921,156.48714550291442,yes
34.1325120625,74.80255319999999,403.9109243573905,yes
34.08250575,74.81999673333333,210.70464951110296,yes
34.01994285714285,74.77414281428572,608.1854394317057,yes
34.060340725,74.80896842499999,335.06141460236614,yes
34.083169174999995,74.79477782500001,665.8042065186127,yes
34.0832437,74.77721696666667,389.31461267253513,yes
34.13068013157895,74.83702142105263,758.296958734326,university
34.130631790909085,74.83810041818184,635.1481610187014,university
34.130013691666676,74.83879226666666,196.67186087660616,university
34.12820015,74.83409543333333,824.575909981444,university
34.12900074615385,74.83535560769229,653.6166794166851,yes
34.13411828695652,74.8377225347826,1836.0389272349812,university
34.13427477692308,74.8366777076923,1091.7183447755742,university
34.13460305,74.8378674,444.5103804428391,university
34.1352919,74.83728905,154.10822432693874,university
34.14028160555555,74.83637052777777,1095.8189515989425,university
34.1372844,74.8363856375,591.6574664854425,university
34.137905026315785,74.83727967368422,125.64791946850863,yes
33.743922850000004,75.1985026,89.88689156781707,yes
34.13215855,74.80468139999999,20.280441695672646,retail
34.0980641,74.8289337,121.68236182281936,yes
34.08948865,74.80607055,70.89760661643555,yes
34.063413000000004,74.80212436666667,10213.486210274143,no
34.062723950000006,74.801027025,557.2949377784512,yes
34.0620808,74.8009122,436.8571975172258,yes
34.45965325,74.23437,15.18288006875941,retail
34.275891725,74.674200575,61.6883218013443,mosque
34.52725265,74.257292375,309.3101487391039,yes
33.529868750000006,75.3779961,133.6354736821466,yes
33.5299397,75.378236675,196.95200324881083,yes
34.071450121428576,74.8349893357143,1727.4719788063844,stadium
34.048418,75.639155475,43.95051719907278,yes
34.0483182,75.638976125,46.47408798871468,yes
34.0670396,75.61954204999999,67.51479420475869,yes
34.06693261666667,75.61968893333334,70.06514043745777,yes
34.066797125,75.6196884,75.94523226380491,yes
34.013497725,75.5407864,142.11145741170802,yes
34.0133149,75.54058715000001,147.26808765095063,yes
33.99923665,75.528214625,31.095244532360283,yes
33.990769650000004,75.5233858,45.43600443219553,yes
33.98560862,75.51649592,82.91543030777916,yes
33.985439975,75.516468575,115.8404842195869,yes
33.985329719999996,75.51637092,63.87086711853978,yes
33.985277350000004,75.51616795,99.17608027543923,yes
33.985228675,75.516405,126.1166932000601,yes
33.985089560000006,75.51637508,110.57286553145931,yes
33.9850195,75.516266625,110.25226427954757,yes
33.9851447,75.516131175,119.47107217166482,yes
33.984870775000005,75.51623215000001,173.0905416490843,yes
33.984631650000004,75.516412575,114.908467262602,yes
33.9847788,75.516182525,72.20146417522146,yes
33.984910925,75.51597355000001,147.31410866206252,yes
33.984655825,75.51617962499999,150.01758514353395,yes
33.984432225,75.51615687500001,127.53742030639697,yes
33.983856675,75.5166408,109.68691443304802,yes
33.984166,75.516461025,38.24402959926247,yes
33.981456224999995,75.51518877500001,135.95395500089015,yes
33.9813559,75.515039375,104.89446593701615,yes
33.98155735,75.515094275,94.48651502413787,yes
33.982183524999996,75.51551707499999,129.41523643976453,yes
33.982155325,75.515733875,97.08889821333801,yes
33.981928175,75.51571932499999,57.974949585762744,yes
33.9823361,75.51571625,160.92705202103286,yes
33.983471125,75.51612925,114.57298524243984,yes
33.982325149999994,75.5150465,152.43768203634593,yes
33.9818616,75.51500480000001,114.06175103153357,yes
33.98164415,75.5148229,110.66111247237922,yes
33.98152718,75.51471211999998,103.21670192702179,yes
33.981477475000005,75.5146029,86.76982633997876,yes
33.947836599999995,75.51727762499999,135.83979858796272,yes
33.948173525,75.517214775,116.8066171481509,yes
33.948660875,75.51717407499999,89.1021443185226,yes
33.948651350000006,75.517526225,158.73401580417942,yes
33.948868600000004,75.517563375,128.39462717729373,yes
33.948336475000005,75.517527125,161.4945885783036,yes
33.948561075,75.517659825,123.32407091693345,yes
33.948156624999996,75.51754835,153.5534289041002,yes
33.947733125,75.517628875,152.8150872224112,yes
33.947785225000004,75.51781555,132.66175859842502,yes
33.94764725,75.517770425,106.05803760428853,yes
33.947937175,75.5177315,161.33708403481685,yes
33.94802085,75.51790845,180.24457316943594,yes
33.948250575,75.51771205,131.44658303850122,yes
33.947350725,75.51812257499999,119.47699064344602,yes
33.94822515,75.51796164999999,111.5712955000256,yes
33.94837095,75.517763375,121.26433279055723,yes
33.948467824999994,75.5173466,90.63408525491917,yes
33.948360699999995,75.517369625,74.25409162359239,yes
33.9393489,75.521745925,139.35664579965993,yes
33.9388371,75.522114725,134.70143079271617,yes
33.93863795,75.52189345,236.82827984339335,yes
33.935650499999994,75.5228519,137.33930741610772,yes
33.935369,75.523421875,114.07096219539966,yes
33.9204949,75.52298082000002,170.21322562018875,yes
33.920365825000005,75.523367475,103.00331827072768,yes
33.9166255,75.524118375,77.63471258178745,yes
33.9160381,75.523549975,80.49739869113392,yes
33.916073875,75.523701675,121.04001420724234,yes
33.9160093,75.52387730000001,145.2581209727264,yes
33.91617162,75.52417274000001,190.0730172765804,yes
33.91592815,75.52357537500001,129.21143691762472,yes
33.9158118,75.523591525,95.30773994816836,yes
33.91560855,75.5231648,66.72786938140186,yes
33.91546665,75.523067,264.9205258898281,yes
33.915514574999996,75.523358925,84.85612184130962,yes
33.915533100000005,75.5235122,132.57312984575503,yes
33.9157255,75.52376715,114.09326870823821,yes
33.9157626,75.523465225,52.30931346850271,yes
33.915345225,75.52357535,145.56558650541916,yes
33.9151905,75.523247975,131.9156935149153,yes
33.9149444,75.52338359999999,88.72325176409024,yes
33.915632175,75.52390427499999,103.67316304936021,yes
33.915587450000004,75.52377485,82.79755115003636,yes
33.91555525,75.5236463,103.99841778879612,yes
33.915508925,75.524008275,109.32556905794115,yes
33.91594285,75.5237433,51.30648179732593,yes
33.915923675,75.524123025,133.22253387657014,yes
33.9162408,75.524241975,78.97997170965321,yes
33.9162049,75.524393375,89.45783018812739,yes
33.916069125,75.5243684,157.686302996339,yes
33.9159211,75.5244065,118.14134324499324,yes
33.915813099999994,75.52405755000001,171.18590008095387,yes
33.91570505,75.524003625,43.69746726765492,yes
33.9157125,75.52415085000001,64.68283695900664,yes
33.915749174999995,75.524349475,143.33684482108055,yes
33.91561685,75.524462725,132.37060766464964,yes
33.9155913,75.524199275,121.19050563157734,yes
33.915432124999995,75.5244219,102.52148881037886,yes
33.915307625,75.5243043,252.8448756101683,yes
33.915318975,75.5241384,81.99655278112158,yes
33.915298675,75.524028125,72.82769800246568,yes
33.915241625,75.523901175,66.5163753578689,yes
33.91489776,75.52395072,108.38718525680105,yes
33.91513677500001,75.52399205,114.74576764642542,yes
33.91492395,75.52407985,82.77008132769078,yes
33.915133725,75.52423239999999,159.06918043314764,yes
33.915166625,75.52437495,112.2826897636444,yes
33.914823625,75.524053,106.06013591292688,yes
33.91502175,75.5239266,81.98462849203194,yes
33.915148949999995,75.523739425,86.57233737586111,yes
33.9146625,75.52404985,127.03457905856651,yes
33.9155293,75.524584425,113.13000136912355,yes
33.9153765,75.52466605,210.4786188603108,yes
33.915209675,75.524549725,108.60452118648774,yes
33.91473855,75.52371635,94.46591421943134,yes
33.9148907,75.5242301,131.89784214023632,yes
33.91493995,75.524520475,195.0904033882344,yes
33.914897100000005,75.52471995,203.30537303037414,yes
33.915063925,75.52458135,112.65390494513738,yes
33.914755325,75.52440122499999,127.91184020716747,yes
33.914544250000006,75.52450275,149.61232961549362,yes
33.914423425,75.52434252500001,146.92420621374285,yes
33.914257899999996,75.52382265,93.62413447378222,yes
33.914528925,75.52403132500001,42.782087861195166,yes
33.914167125000006,75.5239582,99.19464634236448,yes
33.913944025,75.523598475,166.25191391709515,yes
33.914164525,75.523750225,144.51955975206175,yes
33.9140559,75.52388272499999,149.8698112495165,yes
33.91359575,75.52336595,147.22340513811884,yes
33.9136142,75.52366855,144.2211306623597,yes
33.913562399999996,75.52348832499999,55.610270100324485,yes
33.913433024999996,75.52344395,127.6593022819501,yes
33.913390025000005,75.523662075,45.73699149533568,yes
33.91331375,75.52375945,48.81824367122718,yes
33.91383917500001,75.523751,136.27774137223787,yes
33.91376825,75.523927375,124.27732004044249,yes
33.913825775,75.52359307500001,53.08689295819807,yes
33.9139063,75.523881925,48.29480432617554,yes
33.914163900000005,75.5241469,148.40714180747,yes
33.91370786,75.52405744,90.95772334170033,yes
33.913595625,75.5238704,78.7964441055049,yes
33.9136015,75.52407245,98.61648612626291,yes
33.91352405,75.5241469,94.67945656709281,yes
33.913253025,75.52418850000001,204.06363000505772,yes
33.91348442499999,75.52454742500001,119.30482275849948,yes
33.913439675,75.5243564,109.33586809982795,yes
33.91301835,75.52434345,188.10706705685254,yes
33.913216250000005,75.523984575,62.70400574732,yes
33.914225925000004,75.5243903,117.00668900746231,yes
33.91406930000001,75.52431584,96.56823522312692,yes
33.914099975,75.5246445,108.51184333964001,yes
33.913969575,75.524373075,115.0434681952584,yes
33.913849400000004,75.52437565,115.48387399341814,yes
33.913759925,75.524557475,149.6389997068022,yes
33.9138846,75.52459287500001,104.3383989705151,yes
33.914374875,75.52472305,81.04351198207597,yes
33.914291750000004,75.52410069999999,68.79840900278448,yes
33.9140578,75.524797775,108.31909534592316,yes
33.913851975,75.52488635,112.16088080239297,yes
33.91349937500001,75.524721875,81.8970794886726,yes
33.91414795,75.525056575,114.97868661830893,yes
33.91330765,75.52471525,53.23394739474939,yes
33.914737275,75.52456175,208.39376971483995,yes
33.9146849,75.524784675,202.09710679041066,yes
33.91456105,75.524648275,72.75588709512371,yes
33.914543625,75.525142075,162.99801668755396,yes
33.914765425,75.524926375,95.97663059402694,yes
33.910505050000005,75.51986740000001,124.33046054205985,yes
33.911372875000005,75.521977425,107.63151939828708,yes
34.111165650000004,75.279657525,160.88108382271275,yes
34.111141475,75.27902475,151.9370986783474,yes
34.110859225,75.279746275,135.29902538779757,yes
34.110732575,75.279146175,58.4121691836639,yes
34.110404900000006,75.28001477500001,173.5500502972332,yes
34.110301760000006,75.27961522000001,132.41415895123487,yes
34.110207075,75.279679375,144.45109198897885,yes
34.1102614,75.27881765000001,133.3032702609643,yes
34.0987775,75.2731557,107.11614795333853,yes
34.0893918,75.26282660000001,155.0877447317281,yes
34.08494025,75.26294815,235.92820271834887,yes
34.08464145,75.2629995,174.25171339994125,yes
34.084508,75.2630672,178.07428176745475,yes
34.080225340000005,75.26565656,137.29447533049083,yes
34.0802962,75.26738879999999,229.98498567785686,yes
34.079832350000004,75.267095075,147.517952254597,yes
34.080324850000004,75.26570397500001,102.48894408054144,yes
34.079516674999994,75.26780245,124.84893444218014,yes
34.078995575,75.26768965000001,184.24893766122796,yes
34.07848545,75.267941675,169.10239138094607,yes
34.075069625,75.26776495,217.65097219507962,yes
34.07461805,75.26801947500002,215.58048307761652,yes
34.07432795,75.268191075,160.93708102801037,yes
34.074609325,75.26901885000001,141.08550736678927,yes
34.074258300000004,75.2685203,153.26819629333522,yes
34.07408425,75.26838137499999,135.56449188944708,yes
34.07042615,75.270229,107.31978335909922,yes
34.063198050000004,75.2750592,166.03136613701676,yes
34.063593775,75.2746486,131.38305084525598,yes
34.062997625,75.275327525,85.2363350447587,yes
34.062382975000006,75.275685275,131.83305811165917,yes
34.062830925,75.27515065,126.69435938462473,yes
34.063347325,75.274024375,113.52962153526724,yes
34.06283345,75.273703375,147.59349501738365,yes
34.0622684,75.27503374999999,114.85809715379449,yes
34.06225905,75.27486900000001,86.31643280222764,yes
34.062241275,75.27516255,110.65738113770786,yes
34.061492175,75.2804256,104.36501033347662,yes
34.06079835,75.281791625,61.73406895996879,yes
34.0613928,75.280611625,53.95518481130968,yes
34.060381575,75.28106495,50.10832333701301,yes
34.060764675,75.2819573,66.45506758930568,yes
34.06141215,75.2820386,54.648732155428874,yes
34.0591059,75.28117470000001,188.3050878656823,yes
34.0588348,75.28074477499999,112.04765883010774,yes
34.05865965,75.2808769,154.6547948986733,yes
34.046836840000005,75.29372062,135.15966542884425,yes
34.046022475,75.29454815,264.9480407353325,yes
34.046322375,75.2943899,101.00701541868385,yes
34.04644275,75.29423215,143.30391300640935,yes
34.046254925,75.2945349,96.52028084363224,yes
34.045900350000004,75.294711775,118.9900954927528,yes
34.045723175,75.29473275000001,86.9850576016085,yes
34.045808425,75.29491432500001,136.90013325561074,yes
34.0456596,75.29512299999999,168.86321850790944,yes
34.045547799999994,75.295239125,148.04297310900222,yes
34.045358824999994,75.2953541,217.80965550110756,yes
34.044660199999996,75.29569497499999,101.95467064110005,yes
34.0449667,75.295699475,102.5456480399377,yes
34.04462955,75.295960875,107.90184516163924,yes
34.04447965,75.296218,141.3138342863812,yes
34.044160475,75.2969183,72.87459758583279,yes
34.03586385,75.302095675,92.67785360953266,yes
34.034022675,75.30385275,156.17542172888375,yes
34.034068875,75.303364375,123.12589932531336,yes
34.033742600000004,75.30382445000001,141.57763831861078,yes
34.03409525,75.30312015,80.3440018431121,yes
34.0331055,75.30396195,193.26035924883132,yes
34.022662425,75.31050454999999,555.9911136164927,yes
34.022206675,75.31057344999999,1555.2749054123851,yes
34.022451275,75.311784375,307.2942908085399,yes
34.021598025,75.31060497499999,291.9703642632834,yes
34.021235239999996,75.31192928,291.75123018905435,yes
34.021091074999994,75.311888475,228.46144299986736,yes
34.021151950000004,75.3107579,252.79028090245419,yes
34.022201825,75.312271,228.49483297002925,yes
34.0221352,75.3128841,346.5426464376664,yes
34.02100775,75.31083964999999,184.74704885421784,yes
34.0214548,75.312353875,203.86991969694748,yes
34.021193525,75.31335092500001,139.08880316339838,yes
34.020755175,75.31082445000001,200.01527699443943,yes
34.020881949999996,75.3126446,275.15188462858663,yes
34.021030975,75.31301935,180.7236457962485,yes
34.02002555,75.312277975,273.29688704247667,yes
34.020403925,75.31100775,260.0136395209963,yes
34.020485199999996,75.31288275,219.32607985198354,yes
34.020818075,75.3139802,157.60042198849658,yes
34.019750724999994,75.314380625,755.0638927351688,yes
34.0195456,75.31264575,323.68878135032406,yes
34.01931045,75.31264345,209.24367994186542,yes
34.01902885,75.31307422500001,317.66890344708304,yes
34.017863750000004,75.31224995,113.95295329683236,yes
34.017707975,75.310427525,215.75841951960345,yes
34.01698605,75.310847775,245.3053775846385,yes
34.014969275,75.31422805,323.87584766068994,yes
34.012830799999996,75.31720257500001,610.6458215830182,yes
34.014010625,75.314073525,72.68808960816506,yes
34.013674525000006,75.31394850000001,82.64206714355137,yes
34.013683775000004,75.313833675,166.0996689564874,yes
34.013699775,75.31367005,98.52648484644328,yes
34.013879225,75.31367407500001,228.51503301886714,yes
34.013690499999996,75.31348097499999,184.9161434767155,yes
34.01371325,75.3132929,102.81238545415907,yes
34.013541525,75.31312112500001,159.32313628112723,yes
34.01338425,75.3131674,200.68621674477407,yes
34.0133887,75.31293205,201.6314614822429,yes
34.01329475,75.313164675,160.4709127709857,yes
34.0131669,75.313368575,124.08703387274997,yes
34.013198025,75.31355365,297.61637949072144,yes
34.01322582,75.31384266,152.08502534557346,yes
34.013215824999996,75.313731325,78.43282418247287,yes
34.01293556666667,75.31377499999999,88.09148485880425,yes
34.01289034285715,75.3138479,92.02113352960814,yes
34.012812350000004,75.31382995,116.96175698777823,yes
34.012935675,75.31366427500001,71.22115588473804,yes
34.012692225,75.313959325,54.86332913599138,yes
34.012616075,75.313795725,101.06779954399971,yes
34.012750025,75.3137092,63.46730080887212,yes
34.012968475,75.31353687500001,160.36073839445822,yes
34.01301683333333,75.31319775,299.7983982315786,yes
34.013174675,75.3131721,154.07458553286887,yes
34.013076874999996,75.313177025,116.98921843268545,yes
34.013581225,75.31268227499999,103.82303248138706,yes
34.013287525,75.312710775,103.92618814209322,yes
34.013272225,75.312832475,97.26528950214941,yes
34.012063500000004,75.313919075,227.7414020909435,yes
34.013768524999996,75.313834525,96.8257628695556,yes
34.011960775,75.317699525,206.74908413755162,yes
34.0124518,75.3172004,88.5287481143585,yes
34.0132518,75.31759862499999,309.91523915445396,yes
34.013206475,75.317210425,150.11957464732043,yes
34.013223075,75.31735062499999,119.05186661361546,yes
34.01472524,75.31747370000001,528.2629479630732,yes
34.01463236666667,75.31774831666667,465.80462221167,yes
34.0148997,75.31732595,380.41557566310064,yes
34.01517293333333,75.31749311666667,1209.1301298540918,yes
34.01556625,75.317433025,321.49845056600935,yes
34.012167025000004,75.31741299999999,90.97292835261821,yes
34.009435925,75.31812102500001,147.99386009853066,yes
34.008855075,75.318076925,157.3345196037812,yes
34.008645925,75.31787595,137.81311208077796,yes
34.0084596,75.317814,141.2551407372828,yes
34.0085269,75.31829376666667,616.0211086771005,yes
34.00827185,75.31771845,124.74287908676807,yes
34.008098000000004,75.31780692500001,194.6285808882368,yes
34.008326275,75.31803625,92.38640118606224,yes
34.00809515,75.31817735,127.3973570337089,yes
34.0055548,75.315686875,875.414433154907,yes
34.005889275,75.31559742499999,216.8219413440369,yes
34.006196849999995,75.31546325,137.0595781425427,yes
34.0049549,75.31749702500001,266.0616625256665,yes
34.004959975,75.31764945,210.63465026393084,yes
34.003835125,75.31686382500001,312.0199635749382,yes
34.003870524999996,75.31719819999999,183.47305444928747,yes
34.00359528333333,75.3173029,285.5106698176205,yes
34.00291,75.3172175,163.849565484931,yes
34.002923474999996,75.316812,126.9441145089925,yes
34.00244995,75.31687500000001,189.76862557329528,yes
34.002918425000004,75.3174655,197.91240339642854,yes
34.0025957,75.317815125,572.5291496210918,yes
34.002339575,75.31768707500001,146.45413784241248,yes
34.00167225,75.317021375,163.5424964854755,yes
34.001764225,75.317487,121.65418386674892,yes
34.00191155,75.31823695,222.15731998312697,yes
34.001591325,75.318461525,280.45641550406117,yes
34.001287999999995,75.317596625,145.8605593316378,yes
34.001033525,75.31854692499999,103.11710603878137,yes
33.999733425,75.31713925,127.91571303488695,yes
33.999608675,75.3171423,205.87254674774402,yes
33.999282625000006,75.31728662500001,94.7421899936119,yes
33.999041625000004,75.3172978,222.63558588357165,yes
33.9984223,75.31753465,185.5660222051315,yes
33.9982243,75.317596625,346.3957656602599,yes
33.99405791428571,75.31684102857142,222.73752474847925,yes
33.993897849999996,75.31684705,342.67006224080546,yes
33.99392085,75.3169908,367.610008239537,yes
33.99347665,75.31695010000001,270.49106436567047,yes
33.994664424999996,75.316850425,54.65570353661951,yes
33.99365281666667,75.317922,179.64413089189816,yes
33.993574083333336,75.31795798333334,137.385691136475,yes
33.99326485,75.3179421,145.99806878383257,yes
33.991575874999995,75.317261175,135.54487799774796,yes
33.99131495,75.31707505,135.569641673808,yes
33.991232625,75.316841925,177.6409662132435,yes
33.991098425,75.315254025,64.90850236110148,yes
33.9891336,75.318243025,174.79504117881734,yes
33.9892072,75.318620525,224.21906843565375,yes
33.9856148,75.31729692500001,84.53968711680656,yes
33.984951575,75.319325575,279.6143184903011,yes
33.984788099999996,75.319017625,138.2469447164887,yes
33.984051525,75.318131375,111.2311917882934,yes
33.984184675,75.319092875,78.36484955159757,yes
33.984258,75.31890785,122.65733117354041,yes
33.977545975,75.3172034,157.6638576479524,yes
33.978437674999995,75.31855415,85.41521254143714,yes
33.9786256,75.318645625,124.46308106492577,yes
33.978322250000005,75.31845965,118.55429184009489,yes
33.977433025,75.31706822499999,105.4136597645536,yes
33.977329375,75.31701435000001,103.72841158811799,yes
33.977207975,75.31707027499999,119.53938937835727,yes
33.977124550000006,75.31701335,118.89790849249817,yes
33.977034375,75.316859875,92.80231477356173,yes
33.976155275,75.317604875,96.40959450382846,yes
33.975844275,75.3177116,195.5180308506827,yes
33.975581325,75.31703264999999,81.84418996464063,yes
33.973551075,75.31282470000001,89.83705607200923,yes
33.973689300000004,75.3145891,109.33336199677325,yes
33.972820275000004,75.31435100000002,152.4146333368695,yes
33.973006575,75.314873675,221.89780002563612,yes
33.973606724999996,75.31271085,167.84600292966488,yes
33.9734415,75.315391,117.60647726826332,yes
33.973216449999995,75.31599779999999,298.06724919676464,yes
33.972907975,75.31599982499999,295.7593853866629,yes
33.97304365,75.316111625,159.49086475001084,yes
33.9729231,75.31571422500001,230.49216693821103,yes
33.972355,75.314869625,398.3467948591957,yes
33.972574175,75.31512675,152.01645736967242,yes
33.972484,75.31534225,202.63140334406347,yes
33.974247250000005,75.3156126,88.140167714655,yes
33.97153985999999,75.31434722,146.2260606034418,yes
33.971666375000005,75.31540425,128.99658280539882,yes
33.971448725,75.31560315,153.1524538458715,yes
33.971244125,75.31470395,88.56348862380565,yes
33.971199425,75.31485845,98.91154562245609,yes
33.9711067,75.31368655,141.20342574252675,yes
33.970983625,75.31364895,108.59101572178037,yes
33.971434224999996,75.31429922500001,86.38165956384273,yes
33.971077525,75.314739825,81.75008677482799,yes
33.970739224999996,75.3145192,109.23717831744273,yes
33.971600699999996,75.31228173999999,164.08061690965218,yes
33.971640125,75.312398325,117.53637091264063,yes
33.97133765,75.312274825,109.58555709134421,yes
33.97117802,75.31194226,151.22319286932327,yes
33.971648619999996,75.31197082000001,219.1008423404923,yes
33.971930225,75.31194145,143.33907216005053,yes
33.971940325,75.31213762499999,265.62210173675146,yes
33.971908299999996,75.31172802500001,130.8204351574651,yes
33.97166634999999,75.31179317499999,172.2636351904666,yes
33.9713815,75.311764625,156.25634591906766,yes
33.971156449999995,75.31173820000001,172.46026291843248,yes
33.96965575,75.31053,165.07845998517502,yes
33.969516625,75.3103931,159.29767726792025,yes
33.9693307,75.31025835,105.29398920434784,yes
33.969100174999994,75.30932075,125.30977142054856,yes
33.96743755,75.308896425,80.69584090950596,yes
33.96664095,75.308954375,116.94590265302938,yes
33.966466475000004,75.308994025,138.93928559684437,yes
33.96603173333333,75.30906821666667,172.1679908505492,yes
33.96602204,75.30888616,145.8436685335274,yes
33.966069225,75.3087845,85.05057580646218,yes
33.96672945,75.3086759,216.31346814255124,yes
33.965955625,75.30866675,82.6389580644987,yes
33.965915175,75.308730775,95.90165449916176,yes
33.966334974999995,75.308451275,122.65524645838724,yes
33.965735625,75.30860575,225.42314174780284,yes
33.96552894,75.30869552,166.13649674628965,yes
33.965234075,75.308768375,114.3110459029565,yes
33.96510675,75.308710425,97.90567099759713,yes
33.96499214999999,75.30863827499999,109.94024114349084,yes
33.9669486,75.30861589999999,179.53137390296348,yes
33.967067475,75.308666725,142.93970430184982,yes
33.965604975,75.3084533,178.50674483551927,yes
33.96552405,75.308128075,196.2347193546471,yes
33.9653116,75.30788820000001,196.74107344482962,yes
33.96527708000001,75.30754758,109.1360072708647,yes
33.966195025,75.308245975,247.4412352882631,yes
33.966085425,75.30811585,130.9413728437106,yes
33.9659725,75.30800405,160.2821441762746,yes
33.965578,75.30776114999999,129.76779045321504,yes
33.96542542500001,75.307515175,171.91531234597045,yes
33.965242860000004,75.30740176,194.5138091295967,yes
33.96516076,75.3073246,121.60608843249693,yes
33.965113974999994,75.30739642500001,124.10763926502588,yes
33.9646735,75.307583275,210.37180302040812,yes
33.964607775,75.307352575,114.28071308403196,yes
33.96355825,75.30831710000001,205.1799916107561,yes
33.964258,75.30604885,160.85964488357274,yes
33.9638372,75.305724825,120.2229068098863,yes
33.96382105,75.305458475,113.17691028084752,yes
33.963857025,75.305316925,106.54052797123356,yes
33.961677,75.30745619999999,145.6562712465191,yes
33.961478575,75.307388225,144.2073527067693,yes
33.96138465,75.307228075,102.02058416107639,yes
33.961362625,75.307321,56.76465920130139,yes
33.961340625,75.307409475,76.98325448494609,yes
33.9611212,75.3073608,181.46457481588664,yes
33.960918675,75.307392675,163.8194121609322,yes
33.96078655,75.3073378,70.65386476213445,yes
33.959998975000005,75.307026125,139.7780192276569,yes
33.95993742499999,75.307482475,196.41723095578976,yes
33.959404675,75.3073422,169.24548753650123,yes
33.9591652,75.30723755,148.37344145876625,yes
33.958944375,75.30726800000001,298.13090945047986,yes
33.9592622,75.304512625,199.30661380657733,yes
33.95917144,75.30486284,118.68139226523874,yes
33.959102025,75.3050381,202.35957202597572,yes
33.958940150000004,75.3069692,137.03457752545762,yes
33.9588002,75.3069641,146.26606485477373,yes
33.95863218333333,75.3069255,157.24440132171065,yes
33.95912105,75.304747575,103.0896079063055,yes
33.959050680000004,75.3044958,99.46613639103825,yes
33.959077924999995,75.304374275,113.30208144315105,yes
33.95830615,75.30464915,255.039794357826,yes
33.9584764,75.304474825,143.999434768876,yes
33.95844265,75.30414925,150.3020213445446,yes
33.95823988,75.3042725,159.45534993288481,yes
33.9581437,75.3042155,100.23000499293853,yes
33.958202674999995,75.308232575,103.3030105791248,yes
33.958400075,75.30798217499999,119.24975265339523,yes
33.951442875,75.29964937499999,127.8899252765766,yes
33.951201275,75.29923375,175.62333278483715,yes
33.94481045,75.2957913,200.9897129961446,yes
33.9446548,75.29580899999999,119.10705450998455,yes
33.94454286,75.29539916,143.52533488573454,yes
33.94434898,75.2956136,132.16420296121302,yes
33.94418452,75.29544036,213.78914660286426,yes
33.943796775,75.295319725,259.8986660071479,yes
33.94354454,75.29585098,306.3293261458696,yes
33.944139975,75.29559795,141.30701348335126,yes
33.943931125,75.2955533,148.34164097439952,yes
33.944125625000005,75.29577537499999,107.85923857162939,yes
33.94397604000001,75.29574391999999,158.88269542191517,yes
33.943874275,75.2958323,156.35626203198797,yes
33.943765225,75.295610825,94.48126787027601,yes
33.9445468,75.295528725,96.86678790149858,yes
33.9444417,75.29555525,114.21738317651239,yes
33.944547975,75.295725175,144.29502609857855,yes
33.944287075,75.29576122499999,126.62626918302337,yes
33.94373515,75.29581875,60.23245973201605,yes
33.94263045,75.29426585,75.4053065775689,yes
33.940856275,75.29464809999999,156.29995172240035,yes
33.940732225000005,75.29466934999999,159.66022784646566,yes
33.9406669,75.29541965000001,165.15040475624517,yes
33.940463575,75.2945835,189.71241845928733,yes
33.94047385,75.2950436,160.7536174332962,yes
33.938817975,75.29378739999999,181.99882246327863,yes
33.938501599999995,75.29370157499999,143.55849807919105,yes
33.937600925,75.29339987499999,115.53630673741176,yes
33.938361,75.29375209999999,114.29580851796922,yes
33.93828742,75.29369428,110.84667214271894,yes
33.9382096,75.29361785,130.99668504103425,yes
33.93832545,75.2940325,122.88196035540852,yes
33.93826525,75.294173175,238.74729691876715,yes
33.938083925,75.294369625,215.75881617518726,yes
33.937838025,75.29422895,187.8175636622309,yes
33.937963575,75.29421299999998,101.21474101243089,yes
33.937465125,75.293806875,230.57680026572405,yes
33.93729335,75.29368387499999,194.95889348625622,yes
33.937200875,75.2938051,99.55517237536753,yes
33.9368338,75.29377149999999,151.54428442161475,yes
33.936473400000004,75.293782975,225.27816778834443,yes
33.93633245000001,75.293723675,193.961843940981,yes
33.935651175000004,75.293164525,421.0917142879511,yes
33.9340083,75.2927162,281.3083152062856,yes
33.933676025,75.29257075000001,324.46996514444135,yes
33.932561975000006,75.2919173,445.7256703558729,yes
33.93122635,75.290910275,145.75835014969772,yes
33.9322096,75.291520125,157.338102160882,yes
33.932101675,75.291486575,112.37219067841474,yes
33.93105565,75.290909825,264.5717255350614,yes
33.928712375,75.289754,548.8541002778102,yes
33.9276303,75.2892041,141.00093776478445,yes
33.9293256,75.28594795000001,213.8276890461902,yes
33.92616195,75.28787245,172.7298726875051,yes
33.926075950000005,75.287781975,133.0672343222774,yes
33.9260127,75.28771897499999,118.23938327374623,yes
33.925882825,75.287704725,164.60819184442101,yes
33.92650605,75.286322475,266.009858554752,yes
33.9264004,75.28620686000001,150.24190475071967,yes
33.9263624,75.2861165,113.20492547680061,yes
33.926197375,75.28632145,119.74972168405183,yes
33.9262345,75.2860836,171.4564314075446,yes
33.92610545,75.28622795000001,179.2872928979954,yes
33.92587185,75.286192375,117.80109015780047,yes
33.925275625,75.285700475,219.3550134851999,yes
33.9254662,75.285621175,133.06818684423703,yes
33.9255497,75.285531725,149.0276052025098,yes
33.9250285,75.285480925,208.84428375984018,yes
33.925366175,75.28818007500001,236.01242020327754,yes
33.925616625,75.28782662500001,227.73340744636036,yes
33.924641675000004,75.285439425,229.24186553980806,yes
33.924514675,75.28532087500001,217.3169013174861,yes
33.924389825,75.2852324,270.5499378529574,yes
33.9242085,75.2851377,213.19068916357625,yes
33.924042549999996,75.28507844999999,231.95387593779927,yes
33.923705600000005,75.285009425,255.2970583329227,yes
33.923563875,75.28490592499999,218.35612305334755,yes
33.9232981,75.28482275,123.70800918224685,yes
33.923128475,75.28485455,157.7022737467109,yes
33.922908225,75.2847953,232.7171131447149,yes
33.92263435,75.285058975,176.87856145979384,yes
33.92247725,75.28505279999999,133.16201395088586,yes
33.9222871,75.285050125,240.22996224841455,yes
33.922121175,75.28513595,180.37235190950503,yes
33.921539675,75.28549369999999,386.66178751919676,yes
33.92122907500001,75.28550965,497.1654827482692,yes
33.921986100000005,75.2851274,162.4341052362209,yes
33.92191265,75.28482302500001,193.1325438970229,yes
33.921876675,75.2850407,190.19828687394025,yes
33.921784175,75.285021225,191.49001414199455,yes
33.9216704,75.28501059999999,214.39766017969959,yes
33.921538080000005,75.28490018,431.2807961921916,yes
33.921536,75.28524865,150.3922255258471,yes
33.9213576,75.2852451,159.942947337465,yes
33.92085022,75.28593196,272.5524492408125,yes
33.92140295,75.28485752499999,171.9815148873818,yes
33.92122765,75.284797375,363.18236529396097,yes
33.921038225000004,75.28555475,414.82147374396163,yes
33.921047025,75.28488494999999,287.92420996975227,yes
33.9207225,75.285129175,190.71422585182347,yes
33.92074774,75.28575477999999,289.7560267131922,yes
33.920784575,75.28559525,185.48402300681545,yes
33.920609424999995,75.28527869999999,149.42325778040237,yes
33.9206391,75.28562696,155.8856160582044,yes
33.92045745,75.28562377499999,151.2015476821242,yes
33.92033124,75.2856335,119.2102318004707,yes
33.92020562500001,75.28560342499999,164.4441753784481,yes
33.9200492,75.28591132499999,192.63309762877628,yes
33.918209100000006,75.288216175,1104.2499161453638,yes
33.91716434999999,75.28764244999999,138.19057158887097,yes
33.9170777,75.28752035,145.1923767713954,yes
33.91856235,75.284731475,231.48912648660615,yes
33.918427975,75.284642975,271.3146951439053,yes
33.918271575000006,75.28457664999999,375.15326096360457,yes
33.91806198333334,75.28449373333333,373.80407107638166,yes
33.917958275000004,75.2844284,286.3241247614541,yes
33.9177231,75.284501425,287.9432918974294,yes
33.917650425000005,75.284297925,136.96786818566136,yes
33.9175153,75.28433417499998,215.56816259301047,yes
33.917594574999995,75.28412095,190.06933021761608,yes
33.917397825,75.28404395000001,249.17784247284044,yes
33.91716970833333,75.283991475,423.5761938460987,yes
33.9173172,75.28293115,301.16205249360075,yes
33.917191525,75.282832575,188.70219822659732,yes
33.917000875,75.28272687500001,225.45033736231278,yes
33.916876925000004,75.28269230000001,260.8513823512785,yes
33.916747099999995,75.2826579,297.8636612151755,yes
33.91664970000001,75.28257227499999,223.88519804339685,yes
33.9164356,75.28254402499999,862.7637714395009,yes
33.916024799999995,75.28289665,163.2466203223504,yes
33.9158291,75.282867425,267.1368288948083,yes
33.915966649999994,75.282673625,205.91256300030017,yes
33.9158675,75.28246482,244.07743954066785,yes
33.915761575,75.28251765,195.45980443013394,yes
33.91561205000001,75.28276002499999,237.3030445347154,yes
33.91563396,75.28248588,133.71596103737772,yes
33.915612075,75.28230585,235.65440979407472,yes
33.915479325,75.28275185,189.27715152487346,yes
33.91549869999999,75.28253585,159.64591965673412,yes
33.915362099999996,75.28271212499999,341.27715274867285,yes
33.9152158,75.28276584999999,169.4654525658774,yes
33.9150758,75.28273657999999,380.4765990983968,yes
33.91492988,75.28286748000001,353.6636743488864,yes
33.9147081,75.282437775,237.46198750711073,yes
33.914834775,75.282823225,119.78713820098758,yes
33.912537674999996,75.282536425,134.14495990980203,yes
33.912377574999994,75.282519625,281.5846134291424,yes
33.912331325,75.282277175,194.32879553598787,yes
33.9118768,75.2850077,117.63851105933787,yes
33.911742425,75.284926275,144.17047850653674,yes
33.911543449999996,75.28487142499999,157.2034237080768,yes
33.91134665,75.284747525,198.41607300420816,yes
33.91140905,75.285040425,126.02865069509265,yes
33.9123563,75.285806625,130.2912382238157,yes
33.912270400000004,75.285767725,117.9282024620951,yes
33.9119789,75.28568455,206.0415866843095,yes
33.911836879999996,75.2855691,178.1269252969501,yes
33.91174945,75.2855484,127.362352660771,yes
33.911606625,75.285519975,189.39508565822578,yes
33.911456799999996,75.28564032499999,167.15133562802225,yes
33.91070945,75.284863675,554.5343089059031,yes
33.9111563,75.28193415,141.7569545658207,yes
33.911558424999996,75.2817485,238.36394714188694,yes
33.91298075,75.282162975,173.70317383098484,yes
33.912474974999995,75.28187575,200.54169205508072,yes
33.912042875,75.281879275,225.37874895074532,yes
33.912140725,75.2816224,141.2380039656041,yes
33.911579700000004,75.28152435,221.45943916620107,yes
33.9125593,75.281184575,313.9499207578009,yes
33.9141902,75.28324789999999,53.01104346352321,yes
33.909578725,75.28136102500001,134.32929436256575,yes
33.910301275,75.2812584,174.09297266884914,yes
33.910257225,75.281423825,50.44041150305786,yes
33.9104382,75.28146055,87.10368151983435,yes
33.910992325,75.28540565,60.96302763374656,yes
33.9090279,75.28460612500001,28.531459173582284,yes
33.9038939,75.27643115000001,195.46931949324266,yes
33.902656279999995,75.2821573,170.92698458998711,yes
33.902759825,75.282184125,42.084673676224824,yes
33.9024236,75.2821009,158.68933818282807,yes
33.90179765,75.28213755,76.75236814078966,yes
33.90163904999999,75.2819505,173.1008988677051,yes
33.90164745,75.282227975,161.9782274433183,yes
33.901970575,75.28254305,131.50118606178876,yes
33.901648300000005,75.28247595,119.9495490970464,yes
33.901057824999995,75.281102825,219.74016132365404,yes
33.900407425,75.280772525,185.80915633912676,yes
33.8995277,75.27973275,138.5649150745137,yes
33.899746675,75.280105325,71.4962793543406,yes
33.899675825,75.2799183,89.61454499341014,yes
33.899590625,75.28002807499999,70.199319149485,yes
33.89793545,75.278907025,145.83074795524425,yes
33.897649475,75.27877692499999,271.2737992471124,yes
33.895976774999994,75.27821705000001,189.46111388851574,yes
33.895477725,75.2779637,195.07393352174665,yes
33.894699575,75.27656619999999,198.71201547428257,yes
33.895180225,75.2775901,165.02552843798435,yes
33.89093905,75.2748594,130.9126430865989,yes
33.88956412500001,75.27483462500001,177.90773233409857,yes
33.887225325,75.27453679999999,178.29197122993514,yes
33.889045716666665,75.27486856666667,162.54661191069252,yes
33.8889367,75.274823525,107.43244833521709,yes
33.888370275,75.27517405,145.02070155625609,yes
33.88818380000001,75.275242175,223.17076427779918,yes
33.88807835,75.2747655,125.01000264564311,yes
33.88400985,75.2722398,126.31503761056966,yes
33.883695124999996,75.272292675,223.9654332487786,yes
33.883545825,75.27296245,268.99876983687375,yes
33.883528075,75.272220525,79.90960654259838,yes
33.883320499999996,75.27198369999999,111.59040905051192,yes
33.883172824999995,75.27196235,75.21512390687795,yes
33.8830083,75.27178855,114.62688185908277,yes
33.8830066,75.272317075,92.68059655352761,yes
33.88300155,75.27280085,55.83328950237991,yes
33.887217774999996,75.274945475,130.8669312325221,yes
33.88760582,75.27484009999999,139.36599613647135,yes
33.887712075,75.274895925,104.63483361709598,yes
33.887520675,75.2749551,127.74306154850535,yes
33.888070375,75.27494702499999,125.8507381347142,yes
33.88776494,75.27519602,145.57070237456685,yes
33.887629825000005,75.2750499,128.6599907549927,yes
33.88740357499999,75.27519147500001,199.90322409070944,yes
33.88784848,75.2752794,160.1481900409128,yes
33.8880269,75.27525834000001,106.23096130538799,yes
33.88793845,75.2752282,87.92048732491023,yes
33.8881337,75.27553122500001,144.50241317521665,yes
33.88849875,75.275466625,111.948005818631,yes
33.888839524999995,75.2761338,166.51348975723525,yes
33.888634375,75.27636935,180.3125080574215,yes
33.8872332,75.27538435,93.35194704769279,yes
33.88700165,75.275652475,182.12916796526918,yes
33.887078200000005,75.276126675,158.29629637873484,yes
33.8871972,75.2757489,108.33654554430404,yes
33.8872402,75.27613980000001,115.05187739646118,yes
33.8859875,75.275395875,64.84159779359629,yes
33.88240635,75.27206720000001,70.58648202305534,yes
33.88253992,75.27317052000001,49.95132552578615,yes
33.8823986,75.27324045714285,81.02853904508281,yes
33.88233475,75.27331935,88.43867555872606,yes
33.882464775,75.27314885,63.97424183282429,yes
33.882419025000004,75.273343675,59.73209144084775,yes
33.8822923,75.273122525,191.39068401118192,yes
33.88212305,75.273057775,78.71693139404684,yes
33.881849325000005,75.2729869,156.08239853375449,yes
33.8820693,75.273186425,130.71731682464878,yes
33.882044375,75.272981525,42.49024228042265,yes
33.88217355,75.2732388,40.756007519904124,yes
33.88195805,75.273207975,52.74182509169427,yes
33.8810929,75.271973075,33.526744446732025,yes
33.88095415,75.27202695,59.959148970608695,yes
33.880958320000005,75.27191116,64.81057090409338,yes
33.881096125,75.27186370000001,27.474032664767904,yes
33.881026525,75.27186375,66.73758921491064,yes
33.880856300000005,75.2713607,156.9435893422222,yes
33.88032235,75.27221029999998,77.66956845322616,yes
33.88019662,75.27223169999999,114.87455422172323,yes
33.88009425,75.272172725,109.7070061384675,yes
33.8798144,75.27222958,113.873154640706,yes
33.879735375,75.272321825,132.8618115406431,yes
33.8794239,75.272399025,137.3167570661961,yes
33.87947375,75.27179050000001,117.08302182602483,yes
33.880534325,75.27058965,81.89825821140545,yes
33.880488225,75.27071187499999,114.81118643670362,yes
33.88034845,75.270636125,109.74994595676003,yes
33.880195725,75.271091875,90.98480190940315,yes
33.880197025,75.271274425,117.40357873061133,yes
33.880134975,75.2709309,128.28907827465383,yes
33.880030125,75.2708916,150.3878512473921,yes
33.879911175,75.27083999999999,112.30304869559208,yes
33.879746825000005,75.27188447500001,63.4074962524861,yes
33.879374025000004,75.27199385,102.28789865169905,yes
33.879340125,75.27263624999999,126.9901540257224,yes
33.878517725,75.272573875,91.83310618010722,yes
33.88045492,75.27013386,346.2790680810242,yes
33.88036284,75.27019496,332.74698992587736,yes
33.880273025,75.27025715,333.781583471024,yes
33.88010165,75.2702365,310.77710766576706,yes
33.879208075,75.271046525,100.4673324178458,yes
33.879556074999996,75.27054580000001,123.76846440481648,yes
33.878988074999995,75.27140315,100.76666474647202,yes
33.878990625,75.27121135,74.10094264635384,yes
33.87885274,75.27115562,89.21822377234898,yes
33.878795875,75.27108390000001,91.7764000709388,yes
33.8781793,75.272318325,117.30575602442062,yes
33.8777929,75.272054625,101.86178510846725,yes
33.87835415,75.27039557500001,104.02275332160546,yes
33.878099999999996,75.27037843333333,242.18836717953357,yes
33.8778286,75.27019584000001,230.1972995300755,yes
33.877325725,75.271645875,112.40078930654764,yes
33.877592375,75.2701523,126.20489662266652,yes
33.877443740000004,75.27026508,131.57062069296404,yes
33.877481225,75.2701405,127.974177388419,yes
33.877370524999996,75.27008595000001,107.38393307111528,yes
33.877464025,75.270966325,235.62809786826304,yes
33.8772934,75.270884925,82.73275466177452,yes
33.877200099999996,75.270888475,124.6805147654406,yes
33.87664327499999,75.269718775,216.04403934188412,yes
33.8770642,75.2708274,175.84747586178707,yes
33.877033325,75.270970775,82.57163593922783,yes
33.87679046,75.2711005,121.22461537643174,yes
33.87657322,75.27132562,143.82589823152213,yes
33.87687905,75.272306775,141.43104335598093,yes
33.87670859999999,75.2710429,70.00863614056242,yes
33.876583275,75.271216375,78.33724426121258,yes
33.876507325,75.26968425,115.85760667793829,yes
33.876351625,75.27132995,102.01476619656148,yes
33.876253175,75.2714556,107.70449084754904,yes
33.87615255,75.271999775,98.89842011558312,yes
33.87582012,75.27095813999999,120.55026925844253,yes
33.876417075000006,75.271595425,49.09826251425076,yes
33.875729750000005,75.27100909999999,72.1335720873555,yes
33.875698325,75.271346925,114.35814798297798,yes
33.8754604,75.2715418,131.95083334644104,yes
33.875555166666665,75.27172476666667,79.91928034090294,yes
33.87545545,75.2717754,112.60353277132833,yes
33.875532699999994,75.271917675,83.54877259259892,yes
33.875842225,75.271367725,58.44375994212957,yes
33.87522575,75.27170587500001,153.36423970333004,yes
33.873407025,75.27186015000001,49.74606970259961,yes
33.873330775,75.27178435,75.1238620303972,yes
33.873122075,75.2707062,134.13295245747997,yes
33.873008250000005,75.270833325,94.56994468870907,yes
33.87282218,75.27106472,97.76041118875091,yes
33.8727496,75.271122375,89.03201716831003,yes
33.87127945,75.27154357500001,101.77367464814073,yes
33.871139375,75.2714804,143.74630551567435,yes
33.87093025,75.27157515,83.88302370694916,yes
33.8705712,75.27123835,110.47596253586977,yes
33.870171825,75.27174392500001,134.3395751447335,yes
33.87025440000001,75.2711381,232.99061293057576,yes
33.8701598,75.27115855,84.8774414073026,yes
33.8696154,75.270760325,97.73636521918166,yes
33.869493875,75.2708589,68.54668871914808,yes
33.869363425,75.2712356,100.33996810605845,yes
33.869392174999994,75.2708212,223.5727144849461,yes
33.869585975,75.271368075,35.33134383153374,yes
33.86922335,75.270886675,142.2819699644263,yes
33.869265575,75.2706841,113.26560829733486,yes
33.869364675,75.27059087500001,87.91329329271312,yes
33.86906155,75.27045145,140.82011587790012,yes
33.868802499999994,75.27097548333334,147.72802618288966,yes
33.868789725,75.2707041,105.10446877355466,yes
33.868592750000005,75.270738025,159.04297118762014,yes
33.868521725,75.27050382499999,130.12054777007813,yes
33.868221175,75.270682525,129.6625605868193,yes
33.8677896,75.271144225,234.8958093501161,yes
33.867879075000005,75.27171340000001,147.2024946823792,yes
33.867622525,75.27163207500001,199.8579385156548,yes
33.8676107,75.269909375,86.87444033405447,yes
33.8684428,75.26978027499999,265.7247506992876,yes
33.867879075,75.269231425,130.1839471798525,yes
33.867982875,75.26908,88.32321682776714,yes
33.8674976,75.269925625,132.19449829318683,yes
33.8673474,75.26991445,184.5771728099453,yes
33.86745162,75.26933598000001,222.8927662533647,yes
33.867067225,75.269901225,116.2004895384266,yes
33.8669491,75.26985855,116.08371446782199,yes
33.866835124999994,75.2699988,143.01882806558552,yes
33.867062974999996,75.270272225,152.44095720721518,yes
33.86716005,75.269324925,217.87879941203147,yes
33.866732175,75.269794525,168.8835485842223,yes
33.867268925000005,75.26869175,205.40714054341174,yes
33.867108625,75.269587475,42.353947522416334,yes
33.866822125,75.2696565,68.30551681553374,yes
33.867013125,75.26958214999999,52.85911658432671,yes
33.8679234,75.268550525,138.60429306730592,yes
33.866486550000005,75.269631,114.37546936910898,yes
33.866499725,75.271350525,172.38465872740286,yes
33.86663055,75.272224575,111.21075912215704,yes
33.856722175,75.26489212499999,65.14686393145917,yes
33.856588425,75.26485407499999,137.77467782244193,yes
33.856606049999996,75.265008025,71.22917405297147,yes
33.85603,75.2654911,132.8733485622384,yes
33.856368399999994,75.2646465,129.5936950772435,yes
33.85637607499999,75.264845225,122.7811991022973,yes
33.856193875,75.26489477499999,159.3888366018165,yes
33.85877415,75.26275665,242.25921886372194,yes
33.857876125000004,75.26253402500001,58.31970638410503,yes
33.857718274999996,75.26253402500001,139.32819803250965,yes
33.855884125,75.263563,122.53871194717028,yes
33.8561451,75.26459824999999,174.038971025779,yes
33.85595328000001,75.26435394,116.01472415117871,yes
33.85605365,75.26437942500002,121.03618025737444,yes
33.855844825,75.26415564999999,148.57593157071915,yes
33.855913900000004,75.26447225000001,121.1331529113624,yes
33.855913925,75.26466555,232.74347967210105,yes
33.856295949999996,75.264690475,51.97820135366719,yes
33.85561798,75.26410174,160.98066541893056,yes
33.855668275,75.26449070000001,177.74598416530085,yes
33.8556267,75.2642958,124.6370692803631,yes
33.85554625,75.264187425,57.58277822326444,yes
33.85544264,75.26399647999999,159.66244110954977,yes
33.8554467,75.263861725,98.62848947358574,yes
33.855249949999994,75.263438525,100.33160352189194,yes
33.855641675,75.26505165,97.79410054138143,yes
33.85591395,75.26549055000001,75.41518857039178,yes
33.85552135,75.265048825,113.36408533340901,yes
33.855687599999996,75.26632132499999,150.31060560754344,yes
33.855757675,75.2665886,99.56938700655866,yes
33.86014505,75.26869305000001,66.12103749999578,yes
33.856011075,75.26845027499999,89.05666091064015,yes
33.854204124999995,75.26775227499999,32.77223231928275,yes
33.85230185,75.267802575,186.0102404140947,yes
33.8523503,75.2682351,303.6667239095117,yes
33.8521484,75.2681227,155.6838254845274,yes
33.852313419999994,75.26846151999999,225.9186625088745,yes
33.85215538,75.26844772000001,80.72891986525755,yes
33.852189450000004,75.26854354999999,93.37200095390881,yes
33.852064075,75.268430225,74.1903421860745,yes
33.85192112,75.26825174000001,115.63277651300902,yes
33.851923175,75.26842414999999,75.18305384206434,yes
33.85222725,75.26811222500001,42.81087539671325,yes
33.852128125,75.2682894,23.330130259675123,yes
33.85199335,75.26835242499999,38.68430342410406,yes
33.8519377,75.26804932499999,46.78450876111157,yes
33.851857425000006,75.2682051,37.421101242331446,yes
33.85045725,75.268135075,224.59934354707008,yes
33.85031135,75.26817799999999,215.7674002435305,yes
33.847642675,75.266722875,129.89533476161392,yes
33.846009625,75.26498905,326.96633063224147,yes
33.8451611,75.264079575,164.8491488093544,yes
33.845049675,75.26393742500001,181.87477162496447,yes
33.8449227,75.26411175,214.4059663357259,yes
33.844736675,75.26395217499999,139.93179135048746,yes
33.844329939999994,75.26401128,152.9848854421977,yes
33.84436336,75.26417891999999,212.52424608207394,yes
33.84425495,75.264191225,172.37231114044545,yes
33.84685987500001,75.2589239,179.4224410632863,yes
33.84664772000001,75.26002254,150.54986341523693,yes
33.84659285,75.259899175,123.55650162827934,yes
33.846597325,75.258792775,139.63433232923916,yes
33.84649842,75.25873182000001,162.83194597969515,yes
33.8465009,75.258581375,139.32077216737025,yes
33.846231825000004,75.25845435,188.2277040717225,yes
33.846051175,75.258539725,141.86478922521889,yes
33.84609845,75.25823277500001,217.78204418992584,yes
33.846656425,75.25857017499999,113.68725724888218,yes
33.8463171,75.25828662500001,139.6796659170808,yes
33.846299375,75.25935075000001,138.06381359039378,yes
33.84609784,75.25914186,144.04323769319848,yes
33.84607565,75.25934875,176.00752542183503,yes
33.84598245,75.259148825,151.9379230580707,yes
33.8457853,75.259103775,330.6384878056102,yes
33.846123774999995,75.25963329999999,110.14817692266993,yes
33.846091675,75.259813225,153.08467821021688,yes
33.845956625,75.259828475,136.38583839091856,yes
33.84601687999999,75.26032398000001,105.52914116898697,yes
33.845882025,75.26033405,188.16490917406912,yes
33.845916949999996,75.2601964,148.19635207864485,yes
33.845646699999996,75.260099975,185.93867659220626,yes
33.846064675,75.26001345,178.47468636114786,yes
33.841859125,75.257444125,219.66611848927698,yes
33.8417466,75.25732155,97.8361952589974,yes
33.8416157,75.257241,261.5438354537372,yes
33.841482875000004,75.257374075,159.45294815758328,yes
33.84153135,75.2578014,162.61671327802543,yes
33.841844574999996,75.25766365,175.87113235415347,yes
33.842212075,75.2575749,264.00813006041955,yes
33.842350725,75.25723282499999,193.9018303318,yes
33.842167475,75.257159275,219.77223147261458,yes
33.842431225,75.2574535,85.37929899032792,yes
33.8423595,75.257586575,123.46454978658505,yes
33.842011325,75.2573414,134.8364556792297,yes
33.84187945,75.25711725,141.25261593295403,yes
33.841823225,75.25689775,136.03988231327247,yes
33.84167,75.2570332,157.6588124507179,yes
33.842319700000004,75.25794032499999,153.64059761906293,yes
33.84218395,75.258048875,124.22217997966598,yes
33.842035575,75.25802905,157.33018051900171,yes
33.84176674,75.25878402000001,114.56457088668648,yes
33.841381049999995,75.257176775,112.03953438531568,yes
33.841588550000004,75.2575924,96.09598980321104,yes
33.841286975,75.257161625,129.46099027582488,yes
33.841155074999996,75.257162775,145.89342952486686,yes
33.84280067499999,75.25833377500001,196.67027148250003,yes
33.841770875,75.2589035,130.3991518942385,yes
33.841629225,75.258710675,248.45937456673641,yes
33.840980525000006,75.257383425,182.37072813166918,yes
33.841141525,75.2574885,278.12227933058557,yes
33.840854475,75.257567875,128.8864924979943,yes
33.84060915,75.257023825,248.04046110681696,yes
33.8406809,75.257464,107.05970252469476,yes
33.840502475,75.257507175,100.98651953401045,yes
33.84146735,75.25862682500001,120.97864470674705,yes
33.840444274999996,75.257036675,108.79162807116276,yes
33.840848675,75.2577757,151.41564772001271,yes
33.8403413,75.257141075,100.23907336542307,yes
33.839817875,75.257946175,146.77747719436348,yes
33.841204925,75.25898634999999,107.71804819608143,yes
33.84109985,75.258977075,175.58788788639544,yes
33.841465400000004,75.258756425,141.9017228305181,yes
33.841259824999995,75.258716725,100.63887071825583,yes
33.841010600000004,75.25921566,166.1320823851587,yes
33.841038,75.259105425,110.81014219271808,yes
33.8403357,75.2577302,257.46707400934315,yes
33.839690825,75.25740795,164.1024576807389,yes
33.8395369,75.25652595,205.25468345975577,yes
33.839562825,75.25733325,165.2122042889688,yes
33.839480375,75.25689425000002,147.7093257169987,yes
33.839285,75.25650025,141.34399283661975,yes
33.840365175,75.26014810000001,141.69866866680417,yes
33.839403775,75.26067692500001,358.2866552702508,yes
33.839093475,75.26086839999999,175.01761575925627,yes
33.837331725000006,75.25627592500001,207.13391263141125,yes
33.837614275,75.256373625,306.0514834986973,yes
33.837073025,75.256296575,455.20487992049726,yes
33.836660875,75.25631835,442.16497826433977,yes
33.835113650000004,75.25154025,199.564433858087,yes
33.833593449999995,75.251816875,291.46250167067706,yes
33.833296849999996,75.250192625,289.1309614696042,yes
33.833665124999996,75.250452,165.22047244102427,yes
33.834027275,75.25445887500001,325.8095554203868,yes
33.83310335,75.25012232499999,339.8208966594543,yes
33.832139775,75.249804975,245.22898735248796,yes
33.83183265,75.249763375,333.88231279899543,yes
33.830322625,75.24963242499999,281.5083792342107,yes
33.83005515,75.2487266,239.14885281012667,yes
33.828451,75.2487142,357.4577212856632,yes
33.828337375000004,75.24919835,295.6974078641686,yes
33.82818744,75.24902721999999,189.79790739248335,yes
33.828056625,75.24911385,289.18365850542494,yes
33.827784175000005,75.248613625,139.41902453447693,yes
33.827572,75.24882149999999,143.2070547416953,yes
33.82721105,75.24842182500001,211.61510819167773,yes
33.827222174999996,75.248678,238.1667258287252,yes
33.8271069,75.248174125,182.75361282760895,yes
33.826702499999996,75.247748125,212.7248020545963,yes
33.826561549999994,75.248082525,227.00048411023886,yes
33.826548175,75.247782125,138.69526350796758,yes
33.82572705,75.2450436,89.32683344270644,yes
33.825868575,75.246091,125.1950797359653,yes
33.825414,75.24428645,228.12672224353184,yes
33.825537675,75.2448961,300.01845530751507,yes
33.82548975,75.2453239,186.5735033720057,yes
33.8460109,75.261682425,63.060454749480726,yes
33.84326076666667,75.25819611666667,159.29291982616905,yes
33.84303982499999,75.258155425,254.22236819143774,yes
33.841444675000005,75.25425129999999,155.99098277695026,yes
33.840754249999996,75.25340835,188.94956000659067,yes
33.83325885,75.24946390000001,130.95961319475055,yes
33.8257467,75.245364325,148.79328175296988,yes
33.826334925,75.24761875,139.71771811459024,yes
33.82624245,75.24747255,105.81943501840443,yes
33.826177825,75.24757985000001,200.6040157504294,yes
33.82598065,75.2477676,159.82452476480358,yes
33.82667585,75.248369775,241.87780640129836,yes
33.82528368,75.24486116,258.8775535753075,yes
33.82530104999999,75.245163175,197.4093637960478,yes
33.825432500000005,75.24626825,223.39499204938156,yes
33.825032575,75.243472075,259.1225204657941,yes
33.825130259999995,75.24411016,195.15684512682157,yes
33.8248866,75.243234675,243.67664723315758,yes
33.8251197,75.24443842,258.60282351088324,yes
33.825058025000004,75.244236525,196.0475551402911,yes
33.825196350000006,75.24470182499999,280.37695007955926,yes
33.82503588000001,75.24472492000001,110.37847652953053,yes
33.824992425,75.244876175,157.70082291667399,yes
33.82387686,75.24049226,171.06725092770358,yes
33.8236076,75.240662425,156.6652630603931,yes
33.82377985,75.24055365000001,133.53620974462484,yes
33.823612075,75.24052965,175.77049315849212,yes
33.823547399999995,75.240194375,174.54556564555168,yes
33.82306725,75.2402051,107.9494236540795,yes
33.822955824999994,75.24071610000001,175.33554640673466,yes
33.82263272499999,75.23986582500001,191.7173115070048,yes
33.822666149999996,75.240269475,131.5276436830427,yes
33.82237535,75.24070805,134.63893359486144,yes
33.822214925,75.240763,170.45004944052636,yes
33.822083425,75.241040625,138.4831485019834,yes
33.822141375,75.24117875,178.12460471873445,yes
33.822369800000004,75.2411184,150.38380289332594,yes
33.82355075,75.243045575,252.7615039500748,yes
33.822594825,75.24081129999999,132.91286316300085,yes
33.821969825,75.24117745,98.14454623104332,yes
33.821594350000005,75.24023865000001,147.4321759129548,yes
33.821802675,75.24117205,158.7082217987375,yes
33.824511125,75.24342915,174.33220819129144,yes
33.8237903,75.242704925,118.15449438866466,yes
33.824291675,75.2435552,113.58866400767516,yes
33.8244543,75.24364102499999,160.86229714675932,yes
33.824179125,75.24359545,159.45210286367814,yes
33.824137949999994,75.24289002500001,149.89622958536881,yes
33.823770275,75.24441887500001,237.97701815073856,yes
33.821431974999996,75.24132575,140.79427483535704,yes
33.821546,75.241175325,126.71709229615253,yes
33.821524875,75.240882575,136.68368049345213,yes
33.821382175000004,75.24117834999998,71.78872784618719,yes
33.8213636,75.24059294999999,84.76455699008937,yes
33.821201474999995,75.24116517499999,163.03899964435362,yes
33.8209963,75.24105435,66.25929471148704,yes
33.8209161,75.2398256,157.12442483433065,yes
33.821223425,75.24257482499999,64.34775059629376,yes
33.821094224999996,75.24271712500001,225.95250928002898,yes
33.820807175,75.24274357499999,242.3429890351274,yes
33.820897474999995,75.2424458,137.92734692910747,yes
33.82064925,75.239248275,171.20442009622096,yes
33.8205834,75.23909885,169.1873667659659,yes
33.820238024999995,75.239748325,126.59679181271477,yes
33.8196238,75.23817446000001,194.59545154311763,yes
33.819890625,75.23881117500001,142.94529249412986,yes
33.81996637500001,75.23970922500001,189.60932541959176,yes
33.819959025,75.239165975,90.34220355548001,yes
33.819651725,75.23898815,144.79238008936875,yes
33.81956795,75.239444675,280.2383933947874,yes
33.819671420000006,75.23918244,219.11486902494158,yes
33.81971055,75.23865719999999,79.97153748798107,yes
33.81958337499999,75.23862005000001,125.73027121461135,yes
33.819473099999996,75.23858555000001,102.00468944783455,yes
33.8192886,75.238689075,236.49970363678443,yes
33.81954145,75.23894655,114.61038394858724,yes
33.81929326000001,75.23923099999999,162.44294280714143,yes
33.8194113,75.23914687999999,106.94545788130941,yes
33.81930334,75.23908574,111.29404662465842,yes
33.819436825000004,75.23905077500001,66.97211274023903,yes
33.81929678,75.23895318,134.10407577777903,yes
33.819190675,75.23901935,144.6580288622826,yes
33.819135725,75.238682875,51.38523977195534,yes
33.8190181,75.238554575,212.59461090140337,yes
33.818943875,75.238976625,116.40077431571154,yes
33.818768925,75.23910495,130.25848246849583,yes
33.818210225,75.238295325,112.00097700924935,yes
33.81800515,75.23820595000001,121.05345386639206,yes
33.818449125,75.24069312499999,205.99392545510963,yes
33.81803895,75.24038967499999,246.82678051121712,yes
33.8181048,75.24060518,141.6068552304979,yes
33.8182073,75.24057454999999,103.36544219035125,yes
33.83423395,75.24702970000001,92.00428882654893,yes
33.834946425,75.247290475,117.46364545662604,yes
33.835065925,75.247393325,80.39746679006262,yes
33.834734275,75.2473793,112.96616598870762,yes
33.834511774999996,75.24738980000001,90.16096032163297,yes
33.83450605,75.247287725,94.25039687759892,yes
33.83438902499999,75.247302225,134.46765363763518,yes
33.83481878,75.24737936,61.585412018415454,yes
33.835733250000004,75.247201325,189.97849796684164,yes
33.83563697499999,75.247355275,82.47512471137517,yes
33.835728825,75.24755527500001,103.13521003263625,yes
33.83585085,75.24761277500001,86.86494676928083,yes
33.835972075,75.2478092,85.19395513503427,yes
33.83585181666667,75.24788705,176.0680733816775,yes
33.835659,75.24774550000001,105.39963793984987,yes
33.83548705,75.24769945,77.85177794331237,yes
33.835092375,75.24782777499999,101.04082360820419,yes
33.8349968,75.247803,120.39931189304525,yes
33.834885099999994,75.24772250000001,139.97883728128488,yes
33.8348719,75.24754195,55.16237379807501,yes
33.834871475,75.24735985000001,27.16903623062391,yes
33.83568035,75.24812505,112.73691507779023,yes
33.834902775,75.24788175,68.04599009408537,yes
33.834261125,75.248091425,143.48018752260114,yes
33.834545575,75.248364875,63.30667623889569,yes
33.83446545,75.248388725,166.6143188291125,yes
33.884419,75.2658989,210.6124298307522,yes
33.881468275,75.270393925,129.95997764358253,yes
33.8823226,75.27111794999999,124.8513278362041,yes
33.877811380000004,75.26735814,133.1202573954306,yes
33.87786615,75.267288725,77.24348772076976,yes
33.877563675,75.26726052500001,50.73111345513867,yes
33.8776793,75.26736106,65.09227605911641,yes
33.877645225,75.26728,48.87480003087189,yes
33.877708375,75.26701635,30.750094676773678,yes
33.87691795,75.26786132500001,64.64651996484653,yes
33.878405825,75.268582075,141.12948897658154,yes
33.87841005,75.26840725,105.96988278102091,yes
33.87831215,75.2683219,52.513420330138544,yes
33.8779738,75.26818262500001,120.43574684745076,yes
33.878078425000005,75.26820197500001,89.99051419591041,yes
33.877076849999995,75.268694875,159.5284184258768,yes
33.876388225,75.2677334,63.56469144232061,yes
33.876974725,75.2686705,94.29095204909981,yes
33.87790365,75.2624483,137.73242978286285,yes
33.877183175,75.262359925,129.607269685583,yes
33.8765807,75.26212615,126.75030376660402,yes
33.876216174999996,75.261663725,100.91170335073845,yes
33.876376475,75.261586475,224.22629102589957,yes
33.876046575000004,75.261521425,172.64372678440276,yes
33.8750373,75.2622319,155.5884584756891,yes
33.87623866,75.26142356,122.74155010308846,yes
33.87705285,75.261731275,154.17545815937143,yes
33.875931775,75.26138159999999,95.62717812935198,yes
33.876044975,75.2612799,112.57575683442653,yes
33.876156875,75.261342325,96.48917051434755,yes
33.87636786,75.26131302000002,123.90597419462624,yes
33.87646394,75.26136838000001,151.40209487933663,yes
33.87675925,75.261297475,153.397207389214,yes
33.876591125,75.26144032500001,187.69828701273906,yes
33.877129599999996,75.26162827499999,181.03424868541805,yes
33.8760167,75.26090185000001,155.05102205675132,yes
33.8755282,75.2602586,113.46060633298082,yes
33.874440975,75.260304625,86.64980624494318,yes
33.874513675,75.260147975,161.1423465503922,yes
33.875485575,75.261355725,85.0780715444771,yes
33.875323975,75.260854075,79.25588178054804,yes
33.8689995,75.264549125,276.18688124878514,yes
33.867491550000004,75.256440975,212.98207913994747,yes
33.86604025,75.2569618,318.7191516831301,yes
33.865487925000004,75.256949725,127.37256400343043,yes
33.866233,75.25713446,126.44786715912679,yes
33.8662556,75.2572229,109.61299170452192,yes
33.865879925,75.256770025,202.33967200883933,yes
33.865706175,75.256861225,88.58028872334518,yes
33.86568617500001,75.25668822499999,112.64306283196632,yes
33.865575925,75.256489725,279.88508874736783,yes
33.86542,75.25630332499999,204.5237231896425,yes
33.8664122,75.25641862500001,180.02683037458365,yes
33.86625185,75.25586609999999,180.5849026018463,yes
33.864500475,75.256013725,173.19792701154597,yes
33.86466584,75.25580246,111.4338494834235,yes
33.864447299999995,75.25582165,136.6931696467149,yes
33.8647047,75.255964925,70.99321247735531,yes
33.864712,75.255685375,111.37516578582068,yes
33.864543499999996,75.25557057500001,205.0757139969441,yes
33.8643661,75.25549170000001,179.98597076441325,yes
33.86416965,75.255406975,163.61827415536567,yes
33.86403965,75.25549845,134.05923689346565,yes
33.864183975,75.25586535,97.85608372329293,yes
33.863997366666666,75.25516995,80.60217253318027,yes
33.863745975,75.255132525,85.0771444739623,yes
33.864210674999995,75.255184575,118.35451562004116,yes
33.864065075,75.25526984999999,87.72732479193112,yes
33.863938275,75.255096625,68.43574963193933,yes
33.8638489,75.255069975,72.59248167443101,yes
33.863846724999995,75.25495502500002,51.79814401733568,yes
33.8636427,75.25498045,64.31689306038886,yes
33.863781040000006,75.25483012,84.95493323102278,yes
33.86373135,75.2548809,47.64704068250765,yes
33.863519925000006,75.254764,98.75299532260419,yes
33.863326125,75.254720075,74.02075379327493,yes
33.86416056,75.25504354,67.4742843606574,yes
33.864437725,75.255153775,51.754664755861825,yes
33.864234525,75.2549744,82.87990860158857,yes
33.864696775,75.2553625,195.83629834364905,yes
33.864509375000004,75.25533167500001,95.46703040896642,yes
33.8646539,75.25519767499999,86.46960006812374,yes
33.865044049999995,75.2553209,101.72351210939216,yes
33.864933175,75.25538465,94.26036415976348,yes
33.864335825,75.255371275,57.74456054635036,yes
33.862010925,75.253854925,203.04238571535575,yes
33.86193085,75.25364785,154.96059007690366,yes
33.860764825,75.253808875,96.69297203205346,yes
33.8608737,75.252471675,101.48761056661988,yes
33.860549675,75.25237609999999,140.6309144802164,yes
33.86035495,75.2520983,193.49426858865488,yes
33.86012425,75.25228232500001,115.34973983205376,yes
33.86023887499999,75.252519475,200.6717117849931,yes
33.860308675,75.25268047499999,88.86546794264036,yes
33.851238675,75.25428852499999,184.44764773590634,yes
33.8514446,75.254997925,172.18914723182093,yes
33.85124732,75.25482606,135.71220385608947,yes
33.851045375,75.2545426,169.97540725994406,yes
33.85106452,75.2549758,150.70252451078764,yes
33.8511424,75.25487890000001,122.5035681924804,yes
33.850939,75.254445,155.37628158848764,yes
33.850766825,75.25463305000001,166.57714567512977,yes
33.850854899999995,75.25429493333333,117.70336794464902,yes
33.850386975000006,75.25452734999999,234.33768550097187,yes
33.849850974999995,75.254748925,177.06105793903794,yes
33.84911325,75.254336275,165.36240200423146,yes
33.849260125,75.25424885000001,107.82244020955719,yes
33.84924575,75.25495322500001,172.1014182068643,yes
33.849390924999994,75.25514530000001,176.2339991587445,yes
33.84945935,75.25486885000001,104.44878711733357,yes
33.84574135,75.24247430000001,333.5191361832443,yes
33.84691985,75.245181425,133.2033415601845,yes
33.844215625000004,75.24277992500001,156.469709615081,yes
33.844014900000005,75.2423538,156.40502121536474,yes
33.8438132,75.241710525,236.1483804230184,yes
33.8436028,75.241578575,76.42808874442063,yes
33.844398874999996,75.240553525,136.95734391238764,yes
33.845507225,75.24225455,71.7553764925494,yes
33.8444057,75.25255075000001,83.27536559321834,yes
33.830119525,75.237567025,196.5316774635151,yes
33.829905675,75.237438725,271.4061300747259,yes
33.829609319999996,75.23750580000001,130.63468263780373,yes
33.829690299999996,75.237382125,91.93070860980403,yes
33.82951465,75.237372375,211.54962908019087,yes
33.82935955000001,75.237329,138.58085399807743,yes
33.829197125,75.23734230000001,266.5747097959147,yes
33.829033949999996,75.237457325,210.69739347441174,yes
33.8288487,75.237621875,117.33064270725127,yes
33.829066275,75.237268,52.774908084461096,yes
33.828768600000004,75.2373255,74.21503709687558,yes
33.824117075,75.236388825,160.85943918573196,yes
33.82152585,75.23547797500001,235.54176521979906,yes
33.820945375,75.23546322499999,236.6982521842563,yes
33.820794975,75.23565637499999,270.38282943037086,yes
33.819998025000004,75.2342836,68.26797079404959,yes
33.819913625,75.234332075,54.96159967488683,yes
33.8195227,75.23427017499999,52.681568782943486,yes
33.81941505,75.234412025,101.96880581119015,yes
33.81946405,75.2342731,73.4767319805449,yes
33.819271775000004,75.234144425,182.68443097384906,yes
33.819465025,75.233998875,124.60358025752839,yes
33.819372224999995,75.23392877500001,49.95478913560893,yes
33.819168975000004,75.23747477500001,87.9003418565521,yes
33.817645725000006,75.23373624999999,113.34817898932036,yes
33.8179167,75.23361836,108.55465360927288,yes
33.818031649999995,75.2334602,147.26111858671814,yes
33.81826685,75.23332925,257.4329776775759,yes
33.818969625,75.23353365,73.66498578662444,yes
33.8192556,75.233716825,140.90997962496482,yes
33.81803755000001,75.2332222,192.49485953749706,yes
33.8177501,75.233308875,95.12523147283073,yes
33.81759205,75.23350532500001,298.8664877210219,yes
33.8177821,75.23355705,211.39046557292335,yes
33.817817725,75.2331983,82.78975361009176,yes
33.816949575,75.23325317499999,185.29507331526108,yes
33.81718995,75.23312665,124.79935036801754,yes
33.8167717,75.23309387500001,147.47700860842602,yes
33.817104674999996,75.232960325,147.62821105518242,yes
33.817252425,75.2329302,125.19552119914262,yes
33.817415624999995,75.23290544999999,86.88953332891171,yes
33.816879,75.23289394999999,127.81777732574471,yes
33.816726075000005,75.2327612,159.04431042047605,yes
33.816751825,75.2329249,78.7466807988074,yes
33.8164624,75.23284340000001,72.67008641147724,yes
33.816508225,75.23275115,99.26739385457913,yes
33.8164093,75.232534125,210.5486795154922,yes
33.816296050000005,75.2323978,75.70666091114809,yes
33.81604325,75.23244555,43.584298643216385,yes
33.815900524999996,75.23246245,116.75634417849369,yes
33.815746299999994,75.232585725,68.53347215652968,yes
33.81572905,75.23244707500001,33.91667536849939,yes
33.815474975,75.23231152499999,155.06446769846065,yes
33.815275975,75.23222675000001,63.06833764353761,yes
33.81478572500001,75.232268375,152.88700952211232,yes
33.815969499999994,75.239809925,121.63206626543708,yes
33.815852125,75.239952375,174.28108440133505,yes
33.812278725,75.231541,260.8696839220064,yes
33.810802875,75.231436275,241.15235871770307,yes
33.805748175,75.23791402500001,127.16357487180574,yes
33.805558983333334,75.23790453333334,289.821715010782,yes
33.8053504,75.23756639999999,228.71992750088927,yes
33.80419335,75.23809080000001,188.69686404046388,yes
33.8045755,75.232799525,268.8080277366107,yes
33.805172225,75.232235875,64.41956868244799,yes
33.805117824999996,75.23222279999999,61.64420074294797,yes
33.80495322,75.23225883999999,58.08551375572851,yes
33.8048799,75.2321764,154.48058865772668,yes
33.804684525,75.23208257499999,152.77042026000578,yes
33.804138574999996,75.2320156,265.3024962698488,yes
33.804529625,75.23192315,245.05105704830265,yes
33.803906225,75.23204947500001,94.30117945301637,yes
33.803014625,75.232303675,72.96024918923453,yes
33.80370715,75.23172825,92.59070408435437,yes
33.803888975,75.2318307,81.52749712167932,yes
33.802133975,75.231873725,209.41685503218997,yes
33.802782175,75.23763097499999,150.8858210629101,yes
33.802648375,75.23752922499999,153.79629291087736,yes
33.802936575,75.2378274,153.35495926672832,yes
33.803059375000004,75.23786455,146.93597656031767,yes
33.803384324999996,75.23800524999999,240.2716064115561,yes
33.80275055,75.238071625,171.8161662985171,yes
33.802929225,75.238434375,177.13688147639857,yes
33.80254985,75.238254775,182.06618425865216,yes
33.802536625,75.238035325,153.8309125605366,yes
33.803113775,75.23815389999999,98.36950794909521,yes
33.792167125,75.229824275,169.1682941265858,yes
33.7919782,75.22959265,278.7355931591343,yes
33.790502075,75.229526125,166.40135293838205,yes
33.79043686,75.22915462,92.4317082412689,yes
33.790367450000005,75.22914159999999,72.67329047068424,yes
33.79063955,75.2292412,187.2407765097903,yes
33.790839575,75.2292315,156.43601146920258,yes
33.7910418,75.22956065,162.50002509408512,yes
33.791175625,75.229537625,76.29240369422142,yes
33.791384475,75.229580975,61.286636369985416,yes
33.789963075,75.228295375,147.3340388918508,yes
33.789001975,75.229653525,32.10165310210165,yes
33.787560875000004,75.233309075,124.53392354371219,yes
33.788517575,75.23503465,230.41497188240956,yes
33.791671550000004,75.229026025,134.7535845792819,yes
33.791964650000004,75.22875465,71.15526445766595,yes
33.791881875,75.22867637499999,209.77743555588563,yes
33.791604825,75.2286713,158.9827019323642,yes
33.79142236,75.22881400000001,111.79831766537167,yes
33.791420675,75.22858897500001,105.68094143679012,yes
33.7911225,75.22857267500001,202.2695465819525,yes
33.791040349999996,75.22872117499999,189.12579092154334,yes
33.7906647,75.229023975,85.39235092505415,yes
33.787384550000006,75.22498795,202.765823627972,yes
33.786551949999996,75.2256357,164.12180595628138,yes
33.787327749999996,75.224695575,263.0216712225673,yes
33.78711668,75.22466476000001,97.91128574679902,yes
33.78708830000001,75.22435709999999,192.08495131719428,yes
33.78694875,75.22454675,123.35362221191342,yes
33.7870004,75.224649,141.14082627881152,yes
33.787041825,75.224206775,135.27041328366596,yes
33.786904175000004,75.2241793,114.59681275300309,yes
33.786751475,75.224246325,231.88269120477986,yes
33.786662325,75.22447030000001,89.69764333536332,yes
33.78622904,75.22435485999999,183.55190271427435,yes
33.782111050000005,75.2215736,224.31791781305765,yes
33.774632749999995,75.2187836,159.51920246207442,yes
33.77506865000001,75.21914545,141.69204601622823,yes
33.77482365,75.217980675,111.97651581849344,yes
33.7780629,75.22142505,313.6629809364024,yes
33.77538258,75.21930153999999,267.2735333675545,yes
33.775468849999996,75.21953144999999,204.19856173059017,yes
33.7745258,75.215592575,215.22270113072986,yes
33.772466349999995,75.21268937500001,400.3783456429451,yes
33.772052275,75.21213105000001,132.2464752068783,yes
33.772409,75.21349897500001,188.9888215523056,yes
33.772459725,75.2137821,163.98626568916308,yes
33.772336175,75.21317072500001,74.03067994726027,yes
33.77385331666667,75.20908955,169.4466160627273,yes
33.773761875,75.2091875,112.83969114131764,yes
33.773692025,75.20894945,151.82015444330506,yes
33.7738016,75.208986625,38.68694382948574,yes
33.77250585,75.20824429999999,49.02856532456789,yes
33.77294746,75.20695956,225.7855392071533,yes
33.772769624999995,75.207118925,68.97848657464422,yes
33.77287595,75.20663445,151.85109797722458,yes
33.772964575,75.20681687500002,110.39549281452773,yes
33.7723864,75.20663482,284.5619205975274,yes
33.77244185,75.206401725,436.34027108777116,yes
33.772697925,75.206225425,87.3630588243422,yes
33.772489225,75.20702650000001,83.24934428527482,yes
33.77150685,75.20401962499999,68.52141283980168,yes
33.7714892,75.2044488,49.29658068193246,yes
34.238779225,75.41331357499999,173.45827135876635,yes
34.238018800000006,75.4134101,115.29746526325344,yes
34.237109675,75.41235107499999,65.83799351653454,yes
34.235710624999996,75.4128135,219.83127567127121,yes
34.236102225,75.41288265,217.55265406709245,yes
34.235580424999995,75.413016775,315.91757864441877,yes
34.2399047,75.414024975,41.266824056009284,yes
34.23967795,75.41404305,109.94536468001971,yes
34.2395305,75.414056475,70.02405863521213,yes
34.23940855,75.414064525,84.34528704058854,yes
34.23929545,75.414057125,76.8622609588175,yes
34.23919345,75.414032325,84.96124896358259,yes
34.239082024999995,75.41398875,116.07749908193688,yes
34.238968375,75.4139163,122.27362053326823,yes
34.238833125,75.4138184,189.1414641436998,yes
34.238684,75.413712475,133.4215743320034,yes
34.2385382,75.4136139,140.54929926006133,yes
34.2385831,75.413520025,131.9018292736323,yes
34.238724475,75.41362395,117.88225969952958,yes
34.239700675,75.41393175,89.43233326062993,yes
34.239589824999996,75.41393575000001,96.33053636555312,yes
34.23947175,75.413936425,99.38772369841661,yes
34.239356425,75.41393175,95.47965630641023,yes
34.239235575,75.413916325,117.27407737498893,yes
34.2391164,75.41387677499999,112.9307434397885,yes
34.239016075,75.41381305,104.12974385799004,yes
34.23887915,75.41372584999999,152.22546789599895,yes
34.246799499999995,75.41684384999999,99.8054763746679,yes
34.246697100000006,75.4168067,130.05594057186386,yes
34.246803125,75.41711459999999,79.68406707507313,yes
34.246509849999995,75.416996025,69.47630185396847,yes
34.24694285,75.416979225,161.57250686909094,yes
34.247091325,75.41715087499999,64.11583530838529,yes
34.2472164,75.4171677,102.2795887122548,yes
34.2471184,75.41691194999999,96.85420900862093,yes
34.24729685,75.41695179999999,108.47213419830273,yes
34.24723175,75.41691995,79.89670919212202,yes
34.24746132,75.41694286,127.50861619182487,yes
34.247534425,75.41701384999999,108.3951739361849,yes
34.247763475,75.41739774999999,91.95334378585198,yes
34.247641325000004,75.41725617499999,52.96528016304875,yes
34.24777222499999,75.41708185,56.70135708791427,yes
34.2477181,75.417022575,74.85543655567787,yes
34.24790755,75.417290675,81.46981954533638,yes
34.24806554999999,75.4173659,110.66016506839057,yes
34.248282024999995,75.41756585,83.42222733431134,yes
34.24816355,75.417434,69.28585809253744,yes
34.2558544,75.418300225,114.24908753942432,yes
34.2553922,75.4186152,99.55389854460019,yes
34.254948275000004,75.41816135,70.4607934933307,yes
34.2553666,75.4179525,129.54495001444502,yes
34.255026550000004,75.4183064,36.224504120198326,yes
34.25491245,75.41837895,65.26990816637512,yes
34.2548598,75.41854000000001,49.07149514951443,yes
34.25465942500001,75.41862052500001,102.674781492433,yes
34.256627820000006,75.41447454000001,134.63417797771987,yes
34.25677365,75.414581425,99.14542879792751,yes
34.2578845,75.4155476,112.76979739494934,yes
34.2566157,75.41393285,96.0616951411588,yes
34.256610575,75.41408770000001,50.810333411600254,yes
34.2567846,75.413503725,153.08345021449375,yes
34.258474875000005,75.4131975,159.85438361175585,yes
34.25845575,75.41294330000001,295.1330598312096,yes
34.266885925,75.36868475,40.53510097643081,yes
34.27256425,75.3560563,148.1493604294386,yes
34.271464375,75.35821265,41.40905611834422,yes
34.272522725,75.355483025,119.28472562588559,yes
34.26998925,75.35827327499999,69.36096816808225,yes
34.269968275000004,75.35847555,48.84458216414774,yes
34.27000965,75.35801775,121.61769625764893,yes
34.2695693,75.35832615000001,80.06095107958294,yes
34.269839775,75.35781285,74.24148533840965,yes
34.269931299999996,75.35784945,97.15256736896495,yes
34.270267925,75.357339725,132.32683266565908,yes
34.270449549999995,75.35695197499999,106.59741666931384,yes
34.270305824999994,75.357045925,113.02095185095061,yes
34.2691737,75.35845015000001,173.616226051272,yes
34.269789325,75.35841285000001,116.90718313594759,yes
34.270093425,75.35743245,144.44041196054513,yes
34.27014465,75.35719795,107.14430192195695,yes
34.269643224999996,75.357741725,107.80894816162738,yes
34.2699565,75.357411375,49.000921604632325,yes
34.269341675,75.3581645,141.49961456768187,yes
34.269326574999994,75.35802935,73.42946262687977,yes
34.269320674999996,75.357869775,81.73998784288696,yes
34.2699465,75.35705855,131.73107770015702,yes
34.27426914,75.3530079,680.6570611740259,yes
34.27688295,75.3479889,98.98982281049051,yes
34.27725701999999,75.34791833999999,52.32605787621617,yes
34.27574165,75.347033475,77.748917970188,yes
34.278341275,75.3472859,115.45589844465921,yes
34.278302675000006,75.346789675,74.3249931998964,yes
34.278169575,75.347439975,100.42310672447621,yes
34.280687425,75.34229132499999,101.05137703297163,yes
34.283107799999996,75.33424025,258.2202430731292,yes
34.282347650000006,75.33514389999999,306.44806263681426,yes
34.282467249999996,75.33559805,139.79377616416627,yes
34.287475725,75.328826825,491.0911510107625,yes
34.28765799999999,75.32896265,210.82988682437917,yes
34.287533925,75.32923357499999,167.3017442250559,yes
34.287176024999994,75.328993475,179.17103418848964,yes
34.29001725,75.325511625,246.8893625019852,yes
34.296718825,75.31895505,80.86012323423537,yes
34.296602475,75.31885047499999,171.28075383095148,yes
34.296897175,75.320049375,94.38686569013828,yes
34.297351425,75.313208425,274.128437798105,yes
34.2973636,75.3120725,257.6606043319564,yes
34.297541975,75.3121865,86.76426139956017,yes
34.29783115,75.30748592500001,2381.5636295503027,yes
34.29788545,75.306700025,256.4401166141556,yes
34.29789655,75.30626015,385.3410684460156,yes
34.29807045,75.30521945000001,270.9891470265525,yes
34.299652550000005,75.298791525,331.3741645352792,yes
34.300081825,75.29967155,144.43581348919875,yes
34.300201900000005,75.299491625,98.2824514767587,yes
34.300292575,75.29936967500001,83.43743603630833,yes
34.30037825,75.29925685,59.62696269673637,yes
34.300512575,75.2977191,99.05815546073259,yes
34.30161525,75.29618345,171.87504597650786,yes
34.301846850000004,75.29508494999999,177.92857877947552,yes
34.301826475,75.2961808,162.84855235242034,yes
34.301983625000005,75.296234775,133.31080568143548,yes
34.30225792,75.2961442,161.0287751013061,yes
34.3021415,75.296222375,80.43817575753476,yes
34.302245899999996,75.296307825,121.37443528005343,yes
34.302457975,75.29622945,103.69505007051941,yes
34.302123225,75.29653735000001,110.67564730636417,yes
34.302046450000006,75.296458625,136.37631075352215,yes
34.302699175,75.295648125,171.53265591275812,yes
34.3026575,75.294581975,201.26717528674538,yes
34.302295725,75.29456515,219.18605793769535,yes
34.302849025,75.29543667499999,53.364546366214284,yes
34.302968875000005,75.29548445,62.1084567299109,yes
34.30311692,75.29551368,88.46941388983365,yes
34.30319946,75.29536207999999,132.06208012873248,yes
34.30328615,75.29537704999998,91.50451135054763,yes
34.303591600000004,75.29537032500001,123.06618194828432,yes
34.303511225,75.295540225,114.63904661818707,yes
34.3032452,75.29578175,69.1300663051272,yes
34.3033548,75.2956163,210.8021402226127,yes
34.303186600000004,75.295618775,134.58102215100553,yes
34.303152325,75.295727775,83.35737886477108,yes
34.303026625,75.29581805000001,179.92624721587595,yes
34.3029032,75.29619636000001,178.0804672711485,yes
34.302859500000004,75.296058925,147.04628465722783,yes
34.302379800000004,75.296470125,163.55284970608216,yes
34.302365175,75.29628255,70.01914267603037,yes
34.3016401,75.29490045,98.23802308741551,yes
34.3017322,75.29476425,145.2497853238059,yes
34.3017651,75.29466604999999,177.27934901563913,yes
34.301537775,75.29470495000001,355.2436877883265,yes
34.30111455,75.29521832500001,53.83196997309196,yes
34.3014598,75.296398625,65.11202542195645,yes
34.3013441,75.2952405,108.7044524534974,yes
34.304112,75.29481435,171.95603755537655,yes
34.304044525,75.295029175,106.30508485051095,yes
34.30392975,75.295191425,120.60005128352924,yes
34.30246355999999,75.28804832,76.40905914876149,yes
34.30250805,75.2878973,46.51626774079672,yes
34.30230126,75.28836404,207.21348049470032,yes
34.302214074999995,75.28849285,109.11928735082193,yes
34.30230846,75.28809588,57.41898481142159,yes
34.3022358,75.28806677499999,49.032508969778476,yes
34.302147275,75.288042125,41.5940808531342,yes
34.3021167,75.28820465,74.50014003867307,yes
34.30208935,75.288335575,90.35057093336059,yes
34.302074075,75.28846345000001,87.22043165099441,yes
34.302359800000005,75.28797125,47.45960149013843,yes
34.30243485,75.2879081,42.26294684625455,yes
34.30215425,75.288719175,133.19031720379456,yes
34.302057525,75.28870145,133.70612007699415,yes
34.301940450000004,75.288679875,89.0940603532755,yes
34.302153000000004,75.288901725,140.2354099948404,yes
34.3021218,75.28905885,147.51833524865015,yes
34.301922675,75.28897950000001,153.21024497086074,yes
34.308110725,75.281838225,363.8093032990289,yes
34.307891475,75.28191785,287.48635748428524,yes
34.307635700000006,75.2815409,232.72564702784285,yes
34.30745445,75.28147545,201.25307434682205,yes
34.30638155,75.28219035000001,528.7735971990205,yes
34.30629675,75.28259030000001,524.6083920406634,yes
34.30615495,75.283595425,188.12066287547378,yes
34.306453149999996,75.283142425,308.2100939294394,yes
34.305695975,75.28341317499999,493.5063514964441,yes
34.305912325,75.282838025,545.1400243917244,yes
34.305697425,75.2827513,607.5544666998607,yes
34.305485475,75.28317075,322.69801981903686,yes
34.30548985,75.283561775,231.32611489958475,yes
34.305567325,75.2838184,175.91543130004507,yes
34.30773215,75.279006875,199.45375777179385,yes
34.3075236,75.278663575,219.92232110868196,yes
34.307395150000005,75.278860775,227.8267038103204,yes
34.307750275000004,75.277201025,85.42579263645239,yes
34.307320425,75.27854875,184.7337811735524,yes
34.307635275,75.27672435,196.00645887327292,yes
34.307557200000005,75.2769317,171.24365611241515,yes
34.3074346,75.27751917500001,211.08052578006874,yes
34.307364074999995,75.2777214,180.42807715355758,yes
34.307243225,75.277897275,190.7852707733425,yes
34.307309499999995,75.27813302499999,215.08934682302362,yes
34.3073238,75.278351575,141.65188467618066,yes
34.30746485,75.27840847499999,57.77047207413127,yes
34.30790725,75.27629952500001,68.63252225039864,yes
34.307764549999995,75.275927525,141.8863005700505,yes
34.30819566,75.27488574,215.3494531848565,yes
34.307651225,75.2764662,155.36408056711116,yes
34.307816599999995,75.27626495000001,99.58517236979947,yes
34.30779395,75.276411325,60.19108451113206,yes
34.307619300000006,75.2758198,186.37873166305081,yes
34.3077058,75.27566427500001,181.11300791965402,yes
34.30716366,75.2782584,114.80855474671729,yes
34.307139775,75.27840172500001,244.11806453104055,yes
34.30703117499999,75.27860605000001,228.11121284109248,yes
34.3068672,75.27934272499999,140.96019117797735,yes
34.306729325,75.279264525,175.9936824770151,yes
34.308303224999996,75.274815825,284.19881398856444,yes
34.3099133,75.27202372000002,319.65306550449225,yes
34.309674225,75.272202025,1013.672089098234,yes
34.310012325,75.2717086,259.8392860445087,yes
34.309739449999995,75.27165839999999,243.51401736758987,yes
34.30943726666666,75.27203278333333,642.3284171921314,yes
34.311127375,75.26523325,120.74785953472295,yes
34.309045875,75.265011275,98.06130392551214,yes
34.30919986,75.2652439,50.374011670175356,yes
34.309082000000004,75.26453518,141.90393874742,yes
34.30914518,75.26463068,56.44509156921923,yes
34.309045350000005,75.2648537,97.73780570214302,yes
34.3089645,75.26465587499999,55.431922810521485,yes
34.308983025,75.26433,68.11184862075996,yes
34.308819375,75.2639102,131.0735513019909,yes
34.30877422499999,75.264082225,70.11312132166209,yes
34.3088454,75.264178475,68.25392219898914,yes
34.30880576,75.26433442,135.73207114701432,yes
34.3087756,75.264463425,62.0860338936439,yes
34.3086305,75.26380343999999,82.3847079963796,yes
34.30864155,75.263562225,86.1529787733266,yes
34.308570675,75.26369592500001,111.84610203547834,yes
34.308406360000006,75.26359708,124.28715423355749,yes
34.308410124999995,75.26371225,100.7387067073072,yes
34.308191799999996,75.263479725,159.29688654464746,yes
34.30814748,75.26376026,110.72423790931066,yes
34.3083525,75.26403508333333,159.38640630999294,yes
34.3087141,75.263985325,60.980459660593695,yes
34.308088775,75.26359707499999,67.44044456567231,yes
34.30800015,75.263443525,63.931262953485664,yes
34.30776022,75.2637059,146.372363178568,yes
34.3074867,75.263570275,73.37033516884549,yes
34.307512075,75.2637982,72.04024126024855,yes
34.307426150000005,75.26375345,129.13862784616626,yes
34.3072995,75.2633664,71.04396524264135,yes
34.307213975,75.26370475,125.04888990761006,yes
34.30744625,75.263988025,111.35828255053607,yes
34.3081145,75.26399187999999,126.2176215636797,yes
34.307988525,75.264228075,81.49423674132943,yes
34.307847259999996,75.26413692,100.94946775535442,yes
34.3077794,75.264187225,57.2990177428534,yes
34.30769385,75.264084575,89.00522944661674,yes
34.307547075,75.264043675,105.4158262939408,yes
34.30827005,75.264078075,61.507781167556274,yes
34.308543150000006,75.263960075,63.41523985467867,yes
34.3088587,75.26503862499999,70.34315165007592,yes
34.309041924999995,75.2653105,75.22566043301529,yes
34.30892805,75.26513874999999,91.23803226092687,yes
34.30863475,75.26492695000002,199.75096015556215,yes
34.308862500000004,75.26452484999999,69.00727667157183,yes
34.308352225,75.265022425,95.34189280364541,yes
34.307631075,75.263821325,73.26337855763066,yes
34.30860745,75.2640492,53.740304441232084,yes
34.306983275,75.26443597500001,168.26253834502677,yes
34.30692265,75.264626175,88.95334614964713,yes
34.306752325,75.2645545,293.76748086506177,yes
34.305938875,75.261424075,1240.108764603308,yes
34.306369925,75.2621151,189.82321304715958,yes
34.301760425,75.26189914999999,176.23937438889752,yes
34.3013112,75.262184725,158.17546927870467,yes
34.30159628,75.26186682,172.87472612523004,yes
34.30165075,75.261779225,117.4979213246493,yes
34.297563875,75.22148812500001,43.218253896787786,yes
34.2975372,75.22155760000001,38.24540663753278,yes
34.297504675,75.22162750000001,37.36467890472257,yes
34.297472549999995,75.2216943,40.36207904198989,yes
34.297492225,75.2219854,42.05491369934341,yes
34.297442525,75.22175754999999,40.19227780363572,yes
34.297410375,75.2218363,38.27094950817829,yes
34.297366874999994,75.221903975,35.4301166948153,yes
34.2973055,75.2220398,37.70925126106651,yes
34.297641175,75.222769475,42.56974965057678,yes
34.298875875,75.21465685000001,62.569543851042496,yes
34.296655875,75.20893215,135.2197339315832,yes
34.296152750000005,75.2067825,43.91985694822196,yes
34.295556499999996,75.20550155000001,224.64792929367331,yes
34.29530005,75.20563635,288.58990363247176,yes
34.2955514,75.205218825,215.87402121982998,yes
34.29605038,75.20600264,350.0150874699567,yes
34.29533148,75.20534823999999,269.27848591574707,yes
34.2961917,75.20575,121.05927818049423,yes
34.29514284,75.205399,229.769539288508,yes
34.295097975,75.2052977,167.12273633434745,yes
34.2942526,75.205337475,220.4883993876142,yes
34.2948514,75.20507175,144.44092568504144,yes
34.2947025,75.205207325,130.77780182006293,yes
34.29469397999999,75.20502478,138.7033331409508,yes
34.293807175,75.20649545,182.61873007663453,yes
34.29454864,75.20492232000001,185.4273707025361,yes
34.294495475,75.2048128,123.87167027562242,yes
34.29426855,75.204756075,117.9505515378832,yes
34.294250275,75.204488875,123.85900787628593,yes
34.2941377,75.20459062500001,137.1831541120012,yes
34.293839475,75.204341125,255.40293654799018,yes
34.293888425,75.2049596,94.02828098952352,yes
34.2937576,75.20491002499999,106.26815377452502,yes
34.29360265,75.20490915,112.65427242793359,yes
34.293077775,75.204260625,111.30659534569864,yes
34.2929608,75.20407215,91.14904080980399,yes
34.29260995,75.203865975,210.67812840824718,yes
34.293360675,75.203924375,84.71909907784578,yes
34.29360335,75.20406947500001,187.02467369292276,yes
34.293184180000004,75.20370058,109.33506271258238,yes
34.293294925,75.203732075,126.05285758795003,yes
34.293114675,75.203503625,120.93658662090739,yes
34.293063775,75.20324635,273.7998179640086,yes
34.292072225,75.203380375,109.90554354874433,yes
34.29209015,75.2031578,116.74092114844746,yes
34.291938025,75.203043025,118.28382376912586,yes
34.291742075,75.2027349,126.09257493667621,yes
34.29180155,75.203476275,85.0081259250241,yes
34.291718599999996,75.203365475,128.7312912521257,yes
34.29132395,75.20344507499999,124.41264551547881,yes
34.290979675,75.20318549999999,103.17409363782237,yes
34.291066825,75.203050725,92.24085858328401,yes
34.290734625,75.20257315,146.80416055019774,yes
34.29088786,75.2024844,107.04615238365224,yes
34.290488375,75.202613175,222.17159898958187,yes
34.290831175,75.20240365,77.37109185648139,yes
34.290798949999996,75.202198025,139.69543644685098,yes
34.290405625,75.20242139999999,116.61490607654719,yes
34.29015325,75.202012225,115.97378267292513,yes
34.289973679999996,75.20202982,152.7029335002183,yes
34.28981975,75.20214875,130.87514468780347,yes
34.290544999999995,75.2019808,157.5111631922676,yes
34.290824375,75.2020355,43.79413434072423,yes
34.289813175000006,75.201269875,72.77581269561176,yes
34.289801075,75.20115584999999,93.11699328243556,yes
34.289652175,75.20120130000001,101.4292949560692,yes
34.28957645,75.20060127500001,57.9022459205173,yes
34.290078525,75.200602825,240.31635710331864,yes
34.290033325,75.200274675,147.97984773202245,yes
34.289593599999996,75.1997617,368.48906330741113,yes
34.290460350000004,75.201101175,193.88201604328037,yes
34.290388475,75.20098485,281.433057174476,yes
34.290326725,75.2008046,143.78904911106056,yes
34.29139965,75.20184602500001,143.936661511664,yes
34.291498925000006,75.202030875,90.02721032218955,yes
34.291032475,75.20146705,173.6428957957986,yes
34.290833925,75.20157797499999,170.78078048850284,yes
34.290555825,75.20125214999999,178.4463550695386,yes
34.290748625000006,75.20119055,123.43037792650617,yes
34.290881,75.20101027499999,134.89417240194715,yes
34.290739125,75.20089164999999,132.72354865991616,yes
34.291078325,75.20121822499999,86.75775952256363,yes
34.290683099999995,75.20068675,158.58146752603716,yes
34.29051127499999,75.200576625,144.5131526215499,yes
34.29037385,75.20014144999999,93.9881352481205,yes
34.29100385,75.20030937499999,185.20979477720186,yes
34.288497475,75.1985525,193.65184270650002,yes
34.288414849999995,75.19823484999999,135.65321574627822,yes
34.288204324999995,75.19817645,154.38125188945537,yes
34.28819265,75.198000375,76.39823806216168,yes
34.288202874999996,75.19786415,87.13788846174624,yes
34.2880366,75.19777234,153.3423761206597,yes
34.287936200000004,75.197715975,103.0939604118071,yes
34.287914824999994,75.19750755000001,109.33226597682152,yes
34.287797125,75.197580975,97.54718699188308,yes
34.28780543333334,75.19738768333332,82.50524895617252,yes
34.287772724999996,75.19730957499999,59.275757342386974,yes
34.287679374999996,75.197366475,176.68893392229893,yes
34.2875793,75.197149225,132.9460315506696,yes
34.287601224999996,75.19691209999999,158.95438418361147,yes
34.2872737,75.19660594999999,150.10681765588063,yes
34.28720130000001,75.19635994999999,412.5350334976597,yes
34.286619475,75.196943775,107.89990953638666,yes
34.286762575000004,75.1970021,119.15168634889243,yes
34.287080725,75.196960475,133.66718295585008,yes
34.2874294,75.196955425,145.07433999885,yes
34.28749815,75.196584725,106.15455522398861,yes
34.287014420000006,75.19676292,116.64939140472788,yes
34.286950875,75.196672775,118.10736954191226,yes
34.286925000000004,75.19654754999999,103.44177047436133,yes
34.286586549999996,75.1968121,124.6750038453846,yes
34.286780975,75.196446675,133.35183914818836,yes
34.287007599999995,75.196007825,156.57799679756525,yes
34.286630375,75.19618742499999,83.6786646303571,yes
34.286564575,75.196075025,131.47967774384315,yes
34.286532425000004,75.19669619999999,72.42431900531298,yes
34.286587250000004,75.1964378,121.36917126361101,yes
34.286482725,75.19618209999999,61.10458193327317,yes
34.287000875000004,75.19577890000001,109.57311648776704,yes
34.287155375000005,75.1958399,109.28069417939332,yes
34.287261199999996,75.1957362,152.18083423063945,yes
34.2867194,75.19490342499999,108.02655905437115,yes
34.285332275,75.1933579,118.25001151801293,yes
34.28527685,75.19320545000001,143.48278361975343,yes
34.285165150000005,75.193002175,173.40013228109456,yes
34.2854137,75.192917825,56.62250325540947,yes
34.285304550000006,75.192791775,56.33433371771619,yes
34.283944149999996,75.191565025,101.24401962328756,yes
34.284251475000005,75.19150812500001,195.46660446266606,yes
34.284144825,75.19122655000001,106.4368221576278,yes
34.283630625,75.19035887499999,106.12899655836956,yes
34.283552525,75.1902461,52.891639005162446,yes
34.283428975,75.190353175,141.28859147254968,yes
34.28346185,75.190138125,110.01370620084299,yes
34.283295925,75.19019477500001,190.1459844410509,yes
34.283378525,75.18993995,99.16008828108042,yes
34.283153375,75.18954797500001,153.79676469611596,yes
34.28257435,75.1895232,163.7104288934106,yes
34.2828602,75.189271025,142.83567475910337,yes
34.282958175000005,75.1891967,94.91016990170536,yes
34.28242595,75.18936570000001,117.06870335411585,yes
34.282552425,75.189185225,173.96619279347942,yes
34.282665025,75.189066625,117.73498214346243,yes
34.282756175,75.188946675,113.13493159891905,yes
34.282692950000005,75.188876725,125.88461422575402,yes
34.28238425,75.18915955,158.2863489325664,yes
34.282425225000004,75.18891625,97.00240627785297,yes
34.282211725,75.18902415,94.54307178217422,yes
34.2822417,75.188800325,279.1211101086854,yes
34.28209695,75.188636625,179.6184071214811,yes
34.282185425,75.188271225,51.81671970165684,yes
34.281971925,75.188421625,184.4529522266884,yes
34.281971175,75.18813317499999,203.01842426377158,yes
34.2815954,75.18821015,141.39276514807483,yes
34.28138415,75.18751912500001,131.51582652730326,yes
34.2812168,75.18734065999999,128.49983515459317,yes
34.281309179999994,75.1873088,79.58047974888679,yes
34.280859225,75.18682545,164.77766400625995,yes
34.280488525,75.18649542499999,196.91251625808468,yes
34.280396425,75.18668477499999,118.83628565094426,yes
34.28015955,75.18715722499999,238.6094371270732,yes
34.27967865,75.186382525,152.35036838747268,yes
34.27989615,75.18614265,90.60589649122754,yes
34.279357024999996,75.18635914999999,103.63621156925355,yes
34.279210025000005,75.18641000000001,120.18763914507204,yes
34.279190725,75.1862494,116.58122449719653,yes
34.278651525,75.1861447,527.8714066942573,yes
34.277951975,75.18543225,289.04048485070257,yes
34.277341425,75.18507952499999,188.5922817290992,yes
34.27748,75.18495147499999,178.75084566762217,yes
34.27653265,75.182979725,138.39543465452587,yes
34.2759044,75.182365875,189.0416860583506,yes
34.275732250000004,75.182265225,179.29617124771767,yes
34.274799225,75.181738725,141.55484996909502,yes
34.2758579,75.181774125,170.46965708838866,yes
34.275455775,75.181209625,210.35485005070888,yes
34.2753549,75.181304325,56.40097723323069,yes
34.2754156,75.18105477499999,94.90366741002796,yes
34.275310275,75.18105655,120.48660073540195,yes
34.2752847,75.1809026,176.48515631643426,yes
34.2752613,75.1807389,182.28702684478904,yes
34.2751224,75.1805929,193.39525197468802,yes
34.275112875000005,75.180347825,206.39966292279775,yes
34.275026575,75.18016555,177.89117635731378,yes
34.27558375,75.180345175,146.47164831364387,yes
34.2752401,75.17968245,139.35256184663717,yes
34.27542626,75.17996558,151.5354413013663,yes
34.2760278,75.181128575,153.25108176092044,yes
34.276573375,75.181470275,160.19811584348952,yes
34.276339425,75.18093495,125.54424711514781,yes
34.2761603,75.18098714999999,168.16795690569762,yes
34.276223200000004,75.18064562500001,149.54244522781585,yes
34.2762327,75.18044567500002,127.08738606014792,yes
34.2750545,75.1795543,123.55289288847365,yes
34.274893750000004,75.17927572500001,219.21504335311712,yes
34.27474165,75.178799725,186.12349948630975,yes
34.274521575,75.180728575,159.70030701771776,yes
34.274289075,75.1803313,144.14517905509368,yes
34.27434535,75.180063225,145.2210647313449,yes
34.27416608,75.17984670000001,130.82355601527345,yes
34.274166225,75.180230425,113.72515031065433,yes
34.27426072000001,75.18053735999999,146.39063130836774,yes
34.2741654,75.180465,121.26766867258465,yes
34.274056275,75.18035404999999,198.97365300710413,yes
34.2741019,75.180096825,132.29872941998167,yes
34.27394835,75.1801216,170.08547481145717,yes
34.273803179999994,75.17995504000001,276.96323124826836,yes
34.273800975,75.180210925,122.61458560795253,yes
34.273956375,75.1783918,135.15858504120297,yes
34.27379845,75.1782812,159.61401574899855,yes
34.27370145,75.179863,126.80267420364612,yes
34.273685325,75.1801187,94.21038007680696,yes
34.273615674999995,75.17965795,184.24027394465224,yes
34.273536725,75.179516425,60.004232859809505,yes
34.273408025,75.179455375,120.86267061304547,yes
34.273361225,75.17932437500001,95.93988551950787,yes
34.273294674999995,75.17922795,85.65174328751587,yes
34.272912125,75.17878507500001,200.7068405333833,yes
34.27312458,75.17912594,199.09013993929918,yes
34.27303785,75.179043525,185.23937560765063,yes
34.273160825,75.17986942499999,188.2877296820251,yes
34.273050874999996,75.179661625,134.37937712542933,yes
34.2728917,75.179632425,111.20745291436242,yes
34.272805825000006,75.17973985,153.07585032583336,yes
34.272183525,75.17715150000001,71.80309306974053,yes
34.272070925,75.177020175,124.77311602862869,yes
34.2720249,75.177740375,43.57653883105556,yes
34.27024215,75.170167275,272.25056553372207,yes
34.2704741,75.17135215,172.74084274109003,yes
34.270447775,75.17156715,129.14300293881138,yes
34.270507800000004,75.17175592500001,116.53625058440224,yes
34.27043675,75.17194235,117.70081594711604,yes
34.270172099999996,75.171543275,131.78830152085067,yes
34.27036515,75.172166175,121.95748483519249,yes
34.27013625,75.17123095,155.71613534245617,yes
34.269991475,75.1713159,160.5393644078809,yes
34.2701509,75.171392,89.64703775820863,yes
34.270064149999996,75.170910875,122.09713897705748,yes
34.2699691,75.1705166,107.77813235858069,yes
34.26992495,75.17035232500001,138.5778689492878,yes
34.26989935,75.17010015,79.69473654968058,yes
34.269864975,75.17022315,44.6784759607701,yes
34.269689525,75.17051335,145.39560619193907,yes
34.269652975,75.170278,134.95874454615102,yes
34.269618575,75.170105475,199.93232100915876,yes
34.269458475,75.1694348,151.77369840720633,yes
34.269545449999995,75.170493025,136.4907286768177,yes
34.2697407,75.17089117500001,141.66176446599508,yes
34.2697619,75.17111857500001,234.10013336012668,yes
34.269729,75.171422925,143.44658621921758,yes
34.2697575,75.1716459,192.66036171161522,yes
34.269793760000006,75.17176986,124.23515417874887,yes
34.269781075,75.171884275,141.37299142898053,yes
34.26931075,75.17061602499999,106.46469935673005,yes
34.26917255,75.17060275,158.80229900436765,yes
34.269337125,75.167479875,116.54528100383119,yes
34.269316599999996,75.167223675,176.65427316097777,yes
34.26922209999999,75.16700275999999,72.46074306177681,yes
34.269040225,75.16692815,131.92587174594277,yes
34.26987535,75.1597304,185.6244025490998,yes
34.26955115,75.156933225,183.6993058523485,yes
34.267857175,75.157650375,209.7948539280514,yes
34.2678882,75.157928,184.54015609435305,yes
34.267749699999996,75.158511375,125.40901339731042,yes
34.26788595,75.15871655000001,429.06539251753543,yes
34.268304125,75.160359575,163.00916429255733,yes
34.268122700000006,75.159270025,197.44895994374843,yes
34.268140325,75.159091125,38.34691661866006,yes
34.268087425000004,75.15909725,60.36181931387999,yes
34.2680278,75.159116575,65.45264865661119,yes
34.2674667,75.1566742,150.22444567507443,yes
34.2691936,75.1563063,189.06137316076655,yes
34.2698226,75.15686955000001,109.56511266155402,yes
34.269377575,75.15608982500001,237.79185318325966,yes
34.269310375,75.15587637499999,94.45749735285327,yes
34.2691642,75.1558642,146.77797640831864,yes
34.2689492,75.155932275,196.52444155658537,yes
34.269110475,75.156058325,108.16163853490781,yes
34.2689797,75.15553778,139.99307815513794,yes
34.2689653,75.15538480000001,121.35354034164807,yes
34.2685309,75.15403775,208.15558688310995,yes
34.26861908,75.153764,141.44187276829814,yes
34.26864055,75.15388597500001,131.36650254656746,yes
34.26859304999999,75.153556025,112.70475942780956,yes
34.268563675,75.153237875,124.7109839234938,yes
34.26853984,75.15284444,254.2585705044491,yes
34.26839615,75.152912525,272.6121289245411,yes
34.26849674,75.1525808,154.00367233057534,yes
34.268448125,75.15240714999999,192.99503798149016,yes
34.268529575,75.152389875,150.5399688363735,yes
34.268491425,75.1519522,152.27868010077955,yes
34.268452775,75.1516493,148.6707232476542,yes
34.26845195,75.15138,171.01008262297464,yes
34.2683839,75.15116144999999,158.12112320298445,yes
34.268294025,75.15090535,185.4856584653182,yes
34.268223500000005,75.150638025,145.2915670033595,yes
34.26842005,75.150723375,124.68197342858849,yes
34.2684234,75.150511975,215.3385985232407,yes
34.267730425,75.150597375,149.77575814190695,yes
34.26761035,75.15063395,84.37168769249419,yes
34.267930025,75.147869875,176.70694798258498,yes
34.268675925,75.148531075,143.00323666121488,yes
34.268807825,75.14897365,159.32098710096588,yes
34.268658175,75.14826554999999,255.5542095688443,yes
34.26892781666667,75.14994130000001,437.87065049561016,yes
34.268871275,75.15022185,172.06770720009524,yes
34.268557625,75.14803455,217.72262209973525,yes
34.2682107,75.14690397500001,157.68212470946494,yes
34.26819075,75.14671757500001,244.08042280800282,yes
34.268178575,75.146524475,162.36970768406297,yes
34.268069975,75.14611005,288.8398016152732,yes
34.268018975,75.14573855,198.56169396427558,yes
34.268227350000004,75.1454395,136.28804779996142,yes
34.268202949999996,75.14491645,137.45866488103246,yes
34.267821725,75.14443635,144.26932952689754,yes
34.26761,75.144153375,94.26061416281397,yes
34.267678725,75.143591475,138.68472233908602,yes
34.267385525,75.14337937500001,179.39280352082363,yes
34.267372825,75.14295709999999,236.7767309078784,yes
34.267328500000005,75.1427479,179.93198294512854,yes
34.2661963,75.15016825,245.326454598635,yes
34.266022299999996,75.149755175,216.05093332610588,yes
34.2660478,75.149900025,191.3285275385711,yes
34.26606225,75.150361375,129.08091788973678,yes
34.266060874999994,75.1509154,101.60541845770132,yes
34.265886525,75.150736775,217.44822752023327,yes
34.265802875000006,75.150036825,125.88282796966985,yes
34.265672075,75.1501602,190.22835642581316,yes
34.26592255,75.1502849,106.099852595644,yes
34.266123175000004,75.14798225,135.91670239927663,yes
34.265636625,75.1482183,187.19711434953427,yes
34.26564325,75.14868365000001,199.8424501810804,yes
34.2653141,75.14871314999999,140.7541143519071,yes
34.265465925,75.14904307500001,168.36806606951183,yes
34.2652919,75.14807035,167.67335998730763,yes
34.2654002,75.14949835000002,178.29881911217498,yes
34.265115474999995,75.149379425,270.55890142922107,yes
34.265506075,75.14841792499999,163.536388418851,yes
34.265569125,75.148539675,207.86321379579942,yes
34.265259975,75.14713427500001,123.62604107824896,yes
34.26493825,75.147742075,184.65688621447055,yes
34.2650844,75.14821875,186.1278118773367,yes
34.265221325,75.1465915,171.2129985833443,yes
34.26503485,75.14695945,211.53100384341235,yes
34.26500625,75.14649560000002,245.38668937206782,yes
34.265014925,75.14665345,79.41749047351122,yes
34.264794625,75.1475815,111.76842480344283,yes
34.26474594,75.14778784,141.84762193015155,yes
34.2646376,75.1477182,182.57206010918745,yes
34.26472825,75.1465163,185.0167302724222,yes
34.26488755,75.14640655,151.1873374690361,yes
34.264845,75.1462094,218.0311233597766,yes
34.2647459,75.1460305,162.27961771374441,yes
34.2643217,75.1466027,164.74452573577912,yes
34.264265425000005,75.145905475,101.66021290927635,yes
34.26420428,75.14575466000001,192.28702870922217,yes
34.264140275,75.14593902499999,164.9291721887115,yes
34.264267075,75.146889325,156.8680020444182,yes
34.26402015,75.14586482499999,129.05400964286991,yes
34.26404445,75.144864375,125.83840359982099,yes
34.264110075000005,75.14451995,171.85667778823148,yes
34.264013575,75.1446764,195.28507319002082,yes
34.263729899999994,75.144135825,141.2075580192768,yes
34.263660425,75.14384982499999,122.21940309379619,yes
34.263754025,75.14363029999998,184.19208884904953,yes
34.263626949999995,75.1433586,160.63249689164306,yes
34.26356035,75.143182325,124.53763664294334,yes
34.2638734,75.142380375,113.95243483925992,yes
34.2634256,75.14331774,128.94823964086038,yes
34.2634305,75.1434681,171.46664252573112,yes
34.263418566666665,75.14273991666666,128.25047252122394,yes
34.26330852500001,75.1426394,185.89456770592685,yes
34.26357538,75.14192594,177.26866834949357,yes
34.263625975,75.14164120000001,212.707641037891,yes
34.263149325,75.14250517500001,136.9938018263932,yes
34.263064799999995,75.14262866000001,113.12106768574671,yes
34.263172475000005,75.142772525,207.68525271256505,yes
34.263547825,75.14129445,235.67270224442376,yes
34.263966575,75.14617344999999,133.99884576052142,yes
34.263926075,75.14600415,165.8677061971494,yes
34.263689675,75.1463859,128.5190121190343,yes
34.26334035,75.14063715,132.7096403699486,yes
34.262857925,75.14190155,205.7075397443606,yes
34.26277495,75.14115670000001,167.30825690499202,yes
34.2633423,75.14219225,157.46731181295564,yes
34.262691975,75.142292675,257.0948747044747,yes
34.262560725,75.142175925,118.13535415467832,yes
34.262703525,75.1420218,109.56084810754217,yes
34.262980475000006,75.14248765,158.76586183179387,yes
34.26289828,75.14264968,149.94239568907156,yes
34.26297934,75.14271225999998,74.28381818711017,yes
34.263060550000006,75.142874075,118.77755881318757,yes
34.262510575,75.14201015,197.27303872880532,yes
34.26243435000001,75.14150225,171.00760414394585,yes
34.26238515,75.141746275,118.24207998444004,yes
34.26232045,75.141642375,102.5183326032211,yes
34.262196975,75.141488275,186.47601934843894,yes
34.262045475,75.14137385,175.12911714881113,yes
34.2621076,75.14116879999999,105.79662042126714,yes
34.262147775,75.141664525,129.9921551399056,yes
34.262295425000005,75.1420218,214.47915591665867,yes
34.2620098,75.14157115,147.9824842385304,yes
34.261914274999995,75.14174045,201.51258003658432,yes
34.265183975,75.14000167500001,449.6574970461598,yes
34.2652446,75.13915592000001,113.97637845967613,yes
34.26524105,75.139016625,57.47583875678467,yes
34.264962174999994,75.13862040000001,105.28364135583095,yes
34.264886575,75.13830229999999,204.77801428614532,yes
34.263916449999996,75.13790795,163.5758063790687,yes
34.264726640000006,75.13772026000001,193.70548407635357,yes
34.264810375,75.137640775,121.7657192289862,yes
34.26469175,75.13754005,176.97876801600967,yes
34.2641609,75.137459725,121.9997951017663,yes
34.2637459,75.13737130000001,132.41858866200783,yes
34.263629975,75.137250325,250.61536563075066,yes
34.26422637499999,75.136518575,192.7836490383334,yes
34.26396685,75.13670455,142.89541710217537,yes
34.263119275,75.136497225,130.7467825507992,yes
34.264349025,75.136426075,92.6453524853699,yes
34.26421476,75.13629668,190.6476484216372,yes
34.264289749999996,75.136188625,98.07829071443123,yes
34.264202,75.13603985,119.32008284035308,yes
34.2639576,75.13538837499999,351.7279245210193,yes
34.263826550000005,75.1358874,134.37000265767887,yes
34.2634007,75.136244175,103.17417497090855,yes
34.263477124999994,75.136031725,167.6486213766588,yes
34.26315874,75.13628487999999,159.56206855680352,yes
34.263251975,75.13617385,208.93663443430387,yes
34.263047925,75.136025625,188.224741905881,yes
34.2634116,75.1358122,203.13835049625803,yes
34.263367075000005,75.13513835,228.1804583013315,yes
34.26292195,75.13536352499999,176.54661466451694,yes
34.262639275,75.13482842500001,343.68932316002974,yes
34.262951875,75.13385345,219.7928755681222,yes
34.261383775,75.13905167499999,151.2220441387695,yes
34.2612906,75.138904725,106.90169476884145,yes
34.261092325,75.138876725,128.7998106949831,yes
34.26098765,75.138935675,90.49940578263892,yes
34.26095915,75.1388014,99.5954418181438,yes
34.26106095,75.138624575,95.8046721765632,yes
34.26096545,75.138653725,105.70480946083566,yes
34.260926725,75.137768325,190.19555676262564,yes
34.260910925,75.1381832,125.89801844111132,yes
34.26094035,75.13840507500001,148.6255003131227,yes
34.2609529,75.138539325,98.04774405425911,yes
34.26069335,75.13824337499999,161.22834557648048,yes
34.26055825,75.13827895,129.36006539196364,yes
34.260716,75.1389322,170.02936413146813,yes
34.260839024999996,75.138945025,82.49135187862862,yes
34.260826975,75.139116075,144.01476777714305,yes
34.261068925000004,75.13978974999999,143.407402129001,yes
34.260828425,75.139584225,131.31335530140888,yes
34.26092675,75.13950515,99.21380373865755,yes
34.260791275,75.139417875,114.2535726528668,yes
34.2609312,75.13998289999999,137.93837212056658,yes
34.261057125,75.14075755,48.52873119254811,yes
34.26105749999999,75.140296725,73.01740129376459,yes
34.2607937,75.139917525,138.87725745524511,yes
34.2607242,75.13972785,140.46217634091676,yes
34.260579475,75.1394961,132.84265311588888,yes
34.26061035,75.1393011,137.78244610641138,yes
34.26149185,75.130827275,264.86420147023813,yes
34.259778174999994,75.136950425,134.3759591181427,yes
34.258534950000005,75.13582224999999,125.59566262127582,yes
34.258450100000005,75.13563012499999,137.2097740287525,yes
34.258104025,75.133355525,140.705222264183,yes
34.2580326,75.13391045,139.1879340324703,yes
34.257863775,75.133765125,118.92955114473787,yes
34.257971275,75.1340771,110.91145951727367,yes
34.2580553,75.1340507,122.88101833103944,yes
34.257526874999996,75.13400089999999,79.80681464596805,yes
34.257072775000005,75.132017325,285.2829523687278,yes
34.256916175,75.132172475,108.60193728865423,yes
34.25694665,75.132360625,101.87436619320442,yes
34.257173249999994,75.13372345,157.64247272944414,yes
34.257059825,75.13357199999999,107.67122584295603,yes
34.256485225,75.13456905,153.1100034771536,yes
34.256650725,75.131897,143.52882984735103,yes
34.257484025,75.1301692,116.95080768711307,yes
34.257358874999994,75.13016005,158.02254010326067,yes
34.257096775,75.1300452,151.0594450065277,yes
34.256194625,75.126645275,140.1668850783028,yes
34.2559737,75.12673065,141.92577637181364,yes
34.25603415,75.12626209999999,220.50725747106355,yes
34.256449124999996,75.12550900000001,205.30196646378607,yes
34.25651465,75.12592570000001,162.02284346746276,yes
34.2567608,75.124582075,226.27666835680483,yes
34.25621645,75.12530977499999,130.75373082059272,yes
34.256218125000004,75.12543377499999,96.06490836579749,yes
34.2559493,75.1258342,172.20390163952462,yes
34.256146725,75.12554355,72.78385624714777,yes
34.256043399999996,75.12512584999999,150.19272938063054,yes
34.256223175,75.123958025,178.27305130029566,yes
34.25602522,75.12389982,196.20043250742003,yes
34.258399749999995,75.129040425,231.07018444425665,yes
34.2565362,75.132323725,157.8515811105023,yes
34.25655864,75.13252508000001,125.3362800232633,yes
34.2564662,75.13260845,141.50237102083685,yes
34.256489125,75.132879675,118.32532759709838,yes
34.25576335,75.13270994999999,144.78995334996952,yes
34.25581205,75.132906075,133.89661104160268,yes
34.255921275000006,75.13290915,136.7032290147577,yes
34.254914025,75.12891690000001,134.67764583413975,yes
34.254859425,75.1287329,96.2789774210592,yes
34.2599451,75.1394426,149.9954852242944,yes
34.260746175,75.1384416,165.72263465295558,yes
34.258564975,75.13066442499999,63.53420453155043,yes
34.2608078,75.129305675,176.8036129944329,yes
34.260900500000005,75.12966939999998,117.48060953158871,yes
34.26097215,75.129737025,46.35521832991263,yes
34.261094875,75.1297013,149.37008245822372,yes
34.261045025,75.129327125,102.5306680546479,yes
34.261152550000006,75.12924129999999,127.679779575011,yes
34.261357575000005,75.12874575000001,194.02180182858132,yes
34.2614191,75.128899975,103.52266723026204,yes
34.2612983,75.12922789999999,133.14839052683146,yes
34.2612362,75.12871762500001,51.77163949738785,yes
34.2614507,75.129046825,181.0334278610598,yes
34.261473079999995,75.12922408,162.4799883384499,yes
34.261432975000005,75.129373475,158.46645809652586,yes
34.261760679999995,75.12920658,161.68640180441471,yes
34.2617993,75.129566525,129.64177982865658,yes
34.2617012,75.128742425,103.84400848797509,yes
34.261957775,75.12946927500002,168.57006345077315,yes
34.2616639,75.129137,98.23928465328231,yes
34.261564275000005,75.1289268,114.71231925215687,yes
34.261134799999994,75.12910006,68.09116546462198,yes
34.260412474999995,75.128591725,153.90954182726034,yes
34.259996775,75.12899685,120.9156181650556,yes
34.260113875,75.128892125,75.89068279114358,yes
34.26099055,75.12810415,74.98776677609091,yes
34.2609657,75.12799245,124.50535455687233,yes
34.26087606,75.12784406,227.633299488151,yes
34.26058815,75.127994,196.8333294841423,yes
34.260812775000005,75.127724175,134.46004317761526,yes
34.260912825,75.127434775,126.18818172096331,yes
34.260661375,75.127715125,138.68878307920068,yes
34.260737125,75.127539525,138.43527963480102,yes
34.2602144,75.1279836,180.6837885770494,yes
34.2604506,75.12773940000001,140.28114426740885,yes
34.260265999999994,75.128303225,74.7627261945036,yes
34.25493286,75.12598289999998,217.84189747050328,yes
34.2549944,75.12616785,84.7914934324839,yes
34.254483925,75.127932125,104.94228652676065,yes
34.254501475,75.127400375,84.3838666871454,yes
34.2548352,75.125994475,131.97222074232354,yes
34.254086825,75.12662175,87.94152034782397,yes
34.25448155,75.121788525,135.25483122898066,yes
34.254750675,75.123436925,109.47044047055475,yes
34.2547602,75.12354485,59.052383078521046,yes
34.2546739,75.122893625,113.62029002890694,yes
34.254923975,75.122981225,186.9771664068673,yes
34.254996375000005,75.1231617,94.17086776073046,yes
34.255193825,75.123525375,113.35530875103836,yes
34.25478285,75.120943525,56.44712019918819,yes
34.254902050000005,75.1208294,158.34411714709697,yes
34.25494064,75.12044614000001,124.86618534014838,yes
34.2547682,75.120061375,122.99481228919203,yes
34.254856724999996,75.11959865,123.55916534408851,yes
34.255140925,75.1191013,122.8611058040175,yes
34.256062425,75.11874119999999,116.74287528056358,yes
34.25529305,75.11971625000001,132.90301898386775,yes
34.25505245,75.120052475,151.69346234125146,yes
34.2549549,75.12033372500001,55.291112417847785,yes
34.2552476,75.12047556,147.4758375405013,yes
34.255182649999995,75.1205623,75.42462046569801,yes
34.2552265,75.12219809999999,58.70091010867843,yes
34.2560083,75.1213301,145.4282512806625,yes
34.256156000000004,75.1212779,110.9947400385029,yes
34.256169199999995,75.121463725,157.7068463541258,yes
34.25634545,75.121558375,159.5366698815575,yes
34.256189675,75.12163447500001,51.784402790934,yes
34.256244525,75.12194149999999,113.91157029917011,yes
34.256235,75.12218750000001,146.32073574349033,yes
34.255804225,75.122736925,136.42595878802865,yes
34.256392975,75.122655525,123.31199970811238,yes
34.256003899999996,75.123143075,138.7311058807103,yes
34.25610115,75.12326072500001,63.46079866659451,yes
34.255994099999995,75.123771925,70.22982527645578,yes
34.25556805,75.123087325,109.54602368599453,yes
34.255688,75.122530775,130.57284850671243,yes
34.255530775,75.12270335,118.98031915172052,yes
34.255556325,75.12242194999999,137.4410615481512,yes
34.25551539999999,75.123210325,61.77955888364171,yes
34.255317925,75.12306607500001,133.51794384913256,yes
34.255236,75.12294485000001,96.06735834493745,yes
34.2551541,75.122814825,161.3963952431775,yes
34.255211875,75.122455575,96.54632784488928,yes
34.255222125,75.122303425,74.65269813856142,yes
34.255334,75.12245027499999,197.65067187155557,yes
34.2570409,75.118498725,189.39696002948915,yes
34.253680499999994,75.1213325,118.6524275931228,yes
34.25372122500001,75.120925825,112.50869256541974,yes
34.253775974999996,75.120677025,121.6497552830663,yes
34.253601575,75.1208796,53.23485740343575,yes
34.25380785,75.12044130000001,85.13096391687684,yes
34.2538645,75.12026495,101.8407450774726,yes
34.25377855,75.1184648,116.04777773244913,yes
34.253745425,75.11823145000001,106.849913238576,yes
34.253676049999996,75.118391675,104.12341112062175,yes
34.253791925,75.119464625,96.33104240983582,yes
34.253600275,75.119366825,100.66088190783577,yes
34.253390825,75.120130925,112.24515617158545,yes
34.253494599999996,75.119223525,146.59464058017338,yes
34.253769000000005,75.11747737499999,142.71841170749252,yes
34.2533991,75.117746975,124.39457968770081,yes
34.2535309,75.1175143,127.48787103276064,yes
34.253639140000004,75.11719182,139.09320919305833,yes
34.2534634,75.11735795,153.02955407007107,yes
34.253574875,75.11709637499999,89.6739551045212,yes
34.253254075,75.12028415,144.95385452828305,yes
34.25290344,75.11963888,135.10969071589284,yes
34.25294088,75.11949872,102.19214956571273,yes
34.252983475,75.119377225,134.8239676721211,yes
34.253004649999994,75.119141,116.30219585472064,yes
34.252990075,75.1185225,158.75681719441152,yes
34.254138675,75.115547025,214.68671872533014,yes
34.255280525,75.115439175,130.92064071106591,yes
34.2552461,75.115599325,69.97383541460312,yes
34.255137175,75.115515275,108.59902176402414,yes
34.25502085,75.11543655,120.29221903538682,yes
34.25490605,75.11555332500001,121.74520799604508,yes
34.25506222,75.11531061999999,59.0070003508405,yes
34.255015349999994,75.11523377500001,91.21425577590216,yes
34.254255175,75.11528965000001,143.46526209982505,yes
34.255331675,75.11520205000001,137.5016730456996,yes
34.255143725,75.115058725,110.31437597773578,yes
34.255006975,75.1150543,175.03498263091632,yes
34.255359475,75.1145588,149.34664408384472,yes
34.2557573,75.1139085,146.66576073675165,yes
34.255739750000004,75.11323602499999,181.0790340075187,yes
34.25553575,75.11436417499999,112.99164456869434,yes
34.255654925,75.11357495,96.28327906759887,yes
34.257365525,75.112822875,132.08194182952678,yes
34.25777065,75.1128326,156.19021300843974,yes
34.257904475000004,75.112090275,173.65681147235566,yes
34.257679975,75.112679525,132.94237378724299,yes
34.257826975,75.113259075,141.22533658674973,yes
34.2577882,75.113425425,164.57506133584008,yes
34.25773115,75.113621875,134.1902230463736,yes
34.25806025,75.113575825,130.08140127155667,yes
34.258216159999996,75.10749892,118.42171861363599,yes
34.258155225,75.10765365,237.0551983872918,yes
34.258183100000004,75.10737498,158.66526435380868,yes
34.25818195,75.10724772500001,129.26852740818453,yes
34.258312725,75.1072562,120.38260217408624,yes
34.25777035,75.1064305,177.68722168816777,yes
34.25727582,75.10714623999999,154.89245573745478,yes
34.257331675,75.1072701,143.51055069889185,yes
34.2577283,75.106029975,75.7129241321154,yes
34.2573209,75.108460125,167.47070925144243,yes
34.257123500000006,75.10857105,115.51921657403767,yes
34.2569898,75.10782855,341.60721138068664,yes
34.256978375,75.10901702499999,197.14120421002355,yes
34.256980250000005,75.108738175,170.38595845353143,yes
34.257002549999996,75.108520225,140.93551902513914,yes
34.256873925,75.108478625,117.81555335962844,yes
34.256548625,75.10880445000001,99.91470730742714,yes
34.2591873,75.10224925,173.6958062554796,yes
34.25932754,75.10308032,160.81060037638855,yes
34.25933095,75.103489225,148.0683368195584,yes
34.25942972,75.10333898000002,120.2666520292806,yes
34.259366575,75.103218475,76.28024497772624,yes
34.259466200000006,75.103235525,86.21939652486901,yes
34.259354475,75.10395675000001,191.53224512487276,yes
34.25935535,75.1044426,153.34789237039493,yes
34.259225975,75.10424234999999,124.9744835494578,yes
34.259181399999996,75.10484302500001,128.1427855083382,yes
34.2593604,75.10456355,90.00374158212462,yes
34.259188125,75.10498835,130.5727811250649,yes
34.2592237,75.10412765,81.35851132620945,yes
34.256192525,75.09733585000001,209.20653976983,yes
34.2557216,75.097374325,134.5155485344734,yes
34.2553704,75.09717355,157.34263571201717,yes
34.255808475,75.098350375,132.58233329105184,yes
34.255979275,75.09838074999999,213.10596844493503,yes
34.2557448,75.09852082500001,119.79211251945648,yes
34.255711950000006,75.0987695,135.88391030968558,yes
34.25596385,75.0997946,211.65733985291442,yes
34.258262375,75.09535925,203.44147237000658,yes
34.258717850000004,75.09803050000001,84.31275311180138,yes
34.2588394,75.098046825,150.95509502750426,yes
34.25717234,75.09050318000001,160.06931940788212,yes
34.257128550000004,75.08987317500001,310.21047757132806,yes
34.25712755,75.08939914999999,287.09343564554484,yes
34.256064175,75.08897420000001,273.78207140799725,yes
34.255965775,75.0887057,142.18510997436647,yes
34.255805575,75.08873254999999,174.06042133442787,yes
34.254455475,75.086202925,187.92802652656417,yes
34.254346274999996,75.08557782499999,116.23861431243759,yes
34.254747525,75.08433724999999,53.45778971646996,yes
34.254872975,75.08440734999999,117.4165188531307,yes
34.2551047,75.0845876,169.0480739321259,yes
34.254632925,75.08428565,30.858218046251444,yes
34.254534899999996,75.0841763,108.70286474185423,yes
34.254435575,75.08395984999999,131.87473842620957,yes
34.254492225,75.08391209999999,182.89259805536255,yes
34.25421275,75.0837873,69.71777081797427,yes
34.254566075,75.083844325,205.17426770058512,yes
34.254641825,75.083781925,151.82291954558946,yes
34.25473925,75.0837303,194.79500818147528,yes
34.254950625,75.084220175,134.54043966760128,yes
34.255026640000004,75.08422754,175.0681555203837,yes
34.2548443,75.08405300000001,82.59901811921233,yes
34.254802275,75.083928225,90.70324837779943,yes
34.254933449999996,75.0839213,186.3184894140786,yes
34.255132579999994,75.08416288000001,182.4647925016665,yes
34.2552874,75.0847663,67.40214107999851,yes
34.25520145,75.08468772500001,77.48324180504781,yes
34.255264475000004,75.08444125000001,160.29992678125126,yes
34.255403275,75.08465615,59.686976744239246,yes
34.2554555,75.084995825,75.75237325138548,yes
34.25539885,75.084898775,80.4882825092645,yes
34.255565625,75.08495192500001,176.84718011727335,yes
34.255675124999996,75.084879525,154.2551989814467,yes
34.25574769999999,75.08518762499999,148.93507817628063,yes
34.2558419,75.08558277499999,143.27313741844483,yes
34.2559648,75.085901675,124.7702370077908,yes
34.256034825,75.086095775,120.08699226112745,yes
34.25594728,75.08629958,98.32730819766812,yes
34.25587795,75.08627022499999,81.4819287092291,yes
34.2550633,75.083757225,83.268699629443,yes
34.255170275,75.084043775,70.65309399092601,yes
34.255340875,75.08410465,156.3801585719351,yes
34.2552473,75.083986025,93.29190532973503,yes
34.2555204,75.08461609999999,126.96447589589337,yes
34.255579625,75.084584525,175.5225929987767,yes
34.255510875,75.084361925,157.0992493713007,yes
34.255443375,75.08438807499999,157.07530830751784,yes
34.255957175,75.08555809999999,134.1753729092449,yes
34.2558973,75.0853132,130.4119749273706,yes
34.25592786666667,75.08568623333332,116.88143432306322,yes
34.256225825,75.0864239,219.11348154895268,yes
34.25358935,75.08453485000001,279.51525991496857,yes
34.25061795,75.07625455,116.16619386724327,yes
34.250499500000004,75.0760787,96.50599982879612,yes
34.250386074999994,75.075925225,103.3403740679725,yes
34.25071658,75.07574636000001,148.01911108499152,yes
34.250869175,75.075729075,120.82525815294909,yes
34.250677775,75.07561677499999,138.844542410101,yes
34.250456325,75.077515075,121.5942556349112,yes
34.2502413,75.07751909999999,175.52488891834957,yes
34.247111159999996,75.07391308,264.1081306164001,yes
34.2470478,75.07402375,173.20299055090663,yes
34.2469522,75.073958475,96.80360384030354,yes
34.2466041,75.074462725,133.72928510977925,yes
34.246890949999994,75.07225274999999,160.51758308740796,yes
34.246656175,75.07197579999999,175.655423282043,yes
34.2466708,75.07211914999999,126.42754971381765,yes
34.2467444,75.07232012,141.19712827513268,yes
34.246798999999996,75.07245265,152.97871494315265,yes
34.24685805,75.0726403,132.0234684114651,yes
34.246809725,75.07282255,178.12839281120586,yes
34.24691276,75.07297630000001,48.51062306688215,yes
34.246969925,75.0730623,128.24969055999446,yes
34.250336950000005,75.0727882,221.87564988990607,yes
34.2501995,75.072548375,91.00485199672892,yes
34.2500819,75.07242052000001,238.03425304340192,yes
34.250048,75.07229277500001,133.34878105291503,yes
34.2498811,75.07212352500001,247.25553598186946,yes
34.249886024999995,75.071799425,123.9359270010913,yes
34.249724,75.0722628,163.2040977002505,yes
34.25059185,75.074770175,209.33421641237203,yes
34.250612025,75.07392655,207.0766334878901,yes
34.250647275,75.0735637,181.8578858741335,yes
34.2509027,75.0743311,182.12275068394734,yes
34.25083715,75.07402515,203.58007622340483,yes
34.2477635,75.07090615,135.008584157083,yes
34.247638725,75.0706959,58.01412058423482,yes
34.2475547,75.07055335000001,149.70278294318098,yes
34.247362425,75.0704432,121.35925836983566,yes
34.24753305,75.070367725,72.8911109402159,yes
34.246802259999995,75.06920818,100.10498866233988,yes
34.246808525,75.06911005,72.3268953846986,yes
34.246185125,75.06822255,134.10356870633905,yes
34.245938699999996,75.06827877500001,100.58608372724291,yes
34.2452941,75.067732,140.78577180281854,yes
34.24390695,75.067636475,150.17994758774216,yes
34.244166575,75.06801659999999,99.8503512312919,yes
34.243326475,75.06756245,140.51391230991968,yes
34.240894350000005,75.063837975,107.5302092625036,yes
34.238477350000004,75.062060575,63.985478165038245,yes
34.238963850000005,75.06192575,48.06514819090576,yes
34.238365040000005,75.06076128,224.75210220673966,yes
34.2387467,75.06005937500001,108.20364341611462,yes
34.238332825,75.06063172500001,96.01643214212548,yes
34.237036325000005,75.0596589,107.72669408821969,yes
34.23693825,75.05978287500001,108.12398869654308,yes
34.236883500000005,75.0595002,137.3869729600068,yes
34.23657975,75.060838125,67.4559168230106,yes
34.238229000000004,75.064920425,191.9879724362159,yes
34.237644575000004,75.06427807499999,187.4224864608854,yes
34.237574325,75.063641025,131.70894098000377,yes
34.237439725,75.06396042499999,127.66547172290424,yes
34.23732125,75.06393477499999,84.64340107625321,yes
34.237062275,75.0640914,107.12428946925357,yes
34.237000125,75.0638764,137.93589882289507,yes
34.235614025,75.058423425,161.48354900617687,yes
34.235367025,75.058102275,177.69977277092022,yes
34.234608124999994,75.0593806,138.0963692913694,yes
34.234466975000004,75.058965925,235.54010640781365,yes
34.234658525,75.059761725,164.4174389148989,yes
34.234474525,75.05976580000001,140.8118919484777,yes
34.2337586,75.05856035000001,327.2576292933925,yes
34.233592225,75.057711725,113.47809180615747,yes
34.233384650000005,75.057610075,255.9779411215031,yes
34.23309895,75.057607025,134.73662984154367,yes
34.233239325,75.05738445,127.13241132875072,yes
34.23259545,75.05704815,138.81252617558158,yes
34.2328677,75.057072525,115.89071840820935,yes
34.233010775,75.0571505,209.4060029200291,yes
34.23275425,75.05726565,245.59825792481524,yes
34.232690375000004,75.05691499999999,139.11924442227235,yes
34.232518125,75.05679099999999,144.75174507196093,yes
34.23226185,75.056783875,203.0649201736568,yes
34.2323424,75.05653732500001,142.14032984890054,yes
34.231982025,75.0565816,379.06710371067294,yes
34.231562350000004,75.056356,199.31301446809198,yes
34.231650099999996,75.056623275,209.8088297116255,yes
34.231429425,75.05627765,109.74427515717487,yes
34.2312501,75.0563692,173.66054848372275,yes
34.2310678,75.05633767500001,220.98055259999524,yes
34.23111315,75.0561395,126.50141533867996,yes
34.231201375,75.05620455,73.43488219438223,yes
34.230850950000004,75.0564922,185.40894080754276,yes
34.23092135,75.0560329,263.2050088401851,yes
34.230640333333334,75.05606331666667,205.13318068084783,yes
34.230634200000004,75.055890775,240.76992146769436,yes
34.230494675,75.05581322500001,172.49442872893903,yes
34.23031235,75.05580105,183.3059000758206,yes
34.231182875,75.0569526,214.6228103538336,yes
34.231773625,75.05711825,207.31495857674884,yes
34.2316543,75.05679707499999,81.46270337675105,yes
34.231387075,75.0567727,198.35880101454177,yes
34.23076952,75.05614992,179.67083008182374,yes
34.230656425,75.056217425,131.5543611339321,yes
34.230577350000004,75.05462862499999,133.9955903962828,yes
34.2303445,75.054301375,171.12592643720896,yes
34.229875475,75.053146675,205.5357730745892,yes
34.229820025,75.052895875,196.28493455198145,yes
34.2312417,75.05318395999998,159.14049947745818,yes
34.230889425,75.05345045,226.00341652213746,yes
34.231333625,75.05320025,77.76389681814685,yes
34.231093075000004,75.052557325,203.04438015124873,yes
34.23085666,75.05220304,134.18543903603114,yes
34.230647125,75.053006775,165.53023162184604,yes
34.23078475,75.052084975,139.36267436823275,yes
34.2305535,75.05278497500001,149.63130375940202,yes
34.230491725,75.05263202500001,133.3417351521784,yes
34.230903899999994,75.051828825,90.38869553850195,yes
34.231078600000004,75.0523028,179.19405586868226,yes
34.2287179,75.052347075,175.14562657794426,yes
34.228614725,75.0522331,217.14683164556445,yes
34.227353775,75.05032130000001,169.42169715685526,yes
34.227668375,75.048244675,129.25543975430097,yes
34.226595874999994,75.048941,279.1829965601944,yes
34.22546225,75.04631440000001,152.00160686427603,yes
34.2255285,75.04785185,130.60460973505215,yes
34.2256253,75.0480398,199.50116691417116,yes
34.22668745,75.0492278,117.97609184198907,yes
34.22671257500001,75.049805725,212.42750248382904,yes
34.22901885,75.04918029999999,135.58689608202388,yes
34.229161700000006,75.0491061,133.59649689883838,yes
34.2287407,75.0488591,126.06417104771481,yes
34.22843748,75.04794092,113.36481751599317,yes
34.227012675000005,75.04569740000001,187.79925560137366,yes
34.227691275000005,75.045791275,135.95394162226802,yes
34.227636260000004,75.04545636,130.3663155352276,yes
34.227634699999996,75.04519447499999,175.47342934666656,yes
34.227552100000004,75.045383375,148.02023214988986,yes
34.227221050000004,75.04314207499999,190.59877043431408,yes
34.227213325,75.043875275,124.34306258710856,yes
34.226920825,75.045071925,82.5305810197715,yes
34.227149219999994,75.04456362,245.8105289471324,yes
34.2264813,75.04155027499999,138.41761659965982,yes
34.224340975,75.039213375,128.51465005293574,yes
34.224135499999996,75.03876894999999,144.9492542933216,yes
34.224133425,75.03857825,178.65498179057045,yes
34.22414505,75.03987535,173.26002803387644,yes
34.224100625,75.039603325,149.5731473497408,yes
34.223978975,75.03914565,159.06752899816536,yes
34.224321125,75.04054655,156.9229932984627,yes
34.22519435,75.037170275,102.23186848601974,yes
34.225074649999996,75.036954275,146.155875060617,yes
34.22454958,75.03612974,132.99618921522563,yes
34.224602175,75.03599835,135.035915122701,yes
34.22358225,75.03701265000001,123.06057528735596,yes
34.22348765,75.0368737,135.6011167866971,yes
34.2246664,75.03325555,173.77840240136297,yes
34.224616174999994,75.033034875,165.74179808517675,yes
34.224513849999994,75.032905325,158.77505161199963,yes
34.22437485,75.032703325,140.19350098272096,yes
34.224333349999995,75.03259825,139.70443350942918,yes
34.222271625,75.03128050000001,149.3616481951514,yes
34.222239425,75.03195205,137.78898553322375,yes
34.222070425,75.03107875,109.28582579192064,yes
34.22193875,75.030196625,121.3180551040738,yes
34.221726575000005,75.028857025,142.5092257484974,yes
34.2217134,75.02872255,151.72384701721336,yes
34.221681974999996,75.028565925,110.02759763801252,yes
34.221771225,75.028482775,59.599694947882256,yes
34.221624899999995,75.02839072500001,102.72703986965152,yes
34.221728025000004,75.02607172500001,81.89495148577379,yes
34.221838525,75.027721825,110.51061447057768,yes
34.22167976,75.02785312,136.92242173949893,yes
34.221706825,75.027201575,128.8501205369007,yes
34.22161535,75.027741275,114.81139923291323,yes
34.22149245,75.02700162500001,125.08623449647277,yes
34.221485900000005,75.026757425,66.74335174148041,yes
34.221545125000006,75.025305475,183.67258731386354,yes
34.2217172,75.0252753,68.21430423856492,yes
34.2216344,75.02606815,45.304012503925854,yes
34.2214676,75.026000925,74.46993175203872,yes
34.22184145,75.02717770000001,69.64275566691094,yes
34.22142735,75.02517097500001,67.8706644460651,yes
34.221353425,75.02444985,133.01667341914668,yes
34.221033,75.024023375,84.39922111374554,yes
34.223658825,75.029009475,75.69087134806111,yes
34.223239925,75.023713525,159.2493692369947,yes
34.223673525,75.026347475,229.22854412474896,yes
34.223767775,75.02596255,109.47127469504795,yes
34.223869775000004,75.02531077500001,261.3766601544296,yes
34.222822975,75.020244075,133.8088754264237,yes
34.22280745,75.01737545,131.41904467955712,yes
34.222855175,75.017535025,163.32075131284364,yes
34.222712099999995,75.017337925,105.41456002426827,yes
34.22098101666666,75.02150448333333,266.9104950592586,yes
34.22102315,75.021874575,105.11716851978895,yes
34.220907139999994,75.020542,154.9407270691251,yes
34.220988425,75.02041287499999,258.676303354447,yes
34.2209218,75.0207211,88.0645036083141,yes
34.22093758,75.02022702000001,135.05518296999088,yes
34.220920825,75.019363275,114.05517324988884,yes
34.220975875,75.018665125,129.21218859339075,yes
34.220941124999996,75.019608475,168.94968249475536,yes
34.220641875000005,75.02179287499999,124.85705289687678,yes
34.220639925,75.02166095,182.46636263759808,yes
34.220582975,75.02145895,120.64365126803932,yes
34.220569425,75.01666955,133.60526948488769,yes
34.220599050000004,75.01822600000001,219.4909093059786,yes
34.22061335,75.018492275,115.33269669265081,yes
34.220380525,75.01683665,160.49421068757283,yes
34.2204133,75.01702664999999,183.2315451366118,yes
34.220501575,75.017209575,146.6204569585655,yes
34.220021675,75.01567695,106.86946227536899,yes
34.219930075,75.01519215,131.3431738046819,yes
34.2199512,75.015512,85.61965712043923,yes
34.21940120000001,75.01282012499999,172.41117741276713,yes
34.22109715,75.0109419,139.46504420948852,yes
34.219872675000005,75.010276175,175.82484149375713,yes
34.219930675,75.009912325,139.5602172154875,yes
34.2198122,75.010446925,112.44329063850714,yes
34.2196861,75.0106197,118.03640425656616,yes
34.21963445,75.0099352,171.31990917573452,yes
34.222025949999995,75.016573525,137.59140508299143,yes
34.22201165,75.0163743,113.72234821301895,yes
34.22187975,75.01623305,162.75323599399397,yes
34.221550275,75.015491075,162.6649775224497,yes
34.2213133,75.01540265,84.77808709503202,yes
34.2213881,75.01471665,216.62866687167264,yes
34.221431800000005,75.014554025,200.19864365505256,yes
34.2212259,75.0144981,167.49718765178454,yes
34.22134355,75.014905675,240.79515228613877,yes
34.222267125,75.016350925,130.67330864221339,yes
34.222118425000005,75.0162117,92.30830691383044,yes
34.222146975,75.016069425,146.3354211626561,yes
34.22198335,75.0160654,121.43479599590567,yes
34.221881659999994,75.01591121999999,194.51485794574484,yes
34.221774725,75.0159014,128.1319062123746,yes
34.2216169,75.0157395,92.26346331216193,yes
34.22126229999999,75.01370072,175.63719841078978,yes
34.2212737,75.0125117,147.40797603377976,yes
34.221378,75.013103625,151.8838388358314,yes
34.221465425000005,75.01292275,229.95701114662592,yes
34.2214965,75.01259544999999,169.19511324613572,yes
34.221578875000006,75.012297675,274.0185141138684,yes
34.22168224999999,75.012589375,205.1794851935993,yes
34.221550275,75.01402755000001,198.1537252116354,yes
34.221376649999996,75.01375645,150.07639041936883,yes
34.221413575,75.0109947,242.050372856374,yes
34.221650875,75.01034695,137.4253716606283,yes
34.221764,75.01008544999999,156.6435901710725,yes
34.221824975000004,75.0106809,175.10940440936469,yes
34.222023475,75.009836,135.7417996231526,yes
34.218979250000004,75.0141631,127.42170446216161,yes
34.21879705,75.012959775,143.59215205100924,yes
34.21884975,75.012305025,191.37193926620228,yes
34.2187378,75.01444799999999,157.59023757490007,yes
34.218751700000006,75.014250725,176.85817271597318,yes
34.218763425,75.01409755,118.75383943225947,yes
34.218753175,75.01386844999999,144.6531749508723,yes
34.220419325,75.00897632499999,49.09622548177823,yes
34.2204767,75.008813175,108.83855621183798,yes
34.220472275,75.008645,102.8413676042698,yes
34.220491575,75.008361425,142.7743228545181,yes
34.220572700000005,75.0080329,126.56085181787194,yes
34.220657975,75.00772925,148.13903303959276,yes
34.22048058,75.00770192,152.11692424702358,yes
34.2204919,75.007971325,131.75462469413924,yes
34.220502825,75.00753929999999,162.50295885068272,yes
34.220587699999996,75.00709915,132.41943163141357,yes
34.2206118,75.0067139,166.53849520026534,yes
34.220498299999996,75.006147775,154.79134218087597,yes
34.22043695,75.00641912500001,115.08736176034007,yes
34.2204909,75.00578552500001,199.2862052537129,yes
34.22108145,75.00500955000001,126.11407631632713,yes
34.221284125000004,75.0043925,141.20230832030438,yes
34.221103425,75.00460799999999,125.49335955035741,yes
34.221290825000004,75.004126225,230.87670306242063,yes
34.22086305,75.004687275,96.90097719345724,yes
34.221276525,75.002504125,172.59254232270138,yes
34.22101685,75.0038085,131.95940349717222,yes
34.220950875,75.003579825,116.14328613368676,yes
34.220924425,75.00334767500001,142.00874891503577,yes
34.220914325,75.0031688,137.41215770747695,yes
34.220912625000004,75.003023475,142.70367865388016,yes
34.2210034,75.002263225,202.72528876961428,yes
34.22126776,75.00185289999999,168.17217730135064,yes
34.221406775,75.00155075,79.57437870495939,yes
34.22131185,75.0016544,118.9024273022104,yes
34.221195175000005,75.00178509999999,99.43700248139503,yes
34.22181525,75.00058927500001,97.9277178951642,yes
34.222472425,74.999611525,62.93029798961108,yes
34.222515275,74.999516975,123.14346262177011,yes
34.222563199999996,74.99937065,100.99867415696156,yes
34.22230515,74.999253775,125.79014967554266,yes
34.2231901,74.9977404,113.84425710051973,yes
34.222406750000005,75.0086467,201.77198658091723,yes
34.2225349,75.0083547,172.44003536989328,yes
34.222311024999996,75.0084228,68.18407269046665,yes
34.22236275,75.0082634,148.38661553391188,yes
34.2223937,75.00808395,166.4302829221889,yes
34.222623399999996,75.00783652499999,109.42701148442742,yes
34.2226566,75.0076256,239.96201256038236,yes
34.22246685,75.007815825,108.01043052729517,yes
34.222428074999996,75.007934375,73.1599009691223,yes
34.2229051,75.007398225,125.81373914433529,yes
34.222989975000004,75.00763182499999,104.80207897675928,yes
34.22298265,75.00700182499999,173.857121260266,yes
34.22320318,75.00669706,157.4861925326253,yes
34.2231301,75.0068498,199.38388366406383,yes
34.223160125,75.007036825,83.30087514069852,yes
34.22298775,75.00680539999999,190.9419435654042,yes
34.22270442,75.00515454,173.36287541584377,yes
34.2226866,75.005365825,166.01360543794527,yes
34.2228312,75.0064276,120.39608891865296,yes
34.2226622,75.006954925,81.96335904037218,yes
34.2228524,75.006291325,105.52720118913484,yes
34.2229892,75.00597105,174.15134067001696,yes
34.223376975,75.005349025,158.42162217021706,yes
34.22315235,75.005235775,112.14337312906545,yes
34.223232875,75.004859725,106.00273030675913,yes
34.223464775000004,75.00469605,145.3298523236196,yes
34.223289175,75.00423505,183.42694806183783,yes
34.223273075,75.004006775,164.4391061446022,yes
34.22345745,75.003884675,268.273052737424,yes
34.223449079999995,75.00359498,108.22815769427399,yes
34.22354575,75.0035668,148.7453172780792,yes
34.223592775,75.00308659999999,132.39196066719433,yes
34.223768375,75.003215775,210.40711139677973,yes
34.223840800000005,75.0029459,164.94553941015948,yes
34.223801275,75.00271585,95.2729421637963,yes
34.223812275,75.0021496,198.6326877045879,yes
34.223794725000005,75.00185317500001,119.10722496041038,yes
34.224055875,75.00189917499999,132.96144246596333,yes
34.223789575,75.0016948,123.9261452906661,yes
34.22365425,75.00168775,178.078731556994,yes
34.224010525,75.001455875,224.28819276032775,yes
34.2241071,75.00127365,133.39861578567763,yes
34.2239374,75.001180725,138.71147740047027,yes
34.224116625,75.0007295,160.60046996755028,yes
34.2241971,75.00094715,183.4041663992621,yes
34.2240676,74.9999668,148.27371087751072,yes
34.22390005,74.998383875,111.61587206678135,yes
34.2239586,74.99828034999999,117.13413199016324,yes
34.223867150000004,74.99909527499999,133.3775266385852,yes
34.224194875,74.9977309,190.62974570800054,yes
34.224132725,74.99833824999999,89.34443689532051,yes
34.223977925,74.998731875,114.37690498973176,yes
34.224336525,74.998333625,113.89903838300127,yes
34.224251824999996,74.99851775,125.84157988510827,yes
34.224451175,74.99828895,120.17192692700695,yes
34.224092425,74.99895017499999,124.79197841203366,yes
34.22413885,74.9988018,105.7157955633102,yes
34.224574700000005,74.99793232500001,183.42430204112316,yes
34.224697625,74.997785975,108.00782568224025,yes
34.224467075,74.99780522500001,106.24127230873863,yes
34.224474725,74.998117175,54.13785373113285,yes
34.2246212,74.998550075,129.73841429908887,yes
34.2240384,74.999110575,122.81091812692812,yes
34.22473265000001,74.998386025,125.80068393148332,yes
34.225816625,74.99597507499999,285.6048151299814,yes
34.225089975,74.99739775,157.94138281627636,yes
34.225021174999995,74.99763655000001,162.8923368805523,yes
34.2253861,74.99695565,151.92997721337125,yes
34.22528428,74.99689228,112.4441139522664,yes
34.22534655,74.996776675,112.35718445005915,yes
34.2261236,74.995599975,150.16888661170756,yes
34.225290575,74.99750405,146.3956443250521,yes
34.22546125,74.997202125,82.14470452312719,yes
34.22522678,74.99721774,143.14614204649257,yes
34.225232625000004,74.99707950000001,114.47334442299697,yes
34.227505275,74.992706325,298.28426473647875,yes
34.228219550000006,74.99203452500001,123.88262053078822,yes
34.227513650000006,74.994004225,356.9622018766987,yes
34.227691825,74.993715575,609.3149202150564,yes
34.2268338,74.99519947499999,170.2024043913334,yes
34.226880875000006,74.994841725,202.4461623092114,yes
34.226564925,74.99505107499999,241.17846676531164,yes
34.226302725,74.99663562500001,187.76199076510113,yes
34.2258489,74.997425325,227.81325724113356,yes
34.226428750000004,74.99615790000001,342.4295980092329,yes
34.2248674,74.99797315,172.92495613796765,yes
34.22497075,74.99804532499999,181.9393259571599,yes
34.224955375,74.99452367500001,236.5766691029606,yes
34.2237631,74.99612585,163.7333975923682,yes
34.2233542,74.9968468,146.77620499395834,yes
34.2266456,74.992083475,177.90837798929482,yes
34.2271793,74.9915058,85.90203056115692,yes
34.227304125,74.99136097499999,184.85474032261146,yes
34.22582265,74.99322895,189.9751520336552,yes
34.22569925,74.99299395,174.87730924178373,yes
34.226267299999996,74.9920696,251.59678362907925,yes
34.22666220000001,74.991411825,182.12321456697208,yes
34.22703715,74.9900595,206.75198233290712,yes
34.22727458000001,74.98965358000001,251.77410840497353,yes
34.22721885,74.9897973,183.68955573853484,yes
34.22761335,74.9880641,160.73171037832208,yes
34.227866539999994,74.98811458,111.35596266494598,yes
34.227572380000005,74.98786849999999,166.5949654803553,yes
34.227642325,74.98770992499999,189.32153209183204,yes
34.227668300000005,74.987844425,61.770557914003305,yes
34.227482824999996,74.987612625,184.7808960301042,yes
34.227892600000004,74.98799455,49.653159466545965,yes
34.228947325,74.989451625,119.15130814903344,yes
34.2288727,74.9898816,129.39333719315778,yes
34.228918824999994,74.989713525,168.8117744420128,yes
34.229194625,74.9897728,238.99491792198637,yes
34.2291551,74.98950645,188.49351148580377,yes
34.22918145,74.99084074999999,203.32393067177853,yes
34.2289042,74.9904753,285.1365678786992,yes
34.228938575,74.99115395000001,117.93450077801987,yes
34.228692025,74.99043462499999,70.75756475634299,yes
34.22872935,74.99171580000001,216.2280664502416,yes
34.229085600000005,74.99121942500001,97.24267060139022,yes
34.22851355,74.9913893,112.03896476549302,yes
34.228671524999996,74.99092304999999,98.72683932386506,yes
34.228672275,74.991133575,152.3581618887033,yes
34.228817825,74.992394425,215.59126470570547,yes
34.228626925,74.99149992500001,256.3966659056325,yes
34.228888075,74.990908875,143.4770674937559,yes
34.228549125,74.993115275,181.60727633697195,yes
34.228764399999996,74.992579425,215.61920753054693,yes
34.2286582,74.99284209999999,175.10475719322892,yes
34.228873449999995,74.9927966,172.82881508522712,yes
34.23030745,74.988108775,128.69093352755766,yes
34.22981625,74.987837875,102.68878405875458,yes
34.2296954,74.987982725,232.67361488401792,yes
34.22945405,74.98821677500001,203.43776717719004,yes
34.23055086000001,74.98720499999999,172.37327801021138,yes
34.23063185,74.98712545000001,149.5004175822571,yes
34.230310175,74.9874145,154.48927542963432,yes
34.231683625,74.985466575,504.0424334625832,yes
34.23167094,74.98575284,229.11293583898873,yes
34.2316691,74.9858806,163.3523705754028,yes
34.231267,74.98627975,171.90234308244752,yes
34.231046375,74.98630255,128.6674169474828,yes
34.230866725,74.98606115,196.02355730323552,yes
34.231209324999995,74.986531875,127.30010994245723,yes
34.2315043,74.98715415,181.86397927478936,yes
34.2308357,74.98698920000001,121.85342576778751,yes
34.23090222,74.98688325999998,344.66798841984973,yes
34.231830249999994,74.98264535000001,719.439826671003,yes
34.2315597,74.982693625,125.3597112384045,yes
34.231785125,74.981687275,186.78159949716886,yes
34.230983675000004,74.97927057499999,207.59485453502614,yes
34.231004674999994,74.97907850000001,118.92007667515382,yes
34.231081974999995,74.97893417499999,147.27442737132066,yes
34.23078955,74.9778873,126.44894852110856,yes
34.230255125,74.97775925,180.95691330018835,yes
34.23274605,74.98534935,110.52451689323169,yes
34.232640520000004,74.98549534,138.2602916625741,yes
34.2326636,74.985618675,102.85086281919638,yes
34.232569,74.9857758,88.8281008531994,yes
34.232768725,74.985819175,164.5730329853247,yes
34.2330745,74.98427252500001,119.25525608969032,yes
34.23371895,74.98320455000001,156.18558327098654,yes
34.23333386,74.98108232000001,179.04880273812614,yes
34.23329317499999,74.980947725,117.98355153783874,yes
34.232696575000006,74.981109275,97.81953884365643,yes
34.232636299999996,74.98013077499999,111.62933918403365,yes
34.23280364000001,74.98019346000001,120.5137529234971,yes
34.232779675,74.97980782500001,131.16377103993716,yes
34.232873275,74.980102975,82.2885098995768,yes
34.232804575,74.9796627,166.26603623904,yes
34.232597,74.97942056,75.22697280874385,yes
34.232594475,74.979291625,168.10437940978701,yes
34.232639225,74.9787381,79.18196213146283,yes
34.2326663,74.978621325,126.47495739300247,yes
34.232270549999996,74.97874254999999,107.34280741858397,yes
34.23231592500001,74.97856114999999,113.97580213938292,yes
34.23187296,74.97802370000001,125.95148210624072,yes
34.231970325,74.977944625,147.18562527924806,yes
34.232336425,74.97803205,111.4061731376487,yes
34.232456375,74.977984275,86.78302973233741,yes
34.232527325,74.97819395,141.75330568650347,yes
34.2318397,74.97594745,153.85497778071954,yes
34.231494775,74.97616897500001,89.29430614838348,yes
34.232405875,74.97643675,104.41336141534484,yes
34.23239785,74.976261525,109.73452847014332,yes
34.2325734,74.97515200000001,155.79670296159424,yes
34.232576325000004,74.97499805,147.96601414152516,yes
34.23220086,74.97666072000001,144.88001937094788,yes
34.23226025,74.976558525,56.313848426430965,yes
34.231855775,74.976925175,128.93963062486222,yes
34.231891180000005,74.97714378,77.12493941449637,yes
34.23194555,74.97724465,86.48199439022389,yes
34.231847325000004,74.975586325,147.5977537239566,yes
34.231965525,74.9754856,177.67306411235268,yes
34.231754375,74.975719725,64.98789039442363,yes
34.231801625,74.97534402500001,132.6462721270653,yes
34.2318462,74.97501417500001,99.57796958981493,yes
34.2320577,74.97491135,227.82523863211634,yes
34.2318957,74.97472076,165.4188572062704,yes
34.232170350000004,74.9743672,312.59015086293255,yes
34.231916025,74.97423380000001,81.46444355021167,yes
34.231927025,74.9746113,66.84655380998916,yes
34.231803850000006,74.97218615,178.39710365977402,yes
34.23238979999999,74.97258345,282.933189995202,yes
34.232309325,74.97381155,136.11944928680273,yes
34.232169625,74.973254125,108.74192353437414,yes
34.23224348,74.97238636,160.6128293396747,yes
34.23221285,74.9703952,104.72747959497293,yes
34.232226275,74.970176725,118.32207894850515,yes
34.232528775000006,74.96900989999999,195.99244573729328,yes
34.232375825000005,74.96852815,132.0363181418757,yes
34.232438875,74.968311675,115.41975048132558,yes
34.2323498,74.96810839999999,114.70997906749378,yes
34.230579575,74.97559017500001,172.68730862566383,yes
34.230565150000004,74.97537811666668,155.813707920781,yes
34.2306614,74.975298175,117.38640629103412,yes
34.23055745,74.97528375000002,182.53315116562408,yes
34.230393275,74.97506945,115.71788585818797,yes
34.232436025000005,74.96298909999999,170.29581054401996,yes
34.232572149999996,74.9629821,113.19196271841562,yes
34.232283525,74.9631549,133.59471331404086,yes
34.232241975,74.96298909999999,116.98077606497193,yes
34.23214065,74.96269720000001,90.33850490836642,yes
34.232055725,74.9627521,85.41450722142736,yes
34.2323839,74.9620983,97.26237343848268,yes
34.23524705,74.956796125,189.6628712084123,yes
34.234619499999994,74.959151125,155.91614468520453,yes
34.234826825,74.95675184999999,174.47737868605486,yes
34.234715975,74.956463525,231.03560481122182,yes
34.234733175,74.95816945,173.29058304414949,yes
34.2348031,74.95748568000002,82.15654787098212,yes
34.234831625,74.95735105,76.94157085196535,yes
34.234848975,74.957251825,115.03097219426004,yes
34.2348818,74.9571234,132.7246787855953,yes
34.23473225,74.957427125,120.3638966684456,yes
34.2345826,74.957833225,150.45520212876488,yes
34.235054600000005,74.95653145,67.7304254411815,yes
34.239104525,74.95152155,353.86601947604356,yes
34.238033625,74.9542644,149.13191873148617,yes
34.2381419,74.95392995,231.21259622287516,yes
34.23789025000001,74.95415650000001,208.66766587920927,yes
34.2376413,74.95399635,271.57073850563756,yes
34.239559475,74.95351235000001,290.68122660998245,yes
34.239429275,74.952696575,155.83175160372483,yes
34.239506725,74.950757075,219.36333755788638,yes
34.239584325,74.950639075,161.31903362677554,yes
34.238868100000005,74.9502703,147.11060256504118,yes
34.23925725,74.94957425,125.51128453746765,yes
34.239461275,74.94930604999999,103.83603993629137,yes
34.239377000000005,74.949239,119.63873390400539,yes
34.23904885,74.94957965,115.20140281380367,yes
34.2391741,74.94972179999999,130.91963388718182,yes
34.239437975,74.95056267499999,94.88390449682313,yes
34.240589424999996,74.9480005,175.96486238148697,yes
34.240995275,74.94779217499999,203.36020728127335,yes
34.24087595,74.947721,190.62868032536306,yes
34.241068375000005,74.948173325,438.9741716847767,yes
34.24082498333333,74.94792091666666,337.47037671986675,yes
34.241995975,74.94728802499999,167.77053938586363,yes
34.242237925,74.94711322500001,139.66343604909048,yes
34.241763225,74.9474537,107.47094049382791,yes
34.242812725,74.944672575,195.6454678176048,yes
34.242542925,74.94487925,204.8351617306585,yes
34.2429559,74.941592275,210.516780046264,yes
34.243007174999995,74.94144795,145.59488963044822,yes
34.2431038,74.94150185,151.6325694066869,yes
34.2433903,74.9411827,116.23586157679213,yes
34.243502025000005,74.94141342500001,180.9105565350783,yes
34.2436557,74.9339002,214.80836591370092,yes
34.243090300000006,74.93386475000001,160.49427065516392,yes
34.2432622,74.933874,195.77182859189347,yes
34.243604774999994,74.933126825,195.11658001499393,yes
34.243104325000004,74.932834125,175.48979329995632,yes
34.24528205,74.92715609999999,201.26214707236602,yes
34.2449651,74.927470525,161.67406618492603,yes
34.2459506,74.92790755,239.9711670311548,yes
34.245334775,74.92766467499999,218.15098652789567,yes
34.245435575,74.927463375,193.10364288761082,yes
34.245192775,74.92751522500001,227.5742912130833,yes
34.247570075,74.922428325,81.83292418532034,yes
34.2476659,74.92241105000001,58.26312494530189,yes
34.24757683333333,74.92276748333333,536.3723410804695,yes
34.24593035,74.924350675,297.27122480341313,yes
34.247015625,74.925219675,178.4979939885522,yes
34.246353825,74.922427525,139.8807461574734,yes
34.246219675,74.922265225,151.6981943174204,yes
34.246067775,74.92243555,164.66590327106724,yes
34.246040074999996,74.921821325,192.2447884122917,yes
34.246921400000005,74.92534442499999,110.39164087481487,yes
34.246951349999996,74.926339525,186.2115749382064,yes
34.246781725,74.92716700000001,224.8024519240322,yes
34.25259695,74.915068475,477.354813710779,yes
34.2529254,74.91494854999999,262.99609969525875,yes
34.252034474999995,74.915312625,161.46599892670264,yes
34.25204435,74.915094675,143.77149245459975,yes
34.2519047,74.915527875,135.76450637690834,yes
34.2518291,74.91541405000001,145.08503053336682,yes
34.251929325,74.9152358,167.6811914897799,yes
34.252206325,74.91545877499999,131.92687951997704,yes
34.25242975,74.91551874999999,214.72812648362031,yes
34.25167186,74.91547602,146.3759903190413,yes
34.251577499999996,74.91555020000001,145.27146927264846,yes
34.2514645,74.915552275,142.3138757301972,yes
34.2513558,74.915566575,142.93973266865032,yes
34.25064555,74.916309625,180.23564311069765,yes
34.25048257500001,74.916137875,136.90006587903105,yes
34.2509152,74.9157547,97.18311772243723,yes
34.250121325,74.916084,129.05448325484332,yes
34.25032795,74.91599355,119.18789025092318,yes
34.249897,74.916282225,126.46823429629848,yes
34.2497903,74.916304575,150.28023707261718,yes
34.249628975,74.916355375,141.46327948858277,yes
34.2492165,74.916790375,158.81161471297733,yes
34.247967925,74.91603405,144.30302381113756,yes
34.247864875,74.9159839,175.9890528007743,yes
34.250959574999996,74.914236625,189.14288255293056,yes
34.25119866,74.91426236,337.86599926351045,yes
34.251091925000004,74.914065075,160.7062050759326,yes
34.249832624999996,74.91490060000001,150.1790830941723,yes
34.249604975,74.914950425,164.43260293293204,yes
34.2490325,74.91573705,164.5055706825286,yes
34.249388925000005,74.9149195,168.68181476023074,yes
34.249548675,74.9145247,282.53748679573835,yes
34.2494812,74.914250475,239.3403185814798,yes
34.249518099999996,74.913367775,203.9859472040729,yes
34.249258375,74.914490825,156.54481943328898,yes
34.254170875,74.910600225,169.15255635826787,yes
34.25323088333334,74.9113632,253.9940127256691,yes
34.2531865,74.911516875,184.0840054450652,yes
34.2530746,74.911362925,181.53408658292793,yes
34.252926875,74.91136645,84.13505868868725,yes
34.252799624999994,74.911608875,133.1246926457203,yes
34.252868375,74.91150532500001,152.55096558522737,yes
34.252716975,74.911939775,231.42708667061237,yes
34.252533400000004,74.91146465,81.44500345004428,yes
34.254581025,74.91399115,185.6271927741402,yes
34.254341575,74.91323745,102.79116313516374,yes
34.25652594,74.9114133,179.496239833108,yes
34.256633199999996,74.911329275,92.68496916195602,yes
34.256724325,74.91136979999999,90.79166923276998,yes
34.256745800000004,74.9115517,159.50862483408378,yes
34.256434,74.911367125,131.7690537304085,yes
34.256503475,74.91237670000001,181.70348490876762,yes
34.256669475,74.9124652,144.24160322056014,yes
34.256341125,74.91228115000001,159.9793344821422,yes
34.256189025,74.91219000000001,159.39430243359914,yes
34.256004725,74.912213,164.08934222258551,yes
34.256269450000005,74.91170515,170.86848005239256,yes
34.256333825000006,74.911949325,167.93709810518058,yes
34.25645375,74.911626375,68.85671292280497,yes
34.256579525,74.91184405,143.58290998876117,yes
34.256374775,74.91216965000001,150.3242244080397,yes
34.25612685,74.912639475,376.00371842838865,yes
34.255934525,74.9128943,248.58897312732114,yes
34.255827725,74.912693475,680.2117035166938,yes
34.255833575,74.91307570000001,264.16940935535035,yes
34.255739975,74.913224325,268.9415661820887,yes
34.25547864,74.91330766,894.5333953942281,yes
34.25600545,74.911598975,218.73276550245328,yes
34.25546076,74.91303242000001,114.94557536058582,yes
34.25542775,74.91316864999999,175.99919349638355,yes
34.255329725,74.913277425,99.88677356499439,yes
34.256967825000004,74.910561125,117.99099106588821,yes
34.2589787,74.90766224000001,530.9526442110534,yes
34.257634725,74.910279,341.50924639266685,yes
34.25801525,74.9097454,223.71970359438393,yes
34.25758062,74.91141393999999,181.0607647287004,yes
34.257467775,74.91152872500001,209.42425948890372,yes
34.257387725,74.911690725,231.53855755825384,yes
34.258789750000005,74.907596775,384.28227490617894,yes
34.259311425,74.90753172500001,298.6448697461261,yes
34.259226575,74.90807142499999,335.62305971696173,yes
34.25914406,74.90737122,300.16811441893594,yes
34.25927195,74.90701645,467.10268055620776,yes
34.2597499,74.90643,283.32509953375666,yes
34.259652475,74.906803,228.90929355994166,yes
34.2594366,74.907273575,313.3376960848616,yes
34.259505475,74.906993075,165.8514891064408,yes
34.259949340000006,74.90666660000001,299.02244647925994,yes
34.26021275,74.90662615000001,197.20791677824155,yes
34.260366483333335,74.90602276666668,862.7439714843567,yes
34.260049675,74.90649912500001,237.19675829038317,yes
34.258550125,74.90800285,107.8910751451741,yes
34.258998425,74.90741357499999,221.96368741722802,yes
34.261052175,74.90485175,495.34360578678627,yes
34.2607193,74.905199675,545.0454804171613,yes
34.26063268,74.9057066,450.52504607035024,yes
34.261002025,74.905436675,475.70766175962484,yes
34.261170899999996,74.90360955,194.63357718470576,yes
34.261285725,74.90307715,295.5655569555354,yes
34.261948625,74.901043375,192.91052457127034,yes
34.26182315,74.901179975,158.70688682415292,yes
34.2611598,74.90336175,165.5092669055386,yes
34.26107645,74.90422705,200.05165005801564,yes
34.261226325,74.9043474,170.13404686618514,yes
34.261365975000004,74.904456225,222.79533573006216,yes
34.2615627,74.904444725,202.0852684354503,yes
34.2614852,74.90336350000001,281.82679218035275,yes
34.26150812499999,74.903156525,141.753295532259,yes
34.261445725,74.90296092499999,133.49590467046747,yes
34.26169535,74.90237985,137.27350876653333,yes
34.2616256,74.90268309999999,514.6525391194846,yes
34.26172915,74.902872575,512.5203114489279,yes
34.262010275,74.90194075,189.82855162840585,yes
34.26192105,74.902111525,109.53029127132388,yes
34.261826,74.90239642499999,121.34549962309062,yes
34.261966425,74.90241409999999,157.6974600797064,yes
34.262404419999996,74.90128333999999,595.6794281684226,yes
34.26263455,74.90145799999999,475.6031395151149,yes
34.26279785,74.900835625,514.0508944264564,yes
34.2624851,74.9002388,146.39876752095324,yes
34.2621697,74.90078785,153.2301509793146,yes
34.262296175,74.900978975,170.43037252683706,yes
34.262715924999995,74.900360475,211.1792839391975,yes
34.259303925000005,74.901584275,234.00344717398332,yes
34.2597771,74.899996775,102.75105458600169,yes
34.258950375,74.90195845,200.66428621576796,yes
34.258619575,74.9029757,272.158560481657,yes
34.25982255,74.900185,133.1400987031213,yes
34.25955895,74.89992245,164.0583438157554,yes
34.259683575,74.89997765,94.40995895751337,yes
34.259510899999995,74.89765015,207.32492476937728,yes
34.259255550000006,74.899619875,151.9701796145825,yes
34.259123625,74.89993189999998,112.22131050693478,yes
34.259189175,74.90022665,211.62352415634473,yes
34.25902035,74.901397525,114.43179842831555,yes
34.262770599999996,74.896863925,486.8991323154329,yes
34.262670125,74.8970209,103.64329210109422,yes
34.262665274999996,74.897169375,110.69047337199524,yes
34.262512425,74.898272125,68.68171423223887,yes
34.262427575000004,74.898377825,139.67054797170823,yes
34.262753475,74.899062875,196.22495086596211,yes
34.262539274999995,74.898730525,297.37124480577177,yes
34.262380525,74.8985059,135.17668073390223,yes
34.26213775,74.89841849999999,140.72008787678422,yes
34.26218395,74.898236575,134.15164612099605,yes
34.26284615,74.895551775,95.85582708445295,yes
34.263927975,74.8901003,275.46885162888395,yes
34.26353494999999,74.8904007,162.0616412708584,yes
34.263554049999996,74.890271275,169.5036539971141,yes
34.263412724999995,74.890346775,106.30892390375519,yes
34.2627685,74.890887725,168.72657288220384,yes
34.26222285,74.892205,162.80789054622778,yes
34.2623791,74.89150265,148.71666395232552,yes
34.262076675,74.892235475,115.56233344157263,yes
34.26193316,74.89212164,104.64543744966444,yes
34.262148925000005,74.8918452,142.96809547337293,yes
34.261978150000004,74.892212875,88.8538818640584,yes
34.26678085,74.88533717499999,256.8199723524749,yes
34.266335500000004,74.885603325,124.16807136310274,yes
34.2664079,74.88540425,114.57967112162875,yes
34.2642499,74.896163825,145.46611782633454,yes
34.263801674999996,74.896823225,300.5977896038362,yes
34.263484,74.897445925,188.6740998934111,yes
34.271838974999994,74.876671425,178.36440490867085,yes
34.273422925,74.880782125,194.08428882127197,yes
34.273582425,74.880394225,111.3642445024495,yes
34.273955175,74.880233975,104.36569625074101,yes
34.27362513999999,74.88077752000001,98.83314392577736,yes
34.273779225,74.881604925,158.53653024714464,yes
34.273720499999996,74.88149295,101.35998924302007,yes
34.27403902,74.88099124,96.98526356815508,yes
34.273987575,74.8808023,62.62005774952792,yes
34.274479075,74.88088475,154.86940821439782,yes
34.27429455,74.88110065,89.11908592870861,yes
34.274259125,74.8812234,88.27987492225715,yes
34.274127775000004,74.88137559999998,110.85500660762732,yes
34.274064575,74.880841175,82.12409406271072,yes
34.2739821,74.881064775,54.374575981754376,yes
34.273721949999995,74.8807772,80.97758121025865,yes
34.273877875000004,74.880885425,153.62972181088682,yes
34.273367525,74.880981975,69.0084397074283,yes
34.2733497,74.87221360000001,247.14880523174602,yes
34.274051775000004,74.871518025,104.9888839206807,yes
34.273171000000005,74.872592975,88.31381540896385,yes
34.27503984,74.8694223,132.31462270358827,yes
34.274935325,74.86945482499999,200.9528943457984,yes
34.27532565,74.868976225,191.50108403066318,yes
34.273115625,74.884467925,63.18138883070769,yes
34.273124375,74.8847298,84.04093424355915,yes
34.273606225,74.884797925,67.58654733916998,yes
34.273844575,74.88551285,118.909457403057,yes
34.273416125,74.8850262,107.8653640068772,yes
34.273326925,74.884905875,70.90947280098987,yes
34.273256725,74.885012925,174.14267729944297,yes
34.273958325,74.882227925,219.3058112596202,yes
34.27226,74.88007045,116.50516190866611,yes
34.270846075,74.88258535,226.59803176529644,yes
34.741269625,74.13767045,137.81331761593168,yes
34.741303825,74.138261475,224.17868986752535,yes
34.740844325000005,74.13797745,235.11465496018147,yes
34.7420367,74.1371369,226.87740992614835,yes
34.74158955,74.13699622499999,166.49303978473307,yes
34.74179895,74.136976775,158.8342123887998,yes
34.74074776,74.13677532,159.8997590547183,yes
34.74078645,74.136658125,126.21217338147054,yes
34.740939725,74.136628175,77.74316877145,yes
34.74118275,74.1366424,83.28508138633526,yes
34.741130975000004,74.13608647499998,136.17790625186547,yes
34.740968125,74.1360712,129.76218773624228,yes
34.737494275,74.138605025,181.26712618924768,yes
34.736608125000004,74.1387714,127.93725086153502,yes
34.73444265,74.13606787500001,283.9948237437351,yes
34.73334976,74.13597188,73.3721648132331,yes
34.73326648,74.13588844,190.04905918980418,yes
34.733712249999996,74.135483275,184.54639184666632,yes
34.733731000000006,74.135287475,159.97953757694947,yes
34.733298925,74.13558252499999,194.1797077805038,yes
34.7326432,74.13610017500001,153.8367221063939,yes
34.73303228,74.1355368,231.77169312900764,yes
34.7328893,74.135568275,160.25003312071115,yes
34.732766625,74.13546185,237.45902720380832,yes
34.73229925,74.135678,239.99993390468444,yes
34.732622575,74.1353161,369.609930451174,yes
34.732517025,74.13510124999999,221.10623606901117,yes
34.73274255,74.134446275,226.00782578342614,yes
34.73200984,74.13578614000001,90.3191150959193,yes
34.731952575,74.135889825,129.80256225195558,yes
34.731595675,74.136071625,99.82377000556954,yes
34.731288125000006,74.13568525000001,148.09006087186745,yes
34.731447525,74.13571855,157.13093920976297,yes
34.731216075,74.136028525,143.51581593283848,yes
34.730994775,74.1355956,228.50744795116998,yes
34.730866175,74.1352724,219.94823010130523,yes
34.7304268,74.135715525,136.50897973629864,yes
34.729873425,74.13743447499999,67.94580550373581,yes
34.729710624999996,74.13567505,44.153568468269114,yes
34.7293252,74.13561490000001,205.4015824596909,yes
34.729142675000006,74.13560075000001,163.8627674885903,yes
34.728945625,74.13560340000001,181.66999040729985,yes
34.728656225,74.13564145,62.88899747644649,yes
34.728679475,74.135176075,59.14381647916118,yes
34.728707525000004,74.13750055,58.011117459074235,yes
34.72876,74.135180625,46.818941483234354,yes
34.728830075,74.13517477500001,53.471278483808106,yes
34.7289241,74.13517535,65.75648147836256,yes
34.729233525,74.135254725,82.47834776427905,yes
34.729337650000005,74.1353067,58.70680027858266,yes
34.7295962,74.135372675,31.915209196294583,yes
34.727663699999994,74.135560275,77.79778011009111,yes
34.727545150000005,74.135574425,204.28829977724084,yes
34.727367,74.135513375,97.73730205964549,yes
34.727472424999995,74.135333775,182.71873504462246,yes
34.724045025,74.073184875,163.46978442425115,yes
34.723902499999994,74.0732627,126.88001662351128,yes
34.72318455,74.07235435,163.66848444095427,yes
34.72308925,74.072134025,74.88688885759665,yes
34.723029600000004,74.072427775,113.59335195411944,yes
34.72296125,74.07255699999999,70.09815269387823,yes
34.722839075,74.072661375,127.0879975822924,yes
34.722815825,74.07251095,99.55282205600011,yes
34.722969975,74.07229685,113.13002613175689,yes
34.722908175,74.07221455,118.01322267787667,yes
34.722193875,74.073146175,151.69932214117244,yes
34.72201772,74.07321191999999,102.1557560808223,yes
34.722063524999996,74.073073,85.56699380646998,yes
34.721920025,74.07312115,146.0497351977585,yes
34.721915975,74.07274195,94.18191491117761,yes
34.72187735,74.07256942500001,57.929274645433466,yes
34.72177735,74.07268495,155.360298215937,yes
34.72092805,74.0719527,35.89811734716592,yes
34.720930275,74.071865525,32.17866932521604,yes
34.7200903,74.071022675,124.9472613034202,yes
34.720072099999996,74.070840275,168.21050979692455,yes
34.7202274,74.07080724,108.26148437611134,yes
34.72034835,74.07079242500001,234.0322966128461,yes
34.720580825,74.070492225,126.25111152588757,yes
34.7205295,74.07240105,118.29014841574316,yes
34.72083790000001,74.072445275,150.4710547791326,yes
34.720461175000004,74.0721754,83.2201909720934,yes
34.719305175,74.070759975,79.25441847793111,yes
34.71918515,74.0707113,84.79164576510341,yes
34.719031725,74.06982295,162.3028797855499,yes
34.719312,74.0704843,171.59741982345162,yes
34.71873555,74.07125267500001,119.2727301928476,yes
34.71953505,74.068353,147.3403137267793,yes
34.718472375,74.07008995,65.53902402471635,yes
34.718629275,74.07027232499999,94.85799098241002,yes
34.718354175,74.06955015,75.182144852335,yes
34.718226924999996,74.069370675,47.12654572571313,yes
34.718365575,74.07005545000001,83.27321685404743,yes
34.718294675,74.06987442500001,90.94027450659425,yes
34.71822945,74.06981585,61.63676423853829,yes
34.718152849999996,74.06976195,84.628672816819,yes
34.71802835,74.069628625,76.76091644866126,yes
34.718171825,74.070607725,136.3475019434278,yes
34.71821093999999,74.07008304,99.2276615072499,yes
34.718145619999994,74.07014528,85.81160767801512,yes
34.71812625,74.06882765,148.6587352666018,yes
34.71797615,74.06977045000001,115.98820847925029,yes
34.717886925,74.06987674999999,114.20882994994767,yes
34.718071800000004,74.0705484,76.00337298384014,yes
34.717873000000004,74.070549175,109.8487366577947,yes
34.71789028,74.0701304,115.13097191818683,yes
34.7183909,74.071201575,138.59931529463006,yes
34.71770394999999,74.06940302499999,198.64094918497923,yes
34.71790215,74.06953395,148.97846191718085,yes
34.7175849,74.0685126,97.7336729782808,yes
34.71785304,74.0668582,123.50545212570209,yes
34.71781815,74.06672095,117.23117198931838,yes
34.7169018,74.06756365000001,123.21290241551031,yes
34.716986625000004,74.06802117500001,100.0466065275125,yes
34.7170164,74.067599825,88.03150385416923,yes
34.717619924999994,74.06928845,110.5818837677793,yes
34.717724375,74.069584175,142.54833769462886,yes
34.7175927,74.069661975,232.06042364194744,yes
34.717546475000006,74.06987147499999,135.54813678703619,yes
34.7178164,74.06991612499999,90.34549785879872,yes
34.717806425,74.070076825,99.76419885394964,yes
34.717742099999995,74.069957775,97.59455769876183,yes
34.717671825,74.070015525,77.83325139011993,yes
34.717665525,74.07033594999999,94.55979318409939,yes
34.717608525,74.07024659999999,85.49893800942962,yes
34.7173844,74.068776975,105.07321942951813,yes
34.717453425,74.06860825,99.02185247302783,yes
34.71742810000001,74.069299175,134.48206586752494,yes
34.71734705,74.069424,150.64093242205348,yes
34.7174281,74.06980445,162.18376493813489,yes
34.717266800000004,74.068658675,130.4833312926135,yes
34.71723695,74.06889402499999,174.01954066603486,yes
34.717122025,74.06838967499999,128.62898458102308,yes
34.71699475,74.068501125,127.06456023137571,yes
34.71683185,74.06867015,117.98393599546014,yes
34.716853674999996,74.068043725,70.43449871381694,yes
34.7167315,74.068549825,132.20592661466208,yes
34.716675475,74.06811802499999,162.57723660693108,yes
34.716489325,74.06839497499999,124.88643828864357,yes
34.716428925,74.068165825,80.17008960173882,yes
34.716507475,74.06864715,95.75423157322786,yes
34.716410025,74.068787825,122.95838495811786,yes
34.7164711,74.0691506,146.8865976723565,yes
34.71681805,74.0696797,165.79605040759375,yes
34.71708205,74.06970092499999,211.27450651810017,yes
34.717397874999996,74.06615277499999,102.49440830827743,yes
34.71775175,74.0662339,165.97406509316522,yes
34.7171591,74.06526285,110.79394466998977,yes
34.717362725,74.06451612500001,139.32998986392099,yes
34.7175162,74.064294875,80.89950982215943,yes
34.7174929,74.063640175,100.76747416655826,yes
34.717636924999994,74.06394895,109.90103455842863,yes
34.717685625,74.063802975,105.74573553922383,yes
34.71842825,74.06142175,119.38740566735657,yes
34.718355325,74.0617393,164.4876810190431,yes
34.71843975,74.061257125,115.7942069667944,yes
34.718567375,74.06114620000001,109.1673511124298,yes
34.718678725,74.061231425,118.99089114315898,yes
34.718739719999995,74.06091644,146.8117320248182,yes
34.717937875,74.06293482500001,86.02773767393299,yes
34.717751675,74.063511575,146.3224056769217,yes
34.717997375,74.063104125,104.85210536061514,yes
34.7181231,74.06269547500001,128.34291290519587,yes
34.71830216,74.06224552,214.77255106869293,yes
34.718616100000006,74.056347825,152.27633488758062,yes
34.71844445,74.056731875,110.87840479227873,yes
34.718662625,74.05615055000001,145.97144127189478,yes
34.718947575,74.054123425,123.78817652638305,yes
34.022426700000004,74.772995775,884.6709173531966,greenhouse
33.729496075,75.153137475,77.23983821502702,yes
34.065033975,74.82175273749999,127.63420913686836,yes
34.216967925000006,74.43572915,3907.9466541258307,yes
34.024655599999996,74.8125905,54.89786849697356,yes
34.07169781666666,74.77325105,196.79627594463312,yes
34.11016865,74.84921845,77.67941828800875,yes
34.104673649999995,74.88284435,27.083948587175776,yes
33.6692946882353,75.03939785294118,2111.1004669140757,school
33.677934373333336,75.04567490000001,602.3238576793783,hospital
33.651295363636365,75.02503956363635,2392.0283212953045,yes
33.64443037297298,75.02544056216216,1789.9163741064642,hospital
33.64853349166667,75.01493135,516.042269221387,yes
33.64738693333334,75.00667521666666,368.4598204599588,yes
33.64774203333334,75.00682491666667,297.10650747804345,yes
33.6881974625,75.0498093875,1061.3493199886848,school
33.68881718,75.05297682,248.06917059262395,school
33.69033713333334,75.02685133333334,684.8620550430317,school
33.68976868181817,75.02698808181819,603.2908645775611,school
34.22949043333333,74.75139227777778,155.35245331438813,yes
34.472631087500005,74.1166797125,1015.8083438534624,school
34.47112334,74.11631104,1096.6764090364654,yes
34.4695355,74.11629044,479.3459324609082,yes
34.47161531875,74.11925943125,1590.3933844468934,yes
34.46716729999999,74.11533705833334,3441.8229897704005,yes
34.466097536842106,74.1161997105263,3340.8949141130993,yes
34.46604405,74.11427316666668,636.9444656965818,yes
34.450664075000006,74.08185485,660.061097343331,mosque
34.451351225,74.08500145,672.3837752934883,yes
34.45371326,74.08947726,1240.7390822439036,yes
34.453547954545456,74.08995939090909,2280.1646786873243,school
33.653179287499995,74.79354671875001,1152.8519739054766,school
34.020982525,74.7711424,316.86132748765567,yes
34.41154478,75.63324893,221.38851238853306,yes
34.4681013,75.5336043,39.76350157501513,yes
34.07983262222222,74.79746555555556,1073.2893159295054,yes
34.079654225,74.796443625,202.26373095514896,yes
33.7746498,74.10652046666668,305.61160511609575,yes
34.12355111666667,74.88898645,41647.518869274725,yes
34.124384225,74.8860866,243.40226800783887,house
34.124035025,74.8858484,243.40327329997262,house
34.1242084,74.88561475,243.31244594361272,house
34.123703425,74.88609725,243.24869863992805,house
34.12375383999999,74.88633438,195.41665306726242,house
34.124310125,74.88648035,335.5239714014972,house
34.123206725,74.88428594999999,224.47887817372563,house
34.123034225,74.883817225,243.33803624694866,house
34.122860925,74.884050875,243.319240792257,house
34.122814225,74.883739375,243.31937517976678,house
34.122638525,74.883791675,243.31988076645172,house
34.123181175,74.8840314,243.56264341381876,house
34.123030424999996,74.884213475,243.31875298926087,house
34.122839525,74.88426205,243.25118404383343,house
34.123379625,74.88441075,243.2496302131323,house
34.123786599999995,74.88464135000001,243.31365979602867,house
34.124079725,74.884948975,243.31573336714303,house
34.124039575,74.88477035,243.40453964518608,house
34.123870600000004,74.8849745,243.46899819492575,house
34.123608625,74.884941325,243.33638312813358,house
34.1235474,74.88473465,243.31434814269312,house
34.12379875,74.88390530000001,243.4956127982735,house
34.123756525000005,74.88411965,243.24854589135566,house
34.123612875000006,74.8838109,243.56139982834986,house
34.123557925,74.88400992499999,243.33652904275573,house
34.123553724999994,74.88419110000001,243.40465888004064,house
34.12342485,74.8835991,243.49668958999627,house
34.123403725,74.88380067499999,243.31767874911748,house
34.123942400000004,74.88434675,243.31321141913205,house
34.12345632499999,74.8820694,243.40493928760995,house
34.12355305,74.8822568,110.48339929247933,house
34.1235494,74.8823706,106.82889458219316,house
34.1233906,74.88221545,106.83134703974432,house
34.123348050000004,74.8823466,110.48366715495493,house
34.12334440000001,74.8824604,106.82915359010872,house
34.1231856,74.88230525,106.83160606679498,house
34.12363955,74.8825762,110.48328625189711,house
34.1236359,74.88269000000001,106.82878529146853,house
34.1234771,74.88253485,106.83123776513412,house
34.12317485,74.8824997,110.4838934889286,house
34.1231712,74.88261349999999,106.82937243969285,house
34.1230124,74.88245835000001,106.83182491353672,house
34.12303965,74.8826273,110.4840701613413,house
34.123036,74.8827411,106.8295432547188,house
34.122877200000005,74.88258594999999,106.83199573834483,house
34.12345795,74.88280329999999,110.48352355880604,house
34.1234543,74.88291709999999,106.82901473307857,house
34.1232955,74.88276195,106.83146720740582,house
34.12349595,74.8830917,110.48347390573673,house
34.123492299999995,74.8832055,106.82896673164188,house
34.1233335,74.88305035,106.83141919308423,house
34.12325515,74.88324990000001,110.48378856078835,house
34.123251499999995,74.8833637,106.82927097867761,house
34.1230927,74.88320854999999,106.83172345443792,house
34.12307345,74.8829207,110.48402598816297,house
34.123069799999996,74.88303450000001,106.82950054468343,house
34.122910999999995,74.88287935,106.831953035435,house
34.12284485,74.8819684,110.4843246815595,house
34.122841199999996,74.8820822,106.8297893741122,house
34.1226824,74.88192705,106.83224186159589,house
34.122830050000005,74.8823563,110.48434404082491,house
34.1228264,74.8824701,106.82980807706174,house
34.1226676,74.88231495,106.83226056616132,house
34.122936949999996,74.88143070000001,110.48420435561424,house
34.1229333,74.8815445,106.82967301326913,house
34.1227745,74.88138934999999,106.83212549909956,house
34.123099950000004,74.8811747,110.48399134770239,house
34.1230963,74.8812885,106.8294670675314,house
34.122937500000006,74.88113335,106.8319195495431,house
34.12305375,74.8808828,110.48405173372825,house
34.1230501,74.8809966,106.82952543974011,house
34.1228913,74.88084144999999,106.83197791488878,house
34.123036049999996,74.8805524,110.48407486224562,house
34.1230324,74.88066620000001,106.82954779536827,house
34.1228736,74.88051105,106.83200028692627,house
34.12304665,74.8802649,110.48406100762668,house
34.123042999999996,74.8803787,106.82953440578932,house
34.122884199999994,74.88022355000001,106.83198690075986,house
34.12292255,74.879672,110.48422316833565,house
34.1229189,74.87978580000001,106.8296912026205,house
34.1227601,74.87963065,106.83214369337466,house
34.122755549999994,74.8798136,110.48444137561144,house
34.1227519,74.87992739999999,106.82990219835415,house
34.122593099999996,74.87977225,106.8323546909947,house
34.122581450000006,74.8799595,110.48466887894361,house
34.122577799999995,74.88007329999999,106.83012217021675,house
34.12241900000001,74.87991815000001,106.8325746682925,house
34.12255304999999,74.880217,110.4847059788685,house
34.1225494,74.88033080000001,106.83015805736045,house
34.122390599999996,74.88017565,106.83261055434755,house
34.122538850000005,74.8804745,110.48472452686796,house
34.122535199999994,74.8805883,106.83017599716052,house
34.12237640000001,74.88043315,106.8326284843358,house
34.122517450000004,74.8807363,110.48475251005755,house
34.12251380000001,74.8808501,106.83020303611042,house
34.122355,74.88069494999999,106.83265552277047,house
34.12247845,74.8809981,110.48480347047962,house
34.1224748,74.88111190000001,106.83025230303221,house
34.122316,74.88095675,106.83270480655887,house
34.12241095,74.88127700000001,110.48489167428926,house
34.1224073,74.8813908,106.83033759403708,house
34.1222485,74.88123565,106.83279009115782,house
34.12223955,74.8802385,110.48511561798867,house
34.1222359,74.8803523,106.8305541415446,house
34.1220771,74.88019715,106.8330066420243,house
34.12220445,74.8804995,110.48516149502473,house
34.1222008,74.8806133,106.83059849540847,house
34.122042,74.88045815000001,106.83305099793614,house
34.12219435,74.8807392,110.48517469920972,house
34.122190700000004,74.880853,106.83061124933383,house
34.122031899999996,74.88069785,106.83306374616537,house
34.122156649999994,74.88098500000001,110.48522396054194,house
34.122153,74.8810988,106.83065888907697,house
34.121994199999996,74.88094364999999,106.83311139489251,house
34.12223955,74.8813643,110.48511561798867,house
34.1222359,74.8814781,106.83055414971938,house
34.1220771,74.88132295,106.83300665019907,house
34.12188035,74.88050140000001,110.48558498422989,house
34.1218767,74.88061520000001,106.83100797663134,house
34.1217179,74.88046005,106.83346048611547,house
34.12218355,74.8819443,110.48518881121427,house
34.1221799,74.8820581,106.83062489454795,house
34.1220211,74.88190295000001,106.83307740440442,house
34.12201305,74.88204300000001,110.48541159058902,house
34.122009399999996,74.8821568,106.83084032264071,house
34.121850599999995,74.88200164999999,106.8332928282984,house
34.12233275,74.8822404,110.48499384929323,house
34.1223291,74.88235420000001,106.83043639498581,house
34.1221703,74.88219905,106.83288889475963,house
34.12237185,74.8825237,110.48494276523888,house
34.1223682,74.88263749999999,106.83038698716885,house
34.1222094,74.88248235,106.8328394801905,house
34.12239675,74.88276400000001,110.48491022906464,house
34.1223931,74.8828778,106.83035553506608,house
34.1222343,74.88272265,106.83280801969853,house
34.12254595,74.8830472,110.48471526971677,house
34.1225423,74.883161,106.83016701973382,house
34.1223835,74.88300585,106.83261950578215,house
34.12258855,74.88341199999999,110.48465960515635,house
34.1225849,74.8835258,106.83011319642034,house
34.1224261,74.88337065,106.83256568155423,house
34.122403850000005,74.88348930000001,110.484900944834,house
34.122400199999994,74.8836031,106.83034656357783,house
34.12224140000001,74.88344795,106.83279904579598,house
34.12227235,74.8831975,110.48507277586009,house
34.122268700000006,74.8833113,106.83051270830715,house
34.1221099,74.88315615,106.8329651923733,house
34.12208055,74.883309,110.48532339088342,house
34.122076899999996,74.8834228,106.83075504036466,house
34.121918099999995,74.88326765,106.83320754457353,house
34.1220016,74.8822811,110.58174507796411,house
34.12199795,74.88239490000001,106.9276850894602,house
34.121839099999995,74.88223975,106.83330735810341,house
34.121728649999994,74.8824893,110.48578319388238,house
34.121725,74.8826031,106.83119964074874,house
34.1215662,74.88244795,106.83365215219433,house
34.1223587,74.8840255,110.5812780572722,house
34.12235505,74.8841393,106.9272335041428,house
34.1221962,74.88398415,106.83285615479707,house
34.12207445000001,74.8837466,110.48533136152977,house
34.122070799999996,74.8838604,106.8307627473616,house
34.121912,74.88370524999999,106.83321524717036,house
34.12137815,74.8842873,110.4862411829822,house
34.1213745,74.88440109999999,106.83164247779618,house
34.1212157,74.88424595000001,106.83409499020453,house
34.12139594999999,74.88453620000001,110.4862179316323,house
34.1213923,74.88465000000001,106.8316199741912,house
34.121233499999995,74.88449485,106.8340725041891,house
34.12143854999999,74.8848366,110.4861622687207,house
34.1214349,74.88495040000001,106.83156615247195,house
34.121276099999996,74.88479525,106.83401868155549,house
34.121482,74.8851306,110.58242460304447,house
34.121478350000004,74.8852444,106.92834217119977,house
34.1213195,74.88508925,106.833963844871,house
34.12152815,74.8854224,110.48604519027714,house
34.1215245,74.88553619999999,106.8314529576447,house
34.1213657,74.88538105,106.8339054737138,house
34.12158145,74.8857143,110.48597553263292,house
34.1215778,74.8858281,106.8313856092312,house
34.121419,74.88567295,106.83383813524759,house
34.123090149999996,74.8858219,110.48400416996446,house
34.1230865,74.8859357,106.82947944926876,house
34.1229277,74.88578054999999,106.8319319318108,house
34.12306025,74.8855656,110.48404324340231,house
34.1230566,74.8856794,106.8295172193044,house
34.122897800000004,74.88552425,106.83196969431356,house
34.12299745000001,74.8852733,110.48412529702696,house
34.122993799999996,74.8853871,106.82959657650892,house
34.122834999999995,74.88523195,106.83204904500772,house
34.122901875,74.8849558,110.53553080518074,house
34.1228982,74.88506960000001,106.82971736007485,house
34.1227394,74.88491445,106.83216984763325,house
34.12225665,74.8859987,110.48509327394743,house
34.122253,74.88611250000001,106.83053254476408,house
34.1220942,74.88595735,106.83298504487675,house
34.122286450000004,74.8862946,110.4850543518112,house
34.1222828,74.8864084,106.8304948858258,house
34.122124,74.88625325000001,106.83294739347356,house
34.122289450000004,74.886605,110.48505041517403,house
34.1222858,74.8867188,106.83049110365363,house
34.122127000000006,74.88656365,106.83294360306226,house
34.1226843,74.88206615,106.83223946914228,house
34.12267130000001,74.88259585,106.83225588308046,house
34.12266940000001,74.88245675,106.83225827585326,house
34.1227389,74.88289695,106.83217047022919,house
34.122737,74.88275785,106.83217286398073,house
34.1229374,74.88336905,106.8319196758928,house
34.122935600000005,74.88322995,106.8319219420124,house
34.122746799999994,74.88110865,106.83216049650872,house
34.1227449,74.88096955,106.83216288240604,house
34.12385045,74.88372157500001,107.43154091680951,house
34.123835675,74.88358145,116.43949997109632,house
34.123818425,74.883468575,107.48946359844305,house
34.12380365,74.883328425,116.41267577736586,house
34.123990825,74.88418164999999,107.4235323784372,house
34.123976049999996,74.88404150000001,116.46090359540335,house
34.12459345,74.88564545,107.36493644031094,house
34.124578675,74.885505325,116.37322571800354,house
34.1247353,74.88559384999999,107.45605634430186,house
34.12472055,74.88545372499999,116.41141331914305,house
34.124918674999996,74.88543907500001,107.48806482286295,house
34.124903950000004,74.88529894999999,116.4764115420955,house
34.125237725000005,74.885308625,107.48765918709006,house
34.12522295,74.885168475,116.52443655082209,house
34.125272875,74.88563027500001,107.48761449868948,house
34.12525815,74.88549012499999,116.41067310041689,house
34.125782425,74.884887425,107.48696668059532,house
34.125767675,74.8847473,116.42000212768643,house
34.1258377,74.885166625,107.52036581605543,house
34.12582295,74.88502650000001,116.45835955529918,house
34.125601575000005,74.88495115,107.4214858111209,house
34.125586825,74.884811025,116.347426812509,house
34.125405625,74.885033075,107.48744572491977,house
34.12539085,74.88489295,116.4757407561622,house
34.126000975,74.88482675,107.42097833212931,house
34.12598625,74.88468660000001,116.4581346094424,house
34.126136625,74.88476605,107.42080599013792,house
34.126121875,74.8846259,116.41951438608099,house
34.126272275000005,74.884750875,107.48634388183225,house
34.126257550000005,74.884610725,116.4092970064431,house
34.126440599999995,74.884763025,107.51959905770443,house
34.126425850000004,74.88462290000001,116.4575290647263,house
34.126196925,74.88503005000001,107.42072936269466,house
34.12618215,74.88488992500001,116.4094008299979,house
34.127304349999996,74.884405825,107.42715209453357,house
34.127289575,74.884265675,116.48315526384606,house
34.127141075,74.88444525,107.41952968849444,house
34.127126275,74.884305125,116.36971901905135,house
34.126985325,74.88449382499999,107.48543730765215,house
34.12697055,74.8843537,116.4567787182434,house
34.126842125,74.884551475,107.48561937147906,house
34.12682735,74.884411325,116.40851242512926,house
34.126686375000006,74.88462427500001,107.48581740326011,house
34.126671650000006,74.88448414999999,116.47397619500683,house
34.127342025,74.88469104999999,107.41927435127383,house
34.12732725,74.884550925,116.407824069058,house
34.127143575000005,74.884736575,107.48523611136663,house
34.127128825,74.88459642500001,116.34530470171646,house
34.1269828,74.884772975,107.51890949365148,house
34.12696805,74.88463285,116.47356782671301,house
34.126676325000005,74.88492472499999,107.48583018813207,house
34.126661575,74.8847846,116.41877118327254,house
34.126185025,74.88539755000001,107.42074447581956,house
34.12617025,74.8852574,116.45788115330481,house
34.126323174999996,74.88568885000001,107.420568935806,house
34.126308449999996,74.885548725,116.40922691807877,house
34.126571874999996,74.885367175,107.48596296599466,house
34.1265571,74.88522707499999,116.52259772659366,house
34.1267251,74.88550375,107.45352731769239,house
34.126710349999996,74.885363625,116.40867351306198,house
34.126596975,74.88598927500001,107.48593105781,house
34.12658225,74.88584915,116.47409935671962,house
34.127609775,74.88504755,116.4343021319001,house
34.12786055,74.88451287500001,107.4264452916685,house
34.127845775000004,74.88437272499999,116.36872861983227,house
34.127708175,74.884556175,107.48451825049537,house
34.12769345,74.88441602500001,116.40731982250252,house
34.121099125,74.8850348,107.44220182835437,house
34.121084375,74.884894675,116.49170452509992,house
34.121141775,74.88530945,107.42715209352224,house
34.121127025,74.88516932499999,116.47915801544318,house
34.121184400000004,74.88562702499999,107.52628344356242,house
34.12116965,74.8854869,116.46476909526592,house
34.12124837500001,74.885944625,107.49273083522176,house
34.121233575000005,74.88580447499999,116.4914989798018,house
34.120932175,74.8850863,107.44241396118247,house
34.120917399999996,74.884946175,116.53037033585173,house
34.120999675,74.88541245,107.42733262426617,house
34.120984899999996,74.885272325,116.41655664061616,house
34.120811375,74.885528325,107.49328635616871,house
34.120796600000006,74.88538820000001,116.46528289574803,house
34.12097835,74.885785825,107.43519017378486,house
34.120963575000005,74.8856457,116.42661715931877,house
34.12138337500001,74.88633085000001,107.42684515162733,house
34.1213686,74.8861907,116.46449506287837,house
34.121422425,74.88663125000001,107.42679554018565,house
34.121407675,74.886491125,116.37759019991402,house
34.121507699999995,74.887017475,107.52587231817941,house
34.121492950000004,74.88687735,116.4811105465607,house
34.121603625000006,74.88734365,107.42656533227938,house
34.12158885,74.8872035,116.46419170567242,house
34.121664025,74.88764405,107.42648859607186,house
34.121649250000004,74.887503925,116.4156419845441,house
34.121615075,74.886475575,107.49226468175013,house
34.1216003,74.886335425,116.41570936670396,house
34.121763275,74.88641185,107.42636250196168,house
34.12174855,74.88627170000001,116.46397173770006,house
34.121924074999995,74.88633295,107.4261582221987,house
34.121909275,74.8861928,116.4253150463357,house
34.121951700000004,74.886727425,107.52530770862023,house
34.121936950000006,74.8865873,116.46371225745997,house
34.12179845,74.88680937500001,107.43414818509865,house
34.121783675,74.88666922499999,116.37707270508031,house
34.122160199999996,74.887209925,107.52504255945672,house
34.12214545,74.8870698,116.46342506787715,house
34.12198435,74.887267575,107.43391198649883,house
34.121969575,74.88712745,116.44206985240267,house
34.122228025,74.88751944999998,107.42577204691516,house
34.12221325,74.88737932500001,116.41486546594643,house
34.121999425,74.88761960000001,107.44105787907245,house
34.12198465,74.88747947499999,116.52889953913945,house
34.121505325,74.888239675,306.9337588940632,yes
34.018508175,74.91762595,121.31039968431477,commercial
34.141381775,74.11852545,136.78970187173772,house
34.15643561515151,74.81601444242425,1933.006041522682,school
34.156747519999996,74.81683389,737.0346811282484,school
34.15695995,74.81787266666666,655.0459048757501,school
34.157034655000004,74.81840256000001,1665.8159582572266,school
34.1332551,74.80915008888888,995.372958035789,retail
34.129711316666665,74.80453448333334,371.7509714384102,mausoleum
34.131387749999995,74.80893501666667,877.7237251901253,college
34.1252032875,74.8068864375,2650.1739895722103,yes
34.132816375,74.8089896,108.97020620554903,mosque
34.13307607142857,74.80848961428572,285.44895141465213,yes
34.13148582,74.80810575999999,78.535511517877,yes
34.13318115,74.80878581666667,139.96602289715548,yes
34.132675400000004,74.808911475,92.15157254771833,commercial
34.14365360000001,74.81131755,242.58702082799306,yes
34.151538024999994,74.80929225,738.3374260664144,school
34.15131214,74.81139264,329.214522988211,yes
34.149774449999995,74.8145083,631.7055149649505,yes
34.1500552,74.814693525,318.453132850863,yes
34.13985548,74.80236722,398.00291911162816,mosque
34.13917866,74.8014158,1856.655981527499,college
34.141809800000004,74.8002305,377.01623997236686,yes
34.142745775,74.800153625,365.23906760500597,yes
34.141927425,74.801318075,686.7891681938193,yes
34.142054900000005,74.8016015,817.8524219549172,retail
34.13831696666666,74.80200668333333,912.3443006450343,commercial
34.13846423333334,74.80305472222221,2500.9123232785614,no
34.1209484,74.81011595000001,212.0363434278243,yes
34.127516625,74.808223775,197.82200518428868,yes
34.124591249999995,74.81399355,550.5512510934143,mosque
34.1549261,74.81064716,1033.9788719737924,yes
34.142746575,74.829503975,1057.4733377139041,school
34.146097175,74.82508634999999,250.7491395343675,school
34.145465075000004,74.82410523749999,1129.5462004436044,school
34.14167726666667,74.81897526666667,785.2452650550622,school
34.10623255128205,74.81657437179486,7753.126877124014,yes
34.132180937499996,74.80911957500001,82.97337633782696,commercial
34.086330724999996,74.796641825,754.9580861795641,hospital
34.08649403174602,74.79929835079366,4107.144767615621,hospital
34.099314225,74.80914572500001,2081.862453496633,roof
34.5612036,74.23310115000001,153.49615538163198,house
34.19786617999999,74.82344129500001,2351.765183731613,yes
34.19881968333333,74.83144318666668,7649.833716903062,college
34.198502041666664,74.8292366,532.8337236766245,yes
34.065294125,74.845586325,1378.709179069837,yes
34.13231066666666,74.80920428333333,215.1532719731115,house
34.125498900000004,74.80607471666666,609.9416234025114,commercial
34.12994985,74.80512381,1144.59892478219,retail
34.133261525,74.8107894,97.4656054767785,house
33.70597294,75.15443902,120.78898661889924,yes
34.39306765,74.32868635,87.8203816504219,yes
34.0554263,74.8202687,146.32940054033577,yes
34.0704987,74.75805805,98.03634969054507,house
34.13496026666667,74.80983753333334,176.7101227729144,yes
34.0597134,74.835302,150.98474784370313,yes
34.018108975000004,74.84860325,133.24257849656902,yes
33.98317780000001,74.83548197500001,222.55725078009175,yes
34.075472479999995,74.77042665999998,289.28984899696445,yes
34.089864250000005,74.7602643,8702.916000465895,yes
34.093371075,74.805442925,313.82813949366437,yes
33.8260485,75.16896204,193.3897031674349,commercial
33.66642191666667,75.04048253333333,165.31164601433198,yes
33.580141399999995,74.9582196,18.82179940179276,yes
33.579547925,74.9580621,142.04066655572137,yes
34.41880578,74.59732571999999,19.707953333965307,retail
34.418856,74.5947394,209.57342229329322,yes
34.4244261625,74.5907696625,1630.1496433002392,yes
34.424521025000004,74.59004445,195.18725387361434,yes
34.424586975,74.59029897500001,93.01091422278473,yes
34.424650075,74.590381875,91.37370335088025,yes
34.424481025000006,74.59125105,97.5713123189486,yes
34.424757925,74.590312975,38.31329493399228,yes
34.42516649375,74.5902011875,985.2112298644199,yes
34.425027575,74.59074377499999,91.74121739354126,yes
34.42500155,74.590546475,61.14554922342452,yes
34.42476565,74.590171075,62.584439219646974,yes
34.42489785,74.591029375,64.50730170171386,yes
34.425963349999996,74.58852627499999,146.0978730255572,yes
34.424794199999994,74.59241834000002,131.7560921156571,yes
34.424825525,74.59229425000001,69.87160303343032,yes
34.42470555,74.592393675,52.96210765697469,yes
34.4254432,74.592247975,157.4885915925817,yes
34.425339783333335,74.59243098333334,289.8856313700815,yes
34.42527645,74.5926592,141.77387041886936,yes
34.42359125,74.59240879999999,222.20253658885696,yes
34.425585674999994,74.589892075,165.19106945059198,yes
34.418962475,74.59220497500002,104.30459200784087,yes
34.418958275,74.592717175,353.3930448596708,yes
34.41883335,74.592245625,168.6529268263726,yes
34.418317325,74.59322825,95.82690146707148,yes
34.4197482,74.60036314999999,211.29654716798126,yes
34.425151225,74.590616625,39.65748549016219,yes
34.42259885,74.597855075,134.58907403653814,yes
34.4226975,74.5976307,94.99543880880992,yes
34.42257441428571,74.59765104285714,111.79810541444667,yes
34.41934305,74.599346,324.9529638777604,yes
34.41933863333333,74.59964049999999,92.59459018295638,yes
34.41908765,74.59922275,71.57030697492505,yes
34.419124475000004,74.59869897499999,335.2376169069501,yes
34.42022375,74.59982202500001,114.08099482493398,yes
34.42020785,74.600001525,97.82685056896597,yes
34.062707825000004,74.8317376,66.93183768022121,yes
34.418158399999996,74.5960158,210.74059687518744,yes
34.4180019,74.5955946875,275.20419551207385,yes
34.418029575,74.59594680000001,49.835613043215005,yes
34.418088239999996,74.59640916000001,111.39636756510805,yes
34.418239424999996,74.596598825,120.65138139595683,yes
33.708292900000004,74.95525447999998,323.5307188864676,house
33.823840162500005,74.07771364999999,244.88547747633766,yes
34.0296477,74.078735325,156.89123055770148,yes
34.029675624999996,74.08001095,83.95782021904407,yes
34.029986475,74.07364960000001,83.91985532664472,yes
34.029843725,74.07365150000001,83.91999651374931,yes
34.029890783333336,74.07350348333334,100.6245982295925,yes
33.71989751666667,74.8299794,266.219613182681,yes
33.71981863333333,74.83024756666667,295.6816080570766,yes
33.71991059999999,74.8291636,126.47509932302184,yes
33.71963375,74.83303645000001,116.48747558166846,yes
33.719764825,74.833119825,124.22646777748007,yes
33.719734433333336,74.8325834,437.0260062617692,yes
33.71783119999999,74.83816015,116.71350500635492,yes
33.717738175,74.83858185,116.70432403775268,yes
33.71809835,74.838433325,152.62801845942937,yes
33.7181887,74.83788867499999,116.7073625766283,yes
33.7175368,74.8379035,116.7023866077426,yes
33.720414899999994,74.847737,116.60488872260208,yes
33.720385074999996,74.847579475,116.60024995894699,yes
33.7202606,74.84747357500001,116.62443250159453,yes
33.720415100000004,74.8485859,116.60488845093866,yes
33.7204537,74.8489964,116.55033018215096,yes
33.721116949999995,74.848622025,116.57467702021529,yes
33.721012125,74.848846025,116.67071814469298,yes
33.720027075,74.85371385,116.66357249303161,yes
33.71989245,74.85430885,116.6881803820661,yes
33.719822425,74.854184825,145.28409533217916,yes
33.718828725,74.85706205,116.65028875123619,yes
33.71890285,74.85801959999999,116.66803129139113,yes
33.7196098,74.85817355,116.62017451430998,yes
33.72004025,74.85819302499999,116.69481845706238,yes
33.71985185,74.85844307500001,116.63748308668214,yes
33.71991165,74.85864365,116.68815427907765,yes
33.719996825,74.85840615000001,116.72254190668681,yes
33.7202891875,74.85887155,444.3944926877332,yes
33.716626975,74.86886237499999,116.63847053705467,yes
33.7165954,74.86905097500001,116.7107626058953,yes
33.716457325,74.86868715,116.59766545749343,yes
33.715745625000004,74.87047005,116.63668527438139,yes
33.7154415,74.872058975,116.53862223089797,yes
33.714096549999994,74.872650975,116.7196617295931,yes
33.711424349999994,74.87949785,116.72859087394204,yes
33.7113417,74.879155675,116.66904900147702,yes
33.711036375,74.8814129,116.70638784806641,yes
33.710469875,74.8810462,116.61839546682376,yes
33.710116,74.881201325,116.69951321285748,yes
33.7092256,74.88510508,119.21145628325579,yes
33.7092684,74.8852211,200.88647532224223,yes
33.70764465,74.89399785,116.67787726515868,yes
33.707731675,74.89434747499999,116.66515911815284,yes
33.707713025000004,74.894535025,116.66518444788576,yes
33.707893075,74.89361542500001,116.66493988109966,yes
33.705373425000005,74.89727185,116.69551722922762,yes
33.705318025,74.89746355,116.69559250474379,yes
33.710373425,74.905744125,116.67818132674859,yes
33.710457925,74.905992175,116.6960144046364,yes
33.710505175,74.90566495,116.6949216648232,yes
33.71081735,74.9057868,116.66400162323404,yes
33.711290975000004,74.90529054999999,116.654667188757,yes
33.717818799999996,74.91773065,116.60152436216825,yes
33.717266675,74.91698645,116.63667587213023,yes
33.70742495,74.970835325,116.68100428251901,yes
33.92058055,75.012604425,116.20634679574462,yes
33.92253105,75.015290375,116.11288671599868,yes
33.92295525,75.01547704999999,116.11451440116667,yes
33.925270875,75.01355285,116.16722121946674,yes
33.92528465,75.01341025,116.16304732904177,yes
33.925412475,75.01357385,116.16702810960146,yes
33.925859875,75.01338355,149.26338888262075,yes
33.927983625,75.013754425,116.10047892853632,yes
33.927948775000004,75.01417465,116.0486662150107,yes
33.9281588,75.01414595,116.0984960920327,yes
33.92838715,75.01355145,116.0903878969676,yes
33.927920150000006,75.01228557499999,116.05034668260973,yes
33.9280536,75.012800525,116.16583712496029,yes
33.92772935,75.01393705000001,115.9865378121097,yes
33.93150145,75.005218725,116.04546699283009,yes
33.93124635,75.005528225,116.0458145913936,yes
33.93171315000001,75.005140675,116.04517851807609,yes
33.931832125,75.00456285,116.1134420995941,yes
33.932058425,75.00446025,116.11313355987129,yes
33.932229875,75.004284525,116.05637447824162,yes
33.9326358,75.00491852500001,116.09865107043302,yes
33.932547150000005,75.005269975,116.0236273811717,yes
33.93273395,75.004809275,116.09672200667903,yes
33.93267185,75.004696575,116.04910405623545,yes
34.439929475,74.0923544,149.85837616493524,apartments
34.4652163,74.07086340000001,25.543183367777704,house
33.77062411428572,74.09709125714286,480.6105411340619,yes
33.7700794,74.09629500000001,210.93476937519245,yes
33.769951475,74.09684335,227.78036181575862,yes
33.770362575,74.0822523375,1196.485048705496,yes
33.770326408333325,74.082236675,540.0440667492526,yes
33.8267751,75.074174,2600.472706493558,yes
34.096532775,74.815069875,453.61636212239057,pavilion
34.096981825,74.819849425,183.21597124567276,yes
34.0976079,74.82083623000001,728.8759112320572,hospital
34.099304499999995,74.822325175,224.47464081266662,pavilion
33.780742149999995,75.10909645,177.68826185813427,yes
33.7769909,75.10824895,198.0863906123251,garage
34.28611023333333,74.45133011666667,189.02930697086245,yes
34.18748015,74.5276611,136.69278211921824,apartments
34.187184925,74.527861375,487.3974252751871,yes
33.96812046666666,74.87932930000001,186.95356426308,house
34.1456051,74.872732,366.2561878937122,yes
34.14579518,74.8724596,466.21060175186403,yes
34.14463107499999,74.6346096,354.4015154128872,yes
34.133017175,74.6240653,127.33828948450642,yes
33.68160875,74.88157520000001,552.7615473890576,house
33.97422363333334,74.88793826666667,9764.29150696718,yes
34.04638655,74.8025902,1187.2221583804942,yes
33.389447014285714,74.31718478571429,383.9853649077755,yes
33.389376075,74.317055575,176.79341454029964,yes
33.81385971666666,74.89312138333334,152.9997147981628,house
34.130704075,74.6214311,764.6654446049129,yes
34.09795783333333,74.78160858333334,915.0141968550188,yes
33.7607917,75.188458675,133.6527905409121,house
34.68549735,74.8397549,44.79858431760723,yes
34.68537395,74.83983625,44.590429501082,yes
34.685280775,74.83983325,63.931674093662686,yes
34.685204975000005,74.83991835,77.61643310059902,yes
34.685043900000004,74.8400322,138.58401675244284,yes
34.68501535,74.84039407499999,70.0812544801986,yes
34.68492565,74.840088,24.52757856256727,yes
33.6755063,75.15466768571427,173.7503029972559,house
33.413647399999995,75.64141839999999,138.79560320311276,yes
33.5775066,75.3182264,213.0034078201992,house
33.57730901428571,75.31835485714285,117.17454251357731,house
33.57723758,75.31849901999999,226.31683263317706,house
33.577386666666676,75.31832668333332,121.50553606499531,house
34.5008702,73.87048885,98.06746888673052,yes
34.5010932,73.870108875,79.40700676059416,yes
34.501366175,73.87037492500001,121.0151703989271,yes
34.50121005,73.870274725,75.777551871559,yes
34.501334400000005,73.8701728,88.37710542990148,yes
34.50149465,73.870074875,78.34777223922804,yes
34.5017135,73.87002525,96.0658562965263,yes
34.502061499999996,73.869958375,35.34238220631086,yes
34.6773261,73.9585744,322.85536297741953,yes
34.67787275,73.9584316,311.22715111714353,yes
34.6778944,73.96049065,203.41446750329263,yes
34.6775395,73.96009104999999,266.7293343634197,yes
34.676727525000004,73.95951645,280.7133844977675,yes
34.031320825,74.00318,85.31424212847799,yes
34.035430874999996,74.009403825,61.77062574461347,yes
34.013136225,74.0110327,54.652580622965196,yes
34.0137632,74.00998489999999,10.01804212737944,yes
34.013731475,74.01032975,127.0815888688758,yes
34.0136424,74.0097272,42.32615498145231,yes
34.021182525,74.0466683,55.4413093223685,yes
34.021455425,74.04722715,216.87703620054322,yes
33.9337417,75.113727725,968.8942267346846,yes
33.93277526666667,75.1137371,514.8959669103639,yes
33.932976833333335,75.11259538333333,370.61786174466954,yes
33.933096675,75.11709305000001,407.73157759576304,yes
33.6610407,73.9625268,7.226090694867608,yes
33.66035465,73.9633089,10.665196370434735,yes
33.6594428,73.96420370000001,9.422826015903984,yes
33.659471124999996,73.96404905,16.87869843737348,yes
33.65985847500001,73.963208,6.335060057069722,yes
33.657828699999996,73.9633589,123.35385764660356,yes
33.659908387499996,73.963977375,272.56529401701835,yes
33.660409466666664,73.96358646666667,123.73155370520183,yes
33.660362425,73.9635386,20.329354894879792,yes
33.658363225,73.96373045,184.86975782126285,yes
33.66050815,73.96325167500001,47.61138810182612,yes
33.65908544,73.96299313,306.45795173240055,yes
33.6602904,73.96417414999999,37.86794348793975,yes
33.65653189166667,73.964409475,293.7386994415425,yes
33.66069636666666,73.96364436666667,148.82666541407815,yes
33.66072565,73.963757775,40.82026541993704,yes
33.66025545000001,73.9640265,230.47432261140784,yes
33.65960295833333,73.96417880833333,614.8565203292842,yes
33.660472883333334,73.96400039999999,273.9903429055153,yes
33.661371675000005,73.96292612500001,383.1984777664426,yes
33.66045215,73.9633841,181.45468098020206,yes
33.65976645,73.9640486875,275.40384989098334,yes
33.6571587,73.963373475,180.74614776049918,yes
33.66295626666666,73.9620749,110.33271156220835,yes
33.661432760000004,73.96232269000001,428.2902634111673,yes
33.66171963888888,73.96262049444444,770.3103073470406,yes
33.65672383333333,73.964038,215.37518851106523,yes
33.66101846666667,73.96269061428572,985.5905642968928,yes
33.66199735,73.9629063,213.06892222643125,yes
33.662104075,73.9629123,16.175968467178343,yes
33.6630441,73.9622762,341.7477662218224,yes
33.660778,73.962679225,20.735452821304065,yes
33.66120486666667,73.96251188333332,134.38695913679658,yes
33.65550255,73.96545525,179.08110462922127,house
33.65562200454545,73.96548442272727,421.5212466264876,house
33.65572668,73.96634151999999,191.0506450022807,house
33.655667175000005,73.966369,113.0980165826242,house
33.65640595,73.96716935,142.08859301394392,house
33.656501525,73.96708185,176.02530208852838,house
33.6564525,73.967266225,147.764895787463,house
33.656548825,73.967287825,223.22382017656275,house
33.656418030000005,73.96756509000001,272.66269840815795,house
33.656746562500004,73.967496875,103.50458917425047,house
33.65677341666667,73.96763493333333,194.79317701141613,house
33.656825600000005,73.9677592,278.2444674518324,house
33.6566922,73.96759469999999,51.84093925459319,house
33.65656413333334,73.9667215,171.06927684886918,house
33.65664038333333,73.96676428333332,182.4323573360424,house
33.6566586375,73.9665872375,176.92905992912551,house
33.656618125,73.966668925,25.33918761732074,house
33.656626275,73.966498875,25.042422343954627,house
33.656772399999994,73.966579825,168.0390770641839,house
33.65681313333334,73.96680648333334,114.72162713739064,house
33.65691844285714,73.96686118571428,311.8006934110116,house
33.65697788571429,73.96698247142858,82.34448962819988,house
33.6568694,73.96611095,111.15963590336506,house
33.656812425,73.96604662499999,65.75843374423292,house
33.656908675,73.965849,115.17531338967073,house
33.65692415,73.9659527,30.727483597776946,house
33.656819825,73.96585985,87.48366475995101,house
33.656811225,73.96573597499999,38.83710374898864,house
33.656886175000004,73.96574325,54.4551785566597,house
33.6563916,73.9643625,92.5582598289131,house
33.656416899999996,73.96447833750001,126.38315826408544,house
33.656266599999995,73.964468325,40.56472558564171,house
33.656430424999996,73.9646652,144.8657386120717,house
33.65667283333333,73.96459243333334,83.76787373857773,house
33.65675641666667,73.96457328333334,169.2246141995364,house
33.656805874999996,73.96458734999999,13.592503446204379,house
33.656816675,73.9646517,56.156600900464454,house
33.656859235714286,73.96506043571428,277.4810724647665,house
33.656918625,73.965292725,101.04239601545038,house
33.65797903333333,73.9642271,47.92714441750705,house
33.657985925,73.96436,100.80145148881088,house
33.65797523333333,73.96449031666667,63.08749307230194,house
33.65794825,73.96450155000001,17.89802002323139,house
33.65799835000001,73.964703175,97.70603395685663,house
33.657936899999996,73.9647841,25.56680972543829,house
33.658103725000004,73.96456574999999,53.780566711714485,house
33.658080850000005,73.9647303,250.59103651370648,house
33.658072325,73.964908425,37.121750526642714,house
33.657997140000006,73.96497544,121.39378774699411,house
33.657944,73.96503254000001,50.549927058498284,house
33.657988975,73.96506959999999,43.81636671633302,house
33.657918275,73.965288625,171.12318864323646,house
33.65790877777777,73.96547563333334,135.804166995852,house
33.65792895,73.9655791,54.254861558291,house
33.65786855,73.965584875,25.701392834797403,house
33.657831125,73.96594765,193.8462182856575,house
33.65777731,73.96624295999999,373.1210298244359,house
33.65797082307692,73.96685214615385,175.79557259887383,house
33.657981675,73.9669954,18.65382793778138,house
33.6580345,73.966935625,14.445996804156211,house
33.658089700000005,73.96689625,19.70817728378989,house
33.658224000000004,73.96618939999999,135.7766541285113,house
33.658349975,73.966349075,114.58280350182577,house
33.658348233333335,73.9661297,177.50772762992713,house
33.65847213333333,73.96625026666668,102.09319035786349,house
33.658464441666666,73.96605491666666,150.84787347517403,house
33.65861956,73.96613850000001,59.225745089157044,house
33.65865795,73.9662429,96.57630569656564,house
33.658586675,73.96627805,68.48109002072593,house
33.658680525,73.966485275,46.68559719835189,house
33.658746349999994,73.96663152500001,89.41558289263492,house
33.65879625,73.9667295,54.47537610945433,house
33.6587536375,73.9667592,41.11682446792477,house
33.6588356,73.966826125,11.668651018879572,house
33.658851350000006,73.96687035000001,29.429552745708662,house
33.6587751,73.96685796,23.44177719668182,house
33.658798725000004,73.966884375,15.748206252683667,house
33.6588767,73.96696002499999,61.973395862946504,house
33.658897374999995,73.9670345,21.32499077305995,house
33.658823675,73.96697892499999,9.681313286420618,house
33.658824875,73.96704595,52.58074503775418,house
33.6588538,73.967141725,16.309236879684693,house
33.658227275,73.968068825,58.881865078698496,house
33.65808815,73.96815212499999,68.85538002735998,house
33.658144166666666,73.96822168333333,108.18933220672781,house
33.658356775,73.9683411,82.70255111107032,house
33.658405650000006,73.96822365,154.68718634089174,house
33.658444025,73.968348475,12.537104393076007,house
34.488486333333334,74.12792813333333,336.6772700039631,school
34.48832795,74.12746315,112.18369326553935,yes
33.394525849999994,74.34590115,929.5274359667619,school
33.394436649999996,74.34620005000001,786.7175668175967,school
33.394365804,74.346598992,215.54624625883315,yes
33.394654349999996,74.34648842499999,316.61315737165495,school
33.394979462500004,74.3464570125,588.9595746947418,school
33.3955162,74.34621425,231.82195609736283,yes
33.395683725,74.3459147,506.536361724724,yes
33.3958138,74.346009975,466.2963280008772,yes
33.39559815,74.3463839,465.06637951894436,yes
33.395532925,74.346695,151.978266882191,yes
33.66924165,74.90403273333334,1821.24292331163,school
33.681105020000004,74.87793226,415.8029119303573,yes
33.9416107,75.07649020000001,43.20889508243566,yes
33.941511199999994,75.0766047,48.695919562156185,yes
33.9416037,75.076150125,30.81849769452394,yes
33.941851625,75.07541,36.52169104951102,yes
33.942510625,75.0708798,40.41605555344084,yes
33.942288024999996,75.071719975,84.71128594684347,yes
33.94202730000001,75.0730595,38.041982005026924,yes
33.942130775,75.07267005,52.22080641592261,yes
33.9418893,75.072615075,44.27102187198956,yes
33.94189185,75.07249197499999,38.01562943871146,yes
33.941651199999995,75.072535475,41.91150048253826,yes
33.941731425,75.072064825,11.47228182780747,yes
33.94128825,75.07207635,46.78362259783546,yes
33.94100395,75.07215845,67.44365344747096,yes
33.94055615,75.07241082499999,17.037434061910005,yes
34.162135375,74.908675,586.8702577676186,yes
34.16273835,74.908482875,163.83509580384532,yes
34.162758049999994,74.90874165000001,328.4690403230054,yes
33.3403846,74.68544510000001,69.49657145857847,yes
33.341967749999995,74.6846238,60.933610756791424,yes
33.34131925,74.68264934999999,57.91222394023872,yes
33.34140415,74.6825675,44.031340095520946,yes
33.3409007,74.68350235,54.22553950814404,yes
33.33978868333333,74.68425918333332,163.04565097027495,yes
33.3381347,74.6822136,77.41421547721362,yes
33.338362675,74.682454625,90.81659672871457,yes
33.338480149999995,74.6821189,138.6674928077059,yes
33.33904763333333,74.68302165000001,155.49177497091912,yes
33.33907755,74.68322905000001,63.54137256746725,yes
33.3389234,74.68287015,78.89147324895916,yes
34.219223119999995,74.36342906,122.2187621709123,yes
34.228760175,74.35857597500001,145.9075053809603,yes
34.2298873,74.3578941,96.16928314295669,yes
34.230389175,74.35790105,133.43993248466336,yes
34.230669425,74.35720995,137.96778853258,yes
34.228651150000005,74.358806675,14.097849944973778,yes
34.22782515,74.3583165,125.08270864633246,yes
34.22764405,74.358364825,87.4772718580675,yes
34.228484375,74.3584135,41.4552062166175,yes
34.230625375,74.3575918,144.4392227645402,yes
34.228206825,74.358158,31.39959940308048,yes
34.230593,74.3572974,141.19288783544533,yes
34.22804055,74.35814839999999,65.31569154747272,yes
34.22848563333333,74.35821456666666,182.8448385882059,yes
34.230293275,74.357485225,78.61195611494992,yes
34.23053178333333,74.35768676666667,84.73241624199864,yes
34.2303723,74.3575745,124.97056570972967,yes
34.229405299999996,74.3576936,149.3499695084045,yes
34.228156725000005,74.358173725,105.98866200399914,yes
34.22959245,74.35712805,187.7951386702266,yes
34.23006505,74.35738155,130.21381613167927,yes
34.230211999999995,74.35785985,114.7557241088748,yes
34.230149775,74.35815339999999,113.4527274777416,yes
34.228089425,74.358277875,36.147874418269936,yes
34.22979025,74.3574917,149.16006472583229,yes
34.228481099999996,74.35850810000001,23.911051868995415,yes
34.229369150000004,74.3578378,23.283327554671764,yes
34.22918895,74.35714625,170.11402258521767,yes
34.22886863333334,74.35876026666666,87.30088322167913,yes
34.22726395,74.36553475,396.18028079150884,yes
34.2305154,74.36782864999999,79.87536526621689,yes
34.2284379,74.3672171,26.20078023340205,yes
34.229841925,74.36506145,110.21076076974518,yes
34.22931296666666,74.36535591666666,147.92865939485523,yes
34.23002375,74.365450325,144.69423682345524,yes
34.229645925,74.3656564,113.355165984718,yes
34.229603733333335,74.36457971666667,208.76512845732472,yes
34.229958749999994,74.36533185,144.16547840733904,yes
34.229132775,74.36792645,15.154088682136779,yes
34.2298453,74.36594115,131.61773108990707,yes
34.22962715,74.36702325,95.0456949100893,yes
34.2283922,74.3679034,127.22294334203403,yes
34.22943975,74.3653612,34.2533281626276,yes
34.2291803,74.366664625,139.57331178180357,yes
34.229253650000004,74.36799195,146.20960193864718,yes
34.2296692,74.36688645000001,52.48492722324953,yes
34.22882763333333,74.36783609999999,184.39775908821497,yes
34.229365416666674,74.36550976666666,70.08275770125432,yes
34.22903105,74.36690485,22.98348444011685,yes
34.22965085,74.36593755,78.89490713604695,yes
34.228362024999996,74.367735775,181.89800928216198,yes
34.229680374999994,74.36718945,70.12016628148268,yes
34.2293787,74.366785,138.76068362635343,yes
34.229501375,74.3661355,213.33407379279464,yes
34.2295187,74.36543275,128.6204264174504,yes
34.228853575,74.368197425,153.63328269439182,yes
34.2296704,74.3660638,55.634441200444556,yes
34.229397500000005,74.3669081,169.09623393015306,yes
34.229413550000004,74.36592545,277.03372987262895,yes
34.229015700000005,74.368188575,81.33220625603715,yes
34.22917257499999,74.36698035,153.2936625640039,yes
34.229574850000006,74.36496433333333,103.00015582596615,yes
34.228578587499996,74.367177725,127.87452133960227,yes
34.22949860000001,74.3657185,89.61061845788922,yes
34.2295671,74.36582915,99.16807554520764,yes
34.22881076666666,74.36722246666666,191.26676055173502,yes
34.229465950000005,74.36704102499999,91.1056770483491,yes
34.22915355,74.3671448,180.0869200333328,yes
34.230147849999994,74.3657053,109.78177572364105,yes
34.22939735,74.36715705,54.89439274848354,yes
34.229183524999996,74.36678145,135.67020208573678,yes
34.229027875,74.366986275,56.11630785827627,yes
34.2300624,74.36555885000001,93.55739739377678,yes
34.229156,74.367353475,15.788356425685222,yes
34.2296999,74.36754535,128.60307775731164,yes
34.21957355,74.3673735,41.57246419970173,yes
34.2258558,74.35901675,43.10846257727539,yes
34.22533945,74.3587189,142.4819513975956,yes
34.225976125,74.3593528,114.7032239733368,yes
34.225035999999996,74.359658225,75.64679830695701,yes
34.22484693333333,74.35968520000002,185.0084222495957,yes
34.225350983333335,74.35946243333332,169.19100044114234,yes
34.225929,74.35866387499999,42.261027040765,yes
34.22480495,74.359978275,27.171539350072244,yes
34.22556956666667,74.35887458333333,147.01846839528446,yes
34.225547299999995,74.35871345000001,81.54007104331178,yes
34.225910750000004,74.35922525,78.65622400476536,yes
34.226038775,74.35932655,18.182231518992996,yes
34.225525499999996,74.358658425,15.258401142667779,yes
34.2251611625,74.3595744875,190.58538789326988,yes
34.2246305,74.35932422500001,29.750070721164818,yes
34.22493355,74.35954960000001,177.40333478486417,yes
34.22528255,74.35880509999998,40.062945309716,yes
34.22601,74.35888155,15.008306129243316,yes
34.225424625,74.358992675,27.63404263031459,yes
34.225773437499996,74.35910823750001,122.90601977080587,yes
34.22507865,74.35962235,37.20206092461261,yes
34.224933225,74.35988205,24.11299780089039,yes
34.225526933333335,74.35859965000002,102.82466672803821,yes
34.2260682,74.35924905,140.56720104320692,yes
34.225950225,74.35890045000001,104.8706735762047,yes
34.2253678,74.3579158,111.30544107831444,yes
34.225587025,74.35745425,129.33597251865046,yes
34.225423825,74.35765705,35.9491033151336,yes
34.225519399999996,74.3575233,12.204268224003917,yes
34.2256112,74.3577332,91.78718530204392,yes
34.225326875,74.3577148,142.6726360477134,yes
34.225150275,74.357712275,18.52894067383112,yes
34.225461716666665,74.35755816666666,79.03071098468448,yes
34.22577135,74.35746172500001,210.18501869224417,yes
34.22602835000001,74.3575271,213.22816755523053,yes
34.2253933,74.35743775,99.27696042862983,yes
34.22559565,74.35759669999999,128.26196050996623,yes
34.2252519,74.357604575,103.65789037670555,yes
34.225393049999994,74.356913725,123.03825003504414,yes
34.225519975000005,74.35637344999999,166.16704329128135,yes
34.22528045,74.3579896,18.8422544289854,yes
34.225615524999995,74.3581337,16.147241144243125,yes
34.226480962500005,74.3577937875,124.21589506705014,yes
34.227163974999996,74.35897675000001,20.002502987055408,yes
34.226249175,74.35791840000002,38.16701587614655,yes
34.226986374999996,74.35920060000001,49.78812665394156,yes
34.225660175,74.35786925,38.86261350875415,yes
34.226327225,74.35844130000001,51.38526477252318,yes
34.22654396666667,74.35992631666666,106.89574171358693,yes
34.2267267,74.35923639999999,80.14434952710907,yes
34.225505600000005,74.358250225,142.46245070246096,yes
34.225663775,74.358236325,125.41152740786447,yes
34.226354199999996,74.3585994,144.45257991094232,yes
34.2255322,74.35812552499999,40.1952171619452,yes
34.22675735,74.358907225,131.6003218937767,yes
34.22564425,74.35798135,125.67756410253043,yes
34.2263283,74.3578788,108.58727656682396,yes
34.225693725,74.358121725,33.70601963403159,yes
34.22547765,74.3580887,26.710817449581576,yes
34.225793350000004,74.35832375,22.464519268569337,yes
34.22742985,74.35829355,117.95291917373486,yes
34.225843325,74.35789275,105.87329116953278,yes
34.225887075,74.35821105,96.07560638108001,yes
34.22748281666667,74.35846813333335,124.37701392283512,yes
34.219492925,74.367298725,35.41385494978918,yes
34.219845425,74.36702735,18.511551189052383,yes
34.219494749999996,74.366932,23.4108915924467,yes
34.21958645,74.36838535000001,200.69602714269644,yes
34.2256304,74.36270764999999,22.951493765598904,yes
34.22341204999999,74.360788075,163.4453180540591,yes
34.22341625,74.36030145,102.66796173955737,yes
34.225354725,74.36113735,127.9654957993437,yes
34.22364303333333,74.3607786,124.34956024256635,yes
34.22460805,74.36089425,204.25384406969948,yes
34.2234816,74.36092055,172.0628963463725,yes
34.22529555,74.36179755,107.13046716925268,yes
34.224688050000005,74.36127295,23.29423159813029,yes
34.224640550000004,74.36130709999999,43.28206314044091,yes
34.2244272,74.3599925,42.93314771974456,yes
34.225352400000006,74.361570125,25.215300248482166,yes
34.22370215714286,74.36085824285715,245.89578244326782,yes
34.224436219999994,74.36065566,212.64783172386655,yes
34.223677025,74.36019929999999,190.97299389343038,yes
34.2258499,74.361520875,102.23500872358468,yes
34.224278500000004,74.36047945,41.282354624353644,yes
34.224552816666666,74.36015548333333,125.51117219226579,yes
34.223566375000004,74.36036155,168.76336000929533,yes
34.22325115,74.36004535000001,162.15230777787875,yes
34.224284100000006,74.36066970000002,84.30512920647695,yes
34.2234127,74.360126825,161.89426310483196,yes
34.22445948000001,74.36097881,241.89384222202483,yes
34.22537025,74.3608468,184.60304618841582,yes
34.224801837499996,74.3611142,210.34973296650557,yes
34.224679425000005,74.36102174999999,75.86635755787958,yes
34.223557025,74.36106785,191.2363664976305,yes
34.22424205,74.3602695,130.37719210186458,yes
34.22599615,74.361616125,16.100090540313296,yes
34.2244706,74.36004745000001,40.887946205472744,yes
34.222876975,74.359621875,95.85974500274733,yes
34.222243,74.3640553,49.426714362952026,yes
34.222373025,74.3614187,113.41034737962612,yes
34.222425475,74.361591,107.58988511556956,yes
34.22151305,74.3625841,17.078588774345917,yes
34.221421625,74.36213302499999,87.74305879706068,yes
34.2214758,74.3617683,23.277535147502064,yes
34.221805575000005,74.362515475,63.325991913639996,yes
34.22120985,74.36356004999999,33.46382441587342,yes
34.2213979,74.362932825,13.626575059468097,yes
34.221423175,74.36375825,19.371836493427196,yes
34.221506075,74.36230024999999,127.83097125321119,yes
34.221369525,74.3637387,37.26534811024065,yes
34.22117995,74.36388760000001,126.76415874875678,yes
34.22118025,74.3640583,152.5103994896582,yes
34.221345925,74.36330004999999,102.05905546047222,yes
34.22128933333334,74.36197788333334,64.34036926478758,yes
34.221629775,74.36271795,152.55155388984133,yes
34.2205411,74.36426639999999,67.88083550460193,yes
34.22162795,74.36218187,195.59286694619894,yes
34.220768449999994,74.364074725,70.70022035242081,yes
34.220588475,74.36375735,26.60425101902362,yes
34.220975775,74.36451439999999,122.76687150352333,yes
34.2221026,74.362794775,139.90217775101735,yes
34.2209095,74.363798375,109.67573303292646,yes
34.22136895,74.3619542,35.941888117437074,yes
34.22153111666667,74.36366581666667,192.98804243660783,yes
34.220656033333334,74.364218,98.27248304744982,yes
34.221249275000005,74.3637043,36.636948489207256,yes
34.2208866,74.3645798,29.247565313590357,yes
34.221041075,74.3642497,177.04357964500008,yes
34.2214402,74.36245585,47.26471760649126,yes
34.221494850000006,74.36292988333332,111.64952570091073,yes
34.22074971666667,74.3638404,129.79084431386008,yes
34.22064313333333,74.36394525000001,203.4159559145579,yes
34.2213371,74.36227357499999,76.29779291893516,yes
34.22078875,74.364359975,162.63894599314966,yes
34.221278625,74.3617450875,141.5952665467798,yes
34.2210544,74.364442225,64.31621615262628,yes
34.221330824999995,74.362385275,132.62432264002078,yes
34.221329600000004,74.361877975,18.970730266160764,yes
34.221294525000005,74.36287475,60.3428370730628,yes
34.22160101,74.36199171,276.1904649080864,yes
34.22170675,74.362907125,166.9477824414218,yes
34.221522875000005,74.3627079,46.856950108299486,yes
34.2217477,74.3627506,151.18029485408113,yes
34.2214413,74.36310845,195.65111538417182,yes
34.2210001,74.363888575,95.43238056359735,yes
34.2214060375,74.3627673875,320.5435140304744,yes
34.22046965,74.36355365,23.725719016713896,yes
34.221989425000004,74.362616675,181.8395929995564,yes
34.22153635,74.36174224999999,25.85869526887893,yes
34.22076025,74.36369483333334,169.18064286239542,yes
34.22204359999999,74.362418625,73.9247583569119,yes
34.22162,74.363043525,24.052144071781292,yes
34.2215467,74.3624261,40.41140770259105,yes
34.22054525,74.36382169999999,63.09956163806707,yes
34.221341800000005,74.36355795,173.77145919374277,yes
34.221257249999994,74.363023625,136.65841606733682,yes
34.221421475,74.36227225,63.54430129999545,yes
34.221445575000004,74.36185732499999,137.38491397831478,yes
34.2207199,74.36347667499999,48.39761166350242,yes
34.21932365000001,74.36396056666668,187.90228015879927,yes
34.2193152,74.36449635,163.00673528664007,yes
34.219192425,74.3635769,103.07818377767236,yes
34.21864015,74.36370609999999,17.595076697869864,yes
34.2190067,74.363075775,65.10523229094616,yes
34.219210175,74.364283475,117.52479856641024,yes
34.21869896,74.36289914,146.6347895421901,yes
34.219079125,74.3643555,62.5099173145464,yes
34.21902455,74.363594425,32.60981254293178,yes
34.219067175,74.3640398,11.414785851278523,yes
34.219027875,74.364004725,40.54148952926991,yes
34.219272925,74.364347075,116.43902744040577,yes
34.219231324999996,74.364429075,26.496509933236226,yes
34.2189983,74.36382985,18.236660470268383,yes
34.218609525,74.36382144999999,65.3346091113633,yes
34.219126325000005,74.3641655,122.48861143162219,yes
34.21875025,74.36300815000001,158.603007217256,yes
34.218865775000005,74.36372845,96.73186881092917,yes
34.21880355,74.3638592,137.29695076771773,yes
34.219364325,74.36434134999999,14.928465338191252,yes
34.21885313333333,74.36349661666667,147.12000892865439,yes
34.218785249999996,74.363631775,50.41127251547891,yes
34.21891135,74.363322225,162.37848410305097,yes
34.219109550000006,74.363703375,145.83302515749855,yes
34.219195925,74.363765675,33.007612439899475,yes
34.21936505,74.36360078749999,310.1564257149756,yes
34.219253775,74.36386359999999,117.92383057691029,yes
34.21910405,74.36397237499999,83.35544367064539,yes
34.218957775,74.36438695,135.27986006254878,yes
34.219445425,74.364508175,28.18298555382871,yes
34.2189524,74.36364950000001,132.3263053107794,yes
34.21940265,74.36413970000001,204.3538808535733,yes
34.218732,74.36394565,26.159733814719004,yes
34.2187122,74.3636205,45.73069958244001,yes
34.21884985,74.36318235,39.23019084820597,yes
34.2192289,74.36409445,113.56477043418738,yes
34.219062825,74.36349832500001,120.49195706430794,yes
34.21902975,74.36375835,43.75371653412257,yes
34.2193238125,74.3634240625,88.24739386465922,yes
34.2190687,74.36386055,101.4660108694271,yes
34.219095175,74.363229475,156.8423485135367,yes
34.2184598,74.362906675,210.94967100512304,yes
34.2198975,74.363954925,88.0927188112984,yes
34.2198116,74.364213725,134.40736106810036,yes
34.219505375,74.36362704999999,19.637282121534042,yes
34.219467175,74.36439802500001,105.9854362951079,yes
34.21997292499999,74.363856075,18.54224595284038,yes
34.219689325000004,74.36399275000001,50.71949396776482,yes
34.21951815,74.3642494,122.41708759995142,yes
34.219670125,74.364072575,14.923963742690683,yes
34.2197709,74.3641119,102.0994566330827,yes
34.2199396,74.36400693333333,73.54448678261421,yes
34.21985008750001,74.3643560375,134.83087593017007,yes
34.21970313333333,74.36376836666666,133.26051256686205,yes
34.21961821666667,74.36414991666666,124.87825111100194,yes
34.219726449999996,74.36449522500001,24.657991711054216,yes
34.21959615,74.36399469999999,33.53163666749761,yes
34.219630025,74.3644243,131.87773962058873,yes
34.22000815,74.363901175,22.04918333864961,yes
34.219879299999995,74.36405466,54.18563897855823,yes
34.219751224999996,74.363917225,109.26981801068945,yes
34.2194887,74.363833675,144.07563935572,yes
34.219352325,74.36491262499999,49.51551856955363,yes
34.2194183,74.36514025000001,27.41962308056698,yes
34.21936808,74.36515521999999,80.12666021926546,yes
34.219210100000005,74.36482153333334,174.30617415440736,yes
34.21967125,74.36674670000001,30.017950941906104,yes
34.219067800000005,74.36609658333333,353.0359404340031,yes
34.22779633333333,74.37088491666667,64.09694900614038,yes
34.220415800000005,74.364232125,32.53029490933018,yes
34.221762125,74.364925975,61.937803565746606,yes
34.220011783333334,74.36407978333332,49.318627953303206,yes
34.2200117,74.364496225,132.8725393319122,yes
34.221812375,74.36476285,189.70923142059348,yes
34.22185065,74.36447282500001,20.08616748947331,yes
34.221678399999995,74.36489,35.96997344946277,yes
34.227084,74.365014675,92.69665616413153,yes
34.219940533333336,74.36414241666667,77.34475734567654,yes
34.220110375000004,74.36402765,39.31972729329425,yes
34.2200755,74.36434985,19.737189838126802,yes
34.21985383636365,74.36373608181817,220.0998950582646,yes
34.22155394999999,74.36509888333333,209.85182189492076,yes
34.220219575,74.3643876,190.29746964288796,yes
34.22177215,74.36518001249999,234.73809038080577,yes
34.220381024999995,74.36502072500001,131.89445571583326,yes
34.22698885,74.365319725,38.02238254142438,yes
34.22212655,74.3653396,26.162769194058832,yes
34.221836233333335,74.36430453333334,206.75007786301046,yes
34.221833000000004,74.36498735,156.05386333334917,yes
34.2214016,74.36401755,180.69851523669536,yes
34.221817924999996,74.36407655,145.5763234707357,yes
34.220306175,74.364886775,110.96533661321844,yes
34.22033635,74.36416804999999,154.17892484406275,yes
34.22009692500001,74.36413582499999,42.15057035785613,yes
34.2202756,74.36397232499999,43.28594176736519,yes
34.22201845,74.364031375,39.705903669820245,yes
34.2201362,74.3639328875,168.69258183473974,yes
34.2220309,74.36524405,110.92278363725865,yes
34.220177250000006,74.36469435,112.24543173873604,yes
34.21969565833333,74.36348578333333,433.0852279136039,yes
34.2268478,74.36546560000001,115.25919322927841,yes
34.220393200000004,74.3640147,106.39966577495807,yes
34.220003299999995,74.36422992,85.62456274835407,yes
34.2275301,74.36578150000001,272.3822382566193,yes
34.2201451,74.364073925,44.445293004894765,yes
34.22052035,74.364085675,303.16904733129246,yes
34.221923950000004,74.364744275,31.789264662084406,yes
34.2219652,74.36555405000001,110.99586696573562,yes
34.221441150000004,74.36492365000001,46.45295459507375,yes
34.22165285,74.365292025,164.80832797527916,yes
34.2217196,74.36505509999999,38.0903460583303,yes
34.225083875,74.3674502,84.46350498411286,yes
34.22490775,74.36730519999999,15.414673776906,yes
34.22418745,74.36501995,122.79562133705375,yes
34.221787,74.3635488,165.87940357054543,yes
34.224336449999996,74.3650631,29.70416946581583,yes
34.223706675,74.364455575,28.74880719418593,yes
34.224262625,74.36564625,35.68051991039972,yes
34.225132450000004,74.367407275,70.23262610165537,yes
34.2213723,74.3647407,183.60773682172533,yes
34.225118050000006,74.367685525,45.57136853442486,yes
34.221379925,74.36451459999999,18.248822326216192,yes
34.22384235,74.36525353333333,89.63462988386982,yes
34.22417153333333,74.36519663333333,178.9740236750271,yes
34.220879925,74.3641745,100.82555903726862,yes
34.222002175,74.3637092,64.0117481817119,yes
34.22527434999999,74.36745111249999,192.06847329034238,yes
34.2218891,74.363684975,95.65445359560059,yes
34.22399765,74.3653042,47.16769387499451,yes
34.2242926,74.36490462500001,145.9599722845521,yes
34.22106853333333,74.36461135,191.95798546220493,yes
34.22506718333334,74.36760025,81.99414227226984,yes
34.224943974999995,74.36763345,26.110317657738648,yes
34.22445235,74.365291775,128.0159387913719,yes
34.220969925,74.36413879999999,35.49579098011847,yes
34.22402905,74.36556635000001,97.76029205881461,yes
34.2242789,74.36511784999999,124.30220745579075,yes
34.2239303,74.365493325,122.19301968615298,yes
34.2243833,74.365032825,109.58369836233435,yes
34.221718725,74.36373800000001,183.26990717828414,yes
34.22517325,74.3672881,46.22363350909713,yes
34.223897433333335,74.36576846666667,315.0692117383861,yes
34.2239588,74.36536135,34.401649739297724,yes
34.224997775,74.36462885,51.64579820180461,yes
34.225120725000004,74.36488695,30.097335136796975,yes
34.225441100000005,74.36468068333333,164.79549789555801,yes
34.225279549999996,74.364638025,132.13536410424186,yes
34.225284625,74.36479355,212.85603303750156,yes
34.22506808333333,74.36456658333334,157.3670295278507,yes
34.221446400000005,74.36737575,33.62771873254092,yes
34.224615812500005,74.364491175,122.63346834598906,yes
34.226475875000006,74.358820375,42.00440846590354,yes
34.22196936666666,74.36701833333332,402.56909694983847,yes
34.224605649999994,74.36460635,38.63016160849668,yes
34.2264377,74.36569180000001,46.612235323869186,yes
34.22428275000001,74.36356193333334,150.76543045846157,yes
34.219966975,74.3680177,22.347476038500552,yes
34.22656615,74.3589022,30.07867265425387,yes
34.223934400000005,74.36301165,44.10172976444372,yes
34.226712524999996,74.36467085,114.30152790766816,yes
34.226502975,74.364569,30.341122050414075,yes
34.2255974,74.36341525,15.663278125364585,yes
34.2243488,74.36474085,34.72311723453605,yes
34.226388400000005,74.365833625,249.41685519130408,yes
34.22483033333334,74.3644071,226.91590198261815,yes
34.226151200000004,74.359629975,118.33843534690166,yes
34.2262828,74.359080925,133.53982719631017,yes
34.2265089,74.3644428,15.238134610890857,yes
34.2244993,74.36431433333333,208.1928019610327,yes
34.223850675,74.36323345,187.18426214986164,yes
34.221483649999996,74.36652587500001,106.46622502131274,yes
34.22373208333334,74.36694651666667,113.2282274323584,yes
34.224064299999995,74.36362464999999,156.98435206211178,yes
34.224483975,74.36452045,25.64979657433831,yes
34.2264383,74.3589605,113.1041102825274,yes
34.226413125,74.36451345,160.75909864448622,yes
34.22364555,74.36678725,17.97004944263903,yes
34.22370438,74.36682541,96.34088944851624,yes
34.22437114,74.36448162,150.05234671887564,yes
34.22453706666666,74.36446031666667,118.17840778379252,yes
34.22629465,74.364368475,72.35571459824135,yes
34.22396985,74.36315305,16.358772113337054,yes
34.22353733333333,74.36351328333332,123.9935311243948,yes
34.224656725,74.36430085,47.44790378943944,yes
34.22460455,74.36474045,33.19370463757055,yes
34.2242405,74.364554975,48.512646551650754,yes
34.22668413333333,74.36521581666666,139.59748585073814,yes
34.22635025,74.3593225,164.6486531102313,yes
34.22640715,74.36525724999998,165.24690026574308,yes
34.2249956,74.36690300000001,14.910036719361035,yes
34.22434405,74.3645562,10.971501731139218,yes
34.221166849999996,74.367702125,24.325809678005044,yes
34.226305249999996,74.36532515,53.71226439486487,yes
34.2216804,74.36684632500001,99.57659638981056,yes
34.226158825,74.3594118,166.03651135981636,yes
34.226042975000006,74.3651162,137.23955660160777,yes
34.2247105,74.3644324,40.921873377422415,yes
34.22543001666667,74.36372696666668,123.92081813181153,yes
34.22362735,74.366845375,18.354812621578247,yes
34.2214933125,74.366977725,248.61999720793358,yes
34.2265366,74.36450845,31.975475396579178,yes
34.22557825,74.3634678,22.349258870715452,yes
34.22202326,74.36626324,92.60484558117227,yes
34.2219547,74.36654065,36.725996361875985,yes
34.22198223636364,74.36646462727272,174.97151840416143,yes
34.222105799999994,74.36632905,41.12669122642606,yes
34.222037199999995,74.36484235,54.72753504368305,yes
34.2226002,74.36730855,346.69499792342936,yes
34.22190825,74.3617454,180.57137082411984,yes
34.2218788,74.36625396,50.90680221774436,yes
34.222111299999995,74.36614800000001,91.00459774045524,yes
34.222411675,74.3646949,324.2348510383181,yes
34.22365995,74.36613235,16.789136870108358,yes
34.222077674999994,74.3658701375,181.75914698712538,yes
34.2222138,74.36563435000001,9.685239483327965,yes
34.222367150000004,74.364294825,138.1105131770385,yes
34.22208085,74.36204617499999,205.71453932194527,yes
34.22267435,74.36682346,174.67380205255625,yes
34.22198315,74.36192445,146.16895813533716,yes
34.22341625,74.36508764999999,88.4850452623713,yes
34.22161145,74.366587575,69.5114180707012,yes
34.22358476666666,74.36630661666668,31.093545633878108,yes
34.222767366666666,74.36173473333334,84.17915959819118,yes
34.2219353,74.36156625000001,143.98854133850483,yes
34.224314050000004,74.366705775,60.52346773975414,yes
34.222491025,74.366213475,16.838391927816026,yes
34.223761350000004,74.36664797499999,112.15937988979084,yes
34.22344276666667,74.36516628333334,28.350028744741103,yes
34.22211993333333,74.36594988333333,53.44548965015895,yes
34.22298395,74.36582245,44.203031315366225,yes
34.223383775,74.36654055,104.3660690758019,yes
34.2219767,74.3663096,36.81411457508617,yes
34.222919875,74.365547075,60.41257296150371,yes
34.22357785,74.36542714999999,47.82110514178009,yes
34.223665100000005,74.367317875,77.81744323346828,yes
34.223885837500006,74.3663328375,285.19843847859386,yes
34.2239643,74.366854625,115.82154140221282,yes
34.2241921,74.366630275,168.32572157126668,yes
34.22432215,74.366535875,76.50543484243178,yes
34.2239584,74.3663136,31.2279988141181,yes
34.222071525,74.3645896,118.85044134849706,yes
34.2225437,74.36482925,123.75279726250548,yes
34.222314425,74.3676573,71.75047155191999,yes
34.2220652,74.364770825,38.99191422721991,yes
34.223937275,74.36664395000001,222.61793440409085,yes
34.223696149999995,74.366174475,17.324173133567655,yes
34.22346028333334,74.36571778333335,27.591186247780534,yes
34.22382999,74.36712512,196.603603996397,yes
34.221852016666666,74.36204748333333,282.7361063950797,yes
34.223897025,74.3672688,58.512720260888074,yes
34.223693175,74.36639914999999,24.340261942271,yes
34.2233875,74.365282675,44.83667484815045,yes
34.22294866,74.36566418,153.80630130306423,yes
34.22216294999999,74.36494248333334,179.64558713770808,yes
34.22334175,74.36500287499999,45.567013356392685,yes
34.2233153,74.36572725,54.456907001087544,yes
34.22287405,74.362359675,32.660871409957835,yes
34.223576800000004,74.3666256,148.16273030082468,yes
34.2239475,74.36646505,16.496383479158858,yes
34.2228742375,74.36163157499999,309.32541871918016,yes
34.222056200000004,74.36569532499999,20.739562057772158,yes
34.22173375,74.366462075,60.681539461051045,yes
34.223302024999995,74.36534155000001,128.32071108582647,yes
34.22181315,74.36140759999999,94.83695346077255,yes
34.2236153,74.36566313333333,133.1730987026429,yes
34.2217984,74.362174,202.95161893570997,yes
34.22275885,74.36263215,39.996568002993826,yes
34.2235621,74.3655789,25.52979839166401,yes
34.222006025,74.36127695,20.81129324489052,yes
34.220567974999994,74.368321175,336.8243451650358,yes
34.222357675,74.36639045,242.84780998422497,yes
34.22403717500001,74.36669805,22.419135738593482,yes
34.22370939166667,74.366496,109.95226089412992,yes
34.22219615,74.36194825,155.97559333877285,yes
34.22012111666667,74.36763313333333,159.59459545121274,yes
34.224480675,74.3665281,107.60228840188151,yes
34.223400025,74.3648573625,193.1610357782775,yes
34.224019125,74.36679995,35.978123878482215,yes
34.2216242,74.36630865000001,23.42369285814091,yes
34.222146599999995,74.36759803,219.86249307130362,yes
34.221764050000004,74.36654885,23.36732155850119,yes
34.22352555,74.365903,68.63690880949522,yes
34.222447849999995,74.36499743333333,169.6973786391883,yes
34.22276825,74.36209655,131.8697598258378,yes
34.221509850000004,74.36773629999999,305.5160684430713,yes
34.221853233333334,74.36726811666666,303.4737718369722,yes
34.22228295,74.36211775000001,47.5754513464595,yes
34.22344815,74.3665258,15.604892874165019,yes
34.22310956666667,74.36656318333334,218.38114950804214,yes
34.22401481666666,74.36644891666667,115.17463763105239,yes
34.221964625,74.36612045,188.39729709526813,yes
34.223594274999996,74.36651985,34.212000312379516,yes
34.22169670000001,74.367524075,90.12989882574944,yes
34.22164075,74.367799375,22.871864880772407,yes
34.223960899999994,74.36717785,90.32131194408747,yes
34.224413549999994,74.36663712500001,53.26717049036695,yes
34.22209818333334,74.36430163333333,232.5945136956451,yes
34.22348045,74.3670465,29.875612074183227,yes
34.22290805,74.36657705,105.11200500840954,yes
34.22194515,74.36508525,91.20372942115056,yes
34.2222861,74.36503880000001,206.11158301744814,yes
34.224721375,74.366299425,67.20298403973354,yes
34.2236818,74.367173775,185.71108235362237,yes
34.22295375,74.36628745,138.1874035594351,yes
34.221945399999996,74.3659944,112.61000254991563,yes
34.222802275,74.36703019999999,150.67980001104047,yes
34.22305912499999,74.36521979999999,81.8195880578419,yes
34.22223386,74.36669503,453.2721464480753,yes
34.223352750000004,74.364690375,18.631826442464423,yes
34.22292073333333,74.36540231666666,161.2219381343951,yes
34.222228775000005,74.36549495,269.37794674508945,yes
34.22229375,74.367587225,46.571640555830825,yes
34.22463078,74.36621457999999,53.00955875944114,yes
34.222801775,74.36663307500001,59.484002076663224,yes
34.22372714285715,74.36606207142857,179.61771504718877,yes
34.22282055,74.3659572625,135.3117909903343,yes
34.223233975,74.36473295,126.95188927532234,yes
34.222055274999995,74.36771785,35.09011990901344,yes
34.2230201,74.36543954999999,48.43074341091453,yes
34.223556025,74.367252725,19.122967240159532,yes
34.22355455,74.3667998,141.44023612264297,yes
34.224195,74.36686,92.13284736913965,yes
34.22256307999999,74.3625574,353.06903708254845,yes
34.22250365,74.36230495,135.07363055347557,yes
34.223926000000006,74.36701844999999,106.38395789336724,yes
34.2219154,74.3612147,224.04272961833965,yes
34.223613900000004,74.3663978,74.29065755595296,yes
34.22188155,74.366398325,48.213889739146005,yes
34.222296125,74.36186190000001,155.09904079938906,yes
34.22463115,74.36627925,36.923315242119266,yes
34.222974837500004,74.3652880875,171.85578057916686,yes
34.221823625,74.3609205,75.75314671088603,yes
34.223481575,74.36503,18.00320843824514,yes
34.2220866,74.36445414999999,160.94212917003446,yes
34.222192899999996,74.36642082499999,33.510973718357114,yes
34.22362402,74.36622616000001,54.53062291829879,yes
34.22257367499999,74.36170274999999,173.79299455868534,yes
34.22331943333333,74.36467585,63.73271963739607,yes
34.2235043,74.36568653750001,111.71822210583704,yes
34.2225191,74.3644257,133.6826880059151,yes
34.2226384,74.36711581666667,128.824670237693,yes
34.22314335,74.364810425,58.255100370627474,yes
34.22459941666667,74.36631036666667,44.03779249509799,yes
34.223677325000004,74.365798125,136.6524453367167,yes
34.22179366666666,74.3675998,129.7397022423017,yes
34.2233617,74.366390775,132.28789105280313,yes
34.22274295,74.36158615,20.042862455202055,yes
34.2238624,74.366039275,36.989235443192015,yes
34.223213799999996,74.366657925,33.404447728118576,yes
34.22338015,74.3667593,122.18257193332462,yes
34.22271665,74.36244574999999,102.95108675424136,yes
34.22218525,74.3657205,139.28289815249428,yes
34.223948825,74.367403375,27.77954580546877,yes
34.22030885,74.3674845,232.02236919456124,yes
34.22426715,74.366736175,73.19853264078901,yes
34.22295428333334,74.3653536,28.45687562935914,yes
34.221856575,74.36605275,19.900913386270446,yes
34.22193728,74.3673378,105.34708230758457,yes
34.22391702,74.36649078,36.63803737957828,yes
34.22379005,74.367257,18.252082878170235,yes
34.2222746,74.365177275,78.5024826829644,yes
34.22311463333334,74.36522755,70.07160149562662,yes
34.222876975,74.36717282500001,53.74241196119068,yes
34.223450875,74.365511725,121.20331699986497,yes
34.223888025,74.3661004,29.51366097234359,yes
34.22187065,74.3663152,29.493307076397805,yes
34.22218865,74.36588325000001,33.21898888524001,yes
34.223281875,74.365188425,115.34264045698772,yes
34.222685575,74.361681475,157.08358530584178,yes
34.220955024999995,74.36772025,66.08188560752697,yes
34.22281355,74.36224812500001,131.44576972549987,yes
34.221759516666665,74.36128841666665,151.73613460119293,yes
34.2256343,74.362659,73.85914338685095,yes
34.224527125,74.36577585,27.283370019425085,yes
34.224821733333336,74.36616851666666,142.51871095436348,yes
34.2248709,74.366688625,48.55573247076187,yes
34.224546125,74.3627685,82.0126936863434,yes
34.22376405,74.36461835,26.2958807982474,yes
34.22352516666667,74.36481513333332,413.4949833340529,yes
34.22272877499999,74.36640369999999,122.79151143604929,yes
34.2253658,74.36657762499999,186.30839335307817,yes
34.2249042,74.365574575,133.54027497494866,yes
34.2229571,74.36680235,92.25943955821093,yes
34.223717099999995,74.36368703333333,310.71910007340557,yes
34.22453535,74.36713035,77.72299353566243,yes
34.22527657142857,74.36824050000003,109.60390279186745,yes
34.2222860625,74.366175925,130.22057796984234,yes
34.2224665,74.36582783333334,75.42827649989994,yes
34.223381849999996,74.364040475,49.392104201323065,yes
34.2235578,74.36156534999999,140.33671126156503,yes
34.223918350000005,74.36777305000001,117.39253347502837,yes
34.22440785,74.36575361666668,68.23246982443749,yes
34.22454469,74.36633004000001,328.27344452386563,yes
34.225521900000004,74.35928088333333,260.53133866195185,yes
34.225502975,74.36245146666666,140.22970479676712,yes
34.222354775,74.36581205,73.92913701423632,yes
34.2249309,74.36803015,44.731269094873,yes
34.224284950000005,74.36639840000001,59.7700778703834,yes
34.22430615,74.36382145,22.76343806935479,yes
34.225206525,74.3682488,37.94554155246118,yes
34.22230223333333,74.36699556666666,86.90677086172124,yes
34.22495465,74.365726475,152.21767188654002,yes
34.22466215,74.36504889999999,161.39143027629422,yes
34.223080975,74.36286525,36.02309908805517,yes
34.2241949,74.364679325,337.3210630108704,yes
34.2245043,74.36327332500001,124.89717973922572,yes
34.225803125,74.362618625,83.20661055427149,yes
34.22388936666667,74.36470575,175.22165990378483,yes
34.223823450000005,74.36449739999999,134.4762045083231,yes
34.224593275,74.36589775000002,85.43383279582281,yes
34.22467745,74.3638505,110.54236495270438,yes
34.224090600000004,74.36584925,20.879428281061514,yes
34.223669439999995,74.36497136,192.75853461653986,yes
34.223262033333334,74.36279370000001,278.8696557341175,yes
34.223086225,74.366847925,21.772956352614244,yes
34.223582,74.36242495,143.9859310636058,yes
34.2228632625,74.364962525,115.9811111942338,yes
34.22442958333334,74.36627466666668,116.81849572958848,yes
34.22519915,74.36806676666667,137.79278272046923,yes
34.22224193333333,74.36237451666666,176.65225191697368,yes
34.2232096,74.367040475,65.80638294606158,yes
34.2243072,74.36613737500001,67.16155206393546,yes
34.224636,74.3651737,63.50829280384369,yes
34.223063,74.36450492499999,191.00914594442008,yes
34.2228705,74.3646994,238.7252755645078,yes
34.223325375,74.36234280000001,13.821020565616521,yes
34.224588175,74.3632484,61.50833943041333,yes
34.22239245,74.36702785,36.672745063211266,yes
34.222961225,74.367694225,42.4053898416318,yes
34.22448814999999,74.3655366,126.024326818952,yes
34.224575875,74.36600755,70.15672192993452,yes
34.224698775,74.3652886,42.77280997639532,yes
34.22452935,74.36771095,11.898529525574467,yes
34.225227425,74.36285835000001,130.08813798229278,yes
34.22407598333333,74.36312093333335,68.03276916865997,yes
34.22438565,74.366414025,46.323181122460724,yes
34.224585999999995,74.3657388,67.07770294745487,yes
34.223262025000004,74.3624664,35.74202909922751,yes
34.224661999999995,74.367375,12.70451716982566,yes
34.2247469,74.36537275,42.8248221745678,yes
34.222256200000004,74.36353665000001,147.54591131181093,yes
34.22320035,74.36686465,187.89700698764187,yes
34.22652825,74.36992235,166.21918535960572,yes
34.22692135,74.35922267500001,101.83894533974666,yes
34.224481250000004,74.36350435,180.71460485354615,yes
34.2243376,74.3663981,8.360457121478827,yes
34.2246227375,74.367351575,331.71921794233356,yes
34.222703475,74.36532765,57.86169545161573,yes
34.22424446666667,74.36778255,212.82937166972886,yes
34.2245433,74.36544149999999,75.04477982374635,yes
34.22462735,74.36609715,39.03356394803529,yes
34.224423325000004,74.3639828,25.722042989234417,yes
34.223222899999996,74.36507645,124.29323560701414,yes
34.2254311,74.36543368333332,105.2496814874169,yes
34.2250307,74.36806135,120.00057591633899,yes
34.22412345,74.3643324,189.42211685989082,yes
34.2228053,74.364032,50.578322165151576,yes
34.22626635,74.36458189999999,55.40268261956591,yes
34.225746475,74.3627327,107.99702428256678,yes
34.2241216875,74.36580380000001,264.9878509624296,yes
34.225033275,74.3640945,284.1931838155567,yes
34.22429705,74.36740784999999,155.76437340446182,yes
34.2232982,74.36559475,126.13611186461684,yes
34.2267576,74.35991502000002,134.80872776534187,yes
34.22507225,74.36322726666666,245.48561231742175,yes
34.223752250000004,74.36551495,150.80844940518992,yes
34.223264099999994,74.36239485,26.747301615057538,yes
34.224350275,74.36635530000001,19.946380464899484,yes
34.223109199999996,74.366948525,37.53407014158719,yes
34.22321364999999,74.36119980000001,28.588671085536518,yes
34.225194,74.36605345000001,60.79615413270452,yes
34.2242885,74.3657534,141.40424426182537,yes
34.22408455,74.366268375,30.466565226557623,yes
34.22433941666667,74.36564181666667,88.34018175402078,yes
34.224642425,74.3656006,74.10925770505693,yes
34.2243957,74.36741085,31.96994968852647,yes
34.224408325,74.3672353,171.47673894663126,yes
34.2246259,74.367673775,41.632639845301625,yes
34.223091025,74.3672221,198.2696137106169,yes
34.22411755,74.36800649999999,54.53848212177047,yes
34.223799075,74.365058925,170.8535325968953,yes
34.22337905,74.36211005,184.31931270769326,yes
34.224735975,74.3673701,80.03787671594236,yes
34.2230676,74.36203525,141.152852982311,yes
34.224933310000004,74.36784229999998,282.7554627113059,yes
34.225570225,74.367940875,126.47902069197663,yes
34.22575055,74.36003520000001,147.24730518304406,yes
34.22511703333333,74.36796558333333,132.6046623603067,yes
34.2257756,74.3682269125,71.11015898632142,yes
34.22322825,74.361309075,161.7605365166989,yes
34.224181525000006,74.366176525,96.25646091248686,yes
34.22372195,74.36136474999999,165.1966551616472,yes
34.224095975,74.367952225,11.003482128450495,yes
34.223466775000006,74.364375,103.44426993043031,yes
34.224712475000004,74.36714605,65.138904492726,yes
34.2246453,74.36583335,60.23682341559817,yes
34.2233124,74.36715675,82.44000961469285,yes
34.225390375,74.36555275,74.698531086098,yes
34.22240286666667,74.36737078333333,131.593374718809,yes
34.225605125,74.362751325,17.6221958129698,yes
34.222928874999994,74.36277917500001,121.32956190609704,yes
34.224135133333334,74.3655398,79.75357310898573,yes
34.22327323333333,74.36450158333334,132.905579691575,yes
34.224036425,74.36776574999999,169.8248333272267,yes
34.2244246,74.36753315,25.344596636042148,yes
34.222693325,74.36770995,148.85534558900108,yes
34.222562,74.36765927500001,45.26047239611824,yes
34.224844850000004,74.36583045,144.93372098646785,yes
34.227093675,74.35901615,161.87456266615595,yes
34.222518199999996,74.366683,76.57051058172212,yes
34.223094875,74.36741640000001,136.46727126880916,yes
34.226033,74.35977425,132.90301421686894,yes
34.22429211666667,74.36758411666666,143.65501374894677,yes
34.2235312,74.36359855,21.842718652404663,yes
34.222420625,74.36592999999999,18.58219261891545,yes
34.222652325,74.3675589,173.66856488477657,yes
34.22498577499999,74.368299675,92.11133139114966,yes
34.223990925,74.364168575,245.93833778404772,yes
34.22316223157895,74.36601837368421,510.35445897889053,yes
34.224901849999995,74.365940925,38.631917076511186,yes
34.222983549999995,74.364232225,198.86738042231696,yes
34.2223867,74.36566816666668,112.50789232950342,yes
34.22287125,74.366419175,25.58853751064603,yes
34.225933625,74.36241815000001,25.270586906559785,yes
34.225995749999996,74.35992412499999,98.02365815342026,yes
34.22424265,74.36546375,171.6804190333056,yes
34.226803,74.36003416,110.53783741621746,yes
34.2237117375,74.3640246875,71.36329562783918,yes
34.2266775,74.360129,60.21451498745971,yes
34.2234559375,74.36455803749999,128.0283922445007,yes
34.2229987,74.36278014999999,17.922239132652123,yes
34.223041300000006,74.36216519999999,21.860532370969118,yes
34.222308766666664,74.36590393333333,195.0382403333725,yes
34.2247894,74.36491542499999,63.077264948370896,yes
34.2250427625,74.363515675,314.1355299798304,yes
34.225093460000004,74.36380698999999,238.11575171448382,yes
34.224295749999996,74.3653252,141.7284149154682,yes
34.22264894999999,74.36544227499999,138.8670036998278,yes
34.22465436666667,74.36302316666666,73.27752910418562,yes
34.224832500000005,74.3646125,123.7683477765865,yes
34.2247641,74.36550737499999,48.68511885067079,yes
34.22216205,74.36343995000001,44.05194853680578,yes
34.224991966666664,74.36398240000001,79.32553104025648,yes
34.225590749999995,74.36867992500001,169.8316160165991,yes
34.224374225,74.366186725,42.534566203103566,yes
34.222810849999995,74.364232075,162.03829383178007,yes
34.2230018,74.366957775,102.07151558609615,yes
34.224593225,74.3628179,47.055414945971876,yes
34.2256956,74.36251134999999,168.12438703219814,yes
34.224051349999996,74.366947425,156.93361706492004,yes
34.22364245,74.36416035,207.94817705182533,yes
34.22470093333333,74.36601685000001,84.65087338537786,yes
34.224741566666665,74.36472863333333,136.88973973080311,yes
34.22422507499999,74.36414817500001,18.625550590773393,yes
34.223741275,74.36531174999999,168.25337162141636,yes
34.22411752000001,74.36542146,64.0101407172426,yes
34.22254626363636,74.36610126363635,178.5156780892676,yes
34.224557875,74.36522202500001,110.25156589718549,yes
34.224304025,74.3626174,198.49923780132605,yes
34.225753125,74.36815045,28.4682490210406,yes
34.223591325,74.36369024999999,180.4693622860243,yes
34.2252172,74.3666484,17.047883646701585,yes
34.2241677,74.36634337499999,99.98760072162969,yes
34.224693925,74.36615545000001,32.96717188775406,yes
34.223306050000005,74.361939275,136.06386835806632,yes
34.2238629,74.364892175,34.08476304329646,yes
34.224978166666666,74.36852666666665,157.6683242184128,yes
34.2252515625,74.365638275,206.86135826890703,yes
34.22413795,74.363874925,30.449575100152934,yes
34.22494295,74.36589615,40.48911107231539,yes
34.22336485,74.365505125,38.7304606667598,yes
34.2246151,74.36485167499998,150.75282318252775,yes
34.222610200000005,74.3651869,242.14272933591565,yes
34.226046700000005,74.359925575,49.51756420765692,yes
34.2230432,74.36405644999999,41.6808592216309,yes
34.2247605,74.366561475,189.71746681223678,yes
34.223469637499996,74.3642294,230.40152565979798,yes
34.222821525,74.36410485,129.1432624308558,yes
34.225590575,74.362975625,168.57467329265836,yes
34.22432015,74.365902175,122.18862037857275,yes
34.224833866666664,74.3673161,93.87261378497521,yes
34.22248638,74.36586806,31.70966630249547,yes
34.2247802,74.363854275,153.66688483786123,yes
34.2240277,74.36453834999999,80.15376739391192,yes
34.22577435,74.36242816666666,77.1930561015461,yes
34.22476938333333,74.36367156666665,73.42760938134037,yes
34.2247635,74.3671059,21.71655020802499,yes
34.22454765,74.36557525,61.79421338678825,yes
34.225130525,74.3656941,31.582618116964724,yes
34.22265515,74.36624355000001,29.20053630997428,yes
34.223412925000005,74.367043275,77.4821419378669,yes
34.224265425,74.3662681875,118.01531727827359,yes
34.22337565,74.36581365,160.84438354601673,yes
34.2229297,74.362107925,150.88884768711316,yes
34.22273285,74.36494965,152.7874072157997,yes
34.2246746,74.36742105,8.235903680851447,yes
34.224252375000006,74.3672405,157.72611579728618,yes
34.224714950000006,74.36340847500001,35.70731784459195,yes
34.224499775,74.365675625,55.350683275969956,yes
34.224428274999994,74.36363795,60.70577017042428,yes
34.222487675,74.36736590000001,23.056119466774504,yes
34.2247763,74.3635341,119.78502217066104,yes
34.2227739,74.36507825000001,120.21725872587542,yes
34.2230364125,74.36752345,144.29776076098648,yes
34.2233242,74.36610585,27.019636038248393,yes
34.2246649,74.36570147500001,20.936536504100992,yes
34.22437485,74.3654012,58.39374632084021,yes
34.224770525,74.36594157500001,131.48652275869244,yes
34.2238533,74.364134625,75.44144971143896,yes
34.2235996,74.36507925,163.2323575632521,yes
34.22439755,74.36265645,24.431046221921797,yes
34.224094216666664,74.3661503,65.41270486073886,yes
34.22253685,74.36654036666667,128.9793037731877,yes
34.2268086,74.3599612,12.02006638508653,yes
34.225192625000005,74.3653981,214.54632267634264,yes
34.2233717,74.36733755,112.53244212469912,yes
34.226269849999994,74.3695796,124.12721414067575,yes
34.224664849999996,74.363142825,69.71438710791668,yes
34.224923399999994,74.36336014999999,23.517136377619877,yes
34.22352985,74.36198725,173.9575107745998,yes
34.225139399999996,74.36370632500001,49.71622439290858,yes
34.22502045,74.3681814,110.90116066288952,yes
34.222511950000005,74.36566694999999,65.9681538026552,yes
34.22444675,74.365858725,172.60628911431039,yes
34.223767412499996,74.364183925,89.86775264232944,yes
34.2247745,74.3675708,204.11726602780777,yes
34.2238157,74.364291275,22.19974896235008,yes
34.22377415,74.36430733333334,97.22442034007551,yes
34.22642555,74.369796275,105.20049246308463,yes
34.22253583333333,74.36576835,81.31484722274818,yes
34.225210024999996,74.3627548,17.185592295137205,yes
34.22429615,74.3639687,25.48397971492348,yes
34.22249895,74.36689575,101.10446301759248,yes
34.2241983,74.365926225,36.8276608538536,yes
34.22309985,74.365000925,157.66872198064328,yes
34.223198360000005,74.36580344000001,54.316562896177686,yes
34.224967525,74.36599675,53.29861455825679,yes
34.224714175,74.3677589,24.96348668771192,yes
34.2261027,74.36962745,43.98180155415869,yes
34.224914325,74.36678775,104.25621477546335,yes
34.2248376,74.36607266666665,139.68100367078165,yes
34.224032875000006,74.363224475,144.4191434321421,yes
34.22567695,74.36285319999999,166.6865319284915,yes
34.223241,74.36735151111112,160.33065467604945,yes
34.224310675,74.363921125,28.68751646810573,yes
34.2246054,74.36754685,102.99335202961473,yes
34.2246284,74.367119175,20.170512058788713,yes
34.22301937500001,74.3618858,18.473691253464615,yes
34.22329295,74.36407441666667,133.44943792412323,yes
34.2230241,74.367652325,28.267001342128005,yes
34.2244055,74.36373180000001,150.80155475556995,yes
34.22340726666667,74.36175071666666,139.41608296421293,yes
34.2225717875,74.36281936249999,232.66548663528522,yes
34.224755724999994,74.36407977500001,57.15170836018491,yes
34.224333125,74.36702174999999,168.0889735013689,yes
34.22463985,74.36549145000001,47.38539768599459,yes
33.6530166,74.79297975,155.6550765776824,yes
33.652489100000004,74.79294910833335,1201.5642149993866,yes
33.65246783333334,74.79369750833332,1278.7219544625177,yes
34.2562816,74.394155875,100.87514444863959,yes
34.2562796,74.393537375,101.57702065954615,yes
34.25633885,74.39336445,163.98378765907876,yes
34.2560749,74.39396575,139.5372054490741,yes
34.25583485,74.3940179,135.814116790119,yes
34.255992975000005,74.39355635,262.78206974504127,yes
34.21152348333333,74.344707,241.01130588782812,yes
34.2117381,74.344686375,157.86385964727936,yes
34.21140556666666,74.34396576666667,174.49348522343163,yes
34.2114912,74.34406505,101.2891449123963,yes
34.21140654999999,74.344309975,108.5097318907751,yes
34.21143115,74.344185375,90.09011398734296,yes
34.21161935,74.3441848,98.66088466738213,yes
34.2117229,74.34418135,56.28514611700943,yes
34.211935249999996,74.34450455000001,156.32894298018783,yes
34.21158535,74.34453418333332,162.95563714539475,yes
34.2115783,74.34433594999999,132.8057781916345,yes
34.2114397,74.34444085,120.26809443114641,yes
34.2114083,74.344652975,144.7626658937919,yes
34.211405299999996,74.3451818,293.4498734749918,yes
34.2115613,74.34554523333333,536.493086270564,yes
34.2117471,74.3459878,653.4830457900302,yes
34.139315725,74.88421545,1332.5888093896183,yes
34.092925362500004,75.2646060125,342.72632067496727,yes
34.092453524999996,75.2643905,68.55635655597072,yes
34.15973045,75.18236315,76.91984317149533,yes
34.161195424999995,75.18431249999999,17.350368768913587,yes
34.1614689,75.18338295000001,43.778370549874424,yes
34.169535625,75.2101682,110.43831579355886,yes
34.1210591,75.18921689999999,29.665001231229517,yes
34.12110885,75.189384325,34.87744694865661,yes
34.1238073,75.194655,47.27306082137038,yes
34.124061375000004,75.19450675,64.74376135623467,yes
34.124006725,75.195387775,88.2876464104498,yes
34.125185550000005,75.19701565,62.600892122785595,yes
34.125436275,75.19687115,50.52264000783327,yes
34.12561065,75.196834875,59.28448564263907,yes
34.12562395,75.19713094999999,65.40166842400433,yes
34.125669099999996,75.1972642,73.83881064079429,yes
34.12329,75.20654895,102.67592056397751,yes
34.12307365,75.20714665,69.7754843532835,yes
34.123046,75.207462825,107.87919501378155,yes
34.123140425,75.20759715,112.11933527945493,yes
34.122941149999996,75.207721725,67.47149815066419,yes
34.11781635,75.22315965,51.7608170003282,yes
34.11854205,75.22319915,31.902796769012298,yes
34.118702925,75.2228804,46.237046575459914,yes
34.115844275,75.2730836,96.53517514147518,yes
34.116803950000005,75.27270375,41.686473612182425,yes
34.19729465,75.28011555,80.84832628797004,yes
34.20527525,75.27880575,56.050785034506944,yes
34.204999924999996,75.27857285,34.422121920278585,yes
34.2050804,75.27819405000001,27.563971733000326,yes
34.2050422,75.278244975,58.52392296299314,yes
34.20502965,75.2780925,61.728972882374435,yes
34.20513595,75.277842925,51.759207852265305,yes
34.20231805,75.27296785,50.938611977828636,yes
34.2021829,75.27299,76.89331744380229,yes
34.202233799999995,75.2731296,81.21581784839032,yes
34.20552515,75.2664082,192.26432486521907,yes
34.1044423,75.28615764999999,125.0113559883685,yes
33.92232645,74.8619293,658.510529268314,yes
33.924224925000004,74.86216655,471.80129697244763,yes
33.924408150000005,74.86270445,492.3651267359459,yes
34.1742665,74.80683605,168.76033887093155,yes
34.10145955,74.8214878875,354.8116986642358,yes
34.1258071875,74.83853020625,3002.9261227054885,yes
34.12550635714286,74.83802448571429,286.5164713133754,yes
34.125261800000004,74.837791575,103.21651224835738,yes
34.124094150000005,74.8411279,6894.4965692332535,construction
34.124235299999995,74.84028365,36.54254651056969,yes
34.126810416666665,74.8436462,822.0600454390749,yes
34.126842875,74.84402545,151.26028771131433,house
34.12646504999999,74.84391597499999,426.26427014086534,bungalow
34.123466650000005,74.84231798333333,848.4538455008008,yes
34.123296425,74.84295465,60.92124628562948,yes
34.123317549999996,74.84344155,170.99884055080855,greenhouse
34.123454450000004,74.8437387,144.9191096982753,carport
34.12641495,74.841270075,208.1597063873412,office
34.126361625,74.8396,244.99588166489843,carport
34.086914875,74.82455767500001,185.73325086791328,yes
34.086438099999995,74.82650085,224.50164636828873,yes
34.08619665,74.82559624999999,124.60463918774744,yes
34.12666625,74.8407513875,988.2075587201667,yes
34.126905775,74.84114785,262.1160520965893,yes
34.12674065,74.84149180624999,623.1124139549905,yes
34.12704765,74.842636825,163.0497916088553,yes
34.125608549999995,74.83945775000001,276.21836439985236,yes
34.125599775,74.8396222,260.3706281545077,yes
34.124750675,74.840355625,273.0558095886673,yes
34.12352655,74.83972067500001,39.42514018343171,yes
34.12473345,74.8395888,52.80530523517002,shed
34.1258366,74.83993785,46.06293283289632,yes
34.13957195,74.80627257500001,340.9151580086278,commercial
34.1305798,74.808366,176.58909564206357,yes
34.13583035,74.81064995,151.0263727953188,yes
34.13906835,74.812572475,273.8577799731801,yes
34.1378121,74.80938305000001,177.61497211301537,yes
34.134839225,74.81196130000001,374.25626768417305,yes
34.132839425,74.8132771,83.94991517042021,yes
34.1313888,74.81467615,296.6068090971639,yes
34.13048635,74.81352782500001,708.5184324104953,yes
34.032591950000004,74.367113725,664.4820396054974,yes
33.38777051875,75.14055070625,1256.3123397562717,train_station
33.629601740000005,74.91439996,596.0804273279705,yes
34.026440316666665,75.32134903333333,864.0087648557544,yes
34.0262046,75.3219943,240.0018147008241,yes
34.0063418,75.32134875000001,44.9441959233939,yes
34.006365849999995,75.32142965,33.61012426340228,yes
34.0064669,75.32133895,74.9005963579483,yes
34.006580375,75.3219266,44.46356311013173,yes
34.006527075,75.32208519999999,42.523421595152996,yes
34.006963850000005,75.32228459999999,46.76646247702983,yes
34.007090274999996,75.32052515000001,64.95547582744952,yes
34.007208999999996,75.320266925,94.96524673694623,yes
34.00730185,75.32049782499999,129.15886917957533,yes
34.00706945,75.3208841,130.42664361418724,yes
34.006729525000004,75.32083345,132.54910882652644,yes
34.006280000000004,75.32155765,111.03184530520127,yes
34.0065871,75.32161472499999,82.13094491404047,yes
34.00674445,75.3211742,786.9418330821379,yes
34.008985825,75.32065733333333,1378.2136982725467,yes
34.01027945,75.3200880625,345.53890804127957,yes
34.005949875,75.33640465,65.43347578111269,yes
34.005476175,75.336316925,48.713061312480406,yes
34.005498725,75.33714595000001,98.14117710011166,yes
34.0116259,75.3198141,91.07353940162113,yes
34.011548675,75.3197957,133.8236993992361,yes
34.011786474999994,75.31958134999999,427.5864353474243,yes
34.011182966666674,75.31841018333334,245.3379290589033,yes
34.011746875,75.3189815,74.94062527421374,yes
34.0116311,75.31894725000001,158.97978907177378,yes
34.01166165,75.31883255,82.6119467229712,yes
34.011679775,75.31875249999999,96.7561962901309,yes
34.01158985,75.31862474999998,306.11524792145275,yes
34.0116193,75.31850608333333,306.1397395881768,yes
34.010683300000004,75.31838655,79.96029852474788,yes
34.0105041,75.318186675,202.0107691896088,yes
34.010646475,75.31817835,206.27682300908157,yes
34.0107937,75.318178125,229.4808182717232,yes
34.011071783333335,75.31819474999999,593.1630863945604,yes
34.01139385,75.318265975,399.8654325256765,yes
34.011615675,75.3183277,135.65705625923633,yes
34.0117717,75.31837045,222.92050203953954,yes
34.0112845,75.31704735,49.343485384602985,yes
34.0125963,75.319058875,343.77828640595226,yes
34.0119765,75.31924075,132.04583777568425,yes
34.012285,75.31931252500002,471.2792574932381,yes
34.0106740875,75.31964883750001,393.50169980715134,yes
34.01100795833333,75.31974051666667,432.39763066091894,yes
34.01069685,75.32073775,354.482674175435,yes
34.01108365,75.3200864,258.3202754652748,yes
34.00912165,75.3172046,45.90155666670111,yes
34.009104,75.31710945,45.99647572784751,yes
34.0090884,75.317016225,45.96214865470815,yes
34.009170075,75.316998425,45.91475221560826,yes
34.009185625,75.31709165000001,45.94902805200607,yes
34.0092033,75.3171868,45.98330270933732,yes
34.010273325,75.31910815,150.5319640888871,yes
34.099648375,75.5056404,162.69947779462115,yes
34.101432849999995,75.50676792499999,47.739275192946884,yes
34.101290525,75.5065952,47.895949799371664,yes
34.101188300000004,75.50651205,114.83061001833312,yes
34.100924375,75.50611177500001,43.246325014436245,yes
34.10083505,75.50599155,67.57436746061764,yes
34.100684675,75.50577315,138.48099214005885,yes
33.992514175,75.322484375,103.43201664317232,yes
33.992536975,75.32233545,113.42049931949406,yes
33.99356830000001,75.321682025,53.073456741623076,yes
33.993651,75.32157055,137.82662781260728,yes
33.993802125,75.321581125,82.77406718155117,yes
33.9923421125,75.32230211250001,213.62824404401152,yes
33.99243875,75.322108125,105.52365434504495,yes
33.99304675,75.321910525,63.05208419320964,yes
33.99300025,75.322060775,130.48838180650247,yes
33.992883000000006,75.3217348,168.13490964246137,yes
33.992935225000004,75.32160132499999,125.78766939916031,yes
33.9929885,75.32145405,119.74657055616501,yes
33.99323545,75.321266475,106.99362732170579,yes
33.992275,75.32132355,74.27557393199463,yes
33.992565525,75.32091097499999,95.54744528372552,yes
33.992437225,75.32056115,172.9531902115208,yes
33.992588000000005,75.3205582,185.6856879524873,yes
33.99260875,75.32023065000001,179.6298336105582,yes
33.995332675,75.317504175,80.27859312158958,yes
33.990406899999996,75.3194553,97.79473089607978,yes
33.99038665,75.319644725,113.32218566212211,yes
33.989570650000005,75.3177156,130.15487899723462,yes
33.98942235,75.31758107499999,42.35478239256929,yes
33.9892706,75.3175061,134.38512950023204,yes
33.9892485,75.31734705,91.50381397949599,yes
33.989351275000004,75.31728195,139.5426272722589,yes
33.990040875000005,75.3186266,136.61365807095575,yes
33.989844075,75.3184128,70.21637243483822,yes
33.98970325,75.31826835,86.45556781382095,yes
33.989827774999995,75.318179725,147.32203999439542,yes
33.990669675,75.316438725,109.49328459250825,yes
33.991273199999995,75.31720064999999,34.28439547683113,yes
33.991369375,75.31719417500001,62.48867361941185,yes
33.990705175,75.31880770000001,138.9853295721986,yes
33.99092725,75.318706925,62.25864525351453,yes
33.99106675,75.318825925,118.20820931892226,yes
33.991054675,75.318666625,92.76542837970277,yes
33.9947021,75.321150775,66.7509558615448,yes
33.994498400000005,75.3212133,78.04585624987885,yes
34.00403502500001,75.33259195,23.052141992804764,hut
34.004037075,75.3326613,25.145861794676453,hut
34.004097200000004,75.33308382499999,22.132237719999033,hut
34.004036299999996,75.33294230000001,25.112549457069143,hut
34.00409855,75.33287882500001,22.962027145679578,hut
34.004110775,75.3326851,18.157279839174144,hut
34.02262616,75.31948018,44.40725188318999,roof
34.02275420833334,75.31915522499999,24935.198733457764,yes
34.0226258,75.3197496,52.809045072477126,roof
34.02332666428571,75.31954841785716,2471.863813908545,hotel
34.022566188235295,75.31957824705881,570.7169376623082,hotel
34.02291199411765,75.31950529411766,429.2104144988143,yes
34.022713525,75.31921681875,1437.1778479364684,hotel
34.703400900000005,74.1065949,302.66995593973326,yes
33.89671716666666,74.97820206666667,12445.422983961329,yes
33.86493588333333,74.8988889,37670.686117153935,yes
34.027399419999995,74.60547138,472.2379987530113,yes
34.028165740000006,74.60570947999999,546.9118846411814,yes
34.028260575,74.6059256,115.23181952914078,mosque
34.02770571999999,74.6035385,548.0756481892279,yes
34.027592874999996,74.603122975,99.0121121177873,yes
33.767632375,74.099713925,956.6414121542145,stadium
33.76772495,74.098235525,373.4916675391926,stadium
33.767397450000004,74.097979675,308.9142573624537,stadium
33.767196525,74.098035375,396.7270650248401,stadium
33.76786045,74.09796775,177.4569929119079,stadium
33.76692561818182,74.0978932909091,133.52322320640224,stadium
33.76676655,74.097875475,127.29270638248676,stadium
33.76662055,74.09836125,73.78584866046054,stadium
34.066932675000004,74.82292525,1125.6492882211842,yes
34.198081025,74.662717125,2800.713583387016,yes
34.1985835,74.66365055,1513.2612336395923,yes
34.198950675000006,74.66354595,3419.80769557053,yes
34.19831405,74.66231305,3253.5497229448647,yes
33.729470975,73.965821775,284.12333460826255,yes
33.73036165,73.9673279,905.7402669861174,yes
33.732120575,73.969946875,103.86036589514134,yes
34.20237603333333,74.51135721666667,510.2336089083643,hospital
34.202950325,74.509878975,188.90550149109143,mosque
34.202355575,74.50993444999999,337.1318329697683,house
34.20199075,74.51028360000001,580.8331407486496,yes
34.203631925,74.509052825,355.8957500215136,house
34.204085074999995,74.51037382499999,237.9922379435179,house
34.201971099999994,74.50903339999999,378.6595538086624,house
34.204995725,74.506714175,464.43497373531545,mosque
33.9158959,75.52456124999999,66.94947951805165,yes
33.931671975,75.112949675,151.53218391985754,yes
33.931777075,75.112817225,195.2716938110039,yes
33.931671975,75.112949675,151.53218391985754,yes
33.931777075,75.112817225,195.2716938110039,yes
34.131262019999994,74.807938,67.50502848740079,retail
34.532987757142855,74.17374610714286,93488.91296348651,residential
34.528764429999995,74.17914179,668.8624921434506,yes
34.5267058,74.188939425,149.17133865892785,yes
34.527270055555555,74.1894857962963,7995.162868366755,yes
34.529105075,74.18043804999999,14.170919832719903,yes
34.52954428333333,74.18059876666666,354.5673920555821,yes
34.52710600909091,74.26267711818183,4678.092768903763,school
34.37421284999999,74.041302075,69.70472257641532,yes
34.374129866666664,74.0413851888889,35.55231545903051,yes
34.37405716666667,74.04127745,18.76094467428549,yes
34.37413232,74.04118578,27.242114701201928,yes
34.3740557,74.04111965714286,47.51747796708899,yes
34.425018900000005,73.988401275,89.98751962489207,yes
34.425169025,73.98842837500001,85.42629940323201,yes
34.51594528,74.16878052,178.88131368831944,yes
33.945754449999995,75.01592075,819.2228865420589,yes
33.945543050000005,75.01662505,819.2249211828707,yes
33.945434425,75.01579335000001,818.9499997080666,yes
33.945030725,75.015651225,818.8105403047953,yes
33.944712675,75.01550545,818.9079144580147,yes
33.94430049722223,75.01696114444445,948.0428404684801,yes
33.944615694444444,75.01709397222221,948.1201566483642,yes
33.94498050277778,75.01727155833333,948.1260939540571,yes
33.945285222222225,75.01737265555556,948.3165590640172,yes
33.94556514166667,75.01747225833333,948.2496415078413,yes
33.94581641111111,75.01758811388889,948.3359759677076,yes
33.94450019444445,75.01621095833335,948.1163145076134,yes
33.93978305,75.0199102,3408.2742653900805,school
33.93941682222223,75.01945613333334,1667.1812058796036,yes
33.94233969166667,75.01971390833333,9860.618800435699,yes
33.943438400000005,75.024866375,1039.871475344094,power_substation
33.944225700000004,75.01901568749999,687.3872818705171,yes
33.9440209875,75.01959236249999,687.1749172720254,yes
33.9437762125,75.0201583125,687.4655333220851,yes
33.943882987500004,75.01897603750001,577.1513798579267,yes
33.94363343125,75.0196308125,577.1963576962328,yes
33.94339124375,75.02028873750001,577.186511626907,yes
33.9432520125,75.0217552,687.507052213313,yes
33.943114475,75.020893875,812.8437995604997,guest_house
33.943526829999996,75.02119641,708.4338111777912,yes
33.941362375000004,75.0248087,740.8418697738146,yes
33.941737360000005,75.02497573000001,420.3308162508209,yes
33.9409079,75.02419305000001,291.90350396008625,retail
34.084687875,74.770674825,222.37595110830551,yes
34.12657885,74.80640775,263.4470797868369,yes
34.130698925,74.80822105,146.3832530654987,commercial
34.13064346666666,74.80534490000001,173.84222086527893,kindergarten
34.12904065,74.80568825,47.05929544031706,fire_station
34.12948382,74.8015533,201.90044400147883,yes
34.133595209523804,74.80153153095239,1542.1760706623643,yes
34.063309825000005,74.76230104999999,439.66319312997473,house
34.074334275,74.81712780000001,314.95583185679465,yes
33.5922843,75.166330775,193.32603913171994,commercial
34.07437945,74.816047125,696.4784112656909,yes
34.127842474999994,74.83677787500001,279.7167253642715,yes
34.11943696,74.80685352,177.63055305388758,school
34.119411050000004,74.80699592500001,121.32579555472537,school
34.117274462500006,74.80882790625,475.1559844359831,school
34.11732094166667,74.8091418,559.443390969305,school
34.117131416666666,74.80886533333334,214.4968550355305,school
34.11688261250001,74.8100103,204.4014454827343,yes
34.11706004999999,74.8100289,74.80516859896144,yes
34.1171596,74.81038035,505.80026310189237,yes
34.12320212857143,74.80672302857144,1429.025269646762,yes
33.869349825,74.91149035,1178.3557777339715,yes
34.06367805,74.762201675,83.97112371931115,yes
34.306914279999994,74.63591288,354.64823299003115,yes
33.598629325,75.160171525,1141.1005661821937,residential
34.063354175,74.76264785000001,723.9259771455934,yes
33.8697595,74.911361175,861.1030155561327,yes
34.30782455,74.6378755,15.819246249167563,yes
33.736235425,75.152077175,1464.3663529874316,yes
33.735359175,75.15185307499999,1305.9005871096365,yes
34.02686685,74.7173118,25157.36219007616,yes
34.3646491,74.5011588,723.2079763898709,yes
34.1350354,74.8364189,311.77908473872793,yes
34.28719834285714,74.61998235714286,737.614938256482,public
34.3643702,74.49744362499999,120.18648372910039,yes
34.363229950000004,74.501642575,636.4569158806703,yes
33.841677225,75.03272252500001,1245.1683179988117,house
34.209405275,74.769350425,78.82894891918937,yes
34.104426925,74.811359975,1056.3243228641772,college
34.104046375,74.810419025,466.72134083218685,college
34.104016349999995,74.81088729999999,466.79286487566935,college
34.09583476666667,74.8117865,194.67801645195982,yes
34.0942585,74.81016545,550.0006744577995,yes
34.094787249999996,74.80930023333333,544.9134966918447,yes
34.09110885,74.807636725,123.69274981334505,yes
34.0888453875,74.81039716875,1056.1602645139074,college
34.0891833,74.809714525,183.45315945881623,yes
34.126189475000004,74.80231214999999,83.47592322344818,yes
34.1243854,74.80226702499999,94.05376305134646,yes
34.11148210526316,74.82108394210526,167.33697994750747,roof
34.110604144444444,74.82084037777777,106.49549612090726,yes
34.1104883,74.820715325,80.1444364905839,yes
34.11049095,74.8208799,77.66888516888612,yes
34.10810179696969,74.82150271515154,2042.4127325405457,hospital
34.10830368461538,74.82205069230768,1032.99070559314,hospital
34.107799075,74.821567,603.5653660524761,hospital
34.10844398571429,74.82152628571428,417.21899858696105,hospital
34.10847915,74.82142027500001,291.54866839111594,hospital
34.108438425,74.82127242499999,79.06817522084388,hospital
34.1084369,74.82116197500001,98.18719315519091,hospital
34.107935525,74.8221147,218.99072279360666,hospital
34.099881591666666,74.81885999166667,474.45959030281057,yes
34.0999249,74.81562865,129.40786068823456,yes
34.093257269999995,74.8187902,856.4025140791616,school
34.093224000000006,74.81968812,1227.4111094657517,commercial
34.088866450000005,74.821201625,1100.5325653183431,school
34.088489433333336,74.82099846666667,302.6583156817574,school
34.091292249999995,74.81779335,328.32148216210817,school
34.08780851666667,74.82031723333334,643.0856333524836,yes
34.134959224999996,74.837292675,139.06456734759644,yes
33.71063095,75.182175825,709.0236810835193,yes
34.078501124999995,74.85975929166666,2234.6841170371904,yes
34.12937566666667,74.8351605,299.76948795095484,university
34.12946228888889,74.83566265555557,1267.7192581278832,university
34.128475800000004,74.8345481,815.2091375135676,university
34.129984675,74.8347196,744.7211636772913,university
34.130738962500004,74.835280975,1037.9892946095172,university
34.134194372,74.83421509600001,1232.3337589930077,university
34.1533412,74.81681645,75.18510339546376,yes
34.15550225,74.8153492,169.40940306727578,yes
34.00899125,74.9821589,526.4380979490131,yes
34.00957245,74.98220242500001,215.09541227903355,mosque
34.01151042,74.98328647,389.42661801037684,mosque
34.01137698,74.98057694,473.5397732316278,mosque
34.15708585,74.81726185,133.63271385153007,yes
34.156696975,74.816527275,73.05037037050477,yes
34.15664335,74.817101075,117.3765806015756,roof
34.1561199,74.81556682499999,92.25129025844907,yes
34.142762383333334,74.82619366666667,317.9897877179868,yes
34.146141869999994,74.82481928000001,591.7286261523832,school
34.14568038333333,74.8245436,44.39694763007,yes
34.14636698333333,74.82511391666667,168.8800155122904,school
34.37277036666667,74.69021438888889,6572.484841734203,school
33.5309243875,74.239255325,536.3514726592776,yes
33.5500318,75.336439275,192.80122601658485,yes
33.873583025,75.067767325,218.6850505423063,yes
33.632711275000005,74.82222282500001,189.8497458405911,yes
33.99754542000001,74.75652152,769.0001056386034,yes
34.017793125,74.76214845,281.43625061860257,yes
34.017543025,74.761920475,257.5077556815543,yes
34.01731339999999,74.761678325,279.8697307051631,yes
34.017078225000006,74.76143565000001,242.4874547558975,yes
34.0168362,74.76119955,269.18808848803155,yes
34.016653175,74.7611599,45.39044065206704,yes
34.017383624999994,74.761911775,62.02798352864363,yes
33.99315025,74.7742205,128.4462395320425,yes
33.993429075,74.77489228333333,1505.3055784593746,yes
33.9931778,74.77551935,143.46818999363686,yes
33.992631225000004,74.7751316,218.4173283640774,yes
33.992829324999995,74.77490592500001,941.7134269092178,yes
33.9921061,74.775115825,41.195542334135666,yes
33.992516025,74.77422225,148.99640653431845,yes
33.9927098,74.77400715,98.93552020401836,yes
33.99250897499999,74.77535635,182.09412497499554,yes
33.992356,74.775258425,214.37517953752837,yes
33.992071,74.77795925000001,525.0166321855686,yes
33.992031075,74.77571205,344.8773511741618,yes
33.992118475,74.775906875,264.8042397785856,yes
33.992448374999995,74.77547067500001,332.7115805481504,yes
33.991876725000004,74.778309625,52.23158480791793,yes
33.992800700000004,74.7779497,770.9929670755313,yes
33.9923578,74.7783055,686.3288927753231,yes
33.992175875,74.77816385,747.0333063182129,yes
33.992921325,74.7795016,241.75765114124638,yes
33.991547975,74.7792199,510.053761921155,yes
34.120261175,74.810135225,106.10020460393599,yes
34.132351975,74.83722437499999,59.11917859903811,yes
34.127927633333336,74.83452443333333,2871.562461402679,yes
34.127671725,74.83385245,1240.5179443559023,university
34.129487733333335,74.84207356666667,718.4952448364158,no
34.12954722,74.84225864,797.2941663735521,roof
34.1201578125,74.83386240625,1502.3135547594384,yes
34.120069807142855,74.8342746642857,19808.609430478504,no
34.1285375,74.83705272857142,468.30655073662615,university
34.134537804347836,74.79977814782609,1388.5359102789498,hospital
34.13407305714286,74.80000784285714,1436.170908693317,hospital
34.136189475,74.80082928333333,665.9652635582622,yes
34.135959916666664,74.8003656,633.7442789171519,hospital
34.13621112142857,74.8004485142857,578.002791382288,hospital
34.136391341666666,74.8004814,436.32931478853374,hospital
34.136048474999996,74.799532925,180.14214244751423,yes
34.13695878750001,74.800278725,494.3305759607904,hospital
34.1374223,74.79933053333333,963.4425853396917,hospital
34.136842975,74.79906375,347.89882375931785,yes
34.13705296666667,74.7989401777778,308.375457624218,yes
34.1369882,74.79825568333332,386.2467705995257,hospital
34.1351757,74.79978779000001,708.5603832022418,hospital
34.1353590625,74.8001199,377.1693152227523,hospital
34.13361140000001,74.80068925,601.3898025408049,commercial
34.133384725,74.80074215,194.65951096687076,yes
34.13268640434783,74.80136882173913,1063.545051183522,yes
34.137972149999996,74.800348475,606.302376196263,hospital
34.13763104375,74.80052735625,1458.9734221949893,hospital
34.13535782,74.79979726,478.7456627166981,hospital
34.13551882,74.7995099,213.64360558231948,hospital
34.13577938,74.79957063999998,492.1833004356009,hospital
34.136225024,74.79922638,1918.411462647875,hospital
34.13577720625,74.79897783749999,1816.3887868550923,hospital
34.135614529729736,74.79923125405406,1603.6672265849766,hospital
34.134428175,74.79933689999999,344.53268776957543,hospital
34.13389855,74.79942605,288.44339699583645,yes
34.13396436666667,74.79966713333333,306.80133022525627,hospital
34.134775309999995,74.7988334,450.40335897333046,hospital
34.13523555454546,74.79888851818183,463.5468887135786,yes
34.1394418,74.8023296,427.6685350511452,hospital
34.13922886363636,74.80280862727273,744.7635902360589,hospital
34.13910232352941,74.80319025882352,1834.9206846828013,hospital
34.139382330000004,74.80321072000001,472.74149569355467,hospital
34.13935741,74.80341935999999,353.684561514656,hospital
34.13902239285714,74.80377459285714,1763.9113328292156,hospital
34.13883708421053,74.80403431052632,851.6235397919634,hospital
34.098121400000004,74.810756975,265.5139875902016,commercial
34.097878666666674,74.81019028888889,788.78332714009,commercial
34.097620049999996,74.80946368333333,350.12310842301844,commercial
34.0979489,74.80896254999999,906.2598188274476,commercial
34.129483199999996,74.809386975,151.11949103225982,yes
34.129553575,74.811670825,105.47296897810097,yes
34.129675924999994,74.81394767500001,264.8831495589037,yes
34.15239023333333,74.80200368333334,740.5784250334384,retail
34.152480525,74.802664625,394.7717061983934,retail
34.1525027,74.808192125,93.56356493000587,yes
34.15990162,74.80805401,249.5635458422684,yes
34.15989222727273,74.8085765,444.21460160450044,retail
34.141627725,74.8087442,454.54297959119157,commercial
34.1414894,74.8079669,150.65982965784823,yes
34.136709375,74.807725675,131.34188860998373,yes
34.13316555,74.8126051,113.85330949969357,yes
34.112170866666666,74.80828956666666,258.35644931974855,yes
34.123333775,74.81818997500001,462.9927512400917,yes
34.1231035,74.8163982375,455.3232787655577,retail
34.122704641666665,74.81617876666667,488.87285686388134,retail
34.122831075,74.8168537,350.40793754869856,retail
34.1213008,74.81469312499999,239.46891047698438,yes
34.10345225,74.81469676666666,431.04992533299276,yes
34.104625525,74.8131884,159.28479452222302,yes
34.13942531666667,74.80751696666665,816.5757446753817,school
34.13971685,74.80721228333333,426.8204647076385,school
34.139707425,74.80685787499999,112.08441654612743,school
34.1397868,74.80749905,94.76658993348694,school
34.139706775,74.807573475,57.995448200708594,school
34.138684325,74.807172475,265.0306824767599,yes
34.13888937058823,74.80036092941177,750.0059384894889,yes
34.13891454666667,74.79996538,390.05237814857287,yes
34.123211425,74.8072672,46.53535494092509,yes
34.12312091666667,74.80557633333332,367.77485406973295,yes
34.121026325,74.80725615,516.3575554640694,yes
34.1207955,74.8070217,229.79039702999904,yes
34.119229825,74.80693785,108.18060352519848,school
34.119443325000006,74.8073487375,441.76074512978494,school
34.119441437499994,74.8075023875,181.99981083274642,school
34.135604900000004,74.8046492,236.7164043474441,yes
34.13253825,74.825345075,432.31861106112245,school
34.13262515,74.82554762500001,275.7218376765237,school
34.13301918333333,74.82527313333334,933.5235623038488,school
34.140298325,74.80599495000001,236.22990471460565,yes
34.13964309000001,74.79936669,744.5267661860034,school
34.13982313333333,74.7994393,261.395102367414,school
34.139763425,74.79879385,236.71033313943897,school
34.139948475,74.79882775,104.55872499359779,school
34.13936101428572,74.80175191428573,196.7693324565426,yes
34.139960099999996,74.81531265,239.12618799188044,yes
34.13681634,74.81921499,1188.7696933753616,school
34.13757958333334,74.81896358333333,577.4372717515176,school
34.13638823333333,74.81914886666668,275.8606155153728,school
34.13699165,74.81902695000001,161.3254812963224,yes
34.1367401,74.8189833,210.81409837828465,school
34.136651375,74.81877875,230.0052475176613,yes
34.138544800000005,74.818655075,97.53514002448645,yes
34.1394861,74.8206361,67.03702477059659,yes
34.1419411,74.81923861875,432.85867261783466,school
34.140765075,74.80357315,190.75562729602512,yes
34.1423992,74.80196104999999,228.6655682468018,yes
34.087209316666666,74.79628288333335,690.5135411578754,hospital
34.087440050000005,74.796989325,442.6169583601687,hospital
34.087582850000004,74.79663245,509.1658008460245,hospital
34.08778395,74.796374075,726.2222539416018,hospital
34.087907400000006,74.79663597500002,286.1759188028646,hospital
34.08764765,74.79594519999999,695.3464845644282,hospital
34.08779655,74.795609375,555.4775892150349,hospital
34.087568350000005,74.795516725,493.5405768541175,hospital
34.087364337500006,74.7957049,955.6475425290034,hospital
34.08828677,74.79563984999999,2237.727876664343,hospital
34.088414575,74.7961360125,441.04112554906226,yes
34.132750825,74.80458305,34.5789153012354,warehouse
34.133012725,74.803644525,256.36506838045426,yes
34.12947811666667,74.82149035,272.2969272303293,yes
34.12913388888889,74.82170198888889,783.4444647520884,yes
34.12938428571429,74.82206164285715,888.1713517524953,yes
34.12927082592593,74.82150286666666,354.93397869321575,yes
34.12989872,74.81962908,463.60589072655216,yes
34.12061315,74.8004978,232.0574345175438,yes
34.119986825,74.799853675,203.059986354364,yes
34.127958,74.81046572857143,165.08752118332075,yes
34.126480775000005,74.8104035,107.79712711764724,yes
34.14194764285715,74.81431557857142,291.57495818200033,yes
34.13041974285714,74.80797498571428,215.24769038605197,retail
34.124530074999996,74.80811065,150.55075851776684,yes
34.11856415,74.81223975,172.64347805459016,yes
34.116614825,74.812560425,180.3190354712466,yes
34.094179225000005,74.81629885,63.329931609313675,yes
34.102732875,74.7711674,61895.13221372213,no
34.0874735,74.769981,302.5270362907311,yes
34.08738346666667,74.77040756666666,619.8979851138535,school
34.102732875,74.7711674,61895.13221372213,no
34.0874735,74.769981,302.5270362907311,yes
34.08738346666667,74.77040756666666,619.8979851138535,school
34.126975525,74.8326425,225.6781047070967,yes
34.12707508490566,74.83808109056604,2641.4111403011366,yes
34.128700225,74.842937425,125.9251541688043,roof
34.128575325,74.84296695,125.8656191975632,roof
34.129511699999995,74.842670975,119.51196376419688,roof
34.129401025,74.84270989999999,102.64357709929692,roof
34.1296557,74.84239539999999,687.2994726474691,yes
34.13061038,74.84258728,227.32995659157632,retail
34.13029765,74.84270265,215.37562871121378,retail
34.131716833333336,74.84173101666666,692.4518446461459,retail
34.132257325,74.84135485,423.42031398585664,retail
34.1319963,74.84126075,647.804956625015,yes
34.13988501666667,74.83970636666668,407.447621932188,yes
34.146299742857146,74.84664332857143,27.782360646206275,yes
34.14614493333334,74.84695621666667,25.68698211371477,yes
34.14618615,74.84640046666667,14.213251844937906,yes
34.14841925,74.871035425,330.17118483983825,yes
34.145745775,74.87881227499999,247.85084764885252,university
34.14448566666667,74.87792593333333,429.8876739227403,university
34.14457755,74.87822539999999,609.7831233793928,university
34.1447327875,74.8784719125,222.31826591110058,university
34.14416525,74.87792572500001,253.06852147697674,university
34.144328675000004,74.87825457499999,170.71294233948242,university
34.14428449285714,74.87858979999999,537.320208320825,university
34.1445044,74.878531275,342.2547156751118,university
34.14499169,74.87952274,331.44001431111997,university
34.1448411375,74.879643,618.7657402929804,university
34.1459208,74.87920617500001,156.99794141209887,university
34.146058499999995,74.879435375,366.74713855179425,university
34.1505823375,74.8836740125,706.8039971459452,yes
34.150913925,74.88323589999999,230.76863174458018,yes
34.150691537499995,74.8829806625,461.8574190745865,yes
34.15052336000001,74.88264541999999,315.41421419136316,yes
34.150301850000005,74.8822891625,470.2344600074577,yes
34.150022962499996,74.881820075,636.3059199165687,yes
34.14858095,74.879156525,226.86745320932496,yes
34.145518175,74.88027645,271.6382824203208,university
34.14572835,74.880472175,214.33916050443946,university
34.145560525,74.880694675,246.14582103453233,university
34.14529817499999,74.8804123,299.2553433882839,university
34.145243089999994,74.88070655,528.9030892581419,university
34.146529771428575,74.88464610357143,1444.1271699837775,university
34.147000408333334,74.88511540833333,1325.3308901340588,university
34.14702282500001,74.88447395,272.7422631420146,university
34.146324175000004,74.88351285,778.544349672743,university
34.14574245833334,74.88333439583333,735.3529598248933,university
34.145988349999996,74.88364597500001,214.97667298086822,university
34.1463579,74.87699880000001,582.5857323251778,university
34.14670655,74.8774745,1751.5860447425807,yes
34.1468059,74.87687616666666,399.39053660092094,yes
34.14678129166666,74.8778574,590.517807122114,university
34.14499718333334,74.88116584999999,871.033324433188,university
34.085902175,74.88684365,150.88395898107362,yes
34.11895135,74.82192791666667,411.8723796580616,yes
34.11898452727274,74.82168572727272,257.92726600990113,yes
34.135953433333334,74.80878236666665,215.81668444717158,school
34.12597256666667,74.81628585,238.53803503709702,yes
34.151680925,74.808620375,33.87635349608759,yes
34.07173214285714,74.80109228571429,112.47428245040453,yes
34.071959377272734,74.80049589545455,845.8307919033716,yes
34.07144027,74.80170663500002,809.9686094355345,yes
34.06997792222222,74.80101751111111,933.5379819193281,yes
34.07035491111112,74.79809877777778,795.1745711330632,yes
34.06990151,74.7984974,841.1133590292,yes
34.067044175,74.807731375,317.2102495945529,hospital
34.060611433333335,74.80861467777778,896.2967194232823,college
34.061857972222214,74.80765406666666,1011.8786128056845,college
34.060586449999995,74.807419525,738.6999166818731,college
34.060933999999996,74.80785532499999,524.9343135893758,college
34.060262800000004,74.8083867875,517.1212478500054,college
34.07147286153845,74.83194081538461,538.3052405056883,yes
34.075554375,74.8183077625,1274.8667704441689,school
34.075672375,74.81875529999999,695.1845371723753,school
34.075668424999996,74.817713125,771.0521570518029,school
34.0753235,74.817996825,214.18867243672116,school
34.075025187499996,74.8178960125,323.7516883063386,school
34.075070775,74.81808670000001,196.37847532189744,school
34.07585541111111,74.8171758,945.1343154249541,school
34.074788125,74.81893445,359.5115189480533,school
34.07600078125,74.81587351875,972.5240441658732,college
34.07588617692308,74.81549556923076,413.6229742133942,college
34.076077475,74.81628477500001,267.4899060000399,college
34.076696608333336,74.81522914166668,849.3686422718517,college
34.07612395,74.81495867500001,440.1623783384671,college
34.0757893,74.8150995,466.1624054278358,college
34.076706438461535,74.81426397692307,797.0851101636521,college
34.07688825,74.81514957499999,512.0247321274309,college
34.077323275,74.814894725,393.2205696414434,college
34.077053725,74.81500270625,698.0754021289425,college
34.07718865,74.815302875,547.5207524369767,college
34.07680562857143,74.81469127142857,634.8389287704574,college
34.07685030740741,74.81621013333333,2152.5884461158994,college
34.077586499999995,74.81663884999999,600.1320643342835,college
34.077400325,74.81649370000001,221.42735004892458,college
34.07585245,74.81327509166668,1942.8844259596717,school
34.0761819,74.81371175833335,1034.6035785780869,school
34.07622846666667,74.81423421666666,374.9502582330523,school
34.076079533333335,74.81416686666667,224.06640603293135,school
34.0760061,74.8131306,174.51445465976002,school
34.07614205,74.812863375,449.9808841527224,school
34.076522800000006,74.81256299374999,612.7432686783636,yes
34.076630975,74.81322565,171.55815667977856,yes
34.07318278333333,74.81111343333335,751.2634546372035,yes
34.0727686,74.811109475,354.341672702531,yes
34.07249316666667,74.8110751,399.26442539630773,yes
34.077649975,74.83169459999999,216.71608590953434,yes
34.07780569999999,74.83120687692309,835.7779634887131,hospital
34.07609135,74.832771575,183.8941467813769,yes
34.0756437,74.83255567142858,156.78339536292196,yes
34.085336825,74.886935375,84.9202729469009,pavilion
34.125336575,74.80687655,256.40452102060874,yes
34.07449160357143,74.83170438928572,1725.6193312884732,hospital
34.13549833333334,74.80367794444444,1951.162736964025,no
34.135364374999995,74.80373987499999,333.18089438320595,office
34.135648725,74.80364375,203.98069159913257,yes
34.135600325,74.80349615,126.8840453330366,yes
34.134256861538454,74.8034691153846,263.49279541433447,yes
34.13413453333333,74.80312936666667,193.07453893210183,yes
34.1323838625,74.8026962625,144.7276160706267,yes
34.132571049999996,74.80269157500001,125.77313702708597,yes
34.134277325,74.80406215,286.11211797033894,yes
34.13201392777778,74.80479965,377.88838043373306,retail
34.136760925,74.80654312499999,198.8497623894731,retail
34.136638866666665,74.80585695,263.7689528044718,retail
34.1365356,74.80559495000001,174.28802249107022,retail
34.13636155,74.80517630000001,197.9747209055355,retail
34.136429549999995,74.805421225,122.3056883787508,retail
34.13638577,74.8048344,323.32452520113713,retail
34.13513615,74.805189,694.3748226369376,yes
34.127329325,74.816359475,77.28301265747766,yes
34.14011000869566,74.80218084347827,343.9930356467226,yes
34.14005258333333,74.80203398333333,425.8490863515048,retail
34.140304042857146,74.80207054285714,324.9326762895933,retail
34.140481939999994,74.80202166,215.91159911414672,retail
34.1398322375,74.80289975000001,421.5707599803908,retail
34.1397557,74.80452395714285,418.1883701952072,retail
34.13936176666667,74.80483794444444,292.89036169615997,retail
34.084326076923084,74.76169421025641,2377.8227017807512,hospital
34.08474475,74.76161605,369.4890518926329,hospital
34.0847492,74.7614677,278.7222053421767,hospital
34.08498565,74.76179170909091,1664.6340453716236,hospital
34.08485704,74.76213226000002,356.5468238355312,hospital
34.084616725,74.761885975,337.4312714459266,hospital
34.084536625,74.7621216,428.9349740178687,hospital
34.0843737,74.762414175,763.8847117844052,hospital
34.08430563333334,74.76216085,616.981290551125,hospital
34.13845746,74.8032543,305.59339911242284,office
34.13181623333333,74.80184256666666,848.8658637649801,apartments
34.132159936,74.801046284,1048.0624281374749,apartments
34.152801875,74.81407202499999,194.40420425137052,yes
34.16176495714286,74.82054227142858,228.4802437739272,yes
34.16170436,74.81773866,236.28642037373635,yes
34.16541841666667,74.83052705,4735.070942998487,yes
34.1319919,74.80448996,214.72955415872585,yes
34.073441974999994,74.8142465,1209.2208436771784,yes
34.074119225000004,74.814997975,1781.2665689177068,college
34.073747250000004,74.815445125,511.9011563155984,college
34.07384917058823,74.81504721764705,331.26270321063146,college
34.073511688888885,74.81454876666665,576.0465615346793,college
34.073611289999995,74.81272941,1120.4452776329595,yes
34.07346725,74.81139121666666,392.82496489754567,yes
34.073804425,74.81165325,600.5816856187771,retail
34.069776976470585,74.81107963529412,3246.31435601106,yes
34.06917295,74.8088955,274.97721368363227,yes
34.070114249999996,74.81365178749999,217.58612088211882,yes
34.07083067857143,74.81368472142857,293.473510059708,yes
34.0709851,74.81401452,543.8575217970108,yes
34.07075278888889,74.81504788888888,154.08411466075773,yes
34.0716081,74.81428540588234,3447.9079643074074,yes
34.073700814285715,74.82016105714287,1489.176545228527,retail
34.07286095,74.82158806000001,1388.841224481487,yes
34.067114825,74.807915175,360.6926147197722,hospital
34.06708551538462,74.80842952307692,520.6408990465143,hospital
34.066977025,74.80871892500001,290.53253583755435,hospital
34.066900024999995,74.808958525,131.5994170958088,hospital
34.06344368,74.80242128,1114.8003743637967,yes
34.06180510769231,74.80074641538461,779.8981837667993,yes
34.065491075,74.80234025,921.8096100871808,school
34.06554154705882,74.80257971470589,349.5196769671271,school
34.0653088,74.80260109999999,244.4077504903292,school
34.068103199999996,74.79953495000001,172.24783343891318,retail
34.06811338888889,74.79930174444445,134.05690896116516,retail
34.068299849999995,74.799019675,168.38630720956758,retail
34.06995485,74.80206773750001,541.2579414308043,school
34.06112902666667,74.8161934,1088.0333747074988,school
34.0589595,74.8122754,593.53380435646,college
34.058775725000004,74.812427975,580.9160305864011,college
34.059321775,74.81309227083334,2179.3536851181866,college
34.059620125,74.8134612,856.2922868686063,college
34.058654175,74.813318,659.4166259884447,college
34.0584385,74.81282464444445,1049.5641182514928,college
34.05843393333333,74.81235183333332,286.9259131775009,college
34.05824455,74.81235045,384.8737254543082,college
34.058990375,74.813108575,355.7316008708916,college
34.058990925,74.8120817,81.4492375072675,yes
34.062921259999996,74.81920636000001,278.4481332908946,yes
34.068123375,74.83121205,489.92673410101145,yes
34.068138700000006,74.831818,577.4883882945528,yes
34.068760725000004,74.83013457499999,231.21392823002662,yes
34.068351725,74.83010222499999,345.2678951746848,yes
34.1282208,74.8059811,84.01432593837923,yes
34.128035600000004,74.80606955,56.85437046050427,yes
34.127240324999995,74.80633392499999,120.748507830299,yes
34.129903375,74.8054305875,429.28789836171825,retail
34.13238208076923,74.8105077576923,406.31614246623565,house
34.1364589,74.80440887500001,3989.381613113632,no
34.136555474999994,74.80418365,97.57284573303701,office
34.136328925,74.8045377,55.83229750720942,office
34.14396128,74.80215786,179.0324297272138,yes
34.14414575,74.8021612,51.82164924605527,yes
34.1439893,74.80180925,93.20398950372515,yes
34.144789700000004,74.8012400846154,231.3415776343127,yes
34.144638900000004,74.801907175,74.21175871188642,retail
34.144400225,74.80184882500001,240.6462257857571,retail
34.144200625,74.801798075,151.3313501393349,retail
34.14279585,74.8016535,79.15813223660773,yes
34.1378174,74.80391237500001,403.31677250455147,yes
34.13506944,74.80389652000001,154.73276142812142,office
34.135712516666665,74.80448978333334,904.8372030819693,construction
34.134279675,74.803836875,41.49712040712312,yes
34.11736453333333,74.80608170000001,420.79174852491906,yes
34.118054575,74.80611271250001,387.2734337662648,yes
34.11966102,74.80639216,134.0144478429719,retail
34.119908075,74.806483225,184.6656467336888,yes
34.12108165,74.80661295,259.57212057186666,yes
34.121261499999996,74.80653813333333,348.08143569033194,yes
34.120407025000006,74.806534225,243.92024346423713,retail
34.11654015,74.8061752,129.60232592049772,yes
34.116167625,74.806137925,315.8386941022056,retail
34.112921075,74.806522225,58.687257912985146,yes
34.112295225,74.806673175,55.75644771101785,roof
34.123825749999995,74.80607543571429,2470.7573790129045,no
34.124013375,74.8060533,335.5927546382984,yes
34.12361355,74.80596475,284.9084298413421,yes
34.12435979999999,74.80660879999999,262.47036532348886,yes
34.124076599999995,74.806589375,466.6017676420537,yes
34.12425348333334,74.8068593,400.6352133333869,yes
34.124082300000005,74.80694491666667,1755.2465950103651,yes
34.123818575,74.80666367500001,169.72258112275352,yes
34.123646040000004,74.80859042,3878.4974896995445,no
34.123067475,74.809229525,490.2466839274871,yes
34.13284005,74.80910374999999,139.52195209815602,yes
34.1328211,74.80924525,153.8448940289394,yes
34.132826275,74.809399375,145.6580400569435,yes
34.13274145,74.80967086666666,126.38700230386394,yes
34.132745925,74.8098887,140.76876716115237,yes
34.1327551,74.8100199,147.98087338014852,yes
34.1332443,74.810013825,182.110617052107,yes
34.13263755,74.80910965,141.91408296740917,yes
34.132613025,74.8092386,139.33800391457467,yes
34.132599325,74.80938272499999,176.0223895685858,yes
34.132512,74.80973271666667,202.86287773365353,yes
34.132487955555554,74.80996018888888,239.8458358148079,yes
34.13258308,74.81003345999999,50.20862223516147,yes
34.13237398,74.81010280000001,212.6994903389499,yes
34.132463183333336,74.81029498333334,125.22902707053076,yes
34.132439275,74.8108008,208.3164534024903,yes
34.1323188,74.8110856,213.71873080082918,yes
34.1325028,74.8112674,91.66326849383903,yes
34.13255965,74.811120125,70.60232850997633,yes
34.132167949999996,74.8111372,36.28376605915679,yes
34.132082125,74.811119475,34.83336371123919,yes
34.132061416666666,74.8109851,179.39466619268725,yes
34.13197532,74.81090339999999,47.6950185254871,yes
34.131972149999996,74.8108015,19.078028596753057,yes
34.132121833333336,74.81064074999999,136.43803899392665,yes
34.132276675,74.810707975,25.414610357105296,yes
34.132010324999996,74.8104702,145.7496637598108,yes
34.132046725,74.81012654999999,75.76495941142483,yes
34.1318605,74.81104687499999,43.69167846288592,yes
34.1317774,74.81094501666666,158.78866218580967,yes
34.1317593,74.810519025,179.4019598870583,yes
34.131740575,74.8103488875,238.41813423626596,yes
34.131702000000004,74.81043325,16.419757853496847,yes
34.13166615,74.810713125,227.34185497013056,yes
34.131585525,74.810582175,23.133934896915626,yes
34.131487425,74.810932475,241.4951171898212,yes
34.1312790125,74.81083495,129.35815538555133,yes
34.1312884,74.810939375,152.62464461588365,yes
34.13132721,74.81136040999999,309.80443058982667,yes
34.131168875,74.811288375,72.37203806889704,yes
34.131182675,74.81151475,104.04785930022213,yes
34.1310285,74.81075709999999,119.48320910350304,yes
34.13110365,74.81066195,100.31010530145397,yes
34.1312147,74.810687175,84.48618680573301,yes
34.131038475,74.81030207500001,158.4321439882795,yes
34.13141875,74.81006868749999,298.42928540779576,yes
34.13160365,74.81002387500001,41.240573540699884,yes
34.13163495,74.8101456,42.18792359701142,yes
34.13170235,74.810261925,28.90774533959678,yes
34.13195935,74.81013825,92.38621283784349,yes
34.13179225,74.810120375,280.194812965798,yes
34.13171615,74.80997515,30.24504275826721,yes
34.131827224999995,74.80969355,295.96847553753247,yes
34.131864862499995,74.80940905,288.6004785057196,yes
34.13187902,74.80926330999999,240.15797812754968,yes
34.131999799999996,74.80904,112.50985508574352,yes
34.13187563333333,74.809014,94.930105798727,yes
34.131929625,74.808935925,12.727800889318075,yes
34.13185615,74.80891735,26.72337992548489,yes
34.131895925,74.808770875,211.2776795791445,yes
34.1318862375,74.80856755,167.4507376880809,yes
34.1321185,74.808672,62.12752816814998,yes
34.132303300000004,74.808471875,109.34657671533756,yes
34.1326058,74.80854864999999,77.05650992850092,yes
34.13269515,74.808375275,154.09202980796672,yes
34.132574,74.80833485,143.02186762675075,yes
34.132439049999995,74.808234,181.99813506485654,yes
34.1322821,74.80821018333334,162.1293350409086,yes
34.132334675,74.809372775,201.1858670164092,yes
34.132441025,74.809451,28.607366060670174,yes
34.1325333,74.8089496,202.90647670526494,yes
34.132348033333336,74.80893088333333,205.4392972256607,yes
34.1322286,74.80983698,227.82745431463698,yes
34.132222825,74.81000800000001,224.68270759940378,yes
34.13217035,74.80971035,49.243955858875154,yes
34.131183925,74.809706,122.84773296972767,yes
34.131763725,74.80868425,34.10822142127108,yes
34.1316866,74.811892925,239.2144863495851,yes
34.131920175000005,74.812235425,131.6745857825874,yes
34.13217793333333,74.81199036666666,326.18239371161087,yes
34.1320007,74.8118417,40.32781606103738,yes
34.13201035,74.8116584,53.15426124494877,yes
34.132527124999996,74.8121053875,247.92457317315944,yes
34.132338775,74.81225602500001,39.65023252202253,yes
34.132283575,74.8124985,58.1363546114427,yes
34.132528875,74.81263215,96.96496046016297,yes
34.13277685,74.81201942499999,53.6022019555146,yes
34.1327487375,74.81185485,234.1136955217294,yes
34.13290955,74.81210265,217.20789789131396,yes
34.13306585,74.8117898,152.84270329285926,yes
34.1331915,74.8116718,103.67618023362093,yes
34.1330253,74.81165365,42.87191280997537,yes
34.1328549,74.81160642500001,19.201973194481404,yes
34.133243074999996,74.81174222499999,20.780490153522624,yes
34.1328522,74.81106750000001,88.63277653483678,yes
34.13276525,74.8109959,55.03293545122567,yes
34.13327065,74.81233234999999,343.58924064523376,yes
34.13041775,74.80828345,236.18235019345138,yes
34.130317725,74.808286575,183.5395534995175,yes
34.130195975,74.8082983,173.8023556235512,yes
34.1303013375,74.8088678125,341.30903249664505,yes
34.130253225000004,74.8091407,124.77045759844015,yes
34.130274975000006,74.80929385,161.4987321717393,yes
34.13042325,74.8099730875,231.03001210501566,yes
34.13025473333333,74.80998351666666,177.77542081186112,yes
34.13010805,74.8100417,163.0751560923736,yes
34.129968274999996,74.81004845000001,166.7921411969238,yes
34.12982525,74.81008585000001,113.15426772822752,yes
34.12941393333333,74.80900153333333,188.81758848461166,yes
34.12951128333333,74.80880405,255.449638914216,yes
34.129639600000004,74.80857764999999,170.64850871456989,yes
34.129834,74.8087443,213.47733102392323,yes
34.1299867,74.8089744,214.47381441182551,yes
34.129930125,74.808302325,99.80861094738782,yes
34.12981934999999,74.808294125,104.2314101293944,yes
34.1295996,74.80838613333333,149.2647295892453,yes
34.12945285,74.8085997,189.64191950054652,yes
34.1292498625,74.808519,219.15538005050456,yes
34.129309375000005,74.80870945000001,162.90572325899933,yes
34.12963915,74.81022999999999,144.75621400258092,yes
34.1295956,74.81010395,114.39544742489932,yes
34.129768825,74.8104656,442.4960558002193,yes
34.12983175,74.81066307500001,166.59907494475246,yes
34.129962725,74.810624625,189.12263897158473,yes
34.12998261666667,74.81042226666666,187.81054484798096,yes
34.130100225,74.81059135,140.24930609140665,yes
34.1302133,74.81060975000001,138.70300330441577,yes
34.13035163333333,74.81057511666667,202.2017292611187,yes
34.13036575,74.81037202499999,212.42933147680606,yes
34.130177350000004,74.8104013,205.2023672067827,yes
34.130603083333334,74.81096641666666,335.3280252066888,yes
34.130573874999996,74.811168075,177.5968189544415,yes
34.129532399999995,74.81051023333333,200.80842299661884,yes
34.12968685,74.8106434,148.57536198166144,yes
34.13022515,74.80952585,87.158756877874,yes
34.130124450000004,74.80854055,174.95401759288853,yes
34.1300885,74.80834215,112.6246747218569,yes
34.1308847625,74.80777642500001,182.35406672589855,yes
34.131040275000004,74.80768655,171.04519127409313,yes
34.131152,74.80780940000001,98.27949258309789,yes
34.131252925,74.807783425,73.99313334589115,yes
34.1314282,74.8077078,219.70004797685914,yes
34.1315935,74.80784031666667,168.8096026403095,yes
34.13179635,74.8079687,176.7703670891985,yes
34.13196196,74.80803229000001,262.81249478229927,yes
34.13257285,74.80959399999999,78.0223680248938,house
34.132308300000005,74.809691025,147.39511565190156,house
34.132332749999996,74.8095438,133.08845481676082,house
34.13215425,74.8079884,205.67940981542648,yes
34.13258785,74.80794585,217.4495419286622,yes
34.13290825,74.8078906,204.97610639613723,yes
34.133077275000005,74.8080428,181.93525192069734,yes
34.132933725,74.808154625,197.69326956371415,yes
34.13306274999999,74.80829455,81.51973439635157,yes
34.133367475,74.8084731375,194.78840158991466,yes
34.133269999999996,74.8082239,108.12559059611124,yes
34.13342156666667,74.80831389999999,149.53134072314492,yes
34.133390500000004,74.8087635,154.56415347198563,yes
34.1335745,74.8087348,137.200405473234,yes
34.1337228,74.808743,183.92300921663445,yes
34.1337159,74.8089519,141.91800358904536,yes
34.1338379,74.80899596666666,148.46480116254932,yes
34.13390939999999,74.8092005,78.12634305171316,yes
34.13417048,74.80915496,140.79643217791073,yes
34.134097575,74.80896835,102.28591646012714,yes
34.13393871666667,74.80884608333334,135.69470447619983,yes
34.1341822625,74.80927808749999,110.38425644965507,yes
34.13371955,74.80957415,223.98003028196155,yes
34.13379365,74.80979665,177.93095947321524,yes
34.13373446666667,74.81003856666666,224.50588235945153,yes
34.13394815,74.81001013333334,122.60484645993932,yes
34.13398415,74.80987830000001,88.46374681840052,yes
34.1340832,74.81004645,120.46373755122256,yes
34.13427055,74.80978955,359.307838670042,yes
34.13422505,74.810021375,124.82779134473972,yes
34.134448,74.809773175,142.45263986655084,yes
34.1344604,74.80999935,169.11858007196304,yes
34.1346294,74.80988545,171.30284124808446,yes
34.13382025,74.81040455,233.634728793918,yes
34.1338298,74.81063351666667,211.79505219551606,yes
34.13366505,74.81077545000001,130.99333011665874,yes
34.134060975000004,74.81045675,151.75110412517705,yes
34.1342307,74.8104278375,201.51330279129877,yes
34.13417011666667,74.81065249999999,209.8945107723854,yes
34.1338163,74.811137175,363.2448190437035,yes
34.13400815,74.8109261,174.2101322211237,yes
34.13419621666667,74.81082128333333,238.88300795011202,yes
34.13398515,74.811115575,156.87750424109225,yes
34.1364939,74.81049547500001,97.36132873108468,yes
34.13641755,74.81061805,118.59618184231726,yes
34.13639115,74.8107365,103.48425629928083,yes
34.1363494,74.8104596,169.70366582164365,yes
34.136292850000004,74.81062615,139.86482330774595,yes
34.136380474999996,74.81019168750001,296.0188475036037,yes
34.1364918,74.8099323,128.1121693708613,yes
34.1361974,74.810109,203.33180823443593,yes
34.130451,74.8069663,82.23592168008953,yes
34.13030466666667,74.80705576666666,274.08642171669584,yes
34.130292000000004,74.80679062499999,231.78308610204385,yes
34.130367150000005,74.80737236666668,126.09727582484695,yes
34.13033558333333,74.80753288333334,169.7166111336848,yes
34.130391375,74.80773909999999,194.17503461875256,yes
34.13023665,74.80786905,174.67396691365434,yes
34.13009595,74.80778955,230.32352970826378,yes
34.1301776,74.80754176666666,175.88081971082664,yes
34.13020065,74.80734534999999,91.47447724335994,yes
34.1300507,74.80759425,78.47318453282051,yes
34.12993418333333,74.80785228333333,175.85353870041948,yes
34.13001885,74.8074028,126.87927287655342,yes
34.13028075,74.807238825,104.08479117353275,yes
34.130080475,74.807263425,94.52759209129287,yes
34.12988261666666,74.80753558333335,137.00676834551876,yes
34.129754000000005,74.80780801,337.6044454165686,yes
34.129814083333336,74.80805405000001,153.7748854094192,yes
34.130204899999995,74.8060026,346.5193796746845,yes
34.1301888875,74.806371625,387.90634991450645,yes
34.130252750000004,74.80572053333334,357.4281613509175,yes
34.130567000000006,74.80568868333333,421.5896014680352,yes
34.13082996,74.80532423999999,215.2118989995897,yes
34.130723399999994,74.80513479999999,198.33611268640556,yes
34.130918916666666,74.80566979999999,277.43019876701146,yes
34.13092356666667,74.80611110000001,635.09612569195,yes
34.13081725,74.80665475,294.022302694243,yes
34.130730566666664,74.806943,331.48919807237576,yes
34.130992021428575,74.80703192142857,364.91241528480657,yes
34.130800400000005,74.807296925,167.3228569973622,yes
34.13127815000001,74.80675328333334,500.04847899796727,yes
34.131520975,74.806636475,224.40266096439115,yes
34.131495099999995,74.80684395,78.36663177673384,yes
34.13153425,74.807005375,231.09810604958042,yes
34.131293625,74.807193725,276.6307184186046,yes
34.1300774875,74.804770725,182.09175084473355,yes
34.1313394,74.8058444125,332.9757445552833,yes
34.131766883333334,74.80739223333335,388.4818141321994,yes
34.131722249999996,74.80710533333333,268.50223647867045,yes
34.131786475,74.8067421,294.6197009605156,yes
34.131786125000005,74.80640732500001,310.6939755487673,yes
34.1317835,74.805898325,260.94129896812717,yes
34.1320862,74.80749925,284.7295311825343,yes
34.132342375,74.80765282499999,177.33089503536624,yes
34.132340725,74.807381975,252.51319959818346,yes
34.13256573333333,74.8073956,244.24163248140667,yes
34.13252188,74.80764929,210.5496197905798,yes
34.13259751666667,74.80704338333332,278.26171610056895,yes
34.1325803,74.80715409999999,139.68162939943338,yes
34.132277675,74.807147925,74.8994239332112,yes
34.131970525,74.80779145,143.1523047268475,yes
34.132105966666664,74.80725743333333,172.46256524145093,yes
34.1320945,74.8071166,111.66312789630975,yes
34.132235525,74.80692529999999,241.57935916496896,yes
34.13239911666667,74.80690030000001,135.346542210638,yes
34.13254355,74.80682197499999,211.79187882756474,yes
34.132261975,74.80676145,158.94643807181006,yes
34.1322239,74.807386725,69.79321162508698,yes
34.1324673,74.8064186,307.01994905240554,yes
34.132155,74.80634945,264.1483709691845,yes
34.132441175000004,74.80611640000001,246.5707500553465,yes
34.13244845,74.805885625,262.79409520810395,yes
34.1321268375,74.8058232375,265.4485009174965,yes
34.132266933333334,74.8056423,200.29623918679977,yes
34.132065624999996,74.8059883,88.1093880637645,yes
34.1323048,74.8060196,51.04156996418601,yes
34.13275564999999,74.80596722500002,147.5243643403729,yes
34.132885975,74.80620582499999,161.86689134509805,yes
34.1328222,74.80633033333332,157.98672346022136,yes
34.13279953333333,74.80656231666667,165.3747626387639,yes
34.133132425,74.806467125,234.16012041718642,yes
34.133000025,74.806459575,121.33781773335409,yes
34.133081233333336,74.80666003333334,152.3867832317032,yes
34.13307291666667,74.80690073333334,205.16002897474448,yes
34.13293635000001,74.80744788749999,218.43202130387934,yes
34.13304034615385,74.8073312,411.4331074707868,yes
34.133078275,74.80763490000001,182.6384568190428,yes
34.133046,74.80776325,80.17556122026014,yes
34.1332892,74.807696775,95.89832945075378,yes
34.1333239,74.8074041,135.35596095793323,yes
34.133327916666666,74.80726623333334,134.58919398765084,yes
34.13308813333333,74.80787836666666,78.86500384026048,yes
34.1332286,74.80799357500001,116.55500449313953,yes
34.1335407,74.8081501,143.2886792160322,yes
34.1336589,74.8081466,161.64747059989313,yes
34.133605466666666,74.80840276666667,238.3312548277629,yes
34.13362045,74.8078524,173.78211188744308,yes
34.1334862,74.80780955,101.66302494884644,yes
34.1334429,74.807588025,176.95257508585195,yes
34.13380753333333,74.80846608333334,165.43757367554394,yes
34.134021675,74.808435525,139.00158272871178,yes
34.1341579,74.80836537500001,182.79772328915803,yes
34.134047699999996,74.80829480000001,94.94772549324475,yes
34.133934950000004,74.808075575,243.37691858001608,yes
34.13410493333333,74.80784843333335,180.17345721665737,yes
34.133936150000004,74.80781885,165.51019025549658,yes
34.134115425,74.807705825,155.62576165608246,yes
34.133902,74.80766365,195.9083395393007,yes
34.133897274999995,74.80742555,124.79798185298645,yes
34.1340122,74.8072533,158.23733767134888,yes
34.554978059999996,74.18284367,149.68619684408083,house
