New_Route_ID,Route_Name,Route_Type,Route_KM,geom_km,km_geometry_consistent,plan_pop_raw,n_stops,n_stops_off_network,snap_offset_median_m,snap_offset_p95_m,n_nodes_reached,area_euclid_km2,area_net_km2_tau50,area_net_km2_tau100,area_net_km2_tau150,pop_euclid,pop_net_tau50,pop_net_tau100,pop_net_tau150,pop_net,area_net_km2,overstatement_abs,overstatement_pct,area_ratio,Tourist_Corridor,Population_Served,Population_Served_Raw,tourist,target_published,recomputed_resident,recomputed_as_published,ratio_raw,ratio_adj,abs_pct_error,disposition,cause_status,tourist_increment_published_minus_resident,abs_pct_error_before_adjustment
FDR-059,Soura to LD,Urban,10.099,10.073678941377882,True,95384,41,0,7.052955410457645,24.807206402738736,3973,7.687513951738791,4.4008115225312885,5.339566842049853,5.768173928580724,95291.65625,56746.0625,68499.171875,73547.328125,68499.171875,5.339566842049853,26792.484375,28.116296252327967,0.6945765400324418,False,9461,95384,False,95384.0,95291.65625,95291.65625,0.9990318737943471,0.9990318737943471,0.09681262056528972,reproduced,reproduced (measured agreement within 1 %),0.0,0.09681262056528972
FDR-488,Parimpora to Budgam,Peri_Urban,17.0,14.90592379576738,False,115774,60,0,8.277964912458877,45.65922526192759,3984,11.622855367723297,4.495435937828857,6.226596896985221,7.273865544298037,54337.6875,27075.2734375,34842.8984375,38687.203125,34842.8984375,6.226596896985221,19494.7890625,35.87710474889091,0.5357200704980377,False,8139,115774,False,115774.0,54337.6875,54337.6875,0.46934274966745554,0.46934274966745554,53.06572503325444,substituted_distance,km/geometry mismatch established by length comparison in a02; cause of the population gap not tested,0.0,53.06572503325444
FDR-271,Parimpora to Hazratbal,Peri_Urban,10.5,9.353796932413015,False,113789,38,0,7.077026493331083,24.196059873367187,2945,6.692076295903882,3.186434312992043,4.108130299635648,4.682589384924264,51943.921875,31529.80859375,38395.33984375,41968.03125,38395.33984375,4.108130299635648,13548.58203125,26.08309411802572,0.6138797763184756,False,8606,113789,False,113789.0,51943.921875,51943.921875,0.45649335063143187,0.45649335063143187,54.35066493685681,substituted_distance,km/geometry mismatch established by length comparison in a02; cause of the population gap not tested,0.0,54.35066493685681
FDR-429,Parimpora to Chadora,Peri_Urban,18.0,18.29587524599009,False,137879,74,0,12.827192041623784,41.12512417895429,3099,14.497846759963206,4.978905751007162,7.08165632355493,8.412801548198917,102759.0625,41078.8828125,56705.453125,64157.4765625,56705.453125,7.08165632355493,46053.609375,44.81707817741136,0.4884626276442242,False,12327,137879,False,137879.0,102759.0625,102759.0625,0.7452843616504327,0.7452843616504327,25.471563834956733,substituted_distance,km/geometry mismatch established by length comparison in a02; cause of the population gap not tested,0.0,25.471563834956733
FDR-394,Lawaypora to Jehangir Chowk,Urban,14.207,14.19800904069274,True,82757,57,0,12.800488127535807,52.23777283530049,3315,10.402134830585858,4.364837156650009,5.843192569093816,6.687052771967587,82756.515625,40436.578125,52067.05078125,58146.45703125,52067.05078125,5.843192569093816,30689.46484375,37.08404663001421,0.561730131771876,False,6070,82757,False,82757.0,82756.515625,82756.515625,0.9999941470207958,0.9999941470207958,0.0005852979204190589,reproduced,reproduced (measured agreement within 1 %),0.0,0.0005852979204190589
FDR-068,Lalbazar to LD,Urban,6.5,6.33027766964439,False,90006,26,0,5.552886147166007,28.424338814070836,2962,5.085574690700084,3.1553693273294434,3.705609922433421,3.956562462534917,65553.359375,42784.90625,49195.0546875,52204.94921875,49195.0546875,3.705609922433421,16358.3046875,24.95418212501028,0.7286511648742109,False,10026,90006,False,90006.0,65553.359375,65553.359375,0.7283221049152279,0.7283221049152279,27.167789508477213,substituted_distance,km/geometry mismatch established by length comparison in a02; cause of the population gap not tested,0.0,27.167789508477213
FDR-002,Soura to Gadoora,Peri_Urban,17.862,17.821450994325268,True,68267,72,0,10.764400868197908,42.74762017726724,3469,13.779719737209826,5.00934859801678,7.12637527896916,8.423536504587128,67978.5546875,35304.3515625,45346.77734375,50406.5625,45346.77734375,7.12637527896916,22631.77734375,33.29252504380116,0.5171640218288023,False,18310,68267,False,68267.0,67978.5546875,67978.5546875,0.9957747474987915,0.9957747474987915,0.4225252501208532,reproduced,reproduced (measured agreement within 1 %),0.0,0.4225252501208532
FDR-481,Soura to Ganderbal,Urban,12.5,9.4666327603635,False,34248,38,0,8.07423216594718,25.647667298273984,2127,7.066447182092444,2.6209833039575896,3.682143102225829,4.385252652008513,32536.2890625,19290.1015625,24172.064453125,25862.5546875,24172.064453125,3.682143102225829,8364.224609375,25.70737121651425,0.5210741702785233,False,9184,34248,False,34248.0,32536.2890625,32536.2890625,0.9500201197880168,0.9500201197880168,4.997988021198319,substituted_distance,km/geometry mismatch established by length comparison in a02; cause of the population gap not tested,0.0,4.997988021198319
FDR-081,Lalbazar to Lalchowk,Urban,8.433,8.411662744303428,True,83040,34,0,6.331883562699481,30.07317761305883,3639,6.456415414120026,3.860264660176594,4.630857472869423,4.972287444988237,82673.953125,51209.98828125,60486.4140625,64387.5546875,60486.4140625,4.630857472869423,22187.5390625,26.83739947568885,0.717248995896678,False,4918,83040,False,83040.0,82673.953125,82673.953125,0.9955919210621387,0.9955919210621387,0.4408078937861326,reproduced,reproduced (measured agreement within 1 %),0.0,0.4408078937861326
FDR-122,Jehangir Chowk to Soura,Urban,10.004,9.980205306327615,True,74105,40,0,8.325742987171733,36.60066479333777,3802,7.142180748419126,3.705841143361442,4.595943567390417,5.077078997902016,73944.6015625,42902.0078125,51557.328125,55332.11328125,51557.328125,4.595943567390417,22387.2734375,30.27573746350863,0.6434930351500413,False,5014,74105,False,74105.0,73944.6015625,73944.6015625,0.9978355247621618,0.9978355247621618,0.2164475237838248,reproduced,reproduced (measured agreement within 1 %),0.0,0.2164475237838248
TRK-031,Soura to Hazratbal,Urban,6.0,5.0294886515431205,False,59647,21,0,4.40476421432458,20.807201321971384,2069,3.83735062252201,2.213669069128044,2.7289421926807598,3.005511994314784,40761.2265625,24333.9609375,30585.583984375,32947.953125,30585.583984375,2.7289421926807598,10175.642578125,24.964024481752247,0.7111526834853639,False,10600,59647,False,59647.0,40761.2265625,40761.2265625,0.6833742948094623,0.6833742948094623,31.662570519053766,substituted_distance,km/geometry mismatch established by length comparison in a02; cause of the population gap not tested,0.0,31.662570519053766
FDR-161,TRC to Hazratbal,Urban,8.127,8.107925125755653,True,59483,33,0,7.666884311443023,43.538288645463496,2677,6.434570626436331,3.02723300893907,4.077537533542029,4.610208345912485,59275.46484375,33328.62890625,42357.1171875,47239.97265625,42357.1171875,4.077537533542029,16918.34765625,28.54190633653693,0.6336922492993597,False,4761,59483,False,59483.0,59275.46484375,59275.46484375,0.9965110173284804,0.9965110173284804,0.3488982671519647,reproduced,reproduced (measured agreement within 1 %),0.0,0.3488982671519647
FDR-147,Hazratbal to LD,Urban,6.5,7.256773193617517,False,72103,30,0,12.665779237563246,42.27983737267786,2252,5.7332110746729565,2.6193819939253244,3.4654729541103597,3.925419768232277,53729.20703125,28868.02734375,37234.48046875,40442.67578125,37234.48046875,3.4654729541103597,16494.7265625,30.69973944135511,0.6044558466405395,False,8702,72103,False,72103.0,53729.20703125,53729.20703125,0.7451729752056087,0.7451729752056087,25.482702479439133,substituted_distance,km/geometry mismatch established by length comparison in a02; cause of the population gap not tested,0.0,25.482702479439133
FDR-262,Soura to Railway Station,Peri_Urban,18.799,18.768873609985636,True,117138,76,0,8.88848003122796,41.65642856167405,5095,14.153553317466528,6.002966683107854,7.992527087476415,9.149517404623356,117008.84375,63394.171875,78831.125,85770.359375,78831.125,7.992527087476415,38177.71875,32.62806256898851,0.5647010971875909,False,9194,117138,False,117138.0,117008.84375,117008.84375,0.998897400928819,0.998897400928819,0.1102599071181043,reproduced,reproduced (measured agreement within 1 %),0.0,0.1102599071181043
FDR-101,Malbagh to LD,Urban,9.0,9.155053590126164,False,102579,37,0,5.566999769658962,21.277616899618167,3919,7.177772242974175,4.263415648742959,5.046755569984734,5.468028895691634,87580.453125,53906.15625,62308.3359375,67892.1015625,62308.3359375,5.046755569984734,25272.1171875,28.85588768469848,0.7031089033125361,False,12228,102579,False,102579.0,87580.453125,87580.453125,0.853785405638581,0.853785405638581,14.621459436141905,substituted_distance,km/geometry mismatch established by length comparison in a02; cause of the population gap not tested,0.0,14.621459436141905
FDR-269,Jehangir Chowk to JVC,Urban,4.5,7.51761331836909,False,57220,31,0,14.73662402629584,53.71659736897281,2297,5.527069733358252,3.0790138821032524,3.8403961076487048,4.159918295736106,58410.94921875,35619.7109375,43303.765625,45688.03125,43303.765625,3.8403961076487048,15107.18359375,25.86361597578793,0.6948340247039506,False,4073,57220,False,57220.0,58410.94921875,58410.94921875,1.0208135130854596,1.0208135130854596,2.0813513085459645,substituted_distance,km/geometry mismatch established by length comparison in a02; cause of the population gap not tested,0.0,2.0813513085459645
FDR-173,Soura to Parimpora,Urban,12.314,12.29716172541452,True,92683,50,0,10.313540351646116,29.814223643406155,4337,9.115909767585022,4.713746461911102,5.805431224411713,6.389850857098876,92397.1796875,53945.76953125,65829.5546875,70555.171875,65829.5546875,5.805431224411713,26567.625,28.75371855489028,0.6368460606153721,False,7850,92683,False,92683.0,92397.1796875,92397.1796875,0.9969161516944856,0.9969161516944856,0.3083848305514447,reproduced,reproduced (measured agreement within 1 %),0.0,0.3083848305514447
FDR-467,Jehangir Chowk to Budgam,Regional_District,11.5,14.013283331860004,False,179264,57,0,7.827436678990504,42.23850695055864,4640,11.040019647885158,5.120374695721921,6.662389775504049,7.618318163749229,68912.421875,41109.29296875,49056.2734375,53388.578125,49056.2734375,6.662389775504049,19856.1484375,28.813598328494383,0.6034762607311397,False,10323,179264,False,179264.0,68912.421875,68912.421875,0.3844186332727151,0.3844186332727151,61.558136672728494,substituted_distance,km/geometry mismatch established by length comparison in a02; cause of the population gap not tested,0.0,61.558136672728494
FDR-106,Parimpora to Saidakadal,Urban,9.0,9.71278237247366,False,116598,39,0,10.32465853378145,30.19399864460292,3313,7.571396597136244,4.020118794783257,4.935252232033564,5.359665202132205,81094.6640625,48057.76953125,57507.0625,62250.9375,57507.0625,4.935252232033564,23587.6015625,29.08650258951802,0.6518285191797035,False,6021,116598,False,116598.0,81094.6640625,81094.6640625,0.6955064757757423,0.6955064757757423,30.44935242242577,substituted_distance,km/geometry mismatch established by length comparison in a02; cause of the population gap not tested,0.0,30.44935242242577
FDR-275,Jehangir Chowk to HMT,Urban,10.311,10.305535119280822,True,70280,42,0,12.864247479260968,36.44816761648402,2642,7.006859301289575,3.3916473433146863,4.441264358317142,4.944589427038046,70204.0234375,37260.203125,48185.49609375,52606.7734375,48185.49609375,4.441264358317142,22018.52734375,31.363625994103124,0.6338452318429957,False,5014,70280,False,70280.0,70204.0234375,70204.0234375,0.9989189447566875,0.9989189447566875,0.10810552433124787,reproduced,reproduced (measured agreement within 1 %),0.0,0.10810552433124787
FDR-289,Parimpora to Pantha Chowk,Peri_Urban,21.307,21.295467064273407,True,133241,86,0,10.610478507934449,50.531142132775216,4936,16.11926784770313,6.29705966438428,8.768254647969071,10.115868447008022,133104.078125,63084.7734375,82793.203125,92681.328125,82793.203125,8.768254647969071,50310.875,37.79814691534269,0.5439610986561327,False,7069,133241,False,133241.0,133104.078125,133104.078125,0.9989723743067074,0.9989723743067074,0.1027625693292622,reproduced,reproduced (measured agreement within 1 %),0.0,0.1027625693292622
FDR-265,Baghat Shora to Lalchowk,Urban,4.5,4.424419813987166,False,80997,18,0,5.802206820396197,16.76724319741788,1502,3.695643820912324,1.7567644402964808,2.337096866299928,2.595254078352188,44661.23828125,21556.02734375,28505.51953125,31681.03515625,28505.51953125,2.337096866299928,16155.71875,36.17391584232587,0.6323923461116935,False,4555,80997,False,80997.0,44661.23828125,44661.23828125,0.5513937341043496,0.5513937341043496,44.860626589565044,substituted_distance,km/geometry mismatch established by length comparison in a02; cause of the population gap not tested,0.0,44.860626589565044
FDR-338,Parimpora to Rawalpora,Urban,14.409,14.382759087807152,True,97796,58,0,9.128268060007745,47.59152775276477,3408,11.005449510063452,4.74879431772534,6.3400552294486126,7.206029749246436,97534.9375,47566.0234375,62455.0859375,68894.1015625,62455.0859375,6.3400552294486126,35079.8515625,35.96644695907044,0.5760832598115349,False,8094,97796,False,97796.0,97534.9375,97534.9375,0.9973305401038898,0.9973305401038898,0.26694598961102267,reproduced,reproduced (measured agreement within 1 %),0.0,0.26694598961102267
FDR-097,Lalbazar to Qamarwari,Urban,8.695,8.68289227798524,True,83258,35,0,7.59715829122137,29.237604276957534,3430,6.756508037993175,3.901378597042664,4.653552703379322,4.999989642596729,83150.3984375,50914.73046875,58695.85546875,62715.828125,58695.85546875,4.653552703379322,24454.54296875,29.41001297441919,0.6887511532897584,False,8203,83258,False,83258.0,83150.3984375,83150.3984375,0.9987076129320906,0.9987076129320906,0.12923870679093508,reproduced,reproduced (measured agreement within 1 %),0.0,0.12923870679093508
FDR-132,Safakadal to SMHS,Urban,1.5,1.5755165399901088,False,41575,7,0,7.650776494880127,30.45096778117845,878,1.4503574387258702,0.8913458050101144,1.0539357608669468,1.1345476451176717,18856.5703125,11870.8720703125,13622.080078125,14614.896484375,13622.080078125,1.0539357608669468,5234.490234375,27.75950317383571,0.7266731170716253,False,3500,41575,False,41575.0,18856.5703125,18856.5703125,0.4535555096211666,0.4535555096211666,54.64444903788335,substituted_distance,km/geometry mismatch established by length comparison in a02; cause of the population gap not tested,0.0,54.64444903788335
FDR-455,Narbal to Jehangir Chowk,Peri_Urban,17.0,19.869410885263484,False,94352,80,0,11.815676084909247,42.91568066549686,3644,15.309335856619064,5.082786376446424,7.294548598012079,8.778811397984676,93028.8671875,43053.44921875,55645.56640625,63091.8828125,55645.56640625,7.294548598012079,37383.30078125,40.184624312261946,0.476477142204588,False,6919,94352,False,94352.0,93028.8671875,93028.8671875,0.9859766320533746,0.9859766320533746,1.4023367946625398,substituted_distance,km/geometry mismatch established by length comparison in a02; cause of the population gap not tested,0.0,1.4023367946625398
FDR-098,Soura to SMHS,Urban,11.97,11.94075768923086,True,96442,48,0,8.874188853072566,40.10340575891362,4433,7.548529824873411,4.612274424086778,5.455952084048638,5.818433929099517,95859.625,60636.28125,71061.15625,75284.9140625,71061.15625,5.455952084048638,24798.46875,25.869565784343514,0.7227834042690736,False,6349,96442,False,96442.0,95859.625,95859.625,0.9939613964870078,0.9939613964870078,0.6038603512992236,reproduced,reproduced (measured agreement within 1 %),0.0,0.6038603512992236
FDR-270,Soura to Qamarwari,Urban,9.3,9.281839994471188,True,63584,38,0,8.348352093814961,38.324309272431016,3134,6.698193974870185,3.353967215073746,4.192371431558168,4.652506207174863,63470.73046875,36077.703125,44509.37109375,48317.02734375,44509.37109375,4.192371431558168,18961.359375,29.87417859376249,0.6258957932969414,False,6328,63584,False,63584.0,63470.73046875,63470.73046875,0.9982185843726409,0.9982185843726409,0.17814156273591175,reproduced,reproduced (measured agreement within 1 %),0.0,0.17814156273591175
FDR-575,Safakadal to Jehangir Chowk,Urban,3.149,3.1382940525744822,True,32077,13,0,7.898405241510724,29.82142617475296,1439,2.5023409999602837,1.4765035587824746,1.7645268596347632,1.9056264790208053,31858.97265625,19346.015625,23095.1640625,24179.740234375,23095.1640625,1.7645268596347632,8763.80859375,27.50813307230339,0.7051504409921627,False,2798,32077,False,32077.0,31858.97265625,31858.97265625,0.9932030007871684,0.9932030007871684,0.6796999212831611,reproduced,reproduced (measured agreement within 1 %),0.0,0.6796999212831611
FDR-316,Qamarwari to Pathachowk,Peri_Urban,19.719,19.70410517093169,True,122169,79,0,10.603884585741218,52.27424944242083,4501,14.397846739453652,5.642709271912735,7.893058575681859,9.167127835040018,121767.65625,56228.1171875,75704.953125,84173.1171875,75704.953125,7.893058575681859,46062.703125,37.828356514006565,0.548211042839686,False,6830,122169,False,122169.0,121767.65625,121767.65625,0.9967148478746655,0.9967148478746655,0.3285152125334534,reproduced,reproduced (measured agreement within 1 %),0.0,0.3285152125334534
FDR-117,Qamarwari to Dalgate,Urban,8.844,8.829161720805317,True,77329,36,0,8.619998485179952,34.89304108223841,3123,6.518487429197124,3.65494282639636,4.52309131613545,4.87686662837828,77114.2890625,46807.3046875,57323.74609375,60482.09375,57323.74609375,4.52309131613545,19790.54296875,25.66391159063926,0.6938866363193333,False,5973,77329,False,77329.0,77114.2890625,77114.2890625,0.9972234098785708,0.9972234098785708,0.2776590121429168,reproduced,reproduced (measured agreement within 1 %),0.0,0.2776590121429168
FDR-164,Lalbazar to Parimpora,Urban,10.0,11.388087063279883,False,100546,46,0,9.17982503237858,25.270077510757737,3975,8.7690499267256,4.7041981545334615,5.748989236573921,6.293456756450158,96770.140625,57609.4765625,67618.34375,73142.09375,67618.34375,5.748989236573921,29151.796875,30.12478506977472,0.655600011929755,False,8852,100546,False,100546.0,96770.140625,96770.140625,0.9624464486404233,0.9624464486404233,3.755355135957672,substituted_distance,km/geometry mismatch established by length comparison in a02; cause of the population gap not tested,0.0,3.755355135957672
FDR-199,Qamarwari to Hazratbal,Urban,8.0,8.577266039276221,False,102032,35,0,6.1790943931794615,29.02680392019623,3486,6.860680221605,3.710541029059607,4.629413222084453,5.100488640019717,71584.2421875,43770.95703125,52227.28125,56336.921875,52227.28125,4.629413222084453,19356.9609375,27.04081281855087,0.6747746684805315,False,8256,102032,False,102032.0,71584.2421875,71584.2421875,0.7015861904843579,0.7015861904843579,29.84138095156421,substituted_distance,km/geometry mismatch established by length comparison in a02; cause of the population gap not tested,0.0,29.84138095156421
FDR-446,Parimpora to Rangrath,Peri_Urban,19.812,19.765436839121072,True,87853,80,0,11.709341435112332,52.86390546590606,2707,10.533497419011384,4.117210292113044,5.615166424607434,6.491547209420879,87643.515625,37589.88671875,50760.6328125,57635.109375,50760.6328125,5.615166424607434,36882.8828125,42.08284269461606,0.5330771159133623,False,8182,87853,False,87853.0,87643.515625,87643.515625,0.9976155125607549,0.9976155125607549,0.2384487439245131,reproduced,reproduced (measured agreement within 1 %),0.0,0.2384487439245131
FDR-108,Saidakadal to Bypass,Urban,7.5,11.205218980905514,False,108026,45,0,11.068420457185836,41.53297122139711,3669,8.665807437578465,4.716091502843891,5.7315631086670615,6.271630944766485,96735.8203125,57028.36328125,67846.15625,73279.328125,67846.15625,5.7315631086670615,28889.6640625,29.8644948367352,0.6613997772224517,False,5763,108026,False,108026.0,96735.8203125,96735.8203125,0.8954864598568864,0.8954864598568864,10.451354014311365,substituted_distance,km/geometry mismatch established by length comparison in a02; cause of the population gap not tested,0.0,10.451354014311365
FDR-401,Jehangir Chowk to Panzinara,Peri_Urban,10.0,9.582023132236973,False,85701,39,0,7.166275103743332,27.35597550426237,2927,7.609319392248184,3.414645748979656,4.524583154119858,5.223519590874267,48623.58203125,29747.0390625,36390.50390625,38132.38671875,36390.50390625,4.524583154119858,12233.078125,25.15873494704256,0.5946107556911293,False,6115,85701,False,85701.0,48623.58203125,48623.58203125,0.5673630649729875,0.5673630649729875,43.26369350270125,substituted_distance,km/geometry mismatch established by length comparison in a02; cause of the population gap not tested,0.0,43.26369350270125
FDR-407,Batamallo to Pantha Chowk,Peri_Urban,17.436,17.429341640085966,True,92763,70,0,8.491607594138177,34.19434757890456,2960,13.011834936020945,4.1967095032226895,6.154527107121456,7.476886820139924,92672.6015625,36042.28125,48920.6484375,56463.1015625,48920.6484375,6.154527107121456,43751.953125,47.21131422591274,0.472994557445833,False,11013,92763,False,92763.0,92672.6015625,92672.6015625,0.9990254903625367,0.9990254903625367,0.09745096374632611,reproduced,reproduced (measured agreement within 1 %),0.0,0.09745096374632611
FDR-219,Qamarwari to Jehangir Chowk,Urban,5.5,6.566960311280401,False,80492,27,0,9.055809555056726,47.68479608761928,2018,4.782019130774867,2.4305504484177844,3.134496330007508,3.480225408942456,52034.625,29453.53125,36530.8671875,40189.0703125,36530.8671875,3.134496330007508,15503.7578125,29.795079358215805,0.6554754893880154,False,4748,80492,False,80492.0,52034.625,52034.625,0.64645710132684,0.64645710132684,35.354289867316005,substituted_distance,km/geometry mismatch established by length comparison in a02; cause of the population gap not tested,0.0,35.354289867316005
FDR-332,Parimpora to Jehangir Chowk,Peri_Urban,20.711,20.66007832048569,True,136129,83,0,10.398308258345695,37.80001074563522,3859,14.48955400469858,5.537762188320567,7.550516913924157,8.786183125366362,136066.53125,57529.98046875,77300.6015625,87424.875,77300.6015625,7.550516913924157,58765.9296875,43.18911428669201,0.5211007123805,False,9478,136129,False,136129.0,136066.53125,136066.53125,0.9995411062301199,0.9995411062301199,0.045889376988006436,reproduced,reproduced (measured agreement within 1 %),0.0,0.045889376988006436
FDR-261,JVC to Batwara,Urban,9.5,9.398993141241554,False,99772,38,0,9.86514107494042,34.9764857105354,1800,7.382035955790833,2.514473156378486,3.701485730437112,4.45421304366999,34836.91796875,17113.279296875,21763.31640625,24139.65234375,21763.31640625,3.701485730437112,13073.6015625,37.52800857477548,0.5014180034619696,False,5887,99772,False,99772.0,34836.91796875,34836.91796875,0.349165276517961,0.349165276517961,65.08347234820391,substituted_distance,km/geometry mismatch established by length comparison in a02; cause of the population gap not tested,0.0,65.08347234820391
FDR-335,LD to Panthachowk,Urban,13.344,13.333447398278407,True,78707,54,0,8.823869955175283,43.47109785021485,2688,10.130424951393255,3.745402655550188,5.322253219848506,6.339410285178985,78287.46875,35545.44140625,46780.86328125,52329.2890625,46780.86328125,5.322253219848506,31506.60546875,40.24476199295944,0.5253731452910598,False,7147,78707,False,78707.0,78287.46875,78287.46875,0.9946697085392658,0.9946697085392658,0.533029146073416,reproduced,reproduced (measured agreement within 1 %),0.0,0.533029146073416
FDR-104,Hazratbal to Bone Joint Hospital Barzalla,Peri_Urban,15.276,15.245493424872564,True,132535,61,0,8.918069470389275,59.74681534904669,5430,11.704397781476844,5.888397475041399,7.417771336771617,8.24725239939714,132138.4375,72401.09375,88329.125,97452.75,88329.125,7.417771336771617,43809.3125,33.15410211355042,0.6337593334798345,False,6868,132535,False,132535.0,132138.4375,132138.4375,0.9970078658467575,0.9970078658467575,0.29921341532425094,reproduced,reproduced (measured agreement within 1 %),0.0,0.29921341532425094
FDR-438,GBS to LAL Chowk,Peri_Urban,2.931,2.9292280770428505,True,74587,12,0,10.383013762185858,23.439777328619893,1091,2.5302671917995707,1.198633685733622,1.5180322229642942,1.6915123870172888,31222.634765625,15651.734375,19347.953125,21160.490234375,19347.953125,1.5180322229642942,11874.681640625,38.03228564713763,0.5999493760517216,False,4667,74587,False,74587.0,31222.634765625,31222.634765625,0.41860692567907276,0.41860692567907276,58.13930743209272,superseded_geometry,"residual classification, not tested",0.0,58.13930743209272
FDR-151,Parimpora to Jawahairnagar,Urban,12.642,12.625359562060822,True,101463,51,0,10.47604798135445,41.58994537570527,3555,9.388251637110065,4.45772191356272,5.8325312953510045,6.463949085385239,101165.453125,52916.62109375,66192.890625,73650.953125,66192.890625,5.8325312953510045,34972.5625,34.56966920989116,0.6212585176451877,False,5821,101463,False,101463.0,101165.453125,101165.453125,0.9970674346806225,0.9970674346806225,0.2932565319377467,reproduced,reproduced (measured agreement within 1 %),0.0,0.2932565319377467
FDR-001,Qamarwari to Baghi Mehtab,Peri_Urban,16.223,16.18465322939245,True,118225,65,0,11.141513452504574,43.36402695053104,3820,11.825849466289618,5.302105836911404,6.862057379301307,7.832482409575919,117997.5390625,57540.55859375,72696.1484375,81833.9609375,72696.1484375,6.862057379301307,45301.390625,38.39180968088251,0.580259151688178,False,13864,118225,False,118225.0,117997.5390625,117997.5390625,0.9980760335165997,0.9980760335165997,0.1923966483400319,reproduced,reproduced (measured agreement within 1 %),0.0,0.1923966483400319
FDR-176,Jehangir Chowk to Bemina,Urban,6.545,6.541199758476934,True,52214,27,0,8.644277781362593,35.90898030400426,2109,4.658780230770088,2.6315215061503188,3.2207972240724705,3.5064197835298243,52214.12109375,31501.396484375,37730.80078125,40008.3984375,37730.80078125,3.2207972240724705,14483.3203125,27.73832060965907,0.6913391627275963,False,3716,52214,False,52214.0,52214.12109375,52214.12109375,1.0000023191816372,1.0000023191816372,0.0002319181637178147,reproduced,reproduced (measured agreement within 1 %),0.0,0.0002319181637178147
FDR-078,Chanapora to Soura,Urban,11.5,14.070689864458,False,133070,57,0,9.344902760356192,53.1579139413363,4924,11.043066390758982,5.443805664426128,6.8313415241870326,7.587109243488834,132523.96875,69587.0625,85534.6640625,95348.5,85534.6640625,6.8313415241870326,46989.3046875,35.457212103376584,0.6186091147567138,False,6785,133070,False,133070.0,132523.96875,132523.96875,0.9958966615315248,0.9958966615315248,0.4103338468475215,substituted_distance,km/geometry mismatch established by length comparison in a02; cause of the population gap not tested,0.0,0.4103338468475215
FDR-191,Parimpora to Humhama,Peri_Urban,16.99,16.968572808050297,True,129559,68,0,11.286974972654363,47.8824942941837,4834,12.4550286836046,5.789931959502161,7.4002183157245955,8.283513367583923,129138.3046875,65426.3359375,82035.9375,90945.546875,82035.9375,7.4002183157245955,47102.3671875,36.47435770624554,0.5941550600735271,False,8568,129559,False,129559.0,129138.3046875,129138.3046875,0.9967528669370711,0.9967528669370711,0.32471330629288975,reproduced,reproduced (measured agreement within 1 %),0.0,0.32471330629288975
FDR-341,LD to Pampore,Peri_Urban,15.854,15.839279311415924,True,93243,64,0,8.823869955175283,42.46822005013746,3348,12.111720560807518,4.680769733010548,6.6203001633860366,7.7920909398231535,92731.6015625,44063.94140625,57649.6796875,63817.9609375,57649.6796875,6.6203001633860366,35081.921875,37.83167904347603,0.5466027828291181,False,8466,93243,False,93243.0,92731.6015625,92731.6015625,0.9945154227395085,0.9945154227395085,0.5484577260491452,reproduced,reproduced (measured agreement within 1 %),0.0,0.5484577260491452
FDR-080,Batmaloo to Dalgate,Urban,3.5,4.378353173272152,False,42851,18,0,10.2078300902533,53.53413426048518,1570,3.527169936099966,1.686601080551829,2.2616462294479627,2.5411133438575315,36536.05078125,19958.58984375,25486.853515625,27750.50390625,25486.853515625,2.2616462294479627,11049.197265625,30.241903624940647,0.6412070499638846,False,2668,42851,False,42851.0,36536.05078125,36536.05078125,0.8526300618713682,0.8526300618713682,14.736993812863176,substituted_distance,km/geometry mismatch established by length comparison in a02; cause of the population gap not tested,0.0,14.736993812863176
FDR-160,"Hazratbal, Lalbazar",Urban,6.356,6.342373204944369,True,72765,26,0,8.446946762064133,30.80837107985582,2190,5.049887196579001,2.4593529706299626,3.2050258043252904,3.5933280917586714,45813.55859375,27274.17578125,34185.09375,36523.015625,34185.09375,3.2050258043252904,11628.46484375,25.38214712125939,0.6346727519966199,False,6671,72765,False,72765.0,45813.55859375,45813.55859375,0.629609820569642,0.629609820569642,37.0390179430358,superseded_geometry,"residual classification, not tested",0.0,37.0390179430358
FDR-201,LD to Parimpora,Urban,8.5,7.755961346802558,False,79042,32,0,12.53274876883373,55.43694807400349,2082,6.166983718212807,2.7766663158322844,3.635128640238318,4.077624782341374,59995.0859375,30245.703125,38769.3203125,43147.3515625,38769.3203125,3.635128640238318,21225.765625,35.379173632840505,0.5894500141945858,False,4532,79042,False,79042.0,59995.0859375,59995.0859375,0.7590279337251081,0.7590279337251081,24.097206627489186,substituted_distance,km/geometry mismatch established by length comparison in a02; cause of the population gap not tested,0.0,24.097206627489186
FDR-096,Soura to Dalgate,Urban,7.0,7.574864757991987,False,93551,31,0,7.108812988557,22.47686519073476,3358,6.092375831369235,3.549025614911956,4.25993077650034,4.567483737797502,74791.1171875,45648.2421875,55057.80859375,58319.91015625,55057.80859375,4.25993077650034,19733.30859375,26.384561878222712,0.699223241377566,False,5182,93551,False,93551.0,74791.1171875,74791.1171875,0.7994689226999177,0.7994689226999177,20.053107730008236,substituted_distance,km/geometry mismatch established by length comparison in a02; cause of the population gap not tested,0.0,20.053107730008236
TRK-032,Soura to Chuntwaliwar,Urban,5.78,5.763587805442367,True,59482,24,0,8.79996744489505,20.591069746581333,2802,4.746937986706988,2.832290413769802,3.3336751306822263,3.5556333633237047,59388.8046875,36602.71875,42904.99609375,45676.2109375,42904.99609375,3.3336751306822263,16483.80859375,27.755750735322454,0.7022790565239382,False,11261,59482,False,59482.0,59388.8046875,59388.8046875,0.9984332182424935,0.9984332182424935,0.15667817575064635,reproduced,reproduced (measured agreement within 1 %),0.0,0.15667817575064635
FDR-067,Soura to Batamallo,Urban,11.366,11.34134630390532,True,107940,46,0,8.874188853072566,36.978204878247375,4907,8.364386154566745,5.087643400274105,6.011593724753876,6.4131131918049125,107575.078125,67306.953125,79203.53125,83966.0546875,79203.53125,6.011593724753876,28371.546875,26.373717193152167,0.7187130787202712,False,6724,107940,False,107940.0,107575.078125,107575.078125,0.9966192155364091,0.9966192155364091,0.33807844635909134,reproduced,reproduced (measured agreement within 1 %),0.0,0.33807844635909134
FDR-333,Rangpora to Soura,Peri_Urban,4.0,4.752244348633061,False,115477,20,0,8.997972730266298,47.69703110688855,1526,3.804863876124511,2.0416674893089324,2.584663592806164,2.8256834818308483,37382.90625,20231.53125,26833.8984375,28810.45703125,26833.8984375,2.584663592806164,10549.0078125,28.218800705201996,0.6793051412495743,False,6397,115477,False,115477.0,37382.90625,37382.90625,0.3237259908899608,0.3237259908899608,67.62740091100392,substituted_distance,km/geometry mismatch established by length comparison in a02; cause of the population gap not tested,0.0,67.62740091100392
FDR-525,LD to Budgam,Peri_Urban,14.0,14.039426392126543,True,72180,57,0,5.947207775941402,29.502183681909887,4721,11.014294843206985,5.257865344932272,6.803616616098631,7.742558986112293,68864.3359375,42007.49609375,50465.1171875,54224.23828125,50465.1171875,6.803616616098631,18399.21875,26.71806603449831,0.6177078708125133,False,4885,72180,False,72180.0,68864.3359375,68864.3359375,0.9540639503671378,0.9540639503671378,4.593604963286224,reproduced_minor_drift,"residual classification, not tested",0.0,4.593604963286224
FDR-320,Parimpora to Pampore,Peri_Urban,23.817,23.80099773175992,True,148103,96,0,10.444988320507932,53.393529996969775,5551,18.107126622068183,7.209280927983015,10.04317535410456,11.553147578288575,147932.421875,71356.859375,93438.2890625,104464.4375,93438.2890625,10.04317535410456,54494.1328125,36.83718019471517,0.5546531795864492,False,7858,148103,False,148103.0,147932.421875,147932.421875,0.9988482466594194,0.9988482466594194,0.11517533405805969,reproduced,reproduced (measured agreement within 1 %),0.0,0.11517533405805969
FDR-105,Rangpora to Dalgate,Peri_Urban,15.533,15.49848790898832,True,120044,62,0,6.895202189102834,46.57777135016296,5092,10.911944681962432,6.007215556763672,7.531680605483634,8.213932312656542,119572.203125,71244.109375,86835.25,93890.546875,86835.25,7.531680605483634,32736.953125,27.378397545102523,0.6902234959029427,False,6648,120044,False,120044.0,119572.203125,119572.203125,0.996069800448169,0.996069800448169,0.39301995518310484,reproduced,reproduced (measured agreement within 1 %),0.0,0.39301995518310484
FDR-088,Rangpora to Lalchowk,Urban,13.983,13.94956008342884,True,118930,56,0,6.277099383911146,47.64753161367668,4872,10.450083964677464,5.965024251164481,7.365966259776192,7.96983472428142,118642.1953125,72598.0625,87696.1171875,94005.5078125,87696.1171875,7.365966259776192,30946.078125,26.083534650963728,0.7048714904754873,False,6587,118930,False,118930.0,118642.1953125,118642.1953125,0.9975800497141175,0.9975800497141175,0.24199502858824884,reproduced,reproduced (measured agreement within 1 %),0.0,0.24199502858824884
FDR-406,Qamarwari to Parimpora,Urban,2.5,3.7919510772829295,False,71580,16,0,9.05909434279323,25.87773587409374,1071,2.953003232136105,1.4007277031912255,1.806468196914797,2.0293025189084624,22475.158203125,12503.9970703125,15924.173828125,17307.828125,15924.173828125,1.806468196914797,6550.984375,29.147667463756207,0.6117393226176926,False,4779,71580,False,71580.0,22475.158203125,22475.158203125,0.3139865633294915,0.3139865633294915,68.60134366705086,substituted_distance,km/geometry mismatch established by length comparison in a02; cause of the population gap not tested,0.0,68.60134366705086
FDR-190,Ma Road to Safakadal,Urban,13.244,13.230181777579716,True,83028,53,0,10.392478764366649,49.40794639969214,3507,9.088572742277462,4.055032846952319,5.476652575590268,6.219016720607669,82966.0,42370.08203125,54319.4453125,60074.671875,54319.4453125,5.476652575590268,28646.5546875,34.52806533700552,0.6025866470886494,False,5149,83028,False,83028.0,82966.0,82966.0,0.9992532639591463,0.9992532639591463,0.07467360408537349,reproduced,reproduced (measured agreement within 1 %),0.0,0.07467360408537349
FDR-158,Rangpora to LD,Peri_Urban,9.5,10.896448525812463,False,160931,44,0,6.769537158573549,24.88490576368555,4124,8.403640285676966,4.8686254721056486,5.885531058790619,6.378343701359541,96879.53125,59331.1953125,70080.421875,75081.125,70080.421875,5.885531058790619,26799.109375,27.66230289228407,0.7003549484170362,False,8134,160931,False,160931.0,96879.53125,96879.53125,0.6019942164654417,0.6019942164654417,39.800578353455826,substituted_distance,km/geometry mismatch established by length comparison in a02; cause of the population gap not tested,0.0,39.800578353455826
FDR-050,Soura to Lalchowk,Urban,9.494,9.466000886390994,True,86195,38,0,12.033760511381445,59.92921016860456,3795,7.193067818700508,3.951774637048683,4.827026071762356,5.250985266385406,86102.2265625,50624.390625,61683.6328125,65819.359375,61683.6328125,4.827026071762356,24418.59375,28.36000266761394,0.6710663924526158,False,4773,86195,False,86195.0,86102.2265625,86102.2265625,0.9989236795927838,0.9989236795927838,0.10763204072161692,reproduced,reproduced (measured agreement within 1 %),0.0,0.10763204072161692
FDR-325,Ma Road to Parimpora,Peri_Urban,18.669,18.6498143193868,True,117830,75,0,10.421575154314189,55.46149455525448,4633,14.407966797677032,6.015412012589298,8.208045538449374,9.42883751462034,117647.671875,57163.3203125,73771.71875,82724.421875,73771.71875,8.208045538449374,43875.953125,37.29436581764063,0.5696879826078404,False,6488,117830,False,117830.0,117647.671875,117647.671875,0.9984526171178817,0.9984526171178817,0.1547382882118309,reproduced,reproduced (measured agreement within 1 %),0.0,0.1547382882118309
FDR-510,Srinagar to Shanglipora,Regional_District,35.0,42.01360701977181,False,139744,169,0,13.552238317912067,62.70431768278864,5648,32.248892741905735,9.131833618954902,14.297800478973484,17.766955852800614,139280.40625,59567.65625,84380.2265625,96695.140625,84380.2265625,14.297800478973484,54900.1796875,39.41701576383792,0.4433578725757069,False,8614,139744,False,139744.0,139280.40625,139280.40625,0.9966825498769178,0.9966825498769178,0.3317450123082155,substituted_distance,km/geometry mismatch established by length comparison in a02; cause of the population gap not tested,0.0,0.3317450123082155
FDR-466,Srinagar to Isganderpora,Regional_District,26.5,31.02818127177562,False,128975,125,0,8.904798353312358,33.601267882708164,5560,22.31893891816653,7.359330829525262,10.84322892062293,13.152201983902351,90822.7578125,50308.46875,63641.359375,69590.328125,63641.359375,10.84322892062293,27181.3984375,29.92795978912568,0.4858308434993326,False,7949,128975,False,128975.0,90822.7578125,90822.7578125,0.7041888568521031,0.7041888568521031,29.58111431478969,substituted_distance,km/geometry mismatch established by length comparison in a02; cause of the population gap not tested,0.0,29.58111431478969
FDR-454,Srinagar to Aboora,Regional_District,32.753,32.76100391327577,True,133105,132,0,13.792458489166188,84.98357989322403,5083,25.7680392238247,7.825054584829389,11.999441660889303,14.763004285616235,132626.21875,57264.9921875,80661.953125,92553.9375,80661.953125,11.999441660889303,51964.265625,39.18099008986486,0.465671507120139,False,8203,133105,False,133105.0,132626.21875,132626.21875,0.9964029807294993,0.9964029807294993,0.3597019270500712,reproduced,reproduced (measured agreement within 1 %),0.0,0.3597019270500712
FDR-536,Srinagar to Arizal,Regional_District,44.306,44.24853850662149,True,130074,177,0,9.426565002107468,45.91068310593315,6555,32.16888372966195,9.129865930823389,13.867886322150415,17.36720421319261,99594.6484375,52572.80078125,66094.1953125,72917.8046875,66094.1953125,13.867886322150415,33500.453125,33.636800421081865,0.431096286669197,True,8487,130074,True,130074.0,99594.6484375,129473.04296875,0.76567683347556,0.995379883518228,0.4620116481771963,reproduced,reproduced (measured agreement within 1 %),30017.076923076922,23.432316652443998
FDR-453,Srinagar to Baderkote,Regional_District,42.864,42.88071835659501,True,186877,172,0,15.208470775874988,106.74196004108732,5665,32.95023311823828,9.17024330452221,14.56753998669416,18.26458867858658,143203.453125,59993.19140625,85914.9765625,99285.2421875,85914.9765625,14.56753998669416,57288.4765625,40.00495470768698,0.4421073421368568,True,11518,186877,True,186877.0,143203.453125,186164.4890625,0.7662979024973646,0.996187273246574,0.38127267534260323,reproduced,reproduced (measured agreement within 1 %),43125.46153846153,23.370209750263538
FDR-514,Srinagar to Loolpora,Regional_District,38.921,38.86243410226901,True,127173,156,0,10.282403304159333,46.20846969025027,4139,27.13750167051971,7.265864029450967,11.589038917498822,14.681901538421936,127087.8828125,53428.72265625,75117.921875,86019.15625,75117.921875,11.589038917498822,51969.9609375,40.89293155837228,0.4270488513719133,False,8335,127173,False,127173.0,127087.8828125,127087.8828125,0.9993306976520173,0.9993306976520173,0.0669302347982681,reproduced,reproduced (measured agreement within 1 %),0.0,0.0669302347982681
FDR-384,Srinagar to Beeru,Regional_District,25.0,22.496451444541545,False,85489,90,0,9.799616470868868,38.46075033280932,5326,17.551937578076533,6.321321670941398,8.883495246744856,10.522510158921945,105936.046875,48658.73046875,63695.6015625,71302.390625,63695.6015625,8.883495246744856,42240.4453125,39.873533663514856,0.5061261873356305,False,5577,85489,False,85489.0,105936.046875,105936.046875,1.2391775184526663,1.2391775184526663,23.917751845266633,substituted_distance,km/geometry mismatch established by length comparison in a02; cause of the population gap not tested,0.0,23.917751845266633
FDR-565,Srinagar to Dardpora,Regional_District,106.39,106.32691313773492,True,238016,426,0,15.903157221538509,121.87582467859848,8719,82.5633735582508,17.89778460162549,31.608799960545767,41.842619336789774,237542.09375,88726.6484375,135168.390625,160107.890625,135168.390625,31.608799960545767,102373.703125,43.09707871512773,0.3828428829672864,False,14607,238016,False,238016.0,237542.09375,237542.09375,0.9980089311222775,0.9980089311222775,0.19910688777224905,reproduced,reproduced (measured agreement within 1 %),0.0,0.19910688777224905
FDR-038,Srinagar to Ratnipora,Regional_District,32.5,25.53452948885137,False,65466,103,0,16.44179056810208,108.12702025886364,2488,20.08554033057357,4.420068526197367,7.60684773302506,10.0717464970227,65346.74609375,25139.8828125,35577.75,42051.71875,35577.75,7.60684773302506,29768.99609375,45.55543752865947,0.3787225839001283,False,6156,65466,False,65466.0,65346.74609375,65346.74609375,0.9981783841039623,0.9981783841039623,0.18216158960376871,substituted_distance,km/geometry mismatch established by length comparison in a02; cause of the population gap not tested,0.0,0.18216158960376871
FDR-437,Srinagar to Ratsun,Regional_District,28.474,28.47559700566485,True,127156,114,0,11.745493617175132,73.29806406929451,4881,22.199978406010462,7.218240219022866,10.694153780168271,12.931624745053778,126717.1171875,56085.46875,78018.78125,89053.5859375,78018.78125,10.694153780168271,48698.3359375,38.43074796709772,0.4817191073155692,False,7837,127156,False,127156.0,126717.1171875,126717.1171875,0.9965484694980968,0.9965484694980968,0.3451530501903166,reproduced,reproduced (measured agreement within 1 %),0.0,0.3451530501903166
FDR-487,Srinagar to Khag,Regional_District,37.849,37.83679900888089,True,134281,152,0,13.792458489166188,65.28320264297378,5304,29.387175442301253,8.472503578846784,13.108165392526251,16.235984338293374,133836.1875,57930.0859375,81401.125,93224.09375,81401.125,13.108165392526251,52435.0625,39.17853868932123,0.4460505371896938,False,8276,134281,False,134281.0,133836.1875,133836.1875,0.9966874501977198,0.9966874501977198,0.331254980228024,reproduced,reproduced (measured agreement within 1 %),0.0,0.331254980228024
FDR-463,Srinagar to Karhama,Regional_District,32.861,32.872902760515345,True,132118,132,0,13.792458489166188,84.98357989322403,5029,25.89945082992932,7.753867168881191,11.90583494633488,14.648449948333996,131638.234375,56959.203125,79976.4140625,91909.5546875,79976.4140625,11.90583494633488,51661.8203125,39.24530024106076,0.4596944940846597,False,8142,132118,False,132118.0,131638.234375,131638.234375,0.9963686581313674,0.9963686581313674,0.3631341868632565,reproduced,reproduced (measured agreement within 1 %),0.0,0.3631341868632565
FDR-508,Srinagar to Chewdara,Regional_District,23.0,28.14620142863443,False,92528,113,0,8.436385663117486,52.11161052597422,5303,20.222360123589617,6.931898626214192,10.065132322403793,12.160273397134867,92026.71875,49672.1953125,62405.1640625,68327.3046875,62405.1640625,10.065132322403793,29621.5546875,32.1879939759343,0.4977229295141817,False,6037,92528,False,92528.0,92026.71875,92026.71875,0.9945823831704997,0.9945823831704997,0.541761682950026,substituted_distance,km/geometry mismatch established by length comparison in a02; cause of the population gap not tested,0.0,0.541761682950026
FDR-464,Srinagar to Badrun,Regional_District,25.0,26.889614958123857,False,129705,108,0,12.63256669247102,70.5082779943664,4862,21.0387593182817,7.022182852240062,10.28159988275227,12.406410112899618,120519.9375,55688.58203125,75029.8828125,84773.984375,75029.8828125,10.28159988275227,45490.0546875,37.74483760207725,0.4886980133765796,False,7995,129705,False,129705.0,120519.9375,120519.9375,0.9291849774488262,0.9291849774488262,7.081502255117378,substituted_distance,km/geometry mismatch established by length comparison in a02; cause of the population gap not tested,0.0,7.081502255117378
FDR-439,Srinagar to Tangmarg,Regional_District,40.568,40.59762862460509,True,191399,163,0,19.482381024072936,107.60265748291796,5558,32.03122678338651,8.88469897092016,14.0565907373931,17.618236840240048,146684.28125,60385.265625,86584.984375,100163.4375,86584.984375,14.0565907373931,60099.296875,40.97187262524082,0.4388402240242565,True,11797,191399,True,191399.0,146684.28125,190689.56562500002,0.7663795591930992,0.9962934269510291,0.3706573048970929,reproduced,reproduced (measured agreement within 1 %),44169.0,23.36204408069008
FDR-570,Srinagar to Khoor,Regional_District,111.183,111.08355084473231,True,227163,445,0,14.675237372639904,119.8325256614156,8811,81.56055042159511,17.580030529152587,31.033429579128725,41.18921708846892,226694.125,84884.1328125,128735.21875,152569.25,128735.21875,31.033429579128725,97958.90625,43.21192984158721,0.3804955878634173,False,13940,227163,False,227163.0,226694.125,226694.125,0.9979359534783393,0.9979359534783393,0.20640465216607007,reproduced,reproduced (measured agreement within 1 %),0.0,0.20640465216607007
FDR-551,Srinagar to Handwara,Regional_District,73.767,73.72414342788828,True,185480,295,0,23.502815132205853,111.83121891390218,7355,57.04731628145444,13.720187690931605,23.29347403588268,30.08251147434633,185073.78125,75454.0859375,110154.8671875,127853.953125,110154.8671875,23.29347403588268,74918.9140625,40.48056594321083,0.408318489882322,False,11383,185480,False,185480.0,185073.78125,185073.78125,0.9978099053806341,0.9978099053806341,0.21900946193659232,reproduced,reproduced (measured agreement within 1 %),0.0,0.21900946193659232
FDR-563,Srinagar to Trehgam KUP,Regional_District,96.17,96.10943526482036,True,224435,385,0,17.722139142696417,126.75013850843072,8090,74.80900075853009,16.466021618165986,29.001992294426504,38.28620360945661,223984.34375,84514.53125,128254.0,151681.09375,128254.0,29.001992294426504,95730.34375,42.73974785347023,0.3876805197283637,False,13773,224435,False,224435.0,223984.34375,223984.34375,0.9979920411254929,0.9979920411254929,0.20079588745071097,reproduced,reproduced (measured agreement within 1 %),0.0,0.20079588745071097
FDR-562,Srinagar to Chowkibal,Regional_District,125.5,94.91198294090042,False,222168,380,0,17.742255210201932,126.93415341584895,7967,73.83935494899903,16.20872131870575,28.57613717720665,37.73754148364281,221717.328125,83729.296875,126872.1484375,149938.03125,126872.1484375,28.57613717720665,94845.1796875,42.77752239284973,0.3870041551276313,False,13633,222168,False,222168.0,221717.328125,221717.328125,0.9979714816040114,0.9979714816040114,0.202851839598861,substituted_distance,km/geometry mismatch established by length comparison in a02; cause of the population gap not tested,0.0,0.202851839598861
FDR-509,Srinagar to Hajin,Regional_District,35.566,35.52699375983391,True,123517,143,0,19.757410532886432,69.73397478909604,6092,27.960650414668425,8.865313419538452,13.55709167531709,16.595299649628615,123151.9453125,59693.328125,80591.421875,90150.3671875,80591.421875,13.55709167531709,42560.5234375,34.55935943967592,0.4848632443902274,False,7612,123517,False,123517.0,123151.9453125,123151.9453125,0.997044498429366,0.997044498429366,0.2955501570633956,reproduced,reproduced (measured agreement within 1 %),0.0,0.2955501570633956
FDR-486,Srinagar to Safapora Sumbal,Regional_District,30.51,30.4733039105803,True,114175,122,0,15.856127619585727,59.75891625168444,5919,23.81087530773188,8.297607739723798,12.257233255398974,14.702423642586457,113867.40625,55925.84375,74374.375,82419.921875,74374.375,12.257233255398974,39493.03125,34.683350179498795,0.514774576616207,False,7036,114175,False,114175.0,113867.40625,113867.40625,0.9973059448215459,0.9973059448215459,0.26940551784541134,reproduced,reproduced (measured agreement within 1 %),0.0,0.26940551784541134
FDR-504,Srinagar to Safapora GBL,Regional_District,32.954,32.90739013168557,True,119672,132,0,14.70015149046402,59.444965854088736,6474,25.56473228192367,9.000206495215226,13.2858206832223,15.918996765726485,119364.9296875,59318.6796875,78900.609375,87306.96875,78900.609375,13.2858206832223,40464.3203125,33.89967255745593,0.519693323470336,False,7376,119672,False,119672.0,119364.9296875,119364.9296875,0.9974340671794572,0.9974340671794572,0.2565932820542849,reproduced,reproduced (measured agreement within 1 %),0.0,0.2565932820542849
FDR-513,Srinagar to Narwara Budgam,Regional_District,28.415,28.395078726464256,True,90955,114,0,8.896231760835086,51.99631308879555,5231,20.24921325385194,6.857690763736732,9.974828165244435,12.0865365856187,90477.5546875,49090.4609375,61371.765625,67154.1484375,61371.765625,9.974828165244435,29105.7890625,32.1690712829589,0.4926032453802597,False,5933,90955,False,90955.0,90477.5546875,90477.5546875,0.9947507524325215,0.9947507524325215,0.5249247567478466,reproduced,reproduced (measured agreement within 1 %),0.0,0.5249247567478466
FDR-465,Srinagar to Charishreef,Regional_District,31.248,31.180647559272156,True,122935,125,0,9.98869375342324,49.94556464099958,3962,22.465653902998017,6.703792048213199,10.222831849019409,12.485549667242342,122888.515625,53749.3671875,74159.0,83826.4140625,74159.0,10.222831849019409,48729.515625,39.653433339288085,0.4550427017686398,False,8056,122935,False,122935.0,122888.515625,122888.515625,0.9996218784316916,0.9996218784316916,0.03781215683084094,reproduced,reproduced (measured agreement within 1 %),0.0,0.03781215683084094
FDR-519,Srinagar to Pakherpora,Regional_District,42.101,42.0155772826245,True,130100,169,0,9.198495560962916,47.131086149692194,4455,29.491279452878125,7.949775718144187,12.544763157737998,15.743715155484448,130031.1015625,55932.23828125,77771.859375,88355.7421875,77771.859375,12.544763157737998,52259.2421875,40.18980194702217,0.4253719536916776,False,8525,130100,False,130100.0,130031.1015625,130031.1015625,0.9994704193889316,0.9994704193889316,0.052958061106844756,reproduced,reproduced (measured agreement within 1 %),0.0,0.052958061106844756
FDR-555,Srinagar to Pasthoon,Regional_District,41.5,49.96556710262196,False,97688,200,0,17.241273232858696,87.39293678713616,4695,38.29590392209072,8.042215216922534,14.321304163065896,19.02535497346652,97505.453125,36558.98828125,53815.58203125,63796.234375,53815.58203125,14.321304163065896,43689.87109375,44.80761813161411,0.3739643851259182,False,9187,97688,False,97688.0,97505.453125,97505.453125,0.9981313275427893,0.9981313275427893,0.1868672457210674,substituted_distance,km/geometry mismatch established by length comparison in a02; cause of the population gap not tested,0.0,0.1868672457210674
FDR-546,Srinagar to Pinglish,Regional_District,43.953,43.9318855427923,True,94299,176,0,16.639416026768274,90.2866096783045,4228,33.74969678086303,7.456605531413563,13.043398320476395,17.115527448588182,94100.0859375,36112.1875,52956.55078125,62174.125,52956.55078125,13.043398320476395,41143.53515625,43.723164273810525,0.3864745335392864,False,8867,94299,False,94299.0,94100.0859375,94100.0859375,0.9978906026309929,0.9978906026309929,0.210939736900706,reproduced,reproduced (measured agreement within 1 %),0.0,0.210939736900706
FDR-552,Srinagar to Tral Nowdal,Regional_District,39.5,39.48352671383165,True,83195,158,0,16.093371150882795,90.2246847283814,3447,30.47695096873074,6.4810593860495045,11.417583035547723,15.11857086672364,83023.90625,31137.39453125,45371.015625,53777.8203125,45371.015625,11.417583035547723,37652.890625,45.35186589705901,0.3746300949613408,False,7825,83195,False,83195.0,83023.90625,83023.90625,0.9979434611455016,0.9979434611455016,0.2056538854498413,reproduced,reproduced (measured agreement within 1 %),0.0,0.2056538854498413
FDR-007,Srinagar to Qazigund,Regional_District,71.019,70.90472128930952,True,114863,284,6,20.218140368572342,272.94719981669977,3694,55.37675322632239,8.499029163800934,16.623763670112567,23.341179612403025,114605.9296875,33112.7578125,52467.2578125,65570.828125,52467.2578125,16.623763670112567,62138.671875,54.219421320027415,0.300193902704479,False,10767,114863,False,114863.0,114605.9296875,114605.9296875,0.997761939767375,0.997761939767375,0.2238060232624961,reproduced,reproduced (measured agreement within 1 %),0.0,0.2238060232624961
FDR-529,Srinagar to Mirpora Budgam,Regional_District,31.366,31.34387439819205,True,94288,126,0,8.613322513524878,49.90034690279147,5443,22.2346690673398,7.301575956146929,10.74781361950501,13.081038716646836,93772.0703125,50256.05859375,63406.1875,69585.21875,63406.1875,10.74781361950501,30365.8828125,32.38265158410624,0.4833808673722213,False,6151,94288,False,94288.0,93772.0703125,93772.0703125,0.9945281511167912,0.9945281511167912,0.5471848883208841,reproduced,reproduced (measured agreement within 1 %),0.0,0.5471848883208841
FDR-507,Srinagar to Vijipopra,Regional_District,34.662,34.62596547178835,True,121938,139,0,20.112946774100223,70.03309948617951,6069,27.145423507220244,8.780615878697281,13.341103922800988,16.253775981787463,121599.1875,59217.09765625,79781.625,88901.875,79781.625,13.341103922800988,41817.5625,34.38967262836357,0.4914678866311469,False,7515,121938,False,121938.0,121599.1875,121599.1875,0.9972214363036953,0.9972214363036953,0.2778563696304692,reproduced,reproduced (measured agreement within 1 %),0.0,0.2778563696304692
FDR-553,Srinagar to Kupwara DAY,Regional_District,88.147,88.0878948704738,True,215331,353,0,18.851119698024768,129.3736774155888,7688,68.75822734868467,15.235617538102204,26.71746034707204,35.22624772824517,214800.0,81799.71875,123277.546875,145596.9375,123277.546875,26.71746034707204,91522.453125,42.60821840083799,0.3885711045397266,False,13215,215331,False,215331.0,214800.0,214800.0,0.9975340290065062,0.9975340290065062,0.24659709934937712,reproduced,reproduced (measured agreement within 1 %),0.0,0.24659709934937712
FDR-541,Srinagar to URI Baramulla,Regional_District,101.0,77.61427391631506,False,217601,311,0,17.276289488705174,80.02826111530979,7388,60.15110339348576,14.62613528722593,24.90339996426963,32.11782069729529,217179.71875,84379.359375,126685.90625,149002.1875,126685.90625,24.90339996426963,90493.8125,41.66770867042575,0.4140140173549437,False,13242,217601,False,217601.0,217179.71875,217179.71875,0.9980639737409295,0.9980639737409295,0.19360262590705224,substituted_distance,km/geometry mismatch established by length comparison in a02; cause of the population gap not tested,0.0,0.19360262590705224
FDR-571,Srinagar to Tangdar,Regional_District,151.0,120.71089893013784,False,227259,483,0,13.485974737291752,111.74091574670358,9197,86.08527427063197,18.38547923131589,32.543667705875635,43.330806811749554,226790.28125,84935.0859375,128822.3828125,152674.65625,128822.3828125,32.543667705875635,97967.8984375,43.19757350162024,0.3780398910453134,False,13948,227259,False,227259.0,226790.28125,226790.28125,0.9979375129257807,0.9979375129257807,0.2062487074219299,substituted_distance,km/geometry mismatch established by length comparison in a02; cause of the population gap not tested,0.0,0.2062487074219299
FDR-543,Bandipora to Srinagar,Regional_District,58.597,58.5068505667729,True,152803,235,0,8.800620668640816,52.82296721634572,8247,44.52074433010356,12.873453419451824,20.14172719498084,25.13478057737163,152522.4375,75470.0625,101709.03125,115396.234375,101709.03125,20.14172719498084,50813.40625,33.31536466560863,0.4524121844333502,False,9377,152803,False,152803.0,152522.4375,152522.4375,0.9981638940334941,0.9981638940334941,0.1836105966505852,reproduced,reproduced (measured agreement within 1 %),0.0,0.1836105966505852
FDR-003,Bandipora to Soura,Regional_District,51.094,51.005744426626336,True,110656,205,0,8.358672923852682,42.63257979472741,5319,38.19665329071257,9.697632242475246,16.02575261895809,20.57479446707532,110513.796875,49311.09375,69990.84375,81292.859375,69990.84375,16.02575261895809,40522.953125,36.66777748196881,0.4195590775188337,False,27162,110656,False,110656.0,110513.796875,110513.796875,0.9987149081387363,0.9987149081387363,0.12850918612636875,reproduced,reproduced (measured agreement within 1 %),0.0,0.12850918612636875
FDR-549,Bankoot to Srinagar via Bandipora,Regional_District,60.768,60.67581368906859,True,153314,243,0,9.67590941386099,54.9313665857417,8126,44.89765556088713,12.874028971008284,20.28450127794416,25.32383908674016,153088.15625,72709.8828125,100705.09375,113176.234375,100705.09375,20.28450127794416,52383.0625,34.21758010754016,0.4517942200887462,False,9407,153314,False,153314.0,153088.15625,153088.15625,0.9985269202421175,0.9985269202421175,0.14730797578824673,reproduced,reproduced (measured agreement within 1 %),0.0,0.14730797578824673
FDR-004,Bandipora to Baramulla,Regional_District,45.97,45.92068109784788,True,127212,184,0,17.790222267870597,89.29290767558437,3496,35.10300394807571,8.894836093417599,15.258992706851933,19.53732948450897,127053.6328125,50828.2421875,77585.046875,90972.671875,77585.046875,15.258992706851933,49468.5859375,38.935199917111774,0.4346919348960278,False,108377,127212,False,127212.0,127053.6328125,127053.6328125,0.9987550923851524,0.9987550923851524,0.12449076148476346,reproduced,reproduced (measured agreement within 1 %),0.0,0.12449076148476346
FDR-511,Sopore to Srinagar,Regional_District,50.022,50.00398408122695,True,173791,201,0,16.46520042914694,120.73711605915103,6412,39.21765036541099,11.137592822561247,17.839719980935445,22.2681091300012,173095.890625,76199.515625,107398.3359375,124653.296875,107398.3359375,17.839719980935445,65697.5546875,37.95442771650143,0.4548900766546086,False,10688,173791,False,173791.0,173095.890625,173095.890625,0.9960003143143201,0.9960003143143201,0.3999685685679877,reproduced,reproduced (measured agreement within 1 %),0.0,0.3999685685679877
FDR-539,Zaloora to Srinagar,Regional_District,52.0,63.09294890959876,False,184558,253,0,23.350083553646197,131.92204802425536,6445,49.55453190294938,12.10036411529061,20.4101546620416,26.39339607971,184167.28125,74791.5234375,107210.2265625,125423.3828125,107210.2265625,20.4101546620416,76957.0546875,41.78649658352384,0.4118726154454268,False,11350,184558,False,184558.0,184167.28125,184167.28125,0.9978829487207274,0.9978829487207274,0.21170512792726415,substituted_distance,km/geometry mismatch established by length comparison in a02; cause of the population gap not tested,0.0,0.21170512792726415
FDR-530,Botingue to Srinagar,Regional_District,61.995,61.95209461463194,True,197835,248,0,15.000004325266843,97.68244723398055,7356,48.390713649091886,13.562181575625283,21.983000827791667,27.633759193251745,197458.484375,89408.265625,126024.4375,144293.0,126024.4375,21.983000827791667,71434.046875,36.1767422155116,0.4542813934756716,False,12167,197835,False,197835.0,197458.484375,197458.484375,0.9980968199509692,0.9980968199509692,0.19031800490307837,reproduced,reproduced (measured agreement within 1 %),0.0,0.19031800490307837
FDR-515,Baramulla to Srinagar,Regional_District,56.316,56.31315578131235,True,195891,226,0,17.327319518158095,93.20093042895004,6498,44.34979106716457,12.079966222155347,19.8744489545096,25.00225928300884,195401.5625,79101.28125,117612.953125,137244.03125,117612.953125,19.8744489545096,77788.609375,39.80961481564407,0.4481294832801167,False,11896,195891,False,195891.0,195401.5625,195401.5625,0.9975014804151289,0.9975014804151289,0.24985195848711284,reproduced,reproduced (measured agreement within 1 %),0.0,0.24985195848711284
FDR-592,Kamalkote to Baramulla,Regional_District,45.819,45.7925747976639,True,49890,184,0,12.1750931224584,38.11491097516669,1721,33.84684129126389,5.099452324413672,10.231011069083308,14.721742575867411,49785.6796875,12128.240234375,21518.75,27508.38671875,21518.75,10.231011069083308,28266.9296875,56.77722964701666,0.3022737330506526,False,144510,49890,False,49890.0,49785.6796875,49785.6796875,0.9979089935357787,0.9979089935357787,0.20910064642213344,reproduced,reproduced (measured agreement within 1 %),0.0,0.20910064642213344
FDR-593,Garkote to Baramulla,Urban,2.961,2.9603055052803104,True,18979,12,0,23.466260226148027,62.62738631260675,221,2.4817500097243657,0.629136022656135,1.154127178462688,1.473452979927113,18889.2734375,5431.125,10092.5458984375,12570.857421875,10092.5458984375,1.154127178462688,8796.7275390625,46.569962408393984,0.4650457032095954,False,42289,18979,False,18979.0,18889.2734375,18889.2734375,0.9952723240160177,0.9952723240160177,0.47276759839822713,reproduced,reproduced (measured agreement within 1 %),0.0,0.47276759839822713
FDR-521,Fathgath to Srinagar,Regional_District,56.5,56.49512443874323,True,190050,226,0,16.418200160420415,102.73908898395266,6759,44.12138835177162,12.310815942872845,20.05075253593406,25.10470373049835,189588.65625,81519.015625,117591.015625,136268.890625,117591.015625,20.05075253593406,71997.640625,37.97571123140444,0.4544451859962596,False,11589,190050,False,190050.0,189588.65625,189588.65625,0.9975725138121547,0.9975725138121547,0.24274861878452736,reproduced,reproduced (measured agreement within 1 %),0.0,0.24274861878452736
FDR-574,Pehilpora to URI via Baramulla,Peri_Urban,25.43,25.42445310942355,True,44986,102,0,9.536646340428922,40.17760514700048,1061,18.68258299078462,3.260682451146313,6.273359635433254,8.700503148812968,44924.50390625,12922.1064453125,22284.69140625,27891.712890625,22284.69140625,6.273359635433254,22639.8125,50.395242087136985,0.3357865257993316,False,100235,44986,False,44986.0,44924.50390625,44924.50390625,0.9986329948483973,0.9986329948483973,0.1367005151602707,reproduced,reproduced (measured agreement within 1 %),0.0,0.1367005151602707
FDR-005,Baramula to Kupwra,Regional_District,46.645,46.57486465965035,True,65542,187,0,18.494621454158843,135.66670656771146,2205,36.160340681669645,5.912605057556702,11.855420105280023,16.6630302506816,65465.828125,17922.58984375,31318.349609375,40627.5859375,31318.349609375,11.855420105280023,34147.478515625,52.16076767626622,0.3278569803765637,False,94924,65542,False,65542.0,65465.828125,65465.828125,0.9988378158280187,0.9988378158280187,0.11621841719813286,reproduced,reproduced (measured agreement within 1 %),0.0,0.11621841719813286
FDR-567,Kupwara to Srinagar,Regional_District,88.0,102.86501430858038,False,224362,412,0,17.775203811400473,119.42426813900224,8156,78.90973247219533,16.65765136904577,29.524847644442755,39.21381905530148,223732.421875,85867.5546875,126650.2734375,149923.71875,126650.2734375,29.524847644442755,97082.1484375,43.39207863746279,0.3741597736989685,False,13770,224362,False,224362.0,223732.421875,223732.421875,0.9971939181991603,0.9971939181991603,0.28060818008397437,substituted_distance,km/geometry mismatch established by length comparison in a02; cause of the population gap not tested,0.0,0.28060818008397437
FDR-564,Sogam to Srinagar,Regional_District,105.052,104.98791198496949,True,240813,420,0,16.85188514892446,116.72097480889056,8627,81.61988657929014,17.698963745580116,31.493088961693328,41.71184142054781,240418.296875,92100.03125,139648.375,165186.65625,139648.375,31.493088961693328,100769.921875,41.914414661789664,0.3858506827389324,False,14779,240813,False,240813.0,240418.296875,240418.296875,0.998360955907696,0.998360955907696,0.16390440923039762,reproduced,reproduced (measured agreement within 1 %),0.0,0.16390440923039762
FDR-516,Shopian to Srinagar,Regional_District,48.367,48.26742610843703,True,154407,194,0,13.619997720321974,65.01645738305604,5671,37.50000641591272,10.157508863603343,16.33356362433774,20.6013312875915,154092.828125,70479.90625,97632.53125,111514.34375,97632.53125,16.33356362433774,56460.296875,36.64044431010082,0.4355616221283304,False,10189,154407,False,154407.0,154092.828125,154092.828125,0.9979653003102191,0.9979653003102191,0.20346996897808722,reproduced,reproduced (measured agreement within 1 %),0.0,0.20346996897808722
FDR-538,Sedow to Srinagar,Regional_District,46.0,50.75183255370266,False,160748,204,0,18.375728359879925,72.31984409770504,3626,38.50470078763622,8.252506905684484,14.969216148984572,19.910822704243195,88317.046875,34697.94140625,53988.28125,63878.8515625,53988.28125,14.969216148984572,34328.765625,38.8699201792689,0.3887633416902478,False,10607,160748,False,160748.0,88317.046875,88317.046875,0.5494130370206783,0.5494130370206783,45.058696297932165,substituted_distance,km/geometry mismatch established by length comparison in a02; cause of the population gap not tested,0.0,45.058696297932165
FDR-520,Harman to Srinagar,Regional_District,48.805,48.70350035918816,True,153219,195,0,14.463314908518582,61.88618401902833,5349,37.56757311026421,9.915125849175563,16.108553620725193,20.42459445215052,153090.125,66529.8671875,94226.1171875,108363.359375,94226.1171875,16.108553620725193,58864.0078125,38.45055833124442,0.4287887741229687,False,10110,153219,False,153219.0,153090.125,153090.125,0.9991588836893597,0.9991588836893597,0.08411163106403219,reproduced,reproduced (measured agreement within 1 %),0.0,0.08411163106403219
FDR-535,Kaprin to Srinagar,Regional_District,58.528,58.420347954987925,True,166882,234,0,13.401739017264934,63.73249898455887,6117,44.93553265520924,11.540376583412742,18.959546824711417,24.27938447908189,166568.96875,74945.1796875,103818.09375,119766.7734375,103818.09375,18.959546824711417,62750.875,37.67260821202629,0.4219277196553604,False,11010,166882,False,166882.0,166568.96875,166568.96875,0.9981242359871046,0.9981242359871046,0.18757640128953534,reproduced,reproduced (measured agreement within 1 %),0.0,0.18757640128953534
FDR-540,Nehama to Srinagar,Regional_District,62.131,62.00933540945352,True,171224,249,0,17.069498371490443,66.27871111090091,6263,47.470595582729615,11.921387223562318,19.73267967187316,25.21345861487609,170773.515625,75840.4765625,106697.921875,121798.8359375,106697.921875,19.73267967187316,64075.59375,37.52080263470304,0.4156821592323174,False,11297,171224,False,171224.0,170773.515625,170773.515625,0.9973690348607672,0.9973690348607672,0.2630965139232777,reproduced,reproduced (measured agreement within 1 %),0.0,0.2630965139232777
FDR-008,Khull Ahmadabad to Srinagar,Regional_District,66.828,66.73741721304317,True,112457,267,7,21.32342605702738,291.77750749799367,3622,51.98814857354888,8.131898863583693,15.680264759341966,21.86005196884223,112342.6875,34735.5234375,54519.9375,67140.2265625,54519.9375,15.680264759341966,57822.75,51.4699721777619,0.3016122941396676,False,10541,112457,False,112457.0,112342.6875,112342.6875,0.9989835003601376,0.9989835003601376,0.10164996398623893,reproduced,reproduced (measured agreement within 1 %),0.0,0.10164996398623893
FDR-537,Pariwan to Srinagar,Regional_District,60.618,60.51260296132178,True,169664,243,0,15.915030585228108,69.44016817487487,6333,46.52971275266716,11.841697905763032,19.38792659068888,24.755698873784528,169296.21875,77071.953125,106955.4453125,121582.484375,106955.4453125,19.38792659068888,62340.7734375,36.82348837900433,0.4166784070588858,False,11196,169664,False,169664.0,169296.21875,169296.21875,0.9978322964801019,0.9978322964801019,0.21677035198981454,reproduced,reproduced (measured agreement within 1 %),0.0,0.21677035198981454
FDR-010,Kulgam to Srinagar,Regional_District,67.019,66.92793885004818,True,113085,268,7,19.21458542531928,275.73497857504253,3779,52.06355358092204,8.395777441220053,16.026113164801693,22.230738351011865,112860.859375,36959.296875,57466.95703125,69635.796875,57466.95703125,16.026113164801693,55393.90234375,49.0815882942146,0.3078182732934741,False,10600,113085,False,113085.0,112860.859375,112860.859375,0.9980179455719149,0.9980179455719149,0.19820544280850783,reproduced,reproduced (measured agreement within 1 %),0.0,0.19820544280850783
FDR-011,Katrosoo to Srinagar,Regional_District,69.172,69.09912299987229,True,108583,277,5,18.926062765416344,244.6884243766448,4267,53.60368318970293,9.128422964922496,17.021392882198015,23.317910862117447,108179.84375,38176.64453125,56749.28125,67696.8359375,56749.28125,17.021392882198015,51430.5625,47.54172377883472,0.3175414797889814,False,10178,108583,False,108583.0,108179.84375,108179.84375,0.9962871144654319,0.9962871144654319,0.37128855345680556,reproduced,reproduced (measured agreement within 1 %),0.0,0.37128855345680556
FDR-012,Yaripora to Srinagar,Regional_District,64.929,64.85139614420817,True,105224,260,6,19.979981286516903,266.3725350221636,3936,50.46485157598571,8.365963678608573,15.762461453477108,21.69317560857111,104777.6640625,36248.0859375,54322.28125,64424.34375,54322.28125,15.762461453477108,50455.3828125,48.15471242268133,0.3123453445561674,False,9864,105224,False,105224.0,104777.6640625,104777.6640625,0.9957582306555539,0.9957582306555539,0.4241769344446089,reproduced,reproduced (measured agreement within 1 %),0.0,0.4241769344446089
FDR-444,Pulwama to Srinagar,Peri_Urban,28.043,27.986401552007703,True,117099,112,0,13.100726713638462,45.66189653225096,4260,21.691851438737107,6.973068167956863,10.407179626136884,12.572931901802349,116819.578125,54351.796875,72692.25,82341.34375,72692.25,10.407179626136884,44127.328125,37.77391498348214,0.479773690850189,False,7744,117099,False,117099.0,116819.578125,116819.578125,0.9976137979402044,0.9976137979402044,0.23862020597955613,reproduced,reproduced (measured agreement within 1 %),0.0,0.23862020597955613
FDR-039,Koil to Srinagar,Peri_Urban,17.5,19.75948935778199,False,77234,80,0,19.38422160273494,113.07501141873944,1362,15.530038395014664,3.3163192246805053,5.996711464834319,7.960857557824624,41661.65625,16924.77734375,25151.794921875,30115.6171875,25151.794921875,5.996711464834319,16509.861328125,39.62843250650891,0.3861362935689417,False,7264,77234,False,77234.0,41661.65625,41661.65625,0.5394211907967993,0.5394211907967993,46.05788092032007,substituted_distance,km/geometry mismatch established by length comparison in a02; cause of the population gap not tested,0.0,46.05788092032007
FDR-505,Wasoora to Srinagar,Peri_Urban,39.631,39.56344619841505,True,138934,159,0,11.677629260915175,43.475128002844166,5527,30.64668944743492,9.337153349758976,14.347829440414134,17.659107062485766,138701.984375,64588.265625,87071.515625,99260.296875,87071.515625,14.347829440414134,51630.46875,37.22403034293286,0.4681689833097135,False,9187,138934,False,138934.0,138701.984375,138701.984375,0.9983300299062864,0.9983300299062864,0.1669970093713613,reproduced,reproduced (measured agreement within 1 %),0.0,0.1669970093713613
FDR-440,Srinagar to Lettar,Peri_Urban,28.413,28.356028317692957,True,119252,114,0,13.581745778377371,52.0395572391099,4459,21.966511688382923,7.255274636789843,10.860019402278269,13.121111996416513,119054.578125,55758.82421875,74954.2265625,83543.2578125,74954.2265625,10.860019402278269,44100.3515625,37.04212996849003,0.4943898037311783,False,7886,119252,False,119252.0,119054.578125,119054.578125,0.998344498415121,0.998344498415121,0.16555015848790378,reproduced,reproduced (measured agreement within 1 %),0.0,0.16555015848790378
FDR-506,Heff to Srinagar,Regional_District,40.635,40.55494190362849,True,141033,163,0,13.49320662787166,52.91319526940484,5494,31.31613543227941,9.473769411029975,14.687681465145802,18.11702328801258,140845.890625,65996.3046875,90933.671875,103178.53125,90933.671875,14.687681465145802,49912.21875,35.437468944614444,0.4690132183425906,False,9326,141033,False,141033.0,140845.890625,140845.890625,0.9986732936617672,0.9986732936617672,0.13267063382328415,reproduced,reproduced (measured agreement within 1 %),0.0,0.13267063382328415
FDR-531,Srinagar to Keller,Regional_District,50.376,50.29190437428472,True,145916,202,0,12.62459344173408,55.838989937763166,5795,38.65173376501548,10.539380890410325,17.129879784163336,21.65506071526026,145704.125,65303.7578125,91075.984375,102927.953125,91075.984375,17.129879784163336,54628.140625,37.49251479668129,0.4431852886161593,False,9651,145916,False,145916.0,145704.125,145704.125,0.9985479659530141,0.9985479659530141,0.1452034046985906,reproduced,reproduced (measured agreement within 1 %),0.0,0.1452034046985906
FDR-532,Sangerwani to Srinagar,Regional_District,44.959,44.8702090058386,True,129336,180,0,9.079069280005026,45.89129090411931,4442,30.925665836020816,8.139462719488538,12.956961633219104,16.36638251615773,129285.84375,54543.54296875,75981.4140625,87314.921875,75981.4140625,12.956961633219104,53304.4296875,41.22990432778917,0.4189711452591401,False,8477,129336,False,129336.0,129285.84375,129285.84375,0.9996122019391352,0.9996122019391352,0.038779806086475244,reproduced,reproduced (measured agreement within 1 %),0.0,0.038779806086475244
FDR-013,Anantnagh to Srinagar,Regional_District,59.305,59.243059957222535,True,140075,237,1,18.430985351264194,106.48505650885754,4076,46.24419634361155,8.417206585797892,15.606195386120904,21.323639357857125,139591.84375,45934.8671875,71186.0,85853.3046875,71186.0,15.606195386120904,68405.84375,49.004183849387694,0.3374735992850017,False,12923,140075,False,140075.0,139591.84375,139591.84375,0.9965507317508477,0.9965507317508477,0.34492682491522597,reproduced,reproduced (measured agreement within 1 %),0.0,0.34492682491522597
FDR-006,Phalgam to Anantnagh,Peri_Urban,39.73,39.64049877263978,True,58952,159,0,23.35363774909713,108.01984543499611,1432,30.463618784840783,4.232728680176738,9.053702591340436,13.225926513518244,45203.890625,10123.4091796875,19990.318359375,26402.740234375,19990.318359375,9.053702591340436,25213.572265625,55.77743843951485,0.2971972126911499,True,106725,58952,True,58952.0,45203.890625,58765.0578125,0.7667914680587596,0.9968289084763876,0.31710915236123904,reproduced,reproduced (measured agreement within 1 %),13604.307692307695,23.320853194124037
FDR-023,Mawan to Srinagar,Regional_District,56.111,56.04402478894122,True,127624,225,0,18.589562751486167,98.10030613911684,3997,43.71159559257736,8.1942328820526,15.068938280012814,20.610173482548092,127485.765625,45052.484375,67212.171875,80392.03125,67212.171875,15.068938280012814,60273.59375,47.27868515712967,0.3447354889642066,False,11812,127624,False,127624.0,127485.765625,127485.765625,0.9989168622281076,0.9989168622281076,0.10831377718923951,reproduced,reproduced (measured agreement within 1 %),0.0,0.10831377718923951
FDR-024,Devsur to Srinagar,Regional_District,65.241,65.14114401450387,True,105355,261,8,20.169730653259517,254.0216431494885,3680,50.7039568762711,8.090440222391594,15.486016193364753,21.44660334897783,105221.7890625,34735.3828125,52068.8046875,62989.73046875,52068.8046875,15.486016193364753,53152.984375,50.51518782238915,0.3054202698845391,False,9877,105355,False,105355.0,105221.7890625,105221.7890625,0.9987355992833753,0.9987355992833753,0.1264400716624703,reproduced,reproduced (measured agreement within 1 %),0.0,0.1264400716624703
FDR-025,Lammer to Anantnagh,Urban,4.333,4.332636094909832,True,23420,18,0,24.842365618434123,229.98597352443824,446,3.62330775574183,0.9234312105316798,1.4526186433547648,1.825184012025732,23312.732421875,9188.408203125,13157.814453125,15497.390625,13157.814453125,1.4526186433547648,10154.91796875,43.55953555757948,0.4009095393712583,False,29495,23420,False,23420.0,23312.732421875,23312.732421875,0.9954198301398377,0.9954198301398377,0.45801698601622975,reproduced,reproduced (measured agreement within 1 %),0.0,0.45801698601622975
FDR-028,Shangus to Srinagar,Regional_District,80.474,80.400610833017,True,218743,322,0,20.534668528388217,87.09528253594627,4786,62.21439285293249,11.009989892851332,20.908705336798064,28.840529280943358,168021.03125,56966.07421875,89672.140625,108231.171875,89672.140625,20.908705336798064,78348.890625,46.63040694496392,0.336075052379339,True,20243,218743,True,218743.0,168021.03125,218427.340625,0.7681207227202699,0.9985569395363509,0.14430604636490596,reproduced,reproduced (measured agreement within 1 %),50479.153846153844,23.187927727973012
FDR-029,Uttersoo to Srinagar,Regional_District,73.746,73.67833475268048,True,211586,295,0,18.97317935022944,89.70317797902784,4418,57.29312071043278,10.227560543012432,19.282465537016783,26.49529894305787,162469.6875,54287.8671875,85634.671875,103449.546875,85634.671875,19.282465537016783,76835.015625,47.29190829827872,0.3365581294562917,True,19581,211586,True,211586.0,162469.6875,211210.59375,0.7678659623037442,0.9982257509948673,0.17742490051326776,reproduced,reproduced (measured agreement within 1 %),48827.53846153847,23.213403769625586
FDR-035,Anantnagh to Shopian,Regional_District,37.0,43.82648076117883,False,104322,176,0,19.03366535542265,108.86792285600478,2706,33.845156388007226,6.563031438644726,11.967412651257089,16.075747655090435,104268.0859375,35726.375,57141.82421875,69118.734375,57141.82421875,11.967412651257089,47126.26171875,45.197206120191225,0.3535930670273886,False,79520,104322,False,104322.0,104268.0859375,104268.0859375,0.9994831956586339,0.9994831956586339,0.05168043413661394,substituted_distance,km/geometry mismatch established by length comparison in a02; cause of the population gap not tested,0.0,0.05168043413661394
FDR-435,Srinagar to NEW Khanda,Urban,22.786,22.740913537160328,True,105580,91,0,12.590385009235796,45.64150779625143,3950,17.757671522669202,6.148609364917856,8.968480779313309,10.711009290096513,105400.203125,50173.8828125,66323.7578125,73240.375,66323.7578125,8.968480779313309,39076.4453125,37.07435484365913,0.5050482417058041,False,6983,105580,False,105580.0,105400.203125,105400.203125,0.9982970555502936,0.9982970555502936,0.17029444497064228,reproduced,reproduced (measured agreement within 1 %),0.0,0.17029444497064228
FDR-596,Srinagar to By Pass,Urban,3.279,3.275324293426963,True,32914,14,0,12.72376134579806,66.06415212295933,1292,2.7965353671020114,1.414188666318842,1.8472793580814089,2.026347928380613,32914.41015625,17308.5546875,22174.04296875,24434.42578125,22174.04296875,1.8472793580814089,10740.3671875,32.63120054867685,0.660559984262135,False,2336,32914,False,32914.0,32914.41015625,32914.41015625,1.0000124614525734,1.0000124614525734,0.0012461452573386822,reproduced,reproduced (measured agreement within 1 %),0.0,0.0012461452573386822
FDR-476,Srinagar to Khrew,Urban,19.597,19.595216238531076,True,75685,79,0,8.408282066272315,32.22006646521788,4428,15.545761917347052,5.343009461491997,7.829311708992774,9.45332279237064,75677.2890625,34440.2890625,45766.203125,51984.55859375,45766.203125,7.829311708992774,29911.0859375,39.5245209071868,0.5036299764925821,False,7140,75685,False,75685.0,75677.2890625,75677.2890625,0.9998981180220652,0.9998981180220652,0.010188197793481457,reproduced,reproduced (measured agreement within 1 %),0.0,0.010188197793481457
FDR-093,Srinagar to Railway,Urban,7.778,7.76452715692001,True,73036,32,0,14.410409162910655,58.4980274448702,2497,6.34244912455031,2.903520760554565,3.761585093649155,4.199362309564395,72798.3203125,34557.390625,44573.328125,48549.9609375,44573.328125,3.761585093649155,28224.9921875,38.77148822436988,0.5930808461811442,False,4829,73036,False,73036.0,72798.3203125,72798.3203125,0.9967457187209048,0.9967457187209048,0.3254281279095217,reproduced,reproduced (measured agreement within 1 %),0.0,0.3254281279095217
FDR-123,Srinagar to Bypass,Urban,8.341,8.335269384516138,True,68065,34,0,14.140005391106731,63.2881734486032,2443,6.698957634876803,3.177520230730328,4.145672136929219,4.620988718914421,67620.90625,35134.61328125,43810.015625,48412.27734375,43810.015625,4.145672136929219,23810.890625,35.21232107858655,0.6188533146329505,False,4441,68065,False,68065.0,67620.90625,67620.90625,0.9934754462646,0.9934754462646,0.6524553735399952,reproduced,reproduced (measured agreement within 1 %),0.0,0.6524553735399952
FDR-144,Srinagar to Gulabagh,Urban,14.022,13.980540926201934,True,107804,56,0,8.40907048094494,30.824823327380983,4737,10.766381573791172,5.658257921707897,7.067671408928671,7.769652937534699,107464.1640625,63609.1796875,76019.40625,82563.1875,76019.40625,7.067671408928671,31444.7578125,29.26069177275884,0.6564574514183718,False,7211,107804,False,107804.0,107464.1640625,107464.1640625,0.9968476500176245,0.9968476500176245,0.31523499823754575,reproduced,reproduced (measured agreement within 1 %),0.0,0.31523499823754575
FDR-040,Srinagar to Ratnipura,Urban,25.991,25.958756172167423,True,65701,104,0,17.285082022209274,108.12606005059476,2478,20.288109972552284,4.428020480257588,7.657121367243564,10.153331939149668,65581.1875,25116.4296875,35665.9921875,42175.62890625,35665.9921875,7.657121367243564,29915.1953125,45.61551330936177,0.3774191572109406,False,6179,65701,False,65701.0,65581.1875,65581.1875,0.9981763976195187,0.9981763976195187,0.1823602380481293,reproduced,reproduced (measured agreement within 1 %),0.0,0.1823602380481293
FDR-052,Srinagar to Buchpora,Urban,9.37,9.33972813295579,True,89823,38,0,7.881705566237278,29.896914019411327,3859,7.548531179015405,4.278329030856868,5.204504332274021,5.644131422447488,89560.1640625,53535.25,64886.41796875,69770.0234375,64886.41796875,5.204504332274021,24673.74609375,27.549911673376688,0.6894724561438285,False,6009,89823,False,89823.0,89560.1640625,89560.1640625,0.9970738459247631,0.9970738459247631,0.29261540752368864,reproduced,reproduced (measured agreement within 1 %),0.0,0.29261540752368864
FDR-370,Srinagar to Pampore,Urban,12.883,12.87422156468548,True,70093,52,0,11.389547618869983,34.503560389885145,2728,10.373488545348222,3.709415162809056,5.457038895054711,6.517576886289428,70070.8359375,31038.37109375,41581.33203125,47141.3203125,41581.33203125,5.457038895054711,28489.50390625,40.658147608887305,0.5260562896656216,False,6612,70093,False,70093.0,70070.8359375,70070.8359375,0.9996837906424322,0.9996837906424322,0.03162093575678204,reproduced,reproduced (measured agreement within 1 %),0.0,0.03162093575678204
FDR-479,Srinagar to Budgam,Urban,15.908,15.896304298688952,True,88926,64,0,8.288997201296223,54.60680866880468,5107,12.400823926788194,5.615623758956618,7.424980258390433,8.43163399546637,85255.75,48160.29296875,59053.6015625,64084.609375,59053.6015625,7.424980258390433,26202.1484375,30.73358505144814,0.5987489462172776,False,5801,88926,False,88926.0,85255.75,85255.75,0.9587269190113128,0.9587269190113128,4.1273080988687205,reproduced_minor_drift,"residual classification, not tested",0.0,4.1273080988687205
FDR-517,Srinagar to Gund,Peri_Urban,57.421,57.34762627007435,True,173998,230,0,10.51586307121134,38.791764397772575,9545,44.30828912905223,13.36315085425931,20.21342961762902,24.96870543896619,173535.71875,89157.6015625,113633.421875,127298.109375,113633.421875,20.21342961762902,59902.296875,34.518713096349224,0.4561997318098975,False,11586,173998,False,173998.0,173535.71875,173535.71875,0.9973431806687433,0.9973431806687433,0.2656819331256721,reproduced,reproduced (measured agreement within 1 %),0.0,0.2656819331256721
FDR-326,Srinagar to Chadoora,Urban,14.5,16.853128396536537,False,108893,68,0,9.520468427367293,51.26049820298563,3090,13.322233970350764,4.804329505584358,6.926484553806082,8.118122602048127,108837.7421875,48228.984375,65942.484375,74029.828125,65942.484375,6.926484553806082,42895.2578125,39.41211656026664,0.5199191493875042,False,7137,108893,False,108893.0,108837.7421875,108837.7421875,0.9994925494522146,0.9994925494522146,0.05074505477854485,substituted_distance,km/geometry mismatch established by length comparison in a02; cause of the population gap not tested,0.0,0.05074505477854485
FDR-036,Srinagar to Bugam,Peri_Urban,62.557,62.481224021489375,True,98152,250,6,19.61220441113341,281.653419365776,3582,48.8040128128077,7.828390661764774,15.05441720105323,20.92568675899657,97971.5625,31901.708984375,49330.96484375,59758.875,49330.96484375,15.05441720105323,48640.59765625,49.64766960438137,0.308466790605843,False,9202,98152,False,98152.0,97971.5625,97971.5625,0.9981616523351536,0.9981616523351536,0.18383476648463626,reproduced,reproduced (measured agreement within 1 %),0.0,0.18383476648463626
FDR-597,Srinagar to Rasoo,Urban,4.174,4.161231514981893,True,40591,17,0,8.578407496495375,33.85797848149855,1597,3.402403045051838,1.7452679208765292,2.228555940488717,2.4661925139854683,40371.08203125,22906.45703125,28325.697265625,30776.646484375,28325.697265625,2.228555940488717,12045.384765625,29.836665651668792,0.6549946937443926,False,3001,40591,False,40591.0,40371.08203125,40371.08203125,0.9945821002500554,0.9945821002500554,0.5417899749944555,reproduced,reproduced (measured agreement within 1 %),0.0,0.5417899749944555
FDR-599,Srinagar to Harwan,Urban,16.558,16.539935897478696,True,71141,67,0,10.932306558585925,67.80602416478237,3568,13.110867459308077,3.811010312236924,6.015469908000192,7.532494642360276,54601.85546875,23169.62890625,32351.130859375,37188.32421875,32351.130859375,6.015469908000192,22250.724609375,40.75085804018078,0.4588155533316372,True,7333,71141,True,71141.0,54601.85546875,70982.412109375,0.767515995962244,0.9977707947509172,0.22292052490827663,reproduced,reproduced (measured agreement within 1 %),16417.15384615385,23.248400403775605
FDR-288,Srinagar to Ganderbal,Urban,16.689,16.640440963859874,True,102776,67,0,7.864322433489601,32.47139471726524,4965,12.83983433744287,5.791465825316132,7.5323289735582,8.579278780615374,102295.390625,60781.41796875,74104.640625,79458.921875,74104.640625,7.5323289735582,28190.75,27.558182072292176,0.5866375512021059,False,6876,102776,False,102776.0,102295.390625,102295.390625,0.9953237197886666,0.9953237197886666,0.46762802113333723,reproduced,reproduced (measured agreement within 1 %),0.0,0.46762802113333723
FDR-602,TRC Srinagar to Airport,Urban,12.0,14.49463618965939,False,96198,58,0,14.768589555715058,67.71972660560569,3002,11.329275579414944,4.337700969057835,6.130842908726161,7.18593624182227,96113.578125,44507.625,59225.34375,66654.8203125,59225.34375,6.130842908726161,36888.234375,38.379836745881214,0.5411504791944309,False,6219,96198,False,96198.0,96113.578125,96113.578125,0.9991224154868085,0.9991224154868085,0.08775845131915316,substituted_distance,km/geometry mismatch established by length comparison in a02; cause of the population gap not tested,0.0,0.08775845131915316
SSCL-01,Parimpora to Harwan via Brein Nishat,Peri_Urban,23.249,23.225352115311004,True,170188,93,0,7.557559612547889,41.74498013840649,6816,17.686435092289162,7.598973373498543,9.983037612618473,11.482327607271266,130613.453125,76081.671875,91747.453125,99612.484375,91747.453125,9.983037612618473,38866.0,29.756505987790067,0.564446003987023,True,14584,170188,True,170188.0,130613.453125,169797.4890625,0.7674657033692153,0.9977054143799798,0.2294585620020162,reproduced,reproduced (measured agreement within 1 %),39274.153846153844,23.253429663078474
SSCL-02,Batamaloo to Nasrullah Pora via Jehangir Chowk Rambagh Hyderpora,Urban,7.083,7.076009671871861,True,33298,29,0,7.508945754247052,34.05974630127572,2670,5.640064394536926,2.715097021883288,3.494577815168824,3.9760416004835775,33128.8359375,18893.21875,23049.4296875,25181.314453125,23049.4296875,3.494577815168824,10079.40625,30.424872968719896,0.6195989213445398,False,7594,33298,False,33298.0,33128.8359375,33128.8359375,0.9949196929995796,0.9949196929995796,0.5080307000420392,reproduced,reproduced (measured agreement within 1 %),0.0,0.5080307000420392
SSCL-03,Batamaloo to Hazratbal via Khanyar,Urban,12.926,12.902868323459092,True,98975,52,0,10.141045361775308,51.669884242715206,4035,9.950676037364143,4.699927522904304,6.190141198416519,6.92201643667832,98884.515625,52927.328125,67829.59375,72889.421875,67829.59375,6.190141198416519,31054.921875,31.40524244743197,0.6220824771274776,False,5390,98975,False,98975.0,98884.515625,98884.515625,0.9990857855519071,0.9990857855519071,0.09142144480929204,reproduced,reproduced (measured agreement within 1 %),0.0,0.09142144480929204
SSCL-04,Batamaloo to Chadoora Chowk via Jehangir Chowk,Urban,10.858,10.847533059965132,True,39417,44,0,7.926085425581238,41.70915039101934,3042,8.437632652610892,3.412013125655962,4.646294660660916,5.452659875423286,39243.53515625,21291.03515625,26732.818359375,29493.19140625,26732.818359375,4.646294660660916,12510.716796875,31.87968858326088,0.5506633023687271,False,8989,39417,False,39417.0,39243.53515625,39243.53515625,0.9955992377971433,0.9955992377971433,0.44007622028566784,reproduced,reproduced (measured agreement within 1 %),0.0,0.44007622028566784
SSCL-05,LD Hospital to Pandach via Jehangir Chowk Dalgate Khanyar,Urban,10.884,10.854814953010674,True,96645,44,0,7.822262217609545,50.4490718963268,4084,8.290880835835356,4.797004199385038,5.818387075118269,6.299044485216714,96318.0078125,58095.90234375,68726.6171875,74396.5625,68726.6171875,5.818387075118269,27591.390625,28.646139233601584,0.7017815344745613,False,11520,96645,False,96645.0,96318.0078125,96318.0078125,0.9966165638418956,0.9966165638418956,0.3383436158104436,reproduced,reproduced (measured agreement within 1 %),0.0,0.3383436158104436
SSCL-06,Pantha Chowk to Narbal Crossing via Sonwar Jehangir Chowk Qamarwari,Peri_Urban,19.752,19.74173299124177,True,101613,79,0,12.348738653822084,58.16492528062269,3828,15.515644417884516,5.432308994339775,7.67810838478313,9.141388125128085,101268.71875,41013.8828125,54914.5703125,64005.74609375,54914.5703125,7.67810838478313,46354.1484375,45.7734125697132,0.4948623581456118,False,8411,101613,False,101613.0,101268.71875,101268.71875,0.9966118385442807,0.9966118385442807,0.33881614557192963,reproduced,reproduced (measured agreement within 1 %),0.0,0.33881614557192963
SSCL-07,Batamaloo to Drussu Pulwama via Marwal,Peri_Urban,32.735,32.67659496266981,True,119785,131,0,11.93609891222454,42.09938372205141,3565,24.81248351843375,6.89725158754854,10.868484029192052,13.652565074976264,119488.25,45989.6953125,65751.171875,78066.390625,65751.171875,10.868484029192052,53737.078125,44.97268821411311,0.4380248362126915,False,26284,119785,False,119785.0,119488.25,119488.25,0.9975226447384898,0.9975226447384898,0.24773552615101613,reproduced,reproduced (measured agreement within 1 %),0.0,0.24773552615101613
SSCL-08,Batamaloo to Budgam Railway Station via Khumeni Chowk,Peri_Urban,15.685,15.661701029022248,True,46176,63,0,9.914034344399068,39.22409270526679,3732,11.2863538525612,4.205783069906479,5.868013943739008,7.018842213195502,45980.7734375,24505.685546875,30964.353515625,34211.63671875,30964.353515625,5.868013943739008,15016.419921875,32.658041175158296,0.5199211384292534,False,10531,46176,False,46176.0,45980.7734375,45980.7734375,0.9957721205279799,0.9957721205279799,0.42278794720200796,reproduced,reproduced (measured agreement within 1 %),0.0,0.42278794720200796
SSCL-09,Parimpora to Naseem Bagh via Noorbagh Gojwara Mill Stop,Peri_Urban,15.058,15.034286821700956,True,114293,61,0,7.819517276611803,31.13236005596644,5250,11.503071124603588,6.030831518312258,7.489225754763384,8.24324372135379,113999.671875,68389.0,81653.5625,88559.578125,81653.5625,7.489225754763384,32346.109375,28.373861821696583,0.651063152930081,False,8667,114293,False,114293.0,113999.671875,113999.671875,0.9974335425179145,0.9974335425179145,0.25664574820855046,reproduced,reproduced (measured agreement within 1 %),0.0,0.25664574820855046
SSCL-10,Pantha Chowk to Agri Kalan Kanihama via Bypass,Peri_Urban,23.59,23.58118175353152,True,111959,95,0,11.973535956160404,62.2266593231145,4328,18.60428860081441,6.304056231575557,9.08560581421184,10.921721885022071,111578.6875,45080.55078125,61356.47265625,71592.015625,61356.47265625,9.08560581421184,50222.21484375,45.01058039757817,0.4883608295462645,False,9265,111959,False,111959.0,111578.6875,111578.6875,0.996603109173894,0.996603109173894,0.3396890826105947,reproduced,reproduced (measured agreement within 1 %),0.0,0.3396890826105947
SSCL-11,Old City Loop Downtown Srinagar,Urban,1.169,1.164342151689028,True,17652,5,0,4.152322863112853,6.437004559617947,806,1.2013676192415017,0.6987637789029292,0.8142606334563373,0.8648875004951738,17429.71484375,10525.4921875,11752.1875,12474.404296875,11752.1875,0.8142606334563373,5677.52734375,32.573839530059004,0.6777780759318541,False,4446,17652,False,17652.0,17429.71484375,17429.71484375,0.9874073670830501,0.9874073670830501,1.2592632916949897,reproduced_minor_drift,"residual classification, not tested",0.0,1.2592632916949897
SSCL-12,Rangreth to District Court Srinagar via Barzulla Jehangir Chowk,Urban,10.327,10.296164100931362,True,94458,42,0,9.074018102839348,32.07720448043858,3456,8.001679176137722,3.92503266120096,4.946973246220583,5.525108476570192,94206.84375,49001.99609375,60689.2421875,66759.34375,60689.2421875,4.946973246220583,33517.6015625,35.57873316661243,0.6182418886492279,False,6790,94458,False,94458.0,94206.84375,94206.84375,0.9973410801626119,0.9973410801626119,0.2658919837388085,reproduced,reproduced (measured agreement within 1 %),0.0,0.2658919837388085
SSCL-13,Batamaloo to Beehama Ganderbal via Hazratbal Zakura,Peri_Urban,26.584,26.51880176163581,True,152128,107,0,8.129983194866423,34.95400556208537,6627,20.10848739229625,8.687180438118903,11.552991259379406,13.243806259313352,151791.890625,85466.8203125,104111.5625,113439.5625,104111.5625,11.552991259379406,47680.328125,31.41164388207909,0.5745330831699187,False,11327,152128,False,152128.0,151791.890625,151791.890625,0.9977906146468764,0.9977906146468764,0.22093853531236496,reproduced,reproduced (measured agreement within 1 %),0.0,0.22093853531236496
SSCL-14,TRC to Central University Ganderbal via Karan Nagar Zoonimar 90ft Road,Peri_Urban,27.314,27.24503423242409,True,125528,109,0,7.450652526467802,36.94238591033098,6301,20.78049800429863,8.377113002348269,11.487691329110568,13.54499455077534,125267.578125,72843.1328125,88566.125,98141.1640625,88566.125,11.487691329110568,36701.453125,29.298445515069304,0.5528111658697611,False,18363,125528,False,125528.0,125267.578125,125267.578125,0.9979253881604104,0.9979253881604104,0.20746118395895685,reproduced,reproduced (measured agreement within 1 %),0.0,0.20746118395895685
SSCL-15,TRC to Pulwama via Nowgam Kaanipora,Peri_Urban,29.364,29.299536197889815,True,127759,118,0,9.448829508271904,36.09353549226215,4812,22.555718959038067,7.746121167410394,11.357119872005962,13.702123534680965,127294.859375,63258.375,81123.3046875,91858.53125,81123.3046875,11.357119872005962,46171.5546875,36.27134270322925,0.5035139820916756,False,7726,127759,False,127759.0,127294.859375,127294.859375,0.9963670612246496,0.9963670612246496,0.3632938775350425,reproduced,reproduced (measured agreement within 1 %),0.0,0.3632938775350425
SSCL-16,Batamaloo Circular via Khonmoh,Urban,13.87,13.863795119744186,True,81554,56,0,11.919635117789335,28.88698345744413,2183,10.969820963501595,3.1829304617165084,4.718157200395457,5.826537775301681,81327.3984375,26716.775390625,38503.375,46352.234375,38503.375,4.718157200395457,42824.0234375,52.656330167022624,0.4301033914859271,False,9412,81554,False,81554.0,81327.3984375,81327.3984375,0.9972214537300439,0.9972214537300439,0.2778546269956106,reproduced,reproduced (measured agreement within 1 %),0.0,0.2778546269956106
SSCL-17,Batamaloo to Womens College Batpora via Rainawari,Urban,4.508,4.499396245305544,True,42363,18,0,7.55197152413777,40.09914119902415,1441,3.5088573811517287,1.6733409907683223,2.1074854121109703,2.343430351883081,42253.6796875,20727.896484375,25734.74609375,27955.24609375,25734.74609375,2.1074854121109703,16518.93359375,39.09466279841382,0.6006187152067208,False,3777,42363,False,42363.0,42253.6796875,42253.6796875,0.9974194388381371,0.9974194388381371,0.2580561161862893,reproduced,reproduced (measured agreement within 1 %),0.0,0.2580561161862893
SSCL-18,Jkpdc Jehangir Chowk to Wadwan,Peri_Urban,15.202,15.191732388823866,True,87331,61,0,8.62129636270699,43.24171583299651,3589,12.050884371708433,4.521220128776023,6.433434211809563,7.528145095797205,87323.53125,40523.69140625,53655.0234375,60089.47265625,53655.0234375,6.433434211809563,33668.5078125,38.556053941645885,0.5338557746776809,False,5499,87331,False,87331.0,87323.53125,87323.53125,0.9999144776768845,0.9999144776768845,0.008552232311553887,reproduced,reproduced (measured agreement within 1 %),0.0,0.008552232311553887
SSCL-19,Pantha Chowk to Sumbal,Peri_Urban,35.736,35.68267808812528,True,119919,143,0,12.048164719288662,71.05833413642132,6257,27.75183083032513,9.204812441541788,13.768114761391024,16.600486051778862,119519.703125,53840.109375,71368.421875,81180.375,71368.421875,13.768114761391024,48151.28125,40.28731664405228,0.4961155480360689,False,9925,119919,False,119919.0,119519.703125,119519.703125,0.9966702784796404,0.9966702784796404,0.33297215203595965,reproduced,reproduced (measured agreement within 1 %),0.0,0.33297215203595965
SSCL-20,Pantha Chowk to Safapora,Regional_District,60.631,60.54432712941575,True,140491,243,0,9.554994940319457,65.01106871008304,7672,45.511628466239735,12.346355299633322,19.613265533266876,24.783467312166724,140087.640625,60572.015625,82739.515625,95330.5390625,82739.515625,19.613265533266876,57348.125,40.93731948381867,0.4309506425993058,False,11594,140491,False,140491.0,140087.640625,140087.640625,0.9971289308567809,0.9971289308567809,0.2871069143219107,reproduced,reproduced (measured agreement within 1 %),0.0,0.2871069143219107
SSCL-21,Batamaloo to Arath,Urban,12.395,12.3861400523868,True,73084,50,0,11.623804947729726,24.479988843683252,1776,9.562927186039294,2.693004659857188,4.063068461359122,5.071933027511189,72856.9140625,23243.626953125,33616.1015625,40980.61328125,33616.1015625,4.063068461359122,39240.8125,53.8601078633902,0.4248770676922758,False,15566,73084,False,73084.0,72856.9140625,72856.9140625,0.9968928091305894,0.9968928091305894,0.3107190869410581,reproduced,reproduced (measured agreement within 1 %),0.0,0.3107190869410581
SSCL-22,Batamaloo to Khrew Bus Stand,Peri_Urban,18.186,18.18208100807937,True,97093,73,0,11.76650007535422,38.56015719490537,3136,14.22315295907201,4.26362251669476,6.2608322933503135,7.681646174812641,96806.421875,33290.6953125,47276.015625,56337.3515625,47276.015625,6.2608322933503135,49530.40625,51.164380720481,0.4401859637849807,False,11206,97093,False,97093.0,96806.421875,96806.421875,0.9970484162092015,0.9970484162092015,0.29515837907985176,reproduced,reproduced (measured agreement within 1 %),0.0,0.29515837907985176
SSCL-23,Batamaloo to Charesharief via Chadoora,Peri_Urban,29.633,29.573272857554823,True,115125,119,0,10.570462282086464,35.63384605256566,3389,21.801085994294805,6.138586777481164,9.561520006392795,11.963363812687623,114853.34375,44712.953125,64704.1640625,76129.28125,64704.1640625,9.561520006392795,50149.1796875,43.663665375436665,0.4385799867444668,False,30043,115125,False,115125.0,114853.34375,114853.34375,0.9976403365906623,0.9976403365906623,0.23596634093376867,reproduced,reproduced (measured agreement within 1 %),0.0,0.23596634093376867
SSCL-24,Pantha Chowk to Palhalan via Sangrama Sopore,Peri_Urban,36.463,36.451690103413696,True,131341,146,0,13.192092548342089,85.58769441376202,5192,28.59263090821404,8.259069283360786,12.756162778219316,15.857475473114544,130978.703125,51136.75390625,71875.3359375,84546.296875,71875.3359375,12.756162778219316,59103.3671875,45.12441013490147,0.4461346288548337,False,10871,131341,False,131341.0,130978.703125,130978.703125,0.9972415553787469,0.9972415553787469,0.27584446212530755,reproduced,reproduced (measured agreement within 1 %),0.0,0.27584446212530755
SSCL-25,Batamaloo to Dadsara Tral via Awantipora,Regional_District,43.869,43.84909423226298,True,112839,176,0,16.70537194992353,86.36670614070226,3794,33.50093226553561,7.155701760813631,12.342156750827904,16.280622131706803,112635.109375,36575.7890625,54607.0390625,66243.5625,54607.0390625,12.342156750827904,58028.0703125,51.51863449548854,0.368412337095616,False,19340,112839,False,112839.0,112635.109375,112635.109375,0.9981930837299161,0.9981930837299161,0.18069162700838914,reproduced,reproduced (measured agreement within 1 %),0.0,0.18069162700838914
SSCL-26,Batamaloo to Kangan via Hazratbal Manigam,Regional_District,55.703,55.6580332925324,True,120242,223,0,14.50871863638542,67.32132093869387,7525,43.09555225663701,11.73272994439732,18.77218380343732,23.77132427979523,120082.7421875,49692.7421875,69939.9296875,80891.4453125,69939.9296875,18.77218380343732,50142.8125,41.75688494996712,0.4355944597634498,False,11929,120242,False,120242.0,120082.7421875,120082.7421875,0.9986755225919396,0.9986755225919396,0.13244774080604094,reproduced,reproduced (measured agreement within 1 %),0.0,0.13244774080604094
SSCL-27,Batamaloo to Manigam,Regional_District,37.093,37.05182459258744,True,118108,149,0,17.387006765600272,67.8352680126382,5423,28.739908739550405,8.482400592393597,13.238772601833618,16.522815541959055,93746.25,39986.7734375,55407.796875,63743.359375,55407.796875,13.238772601833618,38338.453125,40.89598583943358,0.4606407320846879,False,11716,118108,False,118108.0,93746.25,93746.25,0.7937332780167304,0.7937332780167304,20.626672198326958,stale_tourist_flag,"residual classification, not tested",0.0,20.626672198326958
SSCL-28,Batamaloo to Pinglena Pampore via Galandar,Peri_Urban,22.233,22.224617889956047,True,108838,89,0,13.855948466407192,53.3537060132002,3314,17.34314667127541,5.013721380074468,7.591064908598015,9.407495046884256,108588.359375,38830.59765625,54648.89453125,64440.1796875,54648.89453125,7.591064908598015,53939.46484375,49.673339899606525,0.437698247756315,False,12560,108838,False,108838.0,108588.359375,108588.359375,0.9977063100663371,0.9977063100663371,0.2293689933662857,reproduced,reproduced (measured agreement within 1 %),0.0,0.2293689933662857
SSCL-29,Pantha Chowk to Panzinara,Urban,10.811,10.803535242780578,True,65968,44,0,11.77208684152201,41.350865101158405,2778,8.582765219741683,3.4201413143868824,4.611905262940395,5.351532222046755,65624.6796875,30887.89453125,38672.703125,43509.46875,38672.703125,4.611905262940395,26951.9765625,41.06987903155242,0.537344916802839,False,9506,65968,False,65968.0,65624.6796875,65624.6796875,0.9947956537639462,0.9947956537639462,0.5204346236053814,reproduced,reproduced (measured agreement within 1 %),0.0,0.5204346236053814
SSCL-30,Batamaloo to Dc Office Budgam,Peri_Urban,15.685,15.661701029022248,True,46176,63,0,9.914034344399068,39.22409270526679,3732,11.2863538525612,4.205783069906479,5.868013943739008,7.018842213195502,45980.7734375,24505.685546875,30964.353515625,34211.63671875,30964.353515625,5.868013943739008,15016.419921875,32.658041175158296,0.5199211384292534,False,10531,46176,False,46176.0,45980.7734375,45980.7734375,0.9957721205279799,0.9957721205279799,0.42278794720200796,reproduced,reproduced (measured agreement within 1 %),0.0,0.42278794720200796
