New_Route_ID,Route_Name,Route_Type,Route_KM,geom_km,km_geometry_consistent,plan_pop_raw,n_stops,n_stops_off_network,snap_offset_median_m,snap_offset_p95_m,n_nodes_reached,area_euclid_km2,area_net_km2_tau50,area_net_km2_tau100,area_net_km2_tau150,pop_euclid,pop_net_tau50,pop_net_tau100,pop_net_tau150,pop_net,area_net_km2,overstatement_abs,overstatement_pct,area_ratio,poi_w_euclid,n_poi_euclid,poi_w_net,n_poi_net,pop_score_euclid,pop_score_net,poi_score_euclid,poi_score_net,cdi_euclid_equal,gate_euclid_equal,band_euclid_equal,cdi_euclid_entropy,gate_euclid_entropy,band_euclid_entropy,cdi_euclid_pca,gate_euclid_pca,band_euclid_pca,cdi_net_equal,gate_net_equal,band_net_equal,cdi_net_entropy,gate_net_entropy,band_net_entropy,cdi_net_pca,gate_net_pca,band_net_pca
FDR-059,Soura to LD,Urban,10.099,10.073678941377882,True,95384,41,0,7.052955410457645,24.807206402738736,3973,7.687513951738791,4.4008115225312885,5.339566842049853,5.768173928580724,95291.65625,56746.0625,68499.171875,73547.328125,68499.171875,5.339566842049853,26792.484375,28.116296252327967,0.6945765400324418,127.60000000000002,187,82.2,120,0.9183899777321163,0.921430129155646,0.5067479016559592,0.5262555869307649,0.7125689396940378,1,2,0.6593957522003722,1,2,0.7125689396940378,1,2,0.7238428580432055,1,2,0.670825185294752,1,2,0.7238428580432055,1,2
FDR-488,Parimpora to Budgam,Peri_Urban,17.0,14.90592379576738,False,115774,60,0,8.277964912458877,45.65922526192759,3984,11.622855367723297,4.495435937828857,6.226596896985221,7.273865544298037,54337.6875,27075.2734375,34842.8984375,38687.203125,34842.8984375,6.226596896985221,19494.7890625,35.87710474889091,0.5357200704980377,17.999999999999996,30,5.0,8,0.23206881458975717,0.23059911092019109,0.04246618433469645,0.01901622718052739,0.1372674994622268,0,0,0.112775891840514,0,0,0.13726749946222683,0,0,0.12480766905035924,0,0,0.0964211438806787,0,0,0.12480766905035925,0,0
FDR-271,Parimpora to Hazratbal,Peri_Urban,10.5,9.353796932413015,False,113789,38,0,7.077026493331083,24.196059873367187,2945,6.692076295903882,3.186434312992043,4.108130299635648,4.682589384924264,51943.921875,31529.80859375,38395.33984375,41968.03125,38395.33984375,4.108130299635648,13548.58203125,26.08309411802572,0.6138797763184756,55.800000000000004,85,27.79999999999999,45,0.4246423023511358,0.4651654742854765,0.21313980137509558,0.1711822660098522,0.3188910518631157,1,1,0.29157056449462443,1,1,0.3188910518631157,1,1,0.31817387014766435,1,1,0.27873229721094456,1,1,0.31817387014766435,1,1
FDR-429,Parimpora to Chadora,Peri_Urban,18.0,18.29587524599009,False,137879,74,0,12.827192041623784,41.12512417895429,3099,14.497846759963206,4.978905751007162,7.08165632355493,8.412801548198917,102759.0625,41078.8828125,56705.453125,64157.4765625,56705.453125,7.08165632355493,46053.609375,44.81707817741136,0.4884626276442242,63.400000000000006,98,29.799999999999994,45,0.5084381340251738,0.3912545492577797,0.14126559714795014,0.10704022988505747,0.324851865586562,1,1,0.27742295760902713,1,1,0.32485186558656204,1,1,0.24914738957141858,1,0,0.21101643687874108,1,0,0.2491473895714186,1,0
FDR-394,Lawaypora to Jehangir Chowk,Urban,14.207,14.19800904069274,True,82757,57,0,12.800488127535807,52.23777283530049,3315,10.402134830585858,4.364837156650009,5.843192569093816,6.687052771967587,82756.515625,40436.578125,52067.05078125,58146.45703125,52067.05078125,5.843192569093816,30689.46484375,37.08404663001421,0.561730131771876,48.599999999999994,75,21.8,33,0.5212215456382564,0.4663605592303682,0.13719982128264707,0.09921044264240797,0.32921068346045174,1,1,0.27960530942909595,1,1,0.3292106834604518,1,1,0.2827855009363881,1,1,0.23352766003088798,1,0,0.2827855009363881,1,1
FDR-068,Lalbazar to LD,Urban,6.5,6.33027766964439,False,90006,26,0,5.552886147166007,28.424338814070836,2962,5.085574690700084,3.1553693273294434,3.705609922433421,3.956562462534917,65553.359375,42784.90625,49195.0546875,52204.94921875,49195.0546875,3.705609922433421,16358.3046875,24.95418212501028,0.7286511648742109,68.80000000000003,102,42.800000000000004,66,0.9898203037617304,1.0,0.4245166598107777,0.42572944297082244,0.707168481786254,1,2,0.6341463142343267,1,2,0.7071684817862541,1,2,0.7128647214854112,1,2,0.6358190487297029,1,2,0.7128647214854112,1,2
FDR-002,Soura to Gadoora,Peri_Urban,17.862,17.821450994325268,True,68267,72,0,10.764400868197908,42.74762017726724,3469,13.779719737209826,5.00934859801678,7.12637527896916,8.423536504587128,67978.5546875,35304.3515625,45346.77734375,50406.5625,45346.77734375,7.12637527896916,22631.77734375,33.29252504380116,0.5171640218288023,68.40000000000002,108,38.199999999999996,61,0.2991046037218595,0.3019924116558384,0.15358389363013056,0.13827273464376313,0.226344248675995,1,0,0.20754685051962363,1,0,0.22634424867599506,1,0,0.22013257314980078,1,0,0.1981675037163321,1,0,0.22013257314980078,1,0
FDR-481,Soura to Ganderbal,Urban,12.5,9.4666327603635,False,34248,38,0,8.07423216594718,25.647667298273984,2127,7.066447182092444,2.6209833039575896,3.682143102225829,4.385252652008513,32536.2890625,19290.1015625,24172.064453125,25862.5546875,24172.064453125,3.682143102225829,8364.224609375,25.70737121651425,0.5210741702785233,31.399999999999995,50,20.0,32,0.16679275694216192,0.21369505169945435,0.10074866310160428,0.10344827586206899,0.1337707100218831,0,0,0.12523957292795904,0,0,0.13377071002188312,0,0,0.15857166378076168,1,0,0.14378066168328243,1,0,0.15857166378076168,1,0
FDR-081,Lalbazar to Lalchowk,Urban,8.433,8.411662744303428,True,83040,34,0,6.331883562699481,30.07317761305883,3639,6.456415414120026,3.860264660176594,4.630857472869423,4.972287444988237,82673.953125,51209.98828125,60486.4140625,64387.5546875,60486.4140625,4.630857472869423,22187.5390625,26.83739947568885,0.717248995896678,92.80000000000001,144,55.8,87,0.9588549594265382,0.978325894360049,0.44135244085021236,0.4278143745629854,0.7001037001383753,1,2,0.6332561642620568,1,2,0.7001037001383754,1,2,0.7030701344615172,1,2,0.6292120376404795,1,2,0.7030701344615172,1,2
FDR-122,Jehangir Chowk to Soura,Urban,10.004,9.980205306327615,True,74105,40,0,8.325742987171733,36.60066479333777,3802,7.142180748419126,3.705841143361442,4.595943567390417,5.077078997902016,73944.6015625,42902.0078125,51557.328125,55332.11328125,51557.328125,4.595943567390417,22387.2734375,30.27573746350863,0.6434930351500413,113.4,174,68.20000000000003,102,0.6935275065572448,0.683655727939593,0.45463098183186634,0.4407719670752392,0.5740792441945556,1,2,0.5432201789068333,1,2,0.5740792441945557,1,2,0.5622138475074161,1,2,0.5296279130063722,1,2,0.5622138475074161,1,2
TRK-031,Soura to Hazratbal,Urban,6.0,5.0294886515431205,False,59647,21,0,4.40476421432458,20.807201321971384,2069,3.83735062252201,2.213669069128044,2.7289421926807598,3.005511994314784,40761.2265625,24333.9609375,30585.583984375,32947.953125,30585.583984375,2.7289421926807598,10175.642578125,24.964024481752247,0.7111526834853639,44.599999999999994,71,22.199999999999996,34,0.6277526799428257,0.6754714580750979,0.2981283422459894,0.2392241379310345,0.46294051109440754,1,1,0.4203618299306614,1,1,0.4629405110944076,1,1,0.4573477980030662,1,1,0.39881969159578173,1,1,0.45734779800306624,1,1
FDR-161,TRC to Hazratbal,Urban,8.127,8.107925125755653,True,59483,33,0,7.666884311443023,43.538288645463496,2677,6.434570626436331,3.02723300893907,4.077537533542029,4.610208345912485,59275.46484375,33328.62890625,42357.1171875,47239.97265625,42357.1171875,4.077537533542029,16918.34765625,28.54190633653693,0.6336922492993597,69.0,106,38.199999999999996,60,0.6827634578559482,0.6921545839402241,0.3405167563854295,0.3039039727091051,0.5116401071206889,1,1,0.46743095289658654,1,1,0.5116401071206889,1,1,0.4980292783246646,1,1,0.4459405386635841,1,1,0.4980292783246646,1,1
FDR-147,Hazratbal to LD,Urban,6.5,7.256773193617517,False,72103,30,0,12.665779237563246,42.27983737267786,2252,5.7332110746729565,2.6193819939253244,3.4654729541103597,3.925419768232277,53729.20703125,28868.02734375,37234.48046875,40442.67578125,37234.48046875,3.4654729541103597,16494.7265625,30.69973944135511,0.6044558466405395,57.2,88,34.0,52,0.789723555871743,0.7675374343604222,0.35294117647058837,0.3381962864721486,0.5713323661711657,1,2,0.5149117213837991,1,1,0.5713323661711658,1,2,0.5528668604162854,1,2,0.4952653045366246,1,2,0.5528668604162854,1,2
FDR-262,Soura to Railway Station,Peri_Urban,18.799,18.768873609985636,True,117138,76,0,8.88848003122796,41.65642856167405,5095,14.153553317466528,6.002966683107854,7.992527087476415,9.149517404623356,117008.84375,63394.171875,78831.125,85770.359375,78831.125,7.992527087476415,38177.71875,32.62806256898851,0.5647010971875909,159.8,237,102.20000000000002,150,0.5651275011685705,0.5434948712517623,0.3409272253359706,0.3514952189313079,0.45302736325227055,1,1,0.42406666172094115,1,1,0.4530273632522706,1,1,0.44749504509153515,1,1,0.4217358585881952,1,1,0.44749504509153515,1,1
FDR-101,Malbagh to LD,Urban,9.0,9.155053590126164,False,102579,37,0,5.566999769658962,21.277616899618167,3919,7.177772242974175,4.263415648742959,5.046755569984734,5.468028895691634,87580.453125,53906.15625,62308.3359375,67892.1015625,62308.3359375,5.046755569984734,25272.1171875,28.85588768469848,0.7031089033125361,75.00000000000001,113,49.4,75,0.9508843560265255,0.9419193551979878,0.33422459893048145,0.3548850574712645,0.6425544774785035,1,2,0.562898468558269,1,2,0.6425544774785036,1,2,0.6484022063346261,1,2,0.5696441160139131,1,2,0.6484022063346262,1,2
FDR-269,Jehangir Chowk to JVC,Urban,4.5,7.51761331836909,False,57220,31,0,14.73662402629584,53.71659736897281,2297,5.527069733358252,3.0790138821032524,3.8403961076487048,4.159918295736106,58410.94921875,35619.7109375,43303.765625,45688.03125,43303.765625,3.8403961076487048,15107.18359375,25.86361597578793,0.6948340247039506,55.79999999999999,94,28.999999999999996,46,1.0,1.0,0.49732620320855625,0.41666666666666674,0.7486631016042782,1,2,0.6837310414521007,1,2,0.7486631016042782,1,2,0.7083333333333334,1,2,0.630071774287023,1,2,0.7083333333333334,1,2
FDR-173,Soura to Parimpora,Urban,12.314,12.29716172541452,True,92683,50,0,10.313540351646116,29.814223643406155,4337,9.115909767585022,4.713746461911102,5.805431224411713,6.389850857098876,92397.1796875,53945.76953125,65829.5546875,70555.171875,65829.5546875,5.805431224411713,26567.625,28.75371855489028,0.6368460606153721,86.80000000000003,126,56.400000000000006,85,0.7058386393241823,0.7117141018953945,0.2827093895127412,0.2961305606738616,0.49427401441846175,1,1,0.4396169901687947,1,1,0.49427401441846186,1,1,0.503922331284628,1,1,0.4481665326846559,1,1,0.503922331284628,1,1
FDR-467,Jehangir Chowk to Budgam,Regional_District,11.5,14.013283331860004,False,179264,57,0,7.827436678990504,42.23850695055864,4640,11.040019647885158,5.120374695721921,6.662389775504049,7.618318163749229,68912.421875,41109.29296875,49056.2734375,53388.578125,49056.2734375,6.662389775504049,19856.1484375,28.813598328494383,0.6034762607311397,38.2,64,25.2,42,0.5396277126402909,0.5540612537960539,0.13322483143455016,0.14167916041979012,0.3364262720374205,1,1,0.28392984891589107,1,1,0.3364262720374206,1,1,0.347870207107922,1,1,0.29254392330722334,1,1,0.34787020710792205,1,1
FDR-106,Parimpora to Saidakadal,Urban,9.0,9.71278237247366,False,116598,39,0,10.32465853378145,30.19399864460292,3313,7.571396597136244,4.020118794783257,4.935252232033564,5.359665202132205,81094.6640625,48057.76953125,57507.0625,62250.9375,57507.0625,4.935252232033564,23587.6015625,29.08650258951802,0.6518285191797035,71.00000000000003,100,40.599999999999994,53,0.8716153010198754,0.8640561580888412,0.3163992869875225,0.2916666666666667,0.5940072940036989,1,2,0.522288179439312,1,1,0.594007294003699,1,2,0.5778614123777539,1,2,0.5010681084113127,1,2,0.577861412377754,1,2
FDR-275,Jehangir Chowk to HMT,Urban,10.311,10.305535119280822,True,70280,42,0,12.864247479260968,36.44816761648402,2642,7.006859301289575,3.3916473433146863,4.441264358317142,4.944589427038046,70204.0234375,37260.203125,48185.49609375,52606.7734375,48185.49609375,4.441264358317142,22018.52734375,31.363625994103124,0.6338452318429957,57.2,93,27.399999999999995,44,0.6294153457536384,0.6135304949021251,0.22249225555802776,0.17181182466666,0.4259538006558331,1,1,0.37339018039445365,1,1,0.42595380065583316,1,1,0.39267115978439254,1,1,0.3334090024258373,1,1,0.3926711597843926,1,1
FDR-289,Parimpora to Pantha Chowk,Peri_Urban,21.307,21.295467064273407,True,133241,86,0,10.610478507934449,50.531142132775216,4936,16.11926784770313,6.29705966438428,8.768254647969071,10.115868447008022,133104.078125,63084.7734375,82793.203125,92681.328125,82793.203125,8.768254647969071,50310.875,37.79814691534269,0.5439610986561327,145.4,226,79.4,120,0.5676309393334042,0.4985933220876341,0.2736917821438513,0.2409358750483491,0.4206613607386278,1,1,0.3826922540186468,1,1,0.42066136073862787,1,1,0.3697645985679916,1,1,0.33519658684481457,1,1,0.3697645985679916,1,1
FDR-265,Baghat Shora to Lalchowk,Urban,4.5,4.424419813987166,False,80997,18,0,5.802206820396197,16.76724319741788,1502,3.695643820912324,1.7567644402964808,2.337096866299928,2.595254078352188,44661.23828125,21556.02734375,28505.51953125,31681.03515625,28505.51953125,2.337096866299928,16155.71875,36.17391584232587,0.6323923461116935,51.400000000000006,88,25.4,40,0.9721752969373963,0.8560120482943093,0.45811051693404653,0.3649425287356322,0.7151429069357215,1,2,0.6487394352800422,1,2,0.7151429069357216,1,2,0.6104772885149707,1,2,0.5445940893136256,1,2,0.6104772885149709,1,2
FDR-338,Parimpora to Rawalpora,Urban,14.409,14.382759087807152,True,97796,58,0,9.128268060007745,47.59152775276477,3408,11.005449510063452,4.74879431772534,6.3400552294486126,7.206029749246436,97534.9375,47566.0234375,62455.0859375,68894.1015625,62455.0859375,6.3400552294486126,35079.8515625,35.96644695907044,0.5760832598115349,53.199999999999996,81,21.199999999999996,33,0.6250567637302953,0.5640864211068295,0.14808035530378186,0.09512732702980178,0.38656855951703856,1,1,0.32495591720147027,1,1,0.38656855951703867,1,1,0.3296068740683156,1,1,0.2666900686430353,1,1,0.3296068740683157,1,1
FDR-097,Lalbazar to Qamarwari,Urban,8.695,8.68289227798524,True,83258,35,0,7.59715829122137,29.237604276957534,3430,6.756508037993175,3.901378597042664,4.653552703379322,4.999989642596729,83150.3984375,50914.73046875,58695.85546875,62715.828125,58695.85546875,4.653552703379322,24454.54296875,29.41001297441919,0.6887511532897584,76.80000000000001,113,48.8,72,0.9323884274116405,0.9167248219973595,0.35425116776806403,0.36287204298943115,0.6433197975898522,1,2,0.568639868858722,1,2,0.6433197975898524,1,2,0.6397984324933953,1,2,0.5654920634066088,1,2,0.6397984324933954,1,2
FDR-132,Safakadal to SMHS,Urban,1.5,1.5755165399901088,False,41575,7,0,7.650776494880127,30.45096778117845,878,1.4503574387258702,0.8913458050101144,1.0539357608669468,1.1345476451176717,18856.5703125,11870.8720703125,13622.080078125,14614.896484375,13622.080078125,1.0539357608669468,5234.490234375,27.75950317383571,0.7266731170716253,37.39999999999999,54,23.199999999999996,35,1.0,1.0,1.0,1.0,1.0,1,2,1.0,1,2,1.0,1,2,1.0,1,2,1.0,1,2,1.0,1,2
FDR-455,Narbal to Jehangir Chowk,Peri_Urban,17.0,19.869410885263484,False,94352,80,0,11.815676084909247,42.91568066549686,3644,15.309335856619064,5.082786376446424,7.294548598012079,8.778811397984676,93028.8671875,43053.44921875,55645.56640625,63091.8828125,55645.56640625,7.294548598012079,37383.30078125,40.184624312261946,0.476477142204588,54.4,82,25.799999999999994,38,0.48241813706993275,0.40920197434048694,0.12834224598930483,0.0981237322515213,0.3053801915296188,1,1,0.25964302121194277,1,0,0.3053801915296188,1,1,0.25366285329600413,1,0,0.21192776493383036,1,0,0.25366285329600413,1,0
FDR-098,Soura to SMHS,Urban,11.97,11.94075768923086,True,96442,48,0,8.874188853072566,40.10340575891362,4433,7.548529824873411,4.612274424086778,5.455952084048638,5.818433929099517,95859.625,60636.28125,71061.15625,75284.9140625,71061.15625,5.455952084048638,24798.46875,25.869565784343514,0.7227834042690736,148.00000000000003,227,87.4,134,0.7613761782360436,0.7979285635837121,0.49589213675901006,0.4720853858784894,0.6286341574975268,1,2,0.5943406935042524,1,2,0.6286341574975269,1,2,0.6350069747311008,1,2,0.5912909831451327,1,2,0.6350069747311008,1,2
FDR-270,Soura to Qamarwari,Urban,9.3,9.281839994471188,True,63584,38,0,8.348352093814961,38.324309272431016,3134,6.698193974870185,3.353967215073746,4.192371431558168,4.652506207174863,63470.73046875,36077.703125,44509.37109375,48317.02734375,44509.37109375,4.192371431558168,18961.359375,29.87417859376249,0.6258957932969414,56.599999999999994,79,30.399999999999995,43,0.6311925225780394,0.6299856091653686,0.24409177160600312,0.21134593993325917,0.43764214709202126,1,1,0.3876390448664685,1,1,0.4376421470920213,1,1,0.42066577454931386,1,1,0.3644999576474797,1,1,0.4206657745493139,1,1
FDR-575,Safakadal to Jehangir Chowk,Urban,3.149,3.1382940525744822,True,32077,13,0,7.898405241510724,29.82142617475296,1439,2.5023409999602837,1.4765035587824746,1.7645268596347632,1.9056264790208053,31858.97265625,19346.015625,23095.1640625,24179.740234375,23095.1640625,1.7645268596347632,8763.80859375,27.50813307230339,0.7051504409921627,59.199999999999996,94,29.599999999999994,47,0.993344536026405,1.0,0.7539954114963923,0.6077463015078679,0.8736699737613987,1,2,0.8427524446390247,1,2,0.8736699737613988,1,2,0.803873150753934,1,2,0.7512473462070615,1,2,0.803873150753934,1,2
FDR-316,Qamarwari to Pathachowk,Peri_Urban,19.719,19.70410517093169,True,122169,79,0,10.603884585741218,52.27424944242083,4501,14.397846739453652,5.642709271912735,7.893058575681859,9.167127835040018,121767.65625,56228.1171875,75704.953125,84173.1171875,75704.953125,7.893058575681859,46062.703125,37.828356514006565,0.548211042839686,137.00000000000006,214,72.0,112,0.559730779041757,0.4918006467114107,0.2786476193730471,0.23607548120052255,0.41918919920740205,1,1,0.38288074480243717,1,1,0.41918919920740216,1,1,0.3639380639559666,1,1,0.32962929228695315,1,1,0.3639380639559666,1,1
FDR-117,Qamarwari to Dalgate,Urban,8.844,8.829161720805317,True,77329,36,0,8.619998485179952,34.89304108223841,3123,6.518487429197124,3.65494282639636,4.52309131613545,4.87686662837828,77114.2890625,46807.3046875,57323.74609375,60482.09375,57323.74609375,4.52309131613545,19790.54296875,25.66391159063926,0.6938866363193333,76.40000000000003,111,48.0,67,0.8395919312030872,0.8774811037929324,0.3464689193797665,0.3509100266691621,0.5930304252914268,1,2,0.5293320720641163,1,1,0.5930304252914269,1,2,0.6141955652310472,1,2,0.5435493821835023,1,2,0.6141955652310473,1,2
FDR-164,Lalbazar to Parimpora,Urban,10.0,11.388087063279883,False,100546,46,0,9.17982503237858,25.270077510757737,3975,8.7690499267256,4.7041981545334615,5.748989236573921,6.293456756450158,96770.140625,57609.4765625,67618.34375,73142.09375,67618.34375,5.748989236573921,29151.796875,30.12478506977472,0.655600011929755,89.20000000000002,130,54.400000000000006,81,0.9449282702339167,0.918374797847575,0.3577540106951873,0.3517241379310346,0.6513411404645519,1,2,0.5754938721495151,1,2,0.651341140464552,1,2,0.6350494678893048,1,2,0.5590261008955522,1,2,0.6350494678893048,1,2
FDR-199,Qamarwari to Hazratbal,Urban,8.0,8.577266039276221,False,102032,35,0,6.1790943931794615,29.02680392019623,3486,6.860680221605,3.710541029059607,4.629413222084453,5.100488640019717,71584.2421875,43770.95703125,52227.28125,56336.921875,52227.28125,4.629413222084453,19356.9609375,27.04081281855087,0.6747746684805315,71.40000000000002,106,42.199999999999996,59,0.8647417733164704,0.884305419021196,0.35795454545454564,0.3410560344827587,0.611348159385508,1,2,0.5458847535467141,1,2,0.6113481593855081,1,2,0.6126807267519774,1,2,0.5397969374063887,1,2,0.6126807267519774,1,2
FDR-446,Parimpora to Rangrath,Peri_Urban,19.812,19.765436839121072,True,87853,80,0,11.709341435112332,52.86390546590606,2707,10.533497419011384,4.117210292113044,5.615166424607434,6.491547209420879,87643.515625,37589.88671875,50760.6328125,57635.109375,50760.6328125,5.615166424607434,36882.8828125,42.08284269461606,0.5330771159133623,52.599999999999994,77,22.8,32,0.3670826201410813,0.30540578727320783,0.10648221625525933,0.07440631592138518,0.2367824181981703,1,0,0.2031197900508423,1,0,0.23678241819817034,1,0,0.1899060515972965,1,0,0.15891454513980996,1,0,0.1899060515972965,1,0
FDR-108,Saidakadal to Bypass,Urban,7.5,11.205218980905514,False,108026,45,0,11.068420457185836,41.53297122139711,3669,8.665807437578465,4.716091502843891,5.7315631086670615,6.271630944766485,96735.8203125,57028.36328125,67846.15625,73279.328125,67846.15625,5.7315631086670615,28889.6640625,29.8644948367352,0.6613997772224517,84.40000000000003,125,44.599999999999994,64,1.0,1.0,0.4513368983957222,0.3844827586206897,0.7256684491978611,1,2,0.6547957963083569,1,2,0.7256684491978612,1,2,0.6922413793103448,1,2,0.609661941144238,1,2,0.6922413793103449,1,2
FDR-401,Jehangir Chowk to Panzinara,Peri_Urban,10.0,9.582023132236973,False,85701,39,0,7.166275103743332,27.35597550426237,2927,7.609319392248184,3.414645748979656,4.524583154119858,5.223519590874267,48623.58203125,29747.0390625,36390.50390625,38132.38671875,36390.50390625,4.524583154119858,12233.078125,25.15873494704256,0.5946107556911293,57.00000000000001,91,41.60000000000001,65,0.41532748484081644,0.46258957073467055,0.2286096256684493,0.26896551724137946,0.32196855525463286,1,1,0.29784958318834853,1,1,0.3219685552546329,1,1,0.365777543988025,1,1,0.33980042348188016,1,1,0.365777543988025,1,1
FDR-407,Batamallo to Pantha Chowk,Peri_Urban,17.436,17.429341640085966,True,92763,70,0,8.491607594138177,34.19434757890456,2960,13.011834936020945,4.1967095032226895,6.154527107121456,7.476886820139924,92672.6015625,36042.28125,48920.6484375,56463.1015625,48920.6484375,6.154527107121456,43751.953125,47.21131422591274,0.472994557445833,45.4,67,16.4,25,0.46511866469329693,0.3409619814712729,0.10443081067752137,0.06081353679663954,0.2847747376854092,1,1,0.2381834779408138,1,0,0.28477473768540923,1,1,0.2008877591339562,1,0,0.16330229505743765,1,0,0.20088775913395623,1,0
FDR-219,Qamarwari to Jehangir Chowk,Urban,5.5,6.566960311280401,False,80492,27,0,9.055809555056726,47.68479608761928,2018,4.782019130774867,2.4305504484177844,3.134496330007508,3.480225408942456,52034.625,29453.53125,36530.8671875,40189.0703125,36530.8671875,3.134496330007508,15503.7578125,29.795079358215805,0.6554754893880154,35.8,58,22.999999999999996,38,0.9211497333726717,0.9008808743882483,0.2610597958191542,0.27037617554858934,0.5911047645959129,1,2,0.5058387336138868,1,1,0.591104764595913,1,2,0.5856285249684188,1,2,0.5010383294531912,1,2,0.5856285249684189,1,2
FDR-332,Parimpora to Jehangir Chowk,Peri_Urban,20.711,20.66007832048569,True,136129,83,0,10.398308258345695,37.80001074563522,3859,14.48955400469858,5.537762188320567,7.550516913924157,8.786183125366362,136066.53125,57529.98046875,77300.6015625,87424.875,77300.6015625,7.550516913924157,58765.9296875,43.18911428669201,0.5211007123805,94.20000000000002,147,41.199999999999996,58,0.6031388858369767,0.4762063943285115,0.18241875652118014,0.12861730980871403,0.3927788211790784,1,1,0.338432991103318,1,1,0.3927788211790785,1,1,0.30241185206861276,1,1,0.25577837150518573,1,1,0.30241185206861276,1,1
FDR-261,JVC to Batwara,Urban,9.5,9.398993141241554,False,99772,38,0,9.86514107494042,34.9764857105354,1800,7.382035955790833,2.514473156378486,3.701485730437112,4.45421304366999,34836.91796875,17113.279296875,21763.31640625,24139.65234375,21763.31640625,3.701485730437112,13073.6015625,37.52800857477548,0.5014180034619696,20.799999999999997,31,14.200000000000001,20,0.2838457422203145,0.26581699784236457,0.08781311567689278,0.09664246823956446,0.18582942894860363,1,0,0.16050723714199971,1,0,0.18582942894860366,1,0,0.1812297330409645,1,0,0.15853282600500795,1,0,0.18122973304096454,1,0
FDR-335,LD to Panthachowk,Urban,13.344,13.333447398278407,True,78707,54,0,8.823869955175283,43.47109785021485,2688,10.130424951393255,3.745402655550188,5.322253219848506,6.339410285178985,78287.46875,35545.44140625,46780.86328125,52329.2890625,46780.86328125,5.322253219848506,31506.60546875,40.24476199295944,0.5253731452910598,80.60000000000002,119,54.199999999999996,77,0.52582104549799,0.44313522218665097,0.24225272188666194,0.26261318531381794,0.38403688369232597,1,1,0.3474074123263814,1,1,0.384036883692326,1,1,0.3528742037502345,1,1,0.3286548848110057,1,1,0.3528742037502344,1,1
FDR-104,Hazratbal to Bone Joint Hospital Barzalla,Peri_Urban,15.276,15.245493424872564,True,132535,61,0,8.918069470389275,59.74681534904669,5430,11.704397781476844,5.888397475041399,7.417771336771617,8.24725239939714,132138.4375,72401.09375,88329.125,97452.75,88329.125,7.417771336771617,43809.3125,33.15410211355042,0.6337593334798345,154.20000000000002,241,86.80000000000001,129,0.8319666170853555,0.7753947572277523,0.40485022117109376,0.3673781726575833,0.6184084191282246,1,2,0.5632363618447365,1,2,0.6184084191282248,1,2,0.5713864649426679,1,2,0.5166458694708755,1,2,0.5713864649426679,1,2
FDR-438,GBS to LAL Chowk,Peri_Urban,2.931,2.9292280770428505,True,74587,12,0,10.383013762185858,23.439777328619893,1091,2.5302671917995707,1.198633685733622,1.5180322229642942,1.6915123870172888,31222.634765625,15651.734375,19347.953125,21160.490234375,19347.953125,1.5180322229642942,11874.681640625,38.03228564713763,0.5999493760517216,38.2,64,23.199999999999996,35,1.0,0.8949212737021689,0.5227176941307836,0.5117707267144319,0.7613588470653918,1,2,0.6997066909512593,1,2,0.7613588470653919,1,2,0.7033460002083004,1,2,0.6519414987968029,1,2,0.7033460002083004,1,2
FDR-151,Parimpora to Jawahairnagar,Urban,12.642,12.625359562060822,True,101463,51,0,10.47604798135445,41.58994537570527,3555,9.388251637110065,4.45772191356272,5.8325312953510045,6.463949085385239,101165.453125,52916.62109375,66192.890625,73650.953125,66192.890625,5.8325312953510045,34972.5625,34.56966920989116,0.6212585176451877,94.4,155,55.800000000000004,91,0.7607169506162527,0.6956648143148971,0.2994855447464399,0.285378786638954,0.5301012476813463,1,1,0.4705224401501522,1,1,0.5301012476813464,1,1,0.49052180047692556,1,1,0.43547673045263363,1,1,0.49052180047692556,1,1
FDR-001,Qamarwari to Baghi Mehtab,Peri_Urban,16.223,16.18465322939245,True,118225,65,0,11.141513452504574,43.36402695053104,3820,11.825849466289618,5.302105836911404,6.862057379301307,7.832482409575919,117997.5390625,57540.55859375,72696.1484375,81833.9609375,72696.1484375,6.862057379301307,45301.390625,38.39180968088251,0.580259151688178,71.4,106,36.99999999999999,52,0.6805443330251137,0.5854841008128615,0.1765170661182497,0.14745986434755257,0.4285306995716817,1,1,0.36342380714555333,1,1,0.4285306995716818,1,1,0.366471982580207,1,1,0.3077054803301874,1,1,0.3664719825802071,1,1
FDR-176,Jehangir Chowk to Bemina,Urban,6.545,6.541199758476934,True,52214,27,0,8.644277781362593,35.90898030400426,2109,4.658780230770088,2.6315215061503188,3.2207972240724705,3.5064197835298243,52214.12109375,31501.396484375,37730.80078125,40008.3984375,37730.80078125,3.2207972240724705,14483.3203125,27.73832060965907,0.6913391627275963,38.8,64,17.200000000000003,27,0.7580089861721353,0.7728569927742023,0.23776160926208115,0.16991122467795902,0.4978852977171082,1,1,0.4306831992843715,1,1,0.4978852977171083,1,1,0.47138410872608066,1,1,0.39049129301478847,1,1,0.4713841087260807,1,1
FDR-078,Chanapora to Soura,Urban,11.5,14.070689864458,False,133070,57,0,9.344902760356192,53.1579139413363,4924,11.043066390758982,5.443805664426128,6.8313415241870326,7.587109243488834,132523.96875,69587.0625,85534.6640625,95348.5,85534.6640625,6.8313415241870326,46989.3046875,35.457212103376584,0.6186091147567138,168.2,255,73.60000000000002,109,1.0,1.0,0.5866077656358987,0.4137931034482761,0.7933038828179493,1,2,0.739904621508712,1,2,0.7933038828179495,1,2,0.706896551724138,1,2,0.6282494677564172,1,2,0.7068965517241381,1,2
FDR-191,Parimpora to Humhama,Peri_Urban,16.99,16.968572808050297,True,129559,68,0,11.286974972654363,47.8824942941837,4834,12.4550286836046,5.789931959502161,7.4002183157245955,8.283513367583923,129138.3046875,65426.3359375,82035.9375,90945.546875,82035.9375,7.4002183157245955,47102.3671875,36.47435770624554,0.5941550600735271,111.80000000000001,178,55.0,83,0.7165542358591416,0.6361930343934679,0.2639174349176774,0.20930161758438035,0.4902358353884095,1,1,0.4317672217995968,1,1,0.49023583538840954,1,1,0.4227473259889241,1,1,0.3654744325781227,1,1,0.4227473259889241,1,1
FDR-341,LD to Pampore,Peri_Urban,15.854,15.839279311415924,True,93243,64,0,8.823869955175283,42.46822005013746,3348,12.111720560807518,4.680769733010548,6.6203001633860366,7.7920909398231535,92731.6015625,44063.94140625,57649.6796875,63817.9609375,57649.6796875,6.6203001633860366,35081.921875,37.83167904347603,0.5466027828291181,92.39999999999999,135,62.20000000000001,88,0.5238665474759747,0.46218610801803817,0.233750621479827,0.2536616452717253,0.3788085844779009,1,1,0.34133333735316923,1,1,0.37880858447790094,1,1,0.35792387664488173,1,1,0.3299476774097605,1,1,0.35792387664488173,1,1
FDR-080,Batmaloo to Dalgate,Urban,3.5,4.378353173272152,False,42851,18,0,10.2078300902533,53.53413426048518,1570,3.527169936099966,1.686601080551829,2.2616462294479627,2.5411133438575315,36536.05078125,19958.58984375,25486.853515625,27750.50390625,25486.853515625,2.2616462294479627,11049.197265625,30.241903624940647,0.6412070499638846,77.00000000000003,127,36.39999999999999,59,1.0,0.9942893448929382,0.8823529411764711,0.6724137931034482,0.9411764705882355,1,2,0.9259796054462367,1,2,0.9411764705882357,1,2,0.8333515689981932,1,2,0.7901678847091584,1,2,0.8333515689981932,1,2
FDR-160,"Hazratbal, Lalbazar",Urban,6.356,6.342373204944369,True,72765,26,0,8.446946762064133,30.80837107985582,2190,5.049887196579001,2.4593529706299626,3.2050258043252904,3.5933280917586714,45813.55859375,27274.17578125,34185.09375,36523.015625,34185.09375,3.2050258043252904,11628.46484375,25.38214712125939,0.6346727519966199,52.599999999999994,82,30.200000000000003,46,0.6733340787442421,0.7164555655463952,0.33191089811976054,0.307203619713114,0.5026224884320013,1,1,0.45851971115742923,1,1,0.5026224884320014,1,1,0.5118295926297546,1,1,0.4569232577892139,1,1,0.5118295926297546,1,1
FDR-201,LD to Parimpora,Urban,8.5,7.755961346802558,False,79042,32,0,12.53274876883373,55.43694807400349,2082,6.166983718212807,2.7766663158322844,3.635128640238318,4.077624782341374,59995.0859375,30245.703125,38769.3203125,43147.3515625,38769.3203125,3.635128640238318,21225.765625,35.379173632840505,0.5894500141945858,41.4,66,29.999999999999996,50,0.6568698962619084,0.5971666022630063,0.19534444793960368,0.2281947261663286,0.42610717210075605,1,1,0.3664903821198413,1,1,0.4261071721007561,1,1,0.4126806642146675,1,1,0.3631784111845508,1,1,0.4126806642146675,1,1
FDR-096,Soura to Dalgate,Urban,7.0,7.574864757991987,False,93551,31,0,7.108812988557,22.47686519073476,3358,6.092375831369235,3.549025614911956,4.25993077650034,4.567483737797502,74791.1171875,45648.2421875,55057.80859375,58319.91015625,55057.80859375,4.25993077650034,19733.30859375,26.384561878222712,0.699223241377566,113.80000000000001,169,73.00000000000003,108,1.0,1.0,0.6520244461420935,0.6742610837438427,0.8260122230710467,1,2,0.7810630537711734,1,2,0.8260122230710469,1,2,0.8371305418719214,1,2,0.7934285382806143,1,2,0.8371305418719214,1,2
TRK-032,Soura to Chuntwaliwar,Urban,5.78,5.763587805442367,True,59482,24,0,8.79996744489505,20.591069746581333,2802,4.746937986706988,2.832290413769802,3.3336751306822263,3.5556333633237047,59388.8046875,36602.71875,42904.99609375,45676.2109375,42904.99609375,3.3336751306822263,16483.80859375,27.755750735322454,0.7022790565239382,78.80000000000001,116,47.0,69,1.0,1.0,0.5467868179042616,0.5257427514616395,0.7733934089521308,1,2,0.714850342276607,1,2,0.7733934089521309,1,2,0.7628713757308198,1,2,0.6992437557428901,1,2,0.7628713757308198,1,2
FDR-067,Soura to Batamallo,Urban,11.366,11.34134630390532,True,107940,46,0,8.874188853072566,36.978204878247375,4907,8.364386154566745,5.087643400274105,6.011593724753876,6.4131131918049125,107575.078125,67306.953125,79203.53125,83966.0546875,79203.53125,6.011593724753876,28371.546875,26.373717193152167,0.7187130787202712,138.8,214,79.60000000000002,122,0.9215674297410065,0.9485329852180414,0.48978047860162754,0.4528023688314213,0.7056739541713171,1,2,0.6498985856057267,1,2,0.7056739541713171,1,2,0.7006676770247313,1,2,0.6341591326154651,1,2,0.7006676770247313,1,2
FDR-333,Rangpora to Soura,Peri_Urban,4.0,4.752244348633061,False,115477,20,0,8.997972730266298,47.69703110688855,1526,3.804863876124511,2.0416674893089324,2.584663592806164,2.8256834818308483,37382.90625,20231.53125,26833.8984375,28810.45703125,26833.8984375,2.584663592806164,10549.0078125,28.218800705201996,0.6793051412495743,55.60000000000001,91,24.79999999999999,38,0.9084874268350507,0.9105866853762125,0.557486631016043,0.4008620689655172,0.7329870289255469,1,2,0.6876470789757828,1,2,0.7329870289255469,1,2,0.6557243771708648,1,2,0.587338360317293,1,2,0.6557243771708648,1,2
FDR-525,LD to Budgam,Peri_Urban,14.0,14.039426392126543,True,72180,57,0,5.947207775941402,29.502183681909887,4721,11.014294843206985,5.257865344932272,6.803616616098631,7.742558986112293,68864.3359375,42007.49609375,50465.1171875,54224.23828125,50465.1171875,6.803616616098631,18399.21875,26.71806603449831,0.6177078708125133,38.39999999999999,63,28.399999999999995,46,0.42154487436665194,0.45756884872044207,0.11000763941940414,0.1311576354679803,0.26577625689302803,1,1,0.2255339474502892,1,0,0.2657762568930281,1,1,0.29436324209421116,1,1,0.2505710413410649,1,1,0.2943632420942112,1,1
FDR-320,Parimpora to Pampore,Peri_Urban,23.817,23.80099773175992,True,148103,96,0,10.444988320507932,53.393529996969775,5551,18.107126622068183,7.209280927983015,10.04317535410456,11.553147578288575,147932.421875,71356.859375,93438.2890625,104464.4375,93438.2890625,10.04317535410456,54494.1328125,36.83718019471517,0.5546531795864492,157.20000000000005,242,87.4,131,0.5636981539907729,0.504059097939854,0.26471901726601177,0.2372617067206415,0.41420858562839236,1,1,0.37558844784923395,1,1,0.4142085856283924,1,1,0.3706604023302478,1,1,0.3348661512680124,1,1,0.3706604023302478,1,1
FDR-105,Rangpora to Dalgate,Peri_Urban,15.533,15.49848790898832,True,120044,62,0,6.895202189102834,46.57777135016296,5092,10.911944681962432,6.007215556763672,7.531680605483634,8.213932312656542,119572.203125,71244.109375,86835.25,93890.546875,86835.25,7.531680605483634,32736.953125,27.378397545102523,0.6902234959029427,183.8,282,108.2,164,0.7272355085353286,0.7473942891963874,0.47458042580381754,0.45037595153366483,0.6009079671695731,1,2,0.5682716628020265,1,2,0.6009079671695732,1,2,0.5988851203650261,1,2,0.5590363463578922,1,2,0.5988851203650261,1,2
FDR-088,Rangpora to Lalchowk,Urban,13.983,13.94956008342884,True,118930,56,0,6.277099383911146,47.64753161367668,4872,10.450083964677464,5.965024251164481,7.365966259776192,7.96983472428142,118642.1953125,72598.0625,87696.1171875,94005.5078125,87696.1171875,7.365966259776192,30946.078125,26.083534650963728,0.7048714904754873,178.0,277,106.0,161,0.8137815332818114,0.8468262413409752,0.5105512002542432,0.49012717413016305,0.6621663667680273,1,2,0.6229970877051685,1,2,0.6621663667680273,1,2,0.6684767077355691,1,2,0.6206210075465128,1,2,0.6684767077355691,1,2
FDR-406,Qamarwari to Parimpora,Urban,2.5,3.7919510772829295,False,71580,16,0,9.05909434279323,25.87773587409374,1071,2.953003232136105,1.4007277031912255,1.806468196914797,2.0293025189084624,22475.158203125,12503.9970703125,15924.173828125,17307.828125,15924.173828125,1.806468196914797,6550.984375,29.147667463756207,0.6117393226176926,10.4,15,4.6,8,0.8693653050080634,0.8611364671565507,0.1668449197860963,0.11896551724137933,0.5181051123970799,1,1,0.427358198190431,1,1,0.5181051123970799,1,1,0.490050992198965,1,1,0.3904793539945494,1,1,0.4900509921989651,1,1
FDR-190,Ma Road to Safakadal,Urban,13.244,13.230181777579716,True,83028,53,0,10.392478764366649,49.40794639969214,3507,9.088572742277462,4.055032846952319,5.476652575590268,6.219016720607669,82966.0,42370.08203125,54319.4453125,60074.671875,54319.4453125,5.476652575590268,28646.5546875,34.52806533700552,0.6025866470886494,131.60000000000002,208,73.00000000000001,115,0.5695511533695046,0.5300772540862074,0.39852573741393554,0.35637477999146017,0.48403844539172003,1,1,0.46194651884360605,1,1,0.48403844539172014,1,1,0.4432260170388338,1,1,0.41992162886822304,1,1,0.4432260170388338,1,1
FDR-158,Rangpora to LD,Peri_Urban,9.5,10.896448525812463,False,160931,44,0,6.769537158573549,24.88490576368555,4124,8.403640285676966,4.8686254721056486,5.885531058790619,6.378343701359541,96879.53125,59331.1953125,70080.421875,75081.125,70080.421875,5.885531058790619,26799.109375,27.66230289228407,0.7003549484170362,115.0,175,67.60000000000002,101,1.0,1.0,0.4855052068674361,0.460072595281307,0.7427526034337181,1,2,0.6762935855400001,1,2,0.7427526034337182,1,2,0.7300362976406535,1,2,0.6575981939861739,1,2,0.7300362976406536,1,2
FDR-050,Soura to Lalchowk,Urban,9.494,9.466000886390994,True,86195,38,0,12.033760511381445,59.92921016860456,3795,7.193067818700508,3.951774637048683,4.827026071762356,5.250985266385406,86102.2265625,50624.390625,61683.6328125,65819.359375,61683.6328125,4.827026071762356,24418.59375,28.36000266761394,0.6710663924526158,132.40000000000003,200,72.60000000000002,107,0.8780613724124171,0.8797380952252222,0.5593175087220865,0.4944138948010725,0.7186894405672518,1,2,0.6775162267208478,1,2,0.7186894405672519,1,2,0.6870759950131473,1,2,0.635379870447204,1,2,0.6870759950131473,1,2
FDR-325,Ma Road to Parimpora,Peri_Urban,18.669,18.6498143193868,True,117830,75,0,10.421575154314189,55.46149455525448,4633,14.407966797677032,6.015412012589298,8.208045538449374,9.42883751462034,117647.671875,57163.3203125,73771.71875,82724.421875,73771.71875,8.208045538449374,43875.953125,37.29436581764063,0.5696879826078404,113.0,180,47.6,75,0.5736589607905128,0.508202192457088,0.2427599529432389,0.1648500833947481,0.4082094568668759,1,1,0.36546612228492753,1,1,0.40820945686687593,1,1,0.336526137925918,1,1,0.29046110131381947,1,1,0.33652613792591807,1,1
FDR-510,Srinagar to Shanglipora,Regional_District,35.0,42.01360701977181,False,139744,169,0,13.552238317912067,62.70431768278864,5648,32.248892741905735,9.131833618954902,14.297800478973484,17.766955852800614,139280.40625,59567.65625,84380.2265625,96695.140625,84380.2265625,14.297800478973484,54900.1796875,39.41701576383792,0.4433578725757069,104.8,165,45.400000000000006,73,0.318208585193855,0.2833298490318893,0.12009167303284954,0.08386699507389166,0.21915012911335224,1,0,0.1935587031434418,1,0,0.2191501291133523,1,0,0.18359842205289048,1,0,0.15683795247132576,1,0,0.18359842205289048,1,0
FDR-466,Srinagar to Isganderpora,Regional_District,26.5,31.02818127177562,False,128975,125,0,8.904798353312358,33.601267882708164,5560,22.31893891816653,7.359330829525262,10.84322892062293,13.152201983902351,90822.7578125,50308.46875,63641.359375,69590.328125,63641.359375,10.84322892062293,27181.3984375,29.92795978912568,0.4858308434993326,53.6,90,33.199999999999996,52,0.2574715950367065,0.2819720485736751,0.08112198567248514,0.08100195185426157,0.16929679035459583,1,0,0.14651711988810157,1,0,0.16929679035459586,1,0,0.18148700021396832,1,0,0.15452431491519847,1,0,0.18148700021396835,1,0
FDR-454,Srinagar to Aboora,Regional_District,32.753,32.76100391327577,True,133105,132,0,13.792458489166188,84.98357989322403,5083,25.7680392238247,7.825054584829389,11.999441660889303,14.763004285616235,132626.21875,57264.9921875,80661.953125,92553.9375,80661.953125,11.999441660889303,51964.265625,39.18099008986486,0.465671507120139,102.2,160,43.8,69,0.32589130759504426,0.29090069688291775,0.12514671881303768,0.08646220351491889,0.22551901320404097,1,0,0.19958816143253835,1,0,0.225519013204041,1,0,0.18868145019891833,1,0,0.1612534355359611,1,0,0.18868145019891833,1,0
FDR-536,Srinagar to Arizal,Regional_District,44.306,44.24853850662149,True,130074,177,0,9.426565002107468,45.91068310593315,6555,32.16888372966195,9.129865930823389,13.867886322150415,17.36720421319261,99594.6484375,52572.80078125,66094.1953125,72917.8046875,66094.1953125,13.867886322150415,33500.453125,33.636800421081865,0.431096286669197,74.00000000000003,123,28.999999999999993,47,0.12774124234978262,0.1491832012087502,0.066986738556915,0.04231932469642938,0.09736399045334881,0,0,0.08951612744561999,0,0,0.09736399045334883,0,0,0.09575126295258979,0,0,0.08141411966986987,0,0,0.0957512629525898,0,0
FDR-453,Srinagar to Baderkote,Regional_District,42.864,42.88071835659501,True,186877,172,0,15.208470775874988,106.74196004108732,5665,32.95023311823828,9.17024330452221,14.56753998669416,18.26458867858658,143203.453125,59993.19140625,85914.9765625,99285.2421875,85914.9765625,14.56753998669416,57288.4765625,40.00495470768698,0.4421073421368568,106.0,166,46.2,73,0.24796840230765704,0.22399901091375035,0.09918199184387186,0.06968712592192147,0.17357519707576446,1,0,0.15435595745013236,1,0,0.17357519707576446,1,0,0.1468430684178359,1,0,0.12614017350554652,1,0,0.14684306841783593,1,0
FDR-514,Srinagar to Loolpora,Regional_District,38.921,38.86243410226901,True,127173,156,0,10.282403304159333,46.20846969025027,4139,27.13750167051971,7.265864029450967,11.589038917498822,14.681901538421936,127087.8828125,53428.72265625,75117.921875,86019.15625,75117.921875,11.589038917498822,51969.9609375,40.89293155837228,0.4270488513719133,90.4,144,38.800000000000004,58,0.2396524241723882,0.21314697871577273,0.09315455536080425,0.06445416843491106,0.16640348976659622,1,0,0.1474798687412771,1,0,0.16640348976659625,1,0,0.1388005735753419,0,0,0.11885154874410049,1,0,0.1388005735753419,0,0
FDR-384,Srinagar to Beeru,Regional_District,25.0,22.496451444541545,False,85489,90,0,9.799616470868868,38.46075033280932,5326,17.551937578076533,6.321321670941398,8.883495246744856,10.522510158921945,105936.046875,48658.73046875,63695.6015625,71302.390625,63695.6015625,8.883495246744856,42240.4453125,39.873533663514856,0.5061261873356305,61.400000000000006,88,30.0,42,0.3465881631018513,0.3033198798804127,0.09850267379679149,0.07758620689655174,0.2225454184493214,1,0,0.19049938378974696,1,0,0.22254541844932144,1,0,0.19045304338848223,1,0,0.16016801051368174,1,0,0.19045304338848223,1,0
FDR-565,Srinagar to Dardpora,Regional_District,106.39,106.32691313773492,True,238016,426,0,15.903157221538509,121.87582467859848,8719,82.5633735582508,17.89778460162549,31.608799960545767,41.842619336789774,237542.09375,88726.6484375,135168.390625,160107.890625,135168.390625,31.608799960545767,102373.703125,43.09707871512773,0.3828428829672864,93.80000000000001,145,43.2,66,0.1260766016769857,0.11688819328630178,0.03536076779360371,0.026253439686773784,0.0807186847352947,0,0,0.06900061623825196,0,0,0.08071868473529473,0,0,0.07157081648653778,0,0,0.05941101570857678,0,0,0.07157081648653779,0,0
FDR-038,Srinagar to Ratnipora,Regional_District,32.5,25.53452948885137,False,65466,103,0,16.44179056810208,108.12702025886364,2488,20.08554033057357,4.420068526197367,7.60684773302506,10.0717464970227,65346.74609375,25139.8828125,35577.75,42051.71875,35577.75,7.60684773302506,29768.99609375,45.55543752865947,0.3787225839001283,60.800000000000004,85,36.2,48,0.10164841260356462,0.09122948740891898,0.07503085150143976,0.07201591511936342,0.0883396320525022,0,0,0.08490135241743997,0,0,0.0883396320525022,0,0,0.0816227012641412,0,0,0.07904495705460474,0,0,0.0816227012641412,0,0
FDR-437,Srinagar to Ratsun,Regional_District,28.474,28.47559700566485,True,127156,114,0,11.745493617175132,73.29806406929451,4881,22.199978406010462,7.218240219022866,10.694153780168271,12.931624745053778,126717.1171875,56085.46875,78018.78125,89053.5859375,78018.78125,10.694153780168271,48698.3359375,38.43074796709772,0.4817191073155692,101.8,159,43.8,69,0.3699992538702407,0.33136898411160987,0.14339002951937768,0.09945552264255596,0.25669464169480916,1,0,0.22742276820446825,1,0,0.2566946416948092,1,0,0.21541225337708292,1,0,0.18429812356269218,1,0,0.21541225337708295,1,0
FDR-487,Srinagar to Khag,Regional_District,37.849,37.83679900888089,True,134281,152,0,13.792458489166188,65.28320264297378,5304,29.387175442301253,8.472503578846784,13.108165392526251,16.235984338293374,133836.1875,57930.0859375,81401.125,93224.09375,81401.125,13.108165392526251,52435.0625,39.17853868932123,0.4460505371896938,104.8,165,45.400000000000006,73,0.2694373831169955,0.24535495375080832,0.11105203720441052,0.07755409198621385,0.19024471016070302,1,0,0.16978554385113254,1,0,0.19024471016070305,1,0,0.16145452286851109,1,0,0.13894191078106266,1,0,0.16145452286851109,1,0
FDR-463,Srinagar to Karhama,Regional_District,32.861,32.872902760515345,True,132118,132,0,13.792458489166188,84.98357989322403,5029,25.89945082992932,7.753867168881191,11.90583494633488,14.648449948333996,131638.234375,56959.203125,79976.4140625,91909.5546875,79976.4140625,11.90583494633488,51661.8203125,39.24530024106076,0.4596944940846597,102.2,160,43.8,69,0.3211202896806856,0.2866744690968996,0.12473541527292,0.08617803936959127,0.2229278524768028,1,0,0.19756015963222548,1,0,0.22292785247680286,1,0,0.18642625423324544,1,0,0.15952711736408287,1,0,0.18642625423324544,1,0
FDR-508,Srinagar to Chewdara,Regional_District,23.0,28.14620142863443,False,92528,113,0,8.436385663117486,52.11161052597422,5303,20.222360123589617,6.931898626214192,10.065132322403793,12.160273397134867,92026.71875,49672.1953125,62405.1640625,68327.3046875,62405.1640625,10.065132322403793,29621.5546875,32.1879939759343,0.4977229295141817,75.40000000000002,123,29.999999999999996,47,0.32059789962989343,0.32746721259498396,0.13148105091839116,0.08433283358320841,0.2260394752741423,1,0,0.20161061768357988,1,0,0.22603947527414234,1,0,0.2059000230890962,1,0,0.17328046498757949,1,0,0.20590002308909622,1,0
FDR-464,Srinagar to Badrun,Regional_District,25.0,26.889614958123857,False,129705,108,0,12.63256669247102,70.5082779943664,4862,21.0387593182817,7.022182852240062,10.28159988275227,12.406410112899618,120519.9375,55688.58203125,75029.8828125,84773.984375,75029.8828125,10.28159988275227,45490.0546875,37.74483760207725,0.4886980133765796,84.0,130,47.800000000000004,74,0.41075590555054775,0.3694915776928916,0.1347593582887701,0.12362068965517245,0.2727576319196589,1,1,0.23710623229830502,1,0,0.27275763191965896,1,1,0.246556133674032,1,0,0.21356943820786164,1,0,0.24655613367403204,1,0
FDR-439,Srinagar to Tangmarg,Regional_District,40.568,40.59762862460509,True,191399,163,0,19.482381024072936,107.60265748291796,5558,32.03122678338651,8.88469897092016,14.0565907373931,17.618236840240048,146684.28125,60385.265625,86584.984375,100163.4375,86584.984375,14.0565907373931,60099.296875,40.97187262524082,0.4388402240242565,109.80000000000001,171,47.199999999999996,74,0.27820497489674223,0.24296659482058477,0.10855214246470182,0.07522490973010834,0.193378558680722,1,0,0.17146393334958518,1,0,0.19337855868072207,1,0,0.15909575227534656,1,0,0.1365910794886564,1,0,0.15909575227534656,1,0
FDR-570,Srinagar to Khoor,Regional_District,111.183,111.08355084473231,True,227163,445,0,14.675237372639904,119.8325256614156,8811,81.56055042159511,17.580030529152587,31.033429579128725,41.18921708846892,226694.125,84884.1328125,128735.21875,152569.25,128735.21875,31.033429579128725,97958.90625,43.21192984158721,0.3804955878634173,93.80000000000001,145,43.2,66,0.10475681701812435,0.10044913343506108,0.03383639662143941,0.025121677309263672,0.06929660681978188,0,0,0.060135578270832386,0,0,0.06929660681978189,0,0,0.06278540537216237,0,0,0.05267927253433818,0,0,0.06278540537216239,0,0
FDR-551,Srinagar to Handwara,Regional_District,73.767,73.72414342788828,True,185480,295,0,23.502815132205853,111.83121891390218,7355,57.04731628145444,13.720187690931605,23.29347403588268,30.08251147434633,185073.78125,75454.0859375,110154.8671875,127853.953125,110154.8671875,23.29347403588268,74918.9140625,40.48056594321083,0.408318489882322,92.80000000000001,144,42.2,65,0.15645226956594754,0.14940430188501208,0.05045515113383819,0.036987382920032945,0.10345371034989287,0,0,0.08976170707874018,0,0,0.10345371034989288,0,0,0.09319584240252252,0,0,0.0781136881030105,0,0,0.09319584240252252,0,0
FDR-563,Srinagar to Trehgam KUP,Regional_District,96.17,96.10943526482036,True,224435,385,0,17.722139142696417,126.75013850843072,8090,74.80900075853009,16.466021618165986,29.001992294426504,38.28620360945661,223984.34375,84514.53125,128254.0,151681.09375,128254.0,29.001992294426504,95730.34375,42.73974785347023,0.3876805197283637,93.80000000000001,145,43.2,66,0.1366691077808617,0.12610064447868238,0.03911856177146198,0.02904339657144497,0.08789383477616183,0,0,0.07529290359217954,0,0,0.08789383477616185,0,0,0.07757202052506368,0,0,0.0645505607456957,0,0,0.07757202052506369,0,0
FDR-562,Srinagar to Chowkibal,Regional_District,125.5,94.91198294090042,False,222168,380,0,17.742255210201932,126.93415341584895,7967,73.83935494899903,16.20872131870575,28.57613717720665,37.73754148364281,221717.328125,83729.296875,126872.1484375,149938.03125,126872.1484375,28.57613717720665,94845.1796875,42.77752239284973,0.3870041551276313,93.80000000000001,145,43.2,66,0.07480929919621888,0.0790033601687509,0.02997635127937449,0.022255804368731976,0.05239282523779669,0,0,0.046601602998807036,0,0,0.052392825237796696,0,0,0.05062958226874144,0,0,0.04301617851620948,0,0,0.050629582268741445,0,0
FDR-509,Srinagar to Hajin,Regional_District,35.566,35.52699375983391,True,123517,143,0,19.757410532886432,69.73397478909604,6092,27.960650414668425,8.865313419538452,13.55709167531709,16.595299649628615,123151.9453125,59693.328125,80591.421875,90150.3671875,80591.421875,13.55709167531709,42560.5234375,34.55935943967592,0.4848632443902274,78.6,131,31.199999999999996,54,0.26136082938584154,0.2621816586623222,0.0886353938343446,0.05671825280634158,0.17499811161009307,1,0,0.15268658782940547,1,0,0.1749981116100931,1,0,0.15944995573433188,1,0,0.13188443607275382,1,0,0.1594499557343319,1,0
FDR-486,Srinagar to Safapora Sumbal,Regional_District,30.51,30.4733039105803,True,114175,122,0,15.856127619585727,59.75891625168444,5919,23.81087530773188,8.297607739723798,12.257233255398974,14.702423642586457,113867.40625,55925.84375,74374.375,82419.921875,74374.375,12.257233255398974,39493.03125,34.683350179498795,0.514774576616207,75.80000000000003,124,29.2,49,0.2910054814813128,0.2872474553598381,0.09964296794072958,0.061879089953548315,0.19532422471102118,1,0,0.17060528706318454,1,0,0.1953242247110212,1,0,0.1745632726566932,1,0,0.14432725042283925,1,0,0.17456327265669322,1,0
FDR-504,Srinagar to Safapora GBL,Regional_District,32.954,32.90739013168557,True,119672,132,0,14.70015149046402,59.444965854088736,6474,25.56473228192367,9.000206495215226,13.2858206832223,15.918996765726485,119364.9296875,59318.6796875,78900.609375,87306.96875,78900.609375,13.2858206832223,40464.3203125,33.89967255745593,0.519693323470336,75.80000000000003,124,29.2,49,0.27890950653383245,0.2809072042958969,0.09225304824517994,0.05728988998248343,0.1855812773895062,1,0,0.16147023668129185,1,0,0.18558127738950622,1,0,0.16909854713919015,1,0,0.13909745059990464,1,0,0.16909854713919018,1,0
FDR-513,Srinagar to Narwara Budgam,Regional_District,28.415,28.395078726464256,True,90955,114,0,8.896231760835086,51.99631308879555,5231,20.24921325385194,6.857690763736732,9.974828165244435,12.0865365856187,90477.5546875,49090.4609375,61371.765625,67154.1484375,61371.765625,9.974828165244435,29105.7890625,32.1690712829589,0.4926032453802597,71.40000000000003,119,26.999999999999996,44,0.2307282803240092,0.24669130228001462,0.10077903796010439,0.061435497278635016,0.16575365914205678,1,0,0.1489676796942286,1,0,0.1657536591420568,1,0,0.15406339977932482,1,0,0.129208985856261,1,0,0.15406339977932484,1,0
FDR-465,Srinagar to Charishreef,Regional_District,31.248,31.180647559272156,True,122935,125,0,9.98869375342324,49.94556464099958,3962,22.465653902998017,6.703792048213199,10.222831849019409,12.485549667242342,122888.515625,53749.3671875,74159.0,83826.4140625,74159.0,10.222831849019409,48729.515625,39.653433339288085,0.4550427017686398,92.8,147,41.79999999999999,61,0.3130655369583364,0.27783848625282376,0.11910922726862008,0.08648829387149742,0.21608738211347822,1,0,0.1910333951182258,1,0,0.21608738211347828,1,0,0.1821633900621606,1,0,0.1564913368400337,1,0,0.18216339006216062,1,0
FDR-519,Srinagar to Pakherpora,Regional_District,42.101,42.0155772826245,True,130100,169,0,9.198495560962916,47.131086149692194,4455,29.491279452878125,7.949775718144187,12.544763157737998,15.743715155484448,130031.1015625,55932.23828125,77771.859375,88355.7421875,77771.859375,12.544763157737998,52259.2421875,40.18980194702217,0.4253719536916776,98.0,154,43.79999999999999,63,0.2202129189832527,0.20107048050726112,0.09335838301756397,0.06726435361925223,0.15678565100040834,0,0,0.1403994251567762,1,0,0.15678565100040837,0,0,0.1341674170632567,0,0,0.11621562946290695,0,0,0.1341674170632567,0,0
FDR-555,Srinagar to Pasthoon,Regional_District,41.5,49.96556710262196,False,97688,200,0,17.241273232858696,87.39293678713616,4695,38.29590392209072,8.042215216922534,14.321304163065896,19.02535497346652,97505.453125,36558.98828125,53815.58203125,63796.234375,53815.58203125,14.321304163065896,43689.87109375,44.80761813161411,0.3739643851259182,110.0,144,67.6,87,0.13892219997960098,0.12072125663505484,0.1063075832742736,0.10531782301620275,0.12261489162693728,0,0,0.1184019522072421,0,0,0.12261489162693731,0,0,0.11301953982562879,0,0,0.11095297400332413,0,0,0.11301953982562879,0,0
FDR-546,Srinagar to Pinglish,Regional_District,43.953,43.9318855427923,True,94299,176,0,16.639416026768274,90.2866096783045,4228,33.74969678086303,7.456605531413563,13.043398320476395,17.115527448588182,94100.0859375,36112.1875,52956.55078125,62174.125,52956.55078125,13.043398320476395,41143.53515625,43.723164273810525,0.3864745335392864,104.6,143,69.0,92,0.11597627668543907,0.10730567087146593,0.0954471177342935,0.10149948573593895,0.10571169720986628,0,0,0.10305987689936291,0,0,0.1057116972098663,0,0,0.10440257830370245,0,0,0.10362360498801469,0,0,0.10440257830370243,0,0
FDR-552,Srinagar to Tral Nowdal,Regional_District,39.5,39.48352671383165,True,83195,158,0,16.093371150882795,90.2246847283814,3447,30.47695096873074,6.4810593860495045,11.417583035547723,15.11857086672364,83023.90625,31137.39453125,45371.015625,53777.8203125,45371.015625,11.417583035547723,37652.890625,45.35186589705901,0.3746300949613408,87.80000000000003,119,57.8,76,0.11168041014230298,0.09910131097584961,0.08914912340079881,0.0946093408991707,0.1004147667715509,0,0,0.09750432489981695,0,0,0.10041476677155091,0,0,0.09685532593751014,0,0,0.0962526712265554,0,0,0.09685532593751014,0,0
FDR-007,Srinagar to Qazigund,Regional_District,71.019,70.90472128930952,True,114863,284,6,20.218140368572342,272.94719981669977,3694,55.37675322632239,8.499029163800934,16.623763670112567,23.341179612403025,114605.9296875,33112.7578125,52467.2578125,65570.828125,52467.2578125,16.623763670112567,62138.671875,54.219421320027415,0.300193902704479,68.80000000000001,96,37.00000000000001,50,0.057986726593634734,0.03928093787013877,0.03885380375350335,0.03368452638463434,0.04842026517356904,0,0,0.045948801364092184,0,0,0.048420265173569045,0,0,0.03648273212738655,0,0,0.035731902605237544,0,0,0.03648273212738655,0,0
FDR-529,Srinagar to Mirpora Budgam,Regional_District,31.366,31.34387439819205,True,94288,126,0,8.613322513524878,49.90034690279147,5443,22.2346690673398,7.301575956146929,10.74781361950501,13.081038716646836,93772.0703125,50256.05859375,63406.1875,69585.21875,63406.1875,10.74781361950501,30365.8828125,32.38265158410624,0.4833808673722213,75.40000000000002,123,27.999999999999996,45,0.20932947126956924,0.2264995263201286,0.09641217149534517,0.057716789759172576,0.15287082138245722,0,0,0.13828491507908303,1,0,0.15287082138245722,0,0,0.1421081580396506,1,0,0.11946381500531383,1,0,0.1421081580396506,1,0
FDR-507,Srinagar to Vijipopra,Regional_District,34.662,34.62596547178835,True,121938,139,0,20.112946774100223,70.03309948617951,6069,27.145423507220244,8.780615878697281,13.341103922800988,16.253775981787463,121599.1875,59217.09765625,79781.625,88901.875,79781.625,13.341103922800988,41817.5625,34.38967262836357,0.4914678866311469,75.80000000000003,124,29.2,49,0.26636680067452273,0.26739731763996255,0.08770719958085683,0.054466881151773096,0.17703700012768978,1,0,0.15395894028246773,1,0,0.1770370001276898,1,0,0.16093209939586783,1,0,0.1323647829479071,1,0,0.16093209939586783,1,0
FDR-553,Srinagar to Kupwara DAY,Regional_District,88.147,88.0878948704738,True,215331,353,0,18.851119698024768,129.3736774155888,7688,68.75822734868467,15.235617538102204,26.71746034707204,35.22624772824517,214800.0,81799.71875,123277.546875,145596.9375,123277.546875,26.71746034707204,91522.453125,42.60821840083799,0.3885711045397266,93.80000000000001,145,43.2,66,0.14852603591819932,0.13557711662528954,0.042679071160237995,0.03168688041879886,0.09560255353921866,0,0,0.0819299461217271,0,0,0.09560255353921868,0,0,0.0836319985220442,0,0,0.06969380677025665,0,0,0.08363199852204421,0,0
FDR-541,Srinagar to URI Baramulla,Regional_District,101.0,77.61427391631506,False,217601,311,0,17.276289488705174,80.02826111530979,7388,60.15110339348576,14.62613528722593,24.90339996426963,32.11782069729529,217179.71875,84379.359375,126685.90625,149002.1875,126685.90625,24.90339996426963,90493.8125,41.66770867042575,0.4140140173549437,92.80000000000001,144,42.2,65,0.11700684798027201,0.11452619034315821,0.036850743897919216,0.02701433936497099,0.07692879593909561,0,0,0.06657476315469146,0,0,0.07692879593909563,0,0,0.0707702648540646,0,0,0.05902944103821092,0,0,0.07077026485406461,0,0
FDR-571,Srinagar to Tangdar,Regional_District,151.0,120.71089893013784,False,227259,483,0,13.485974737291752,111.74091574670358,9197,86.08527427063197,18.38547923131589,32.543667705875635,43.330806811749554,226790.28125,84935.0859375,128822.3828125,152674.65625,128822.3828125,32.543667705875635,97967.8984375,43.19757350162024,0.3780398910453134,93.80000000000001,145,43.2,66,0.045687473880095045,0.05597095400202793,0.02491411977193046,0.018497373829641475,0.035300796826012754,0,0,0.03261743300811823,0,0,0.035300796826012754,0,0,0.0372341639158347,0,0,0.03220660824611264,0,0,0.03723416391583471,0,0
FDR-543,Bandipora to Srinagar,Regional_District,58.597,58.5068505667729,True,152803,235,0,8.800620668640816,52.82296721634572,8247,44.52074433010356,12.873453419451824,20.14172719498084,25.13478057737163,152522.4375,75470.0625,101709.03125,115396.234375,101709.03125,20.14172719498084,50813.40625,33.31536466560863,0.4524121844333502,80.2,130,38.4,61,0.16679298799479023,0.1847920223264739,0.054893211941002995,0.0423700636669054,0.11084309996789661,0,0,0.09638863061596765,0,0,0.11084309996789662,0,0,0.11358104299668965,0,0,0.09447333237875766,0,0,0.11358104299668967,0,0
FDR-003,Bandipora to Soura,Regional_District,51.094,51.005744426626336,True,110656,205,0,8.358672923852682,42.63257979472741,5319,38.19665329071257,9.697632242475246,16.02575261895809,20.57479446707532,110513.796875,49311.09375,69990.84375,81292.859375,69990.84375,16.02575261895809,40522.953125,36.66777748196881,0.4195590775188337,76.20000000000002,118,39.8,59,0.11839901483680668,0.13138816573797651,0.05981425867264889,0.05036356249401037,0.08910663675472778,0,0,0.0815390473248972,0,0,0.0891066367547278,0,0,0.09087586411599344,0,0,0.08000538679431082,0,0,0.09087586411599345,0,0
FDR-549,Bankoot to Srinagar via Bandipora,Regional_District,60.768,60.67581368906859,True,153314,243,0,9.67590941386099,54.9313665857417,8126,44.89765556088713,12.874028971008284,20.28450127794416,25.32383908674016,153088.15625,72709.8828125,100705.09375,113176.234375,100705.09375,20.28450127794416,52383.0625,34.21758010754016,0.4517942200887462,80.2,130,38.399999999999984,63,0.1575881641235762,0.17332992176813194,0.052932094854313994,0.04085634907664651,0.1052601294889451,0,0,0.09174135403564333,0,0,0.10526012948894511,0,0,0.10709313542238923,0,0,0.08932012685449715,0,0,0.10709313542238924,0,0
FDR-004,Bandipora to Baramulla,Regional_District,45.97,45.92068109784788,True,127212,184,0,17.790222267870597,89.29290767558437,3496,35.10300394807571,8.894836093417599,15.258992706851933,19.53732948450897,127053.6328125,50828.2421875,77585.046875,90972.671875,77585.046875,15.258992706851933,49468.5859375,38.935199917111774,0.4346919348960278,13.000000000000002,19,8.0,12,0.18449521338750735,0.17778535996545558,0.011341970292180793,0.01125171588667272,0.09791859183984407,0,0,0.07555180672397883,0,0,0.0979185918398441,0,0,0.09451853792606416,0,0,0.0721759391501746,0,0,0.09451853792606417,0,0
FDR-511,Sopore to Srinagar,Regional_District,50.022,50.00398408122695,True,173791,201,0,16.46520042914694,120.73711605915103,6412,39.21765036541099,11.137592822561247,17.839719980935445,22.2681091300012,173095.890625,76199.515625,107398.3359375,124653.296875,107398.3359375,17.839719980935445,65697.5546875,37.95442771650143,0.4548900766546086,97.20000000000002,149,54.400000000000006,80,0.26111486637061493,0.2448209101296774,0.07793362364409931,0.07031388947483799,0.16952424500735713,1,0,0.14586210954815873,1,0,0.16952424500735716,1,0,0.1575673998022577,1,0,0.134155071514873,1,0,0.1575673998022577,1,0
FDR-539,Zaloora to Srinagar,Regional_District,52.0,63.09294890959876,False,184558,253,0,23.350083553646197,131.92204802425536,6445,49.55453190294938,12.10036411529061,20.4101546620416,26.39339607971,184167.28125,74791.5234375,107210.2265625,125423.3828125,107210.2265625,20.4101546620416,76957.0546875,41.78649658352384,0.4118726154454268,93.0,143,49.6,73,0.2700558317684006,0.23237287959597547,0.07172974084738792,0.06167108753315652,0.17089278630789426,1,0,0.1452743400160294,1,0,0.17089278630789428,1,0,0.147021983564566,1,0,0.12412017491513405,1,0,0.147021983564566,1,0
FDR-530,Botingue to Srinagar,Regional_District,61.995,61.95209461463194,True,197835,248,0,15.000004325266843,97.68244723398055,7356,48.390713649091886,13.562181575625283,21.983000827791667,27.633759193251745,197458.484375,89408.265625,126024.4375,144293.0,126024.4375,21.983000827791667,71434.046875,36.1767422155116,0.4542813934756716,97.2,149,51.199999999999996,78,0.23082986340842554,0.22815201765421064,0.06288242151665675,0.05339696471628692,0.14685614246254114,0,0,0.12516180814687136,0,0,0.14685614246254117,0,0,0.1407744911852488,0,0,0.11732888622386178,0,0,0.1407744911852488,0,0
FDR-515,Baramulla to Srinagar,Regional_District,56.316,56.31315578131235,True,195891,226,0,17.327319518158095,93.20093042895004,6498,44.34979106716457,12.079966222155347,19.8744489545096,25.00225928300884,195401.5625,79101.28125,117612.953125,137244.03125,117612.953125,19.8744489545096,77788.609375,39.80961481564407,0.4481294832801167,92.0,142,43.599999999999994,67,0.2621421521492488,0.23627153217164662,0.06552027083231257,0.050056209909108945,0.16383121149078067,1,0,0.13843290366889405,1,0,0.16383121149078073,1,0,0.14316387104037778,1,0,0.11818072571710239,0,0,0.1431638710403778,1,0
FDR-592,Kamalkote to Baramulla,Regional_District,45.819,45.7925747976639,True,49890,184,0,12.1750931224584,38.11491097516669,1721,33.84684129126389,5.099452324413672,10.231011069083308,14.721742575867411,49785.6796875,12128.240234375,21518.75,27508.38671875,21518.75,10.231011069083308,28266.9296875,56.77722964701666,0.3022737330506526,0.0,0,0.0,0,0.0,0.0,0.0,0.0,0.0,0,0,0.0,0,0,0.0,0,0,0.0,0,0,0.0,0,0,0.0,0,0
FDR-593,Garkote to Baramulla,Urban,2.961,2.9603055052803104,True,18979,12,0,23.466260226148027,62.62738631260675,221,2.4817500097243657,0.629136022656135,1.154127178462688,1.473452979927113,18889.2734375,5431.125,10092.5458984375,12570.857421875,10092.5458984375,1.154127178462688,8796.7275390625,46.569962408393984,0.4650457032095954,0.0,0,0.0,0,0.5821936754125316,0.42893852675441896,0.0,0.0,0.2910968377062658,1,1,0.21589292814622968,1,0,0.2910968377062659,1,1,0.21446926337720948,1,0,0.15692172422493234,1,0,0.21446926337720953,1,0
FDR-521,Fathgath to Srinagar,Regional_District,56.5,56.49512443874323,True,190050,226,0,16.418200160420415,102.73908898395266,6759,44.12138835177162,12.310815942872845,20.05075253593406,25.10470373049835,189588.65625,81519.015625,117591.015625,136268.890625,117591.015625,20.05075253593406,71997.640625,37.97571123140444,0.4544451859962596,92.0,142,48.0,74,0.2495822956672528,0.2352221776584239,0.06530689508305336,0.054928288068355216,0.15744459537515307,1,0,0.1336411238759928,0,0,0.1574445953751531,1,0,0.14507523286338955,1,0,0.12088652277337449,1,0,0.14507523286338958,1,0
FDR-574,Pehilpora to URI via Baramulla,Peri_Urban,25.43,25.42445310942355,True,44986,102,0,9.536646340428922,40.17760514700048,1061,18.68258299078462,3.260682451146313,6.273359635433254,8.700503148812968,44924.50390625,12922.1064453125,22284.69140625,27891.712890625,22284.69140625,6.273359635433254,22639.8125,50.395242087136985,0.3357865257993316,0.0,0,0.0,0,0.07480080624488748,0.059355159827474434,0.0,0.0,0.03740040312244374,0,0,0.02773813211980478,0,0,0.03740040312244375,0,0,0.029677579913737217,0,0,0.021714333035666795,0,0,0.029677579913737224,0,0
FDR-005,Baramula to Kupwra,Regional_District,46.645,46.57486465965035,True,65542,187,0,18.494621454158843,135.66670656771146,2205,36.160340681669645,5.912605057556702,11.855420105280023,16.6630302506816,65465.828125,17922.58984375,31318.349609375,40627.5859375,31318.349609375,11.855420105280023,34147.478515625,52.16076767626622,0.3278569803765637,0.0,0,0.0,0,0.034860230377552544,0.029449637599732476,0.0,0.0,0.017430115188776272,0,0,0.01292710231990948,0,0,0.017430115188776275,0,0,0.014724818799866238,0,0,0.010773776710888115,0,0,0.014724818799866242,0,0
FDR-567,Kupwara to Srinagar,Regional_District,88.0,102.86501430858038,False,224362,412,0,17.775203811400473,119.42426813900224,8156,78.90973247219533,16.65765136904577,29.524847644442755,39.21381905530148,223732.421875,85867.5546875,126650.2734375,149923.71875,126650.2734375,29.524847644442755,97082.1484375,43.39207863746279,0.3741597736989685,93.0,143,48.199999999999996,71,0.16013908324717824,0.1415120236051944,0.04238575595527468,0.0354134012539185,0.10126241960122646,0,0,0.08605182740477431,0,0,0.10126241960122648,0,0,0.08846271242955646,0,0,0.07422823769033948,0,0,0.08846271242955646,0,0
FDR-564,Sogam to Srinagar,Regional_District,105.052,104.98791198496949,True,240813,420,0,16.85188514892446,116.72097480889056,8627,81.61988657929014,17.698963745580116,31.493088961693328,41.71184142054781,240418.296875,92100.03125,139648.375,165186.65625,139648.375,31.493088961693328,100769.921875,41.914414661789664,0.3858506827389324,93.0,143,43.0,66,0.1322162697225659,0.12547429979849942,0.035505716445799904,0.026464726171734988,0.0838609930841829,0,0,0.0713685665785644,0,0,0.08386099308418292,0,0,0.0759695129851172,0,0,0.06268612396933257,0,0,0.07596951298511721,0,0
FDR-516,Shopian to Srinagar,Regional_District,48.367,48.26742610843703,True,154407,194,0,13.619997720321974,65.01645738305604,5671,37.50000641591272,10.157508863603343,16.33356362433774,20.6013312875915,154092.828125,70479.90625,97632.53125,111514.34375,97632.53125,16.33356362433774,56460.296875,36.64044431010082,0.4355616221283304,106.4,171,52.79999999999999,85,0.230921953853604,0.22607379787110163,0.08822915787922317,0.07058103879604433,0.1595755558664136,1,0,0.14114344886057537,1,0,0.15957555586641362,1,0,0.148327418333573,1,0,0.1274660941982136,1,0,0.148327418333573,1,0
FDR-538,Sedow to Srinagar,Regional_District,46.0,50.75183255370266,False,160748,204,0,18.375728359879925,72.31984409770504,3626,38.50470078763622,8.252506905684484,14.969216148984572,19.910822704243195,88317.046875,34697.94140625,53988.28125,63878.8515625,53988.28125,14.969216148984572,34328.765625,38.8699201792689,0.3887633416902478,31.799999999999997,48,21.0,33,0.09166796268505004,0.10275382640527948,0.027726110206928625,0.029516491754122944,0.05969703644598933,0,0,0.05143745291915271,0,0,0.05969703644598934,0,0,0.06613515907970122,0,0,0.0563094425250797,0,0,0.06613515907970122,0,0
FDR-520,Harman to Srinagar,Regional_District,48.805,48.70350035918816,True,153219,195,0,14.463314908518582,61.88618401902833,5349,37.56757311026421,9.915125849175563,16.108553620725193,20.42459445215052,153090.125,66529.8671875,94226.1171875,108363.359375,94226.1171875,16.108553620725193,58864.0078125,38.45055833124442,0.4287887741229687,107.60000000000001,171,48.599999999999994,79,0.2255170004851638,0.21324260457380995,0.08842348163897912,0.06438359551911373,0.15697024106207147,1,0,0.13926141146121718,1,0,0.15697024106207147,1,0,0.13881310004646183,0,0,0.11884177754353151,0,0,0.13881310004646186,0,0
FDR-535,Kaprin to Srinagar,Regional_District,58.528,58.420347954987925,True,166882,234,0,13.401739017264934,63.73249898455887,6117,44.93553265520924,11.540376583412742,18.959546824711417,24.27938447908189,166568.96875,74945.1796875,103818.09375,119766.7734375,103818.09375,18.959546824711417,62750.875,37.67260821202629,0.4219277196553604,110.20000000000002,176,60.2,96,0.1935296084958127,0.1903501849944589,0.0755157547884207,0.06650221055409967,0.1345226816421167,0,0,0.11927843637484664,0,0,0.13452268164211673,0,0,0.1284261977742793,0,0,0.11181042252097052,0,0,0.1284261977742793,0,0
FDR-540,Nehama to Srinagar,Regional_District,62.131,62.00933540945352,True,171224,249,0,17.069498371490443,66.27871111090091,6263,47.470595582729615,11.921387223562318,19.73267967187316,25.21345861487609,170773.515625,75840.4765625,106697.921875,121798.8359375,106697.921875,19.73267967187316,64075.59375,37.52080263470304,0.4156821592323174,111.60000000000002,178,56.800000000000004,91,0.18281951032946872,0.18210176428557706,0.07204029918844068,0.05910759191230544,0.12742990475895472,0,0,0.11312018253485323,0,0,0.12742990475895472,0,0,0.12060467809894125,0,0,0.10410345121286775,0,0,0.12060467809894126,0,0
FDR-008,Khull Ahmadabad to Srinagar,Regional_District,66.828,66.73741721304317,True,112457,267,7,21.32342605702738,291.77750749799367,3622,51.98814857354888,8.131898863583693,15.680264759341966,21.86005196884223,112342.6875,34735.5234375,54519.9375,67140.2265625,54519.9375,15.680264759341966,57822.75,51.4699721777619,0.3016122941396676,82.40000000000002,121,49.4,71,0.06539352103004613,0.050526316058174765,0.04945251742120968,0.0477938217100823,0.057423019225627904,0,0,0.05536386632801925,0,0,0.05742301922562791,0,0,0.049160068884128535,0,0,0.04879347013938519,0,0,0.04916006888412853,0,0
FDR-537,Pariwan to Srinagar,Regional_District,60.618,60.51260296132178,True,169664,243,0,15.915030585228108,69.44016817487487,6333,46.52971275266716,11.841697905763032,19.38792659068888,24.755698873784528,169296.21875,77071.953125,106955.4453125,121582.484375,106955.4453125,19.38792659068888,62340.7734375,36.82348837900433,0.4166784070588858,110.20000000000002,176,54.60000000000001,88,0.18768508132766168,0.18897791759767862,0.0729121069031754,0.05823637226225056,0.13029859411541855,0,0,0.11547298409408092,0,0,0.13029859411541855,0,0,0.1236071449299646,0,0,0.1060665097812655,0,0,0.12360714492996461,0,0
FDR-010,Kulgam to Srinagar,Regional_District,67.019,66.92793885004818,True,113085,268,7,19.21458542531928,275.73497857504253,3779,52.06355358092204,8.395777441220053,16.026113164801693,22.230738351011865,112860.859375,36959.296875,57466.95703125,69635.796875,57466.95703125,16.026113164801693,55393.90234375,49.0815882942146,0.3078182732934741,82.40000000000002,121,47.400000000000006,68,0.06571699819423851,0.05660501798224105,0.049311580808794525,0.045728154290780136,0.05751428950151652,0,0,0.05539514671887574,0,0,0.057514289501516526,0,0,0.051166586136510595,0,0,0.04970731703360556,0,0,0.051166586136510595,0,0
FDR-011,Katrosoo to Srinagar,Regional_District,69.172,69.09912299987229,True,108583,277,5,18.926062765416344,244.6884243766448,4267,53.60368318970293,9.128422964922496,17.021392882198015,23.317910862117447,108179.84375,38176.64453125,56749.28125,67696.8359375,56749.28125,17.021392882198015,51430.5625,47.54172377883472,0.3175414797889814,77.60000000000001,115,36.599999999999994,55,0.052507652044455566,0.05119530109978265,0.0449936313138357,0.034210075035344185,0.04875064167914563,0,0,0.04778003042154761,0,0,0.04875064167914564,0,0,0.042702688067563416,0,0,0.04042390474318002,0,0,0.042702688067563416,0,0
FDR-012,Yaripora to Srinagar,Regional_District,64.929,64.85139614420817,True,105224,260,6,19.979981286516903,266.3725350221636,3936,50.46485157598571,8.365963678608573,15.762461453477108,21.69317560857111,104777.6640625,36248.0859375,54322.28125,64424.34375,54322.28125,15.762461453477108,50455.3828125,48.15471242268133,0.3123453445561674,78.60000000000002,116,36.79999999999999,54,0.05798568929016045,0.05356458460606859,0.048551593542366295,0.03664480193484554,0.053268641416263376,0,0,0.05205000762932794,0,0,0.053268641416263376,0,0,0.04510469327045706,0,0,0.04283469000661479,0,0,0.04510469327045706,0,0
FDR-444,Pulwama to Srinagar,Peri_Urban,28.043,27.986401552007703,True,117099,112,0,13.100726713638462,45.66189653225096,4260,21.691851438737107,6.973068167956863,10.407179626136884,12.572931901802349,116819.578125,54351.796875,72692.25,82341.34375,72692.25,10.407179626136884,44127.328125,37.77391498348214,0.479773690850189,95.60000000000002,153,44.19999999999999,70,0.3387000720706029,0.30979252002808605,0.13672661979568818,0.10190630890737992,0.23771334593314553,1,0,0.21162375774301587,1,0,0.23771334593314555,1,0,0.20584941446773297,1,0,0.1779588447765269,1,0,0.205849414467733,1,0
FDR-039,Koil to Srinagar,Peri_Urban,17.5,19.75948935778199,False,77234,80,0,19.38422160273494,113.07501141873944,1362,15.530038395014664,3.3163192246805053,5.996711464834319,7.960857557824624,41661.65625,16924.77734375,25151.794921875,30115.6171875,25151.794921875,5.996711464834319,16509.861328125,39.62843250650891,0.3861362935689417,16.8,24,11.6,17,0.1423472053695194,0.1412256269768013,0.03850267379679146,0.042857142857142864,0.09042493958315542,0,0,0.07701099317577463,0,0,0.09042493958315544,0,0,0.09204138491697209,0,0,0.07884400618286917,0,0,0.09204138491697209,0,0
FDR-505,Wasoora to Srinagar,Peri_Urban,39.631,39.56344619841505,True,138934,159,0,11.677629260915175,43.475128002844166,5527,30.64668944743492,9.337153349758976,14.347829440414134,17.659107062485766,138701.984375,64588.265625,87071.515625,99260.296875,87071.515625,14.347829440414134,51630.46875,37.22403034293286,0.4681689833097135,99.80000000000001,159,51.4,79,0.2654532122731464,0.25212356754669946,0.10099855660446229,0.08385546319974177,0.18322588443880433,1,0,0.16198272503335198,1,0,0.18322588443880436,1,0,0.1679895153732206,1,0,0.14541421677214608,1,0,0.16798951537322063,1,0
FDR-440,Srinagar to Lettar,Peri_Urban,28.413,28.356028317692957,True,119252,114,0,13.581745778377371,52.0395572391099,4459,21.966511688382923,7.255274636789843,10.860019402278269,13.121111996416513,119054.578125,55758.82421875,74954.2265625,83543.2578125,74954.2265625,10.860019402278269,44100.3515625,37.04212996849003,0.4943898037311783,100.60000000000001,161,48.6,77,0.34138557291110944,0.3164852514563215,0.14200398966278716,0.11059167913667495,0.2416947812869483,1,0,0.21593999351135287,1,0,0.24169478128694832,1,0,0.21353846529649823,1,0,0.18591523335247,1,0,0.21353846529649825,1,0
FDR-506,Heff to Srinagar,Regional_District,40.635,40.55494190362849,True,141033,163,0,13.49320662787166,52.91319526940484,5494,31.31613543227941,9.473769411029975,14.687681465145802,18.11702328801258,140845.890625,65996.3046875,90933.671875,103178.53125,90933.671875,14.687681465145802,49912.21875,35.437468944614444,0.4690132183425906,100.4,160,47.99999999999999,77,0.261744859293951,0.2580727907566322,0.09909531113361486,0.07637377324626723,0.18042008521378294,1,0,0.15941009759898556,1,0,0.18042008521378297,1,0,0.1672232820014497,1,0,0.1428460561942314,1,0,0.16722328200144973,1,0
FDR-531,Srinagar to Keller,Regional_District,50.376,50.29190437428472,True,145916,202,0,12.62459344173408,55.838989937763166,5795,38.65173376501548,10.539380890410325,17.129879784163336,21.65506071526026,145704.125,65303.7578125,91075.984375,102927.953125,91075.984375,17.129879784163336,54628.140625,37.49251479668129,0.4431852886161593,104.19999999999999,167,51.4,81,0.19862926818248605,0.19532794866781725,0.08295903575168212,0.0659694271492172,0.14079415196708409,0,0,0.12585264011992997,0,0,0.1407941519670841,0,0,0.13064868790851722,0,0,0.11329360293142351,0,0,0.13064868790851725,0,0
FDR-532,Sangerwani to Srinagar,Regional_District,44.959,44.8702090058386,True,129336,180,0,9.079069280005026,45.89129090411931,4442,30.925665836020816,8.139462719488538,12.956961633219104,16.36638251615773,129285.84375,54543.54296875,75981.4140625,87314.921875,75981.4140625,12.956961633219104,53304.4296875,41.22990432778917,0.4189711452591401,94.80000000000001,149,43.599999999999994,62,0.1967930351399216,0.17811864935570745,0.08456903039287253,0.06270080556154228,0.14068103276639707,0,0,0.12618468170679145,0,0,0.1406810327663971,0,0,0.12040972745862487,0,0,0.10492496106360506,0,0,0.12040972745862487,0,0
FDR-013,Anantnagh to Srinagar,Regional_District,59.305,59.243059957222535,True,140075,237,1,18.430985351264194,106.48505650885754,4076,46.24419634361155,8.417206585797892,15.606195386120904,21.323639357857125,139591.84375,45934.8671875,71186.0,85853.3046875,71186.0,15.606195386120904,68405.84375,49.004183849387694,0.3374735992850017,90.80000000000001,133,52.4,76,0.13939150891705068,0.10664774673329609,0.06140647887946253,0.05712724111765887,0.1003989938982566,0,0,0.0903254060293609,0,0,0.10039899389825663,0,0,0.08188749392547748,0,0,0.07524369054106377,0,0,0.08188749392547748,0,0
FDR-006,Phalgam to Anantnagh,Peri_Urban,39.73,39.64049877263978,True,58952,159,0,23.35363774909713,108.01984543499611,1432,30.463618784840783,4.232728680176738,9.053702591340436,13.225926513518244,45203.890625,10123.4091796875,19990.318359375,26402.740234375,19990.318359375,9.053702591340436,25213.572265625,55.77743843951485,0.2971972126911499,1.0,1,0.0,0,0.005632368675334777,0.0048905618599221325,0.0010094878397094833,0.0,0.0033209282575221303,0,0,0.0027237752361966333,0,0,0.0033209282575221307,0,0,0.0024452809299610662,0,0,0.0017891500800697588,0,0,0.0024452809299610667,0,0
FDR-023,Mawan to Srinagar,Regional_District,56.111,56.04402478894122,True,127624,225,0,18.589562751486167,98.10030613911684,3997,43.71159559257736,8.1942328820526,15.068938280012814,20.610173482548092,127485.765625,45052.484375,67212.171875,80392.03125,67212.171875,15.068938280012814,60273.59375,47.27868515712967,0.3447354889642066,82.60000000000001,123,40.4,60,0.13039727875460722,0.10628370913453754,0.059040726855677704,0.04655181631974554,0.09471900280514246,0,0,0.08550163768739077,0,0,0.09471900280514248,0,0,0.07641776272714154,0,0,0.06840397234461686,0,0,0.07641776272714154,0,0
FDR-024,Devsur to Srinagar,Regional_District,65.241,65.14114401450387,True,105355,261,8,20.169730653259517,254.0216431494885,3680,50.7039568762711,8.090440222391594,15.486016193364753,21.44660334897783,105221.7890625,34735.3828125,52068.8046875,62989.73046875,52068.8046875,15.486016193364753,53152.984375,50.51518782238915,0.3054202698845391,76.60000000000002,114,35.4,52,0.05788561093496047,0.047939218082422005,0.04708990532592979,0.03508212785592306,0.05248775813044513,0,0,0.05109324063129326,0,0,0.052487758130445136,0,0,0.04151067296917253,0,0,0.039785731381872726,0,0,0.04151067296917253,0,0
FDR-025,Lammer to Anantnagh,Urban,4.333,4.332636094909832,True,23420,18,0,24.842365618434123,229.98597352443824,446,3.62330775574183,0.9234312105316798,1.4526186433547648,1.825184012025732,23312.732421875,9188.408203125,13157.814453125,15497.390625,13157.814453125,1.4526186433547648,10154.91796875,43.55953555757948,0.4009095393712583,9.4,13,7.199999999999999,9,0.4722971320832996,0.37466669550346055,0.08700792697751743,0.10743531995829918,0.27965252953040853,1,1,0.22988343075979387,1,0,0.2796525295304086,1,1,0.24105100773087987,1,0,0.20519853217158662,1,0,0.24105100773087987,1,0
FDR-028,Shangus to Srinagar,Regional_District,80.474,80.400610833017,True,218743,322,0,20.534668528388217,87.09528253594627,4786,62.21439285293249,11.009989892851332,20.908705336798064,28.840529280943358,168021.03125,56966.07421875,89672.140625,108231.171875,89672.140625,20.908705336798064,78348.890625,46.63040694496392,0.336075052379339,93.80000000000001,136,45.400000000000006,65,0.11014276252228916,0.0940901328075183,0.04674841670056787,0.03647569187049492,0.07844558961142852,0,0,0.07025672935557599,0,0,0.07844558961142853,0,0,0.0652829123390066,0,0,0.057553204959612865,0,0,0.06528291233900661,0,0
FDR-029,Uttersoo to Srinagar,Regional_District,73.746,73.67833475268048,True,211586,295,0,18.97317935022944,89.70317797902784,4418,57.29312071043278,10.227560543012432,19.282465537016783,26.49529894305787,162469.6875,54287.8671875,85634.671875,103449.546875,85634.671875,19.282465537016783,76835.015625,47.29190829827872,0.3365581294562917,93.80000000000001,136,50.60000000000001,73,0.1228151698451309,0.10093709613023927,0.05101337137690856,0.04436242947601134,0.08691427061101972,0,0,0.07763939150068595,0,0,0.08691427061101974,0,0,0.07264976280312531,0,0,0.065059554320465,0,0,0.07264976280312531,0,0
FDR-035,Anantnagh to Shopian,Regional_District,37.0,43.82648076117883,False,104322,176,0,19.03366535542265,108.86792285600478,2706,33.845156388007226,6.563031438644726,11.967412651257089,16.075747655090435,104268.0859375,35726.375,57141.82421875,69118.734375,57141.82421875,11.967412651257089,47126.26171875,45.197206120191225,0.3535930670273886,30.799999999999997,44,22.799999999999997,33,0.19045910702045504,0.15686149957423984,0.03338632750397457,0.039841565703634674,0.11192271726221481,0,0,0.09163309955599225,0,0,0.11192271726221482,0,0,0.09835153263893726,0,0,0.08265182555743492,0,0,0.09835153263893727,0,0
FDR-435,Srinagar to NEW Khanda,Urban,22.786,22.740913537160328,True,105580,91,0,12.590385009235796,45.64150779625143,3950,17.757671522669202,6.148609364917856,8.968480779313309,10.711009290096513,105400.203125,50173.8828125,66323.7578125,73240.375,66323.7578125,8.968480779313309,39076.4453125,37.07435484365913,0.5050482417058041,90.0,145,42.2,67,0.38929082753893834,0.3562868626215975,0.15841418715216354,0.11974231000886815,0.27385250734555094,1,1,0.24402939741418828,1,0,0.273852507345551,1,1,0.2380145863152328,1,0,0.20627913693571706,1,0,0.23801458631523284,1,0
FDR-596,Srinagar to By Pass,Urban,3.279,3.275324293426963,True,32914,14,0,12.72376134579806,66.06415212295933,1292,2.7965353671020114,1.414188666318842,1.8472793580814089,2.026347928380613,32914.41015625,17308.5546875,22174.04296875,24434.42578125,22174.04296875,1.8472793580814089,10740.3671875,32.63120054867685,0.660559984262135,68.20000000000002,116,27.0,48,0.9846294360823664,0.9184632900227143,0.8341854582638184,0.5323847682746002,0.9094074471730924,1,2,0.8899740940132503,1,2,0.9094074471730925,1,2,0.7254240291486573,1,2,0.6736267028178534,1,2,0.7254240291486572,1,2
FDR-476,Srinagar to Khrew,Urban,19.597,19.595216238531076,True,75685,79,0,8.408282066272315,32.22006646521788,4428,15.545761917347052,5.343009461491997,7.829311708992774,9.45332279237064,75677.2890625,34440.2890625,45766.203125,51984.55859375,45766.203125,7.829311708992774,29911.0859375,39.5245209071868,0.5036299764925821,57.400000000000006,80,33.6,45,0.305254940854858,0.2723108769405418,0.11747405406098668,0.1108544059347578,0.21136449745792235,1,0,0.18710821054868515,1,0,0.21136449745792238,1,0,0.1915826414376498,1,0,0.16992120977074454,1,0,0.1915826414376498,1,0
FDR-093,Srinagar to Railway,Urban,7.778,7.76452715692001,True,73036,32,0,14.410409162910655,58.4980274448702,2497,6.34244912455031,2.903520760554565,3.761585093649155,4.199362309564395,72798.3203125,34557.390625,44573.328125,48549.9609375,44573.328125,3.761585093649155,28224.9921875,38.77148822436988,0.5930808461811442,78.60000000000004,127,31.199999999999996,50,0.9100043012213458,0.7678747546043033,0.4052978165482517,0.25935219584859154,0.6576510588847988,1,2,0.592456429621909,1,2,0.6576510588847988,1,2,0.5136134752264474,1,1,0.4453887296405486,1,1,0.5136134752264475,1,1
FDR-123,Srinagar to Bypass,Urban,8.341,8.335269384516138,True,68065,34,0,14.140005391106731,63.2881734486032,2443,6.698957634876803,3.177520230730328,4.145672136929219,4.620988718914421,67620.90625,35134.61328125,43810.015625,48412.27734375,43810.015625,4.145672136929219,23810.890625,35.21232107858655,0.6188533146329505,78.0,131,28.199999999999992,47,0.7722359563619178,0.6980612233289795,0.3750560179821731,0.21859199880937125,0.5736459871720454,1,2,0.5223409225063977,1,1,0.5736459871720455,1,2,0.4583266110691754,1,1,0.3939997384538097,1,1,0.4583266110691754,1,1
FDR-144,Srinagar to Gulabagh,Urban,14.022,13.980540926201934,True,107804,56,0,8.40907048094494,30.824823327380983,4737,10.766381573791172,5.658257921707897,7.067671408928671,7.769652937534699,107464.1640625,63609.1796875,76019.40625,82563.1875,76019.40625,7.067671408928671,31444.7578125,29.26069177275884,0.6564574514183718,136.40000000000003,202,81.60000000000002,122,0.7234979900967962,0.7227375766086328,0.39014322031765225,0.3762560311628526,0.5568206052072242,1,2,0.5137600516206302,1,1,0.5568206052072243,1,2,0.5494968038857427,1,2,0.503011913724551,1,2,0.5494968038857427,1,2
FDR-040,Srinagar to Ratnipura,Urban,25.991,25.958756172167423,True,65701,104,0,17.285082022209274,108.12606005059476,2478,20.288109972552284,4.428020480257588,7.657121367243564,10.153331939149668,65581.1875,25116.4296875,35665.9921875,42175.62890625,35665.9921875,7.657121367243564,29915.1953125,45.61551330936177,0.3774191572109406,59.400000000000006,83,36.2,48,0.1580285480759225,0.13173834980842924,0.09166068797570202,0.09005106542185029,0.12484461802581226,0,0,0.11627165895831038,0,0,0.12484461802581229,0,0,0.11089470761513977,0,0,0.10530183012628162,0,0,0.11089470761513977,0,0
FDR-052,Srinagar to Buchpora,Urban,9.37,9.33972813295579,True,89823,38,0,7.881705566237278,29.896914019411327,3859,7.548531179015405,4.278329030856868,5.204504332274021,5.644131422447488,89560.1640625,53535.25,64886.41796875,69770.0234375,64886.41796875,5.204504332274021,24673.74609375,27.549911673376688,0.6894724561438285,117.80000000000001,172,74.20000000000003,111,0.9318570087204314,0.9421766391837979,0.504226139859262,0.5119972031060247,0.7180415742898467,1,2,0.662803060810415,1,2,0.7180415742898468,1,2,0.7270869211449114,1,2,0.6693728982812956,1,2,0.7270869211449112,1,2
FDR-370,Srinagar to Pampore,Urban,12.883,12.87422156468548,True,70093,52,0,11.389547618869983,34.503560389885145,2728,10.373488545348222,3.709415162809056,5.457038895054711,6.517576886289428,70070.8359375,31038.37109375,41581.33203125,47141.3203125,41581.33203125,5.457038895054711,28489.50390625,40.658147608887305,0.5260562896656216,68.80000000000003,95,42.0,57,0.4787584206039058,0.4025382490598358,0.21418600394085657,0.21078298854143532,0.3464722122723812,1,1,0.31229650591365166,1,1,0.34647221227238123,1,1,0.30666061880063555,1,1,0.2809342205546331,1,1,0.30666061880063555,1,1
FDR-479,Srinagar to Budgam,Urban,15.908,15.896304298688952,True,88926,64,0,8.288997201296223,54.60680866880468,5107,12.400823926788194,5.615623758956618,7.424980258390433,8.43163399546637,85255.75,48160.29296875,59053.6015625,64084.609375,59053.6015625,7.424980258390433,26202.1484375,30.73358505144814,0.5987489462172776,72.4,120,27.999999999999996,45,0.4699899487923071,0.47326540771671405,0.18253352498793202,0.11380090693903741,0.32626173689011956,1,1,0.28913002658269027,1,1,0.3262617368901196,1,1,0.2935331573278757,1,1,0.24530643918045067,1,1,0.29353315732787577,1,1
FDR-517,Srinagar to Gund,Peri_Urban,57.421,57.34762627007435,True,173998,230,0,10.51586307121134,38.791764397772575,9545,44.30828912905223,13.36315085425931,20.21342961762902,24.96870543896619,173535.71875,89157.6015625,113633.421875,127298.109375,113633.421875,20.21342961762902,59902.296875,34.518713096349224,0.4561997318098975,147.80000000000004,217,87.80000000000001,130,0.2129105400990734,0.22029033572085324,0.10323413884521376,0.09886146423662139,0.15807233947214358,1,0,0.1439050708996689,1,0,0.1580723394721436,1,0,0.1595758999787373,1,0,0.14328467804344008,1,0,0.15957589997873733,1,0
FDR-326,Srinagar to Chadoora,Urban,14.5,16.853128396536537,False,108893,68,0,9.520468427367293,51.26049820298563,3090,13.322233970350764,4.804329505584358,6.926484553806082,8.118122602048127,108837.7421875,48228.984375,65942.484375,74029.828125,65942.484375,6.926484553806082,42895.2578125,39.41211656026664,0.5199191493875042,91.4,145,40.8,60,0.7061274756637531,0.5952197167658582,0.25281209662548415,0.18192627824019028,0.47946978614461866,1,1,0.4209135183472896,1,1,0.4794697861446187,1,1,0.3885729975030242,1,1,0.33312444520137413,1,1,0.38857299750302426,1,1
FDR-036,Srinagar to Bugam,Peri_Urban,62.557,62.481224021489375,True,98152,250,6,19.61220441113341,281.653419365776,3582,48.8040128128077,7.828390661764774,15.05441720105323,20.92568675899657,97971.5625,31901.708984375,49330.96484375,59758.875,49330.96484375,15.05441720105323,48640.59765625,49.64766960438137,0.308466790605843,70.20000000000002,98,36.0,49,0.052748696437767306,0.04654926588142056,0.045007081883568195,0.037207446119483865,0.04887788916066775,0,0,0.047877878845594996,0,0,0.04887788916066776,0,0,0.04187835600045221,0,0,0.04062503249376856,0,0,0.04187835600045221,0,0
FDR-597,Srinagar to Rasoo,Urban,4.174,4.161231514981893,True,40591,17,0,8.578407496495375,33.85797848149855,1597,3.402403045051838,1.7452679208765292,2.228555940488717,2.4661925139854683,40371.08203125,22906.45703125,28325.697265625,30776.646484375,28325.697265625,2.228555940488717,12045.384765625,29.836665651668792,0.6549946937443926,52.400000000000006,72,29.599999999999994,39,0.9443807943821139,0.9219345202167414,0.5034988687290051,0.4585033788807561,0.7239398315555594,1,2,0.666989634630151,1,2,0.7239398315555595,1,2,0.6902189495487487,1,2,0.628043789037494,1,2,0.6902189495487487,1,2
FDR-599,Srinagar to Harwan,Urban,16.558,16.539935897478696,True,71141,67,0,10.932306558585925,67.80602416478237,3568,13.110867459308077,3.811010312236924,6.015469908000192,7.532494642360276,54601.85546875,23169.62890625,32351.130859375,37188.32421875,32351.130859375,6.015469908000192,22250.724609375,40.75085804018078,0.4588155533316372,59.400000000000006,89,36.0,54,0.24320906742325843,0.21662020644088503,0.14387926930646644,0.14057169989712237,0.19354416836486243,1,0,0.18071340521907805,1,0,0.19354416836486246,1,0,0.1785959531690037,1,0,0.16839308227998928,1,0,0.1785959531690037,1,0
FDR-288,Srinagar to Ganderbal,Urban,16.689,16.640440963859874,True,102776,67,0,7.864322433489601,32.47139471726524,4965,12.83983433744287,5.791465825316132,7.5323289735582,8.579278780615374,102295.390625,60781.41796875,74104.640625,79458.921875,74104.640625,7.5323289735582,28190.75,27.558182072292176,0.5866375512021059,118.20000000000002,173,77.40000000000002,116,0.5547111812935724,0.5795399202136872,0.28405786513451664,0.29985681256082386,0.4193845232140445,1,1,0.38442332667386075,1,1,0.4193845232140446,1,1,0.4396983663872555,1,1,0.40217533316926096,1,1,0.4396983663872555,1,1
FDR-602,TRC Srinagar to Airport,Urban,12.0,14.49463618965939,False,96198,58,0,14.768589555715058,67.71972660560569,3002,11.329275579414944,4.337700969057835,6.130842908726161,7.18593624182227,96113.578125,44507.625,59225.34375,66654.8203125,59225.34375,6.130842908726161,36888.234375,38.379836745881214,0.5411504791944309,97.6,157,47.6,73,0.7615017903927817,0.6518045970865725,0.3262032085561498,0.2564655172413794,0.5438524994744658,1,2,0.4876235217947309,1,1,0.5438524994744658,1,2,0.45413505716397595,1,1,0.40109530960862977,1,1,0.45413505716397595,1,1
SSCL-01,Parimpora to Harwan via Brein Nishat,Peri_Urban,23.249,23.225352115311004,True,170188,93,0,7.557559612547889,41.74498013840649,6816,17.686435092289162,7.598973373498543,9.983037612618473,11.482327607271266,130613.453125,76081.671875,91747.453125,99612.484375,91747.453125,9.983037612618473,38866.0,29.756505987790067,0.564446003987023,89.4,135,59.2,90,0.4984490018788809,0.5074336432287224,0.1542243321143363,0.16463444478887493,0.3263366669966086,1,1,0.2818720119744409,1,1,0.3263366669966087,1,1,0.33603404400879866,1,1,0.29004318736355067,1,1,0.3360340440087987,1,1
SSCL-02,Batamaloo to Nasrullah Pora via Jehangir Chowk Rambagh Hyderpora,Urban,7.083,7.076009671871861,True,33298,29,0,7.508945754247052,34.05974630127572,2670,5.640064394536926,2.715097021883288,3.494577815168824,3.9760416004835775,33128.8359375,18893.21875,23049.4296875,25181.314453125,23049.4296875,3.494577815168824,10079.40625,30.424872968719896,0.6195989213445398,8.0,12,3.4,4,0.39496406537563844,0.4064173993530065,0.04529939502657943,0.031035943273598276,0.22013173020110893,1,0,0.17496437205927148,1,0,0.220131730201109,1,0,0.2187266713133024,1,0,0.16836449190213343,1,0,0.21872667131330245,1,0
SSCL-03,Batamaloo to Hazratbal via Khanyar,Urban,12.926,12.902868323459092,True,98975,52,0,10.141045361775308,51.669884242715206,4035,9.950676037364143,4.699927522904304,6.190141198416519,6.92201643667832,98884.515625,52927.328125,67829.59375,72889.421875,67829.59375,6.190141198416519,31054.921875,31.40524244743197,0.6220824771274776,122.80000000000001,197,64.4,102,0.7219667445037599,0.6973550835461046,0.3810253512176678,0.32212541416124685,0.5514960478607138,1,2,0.5074555046724151,1,1,0.5514960478607139,1,2,0.5097402488536757,1,1,0.4593984335511205,1,1,0.5097402488536757,1,1
SSCL-04,Batamaloo to Chadoora Chowk via Jehangir Chowk,Urban,10.858,10.847533059965132,True,39417,44,0,7.926085425581238,41.70915039101934,3042,8.437632652610892,3.412013125655962,4.646294660660916,5.452659875423286,39243.53515625,21291.03515625,26732.818359375,29493.19140625,26732.818359375,4.646294660660916,12510.716796875,31.87968858326088,0.5506633023687271,8.0,12,3.4,4,0.2780386148308383,0.2907991257472808,0.02955015794559423,0.020245679333845697,0.15379438638821627,0,0,0.12169629905487422,0,0,0.1537943863882163,0,0,0.15552240254056324,1,0,0.11922422907484698,1,0,0.15552240254056326,1,0
SSCL-05,LD Hospital to Pandach via Jehangir Chowk Dalgate Khanyar,Urban,10.884,10.854814953010674,True,96645,44,0,7.822262217609545,50.4490718963268,4084,8.290880835835356,4.797004199385038,5.818387075118269,6.299044485216714,96318.0078125,58095.90234375,68726.6171875,74396.5625,68726.6171875,5.818387075118269,27591.390625,28.646139233601584,0.7017815344745613,115.0,175,61.4,93,0.8539041791223363,0.8530788358465891,0.4237687858545244,0.36473976352507326,0.6388364824884303,1,2,0.5832744511919515,1,2,0.6388364824884304,1,2,0.6089092996858312,1,2,0.5433924245833556,1,2,0.6089092996858312,1,2
SSCL-06,Pantha Chowk to Narbal Crossing via Sonwar Jehangir Chowk Qamarwari,Peri_Urban,19.752,19.74173299124177,True,101613,79,0,12.348738653822084,58.16492528062269,3828,15.515644417884516,5.432308994339775,7.67810838478313,9.141388125128085,101268.71875,41013.8828125,54914.5703125,64005.74609375,54914.5703125,7.67810838478313,46354.1484375,45.7734125697132,0.4948623581456118,38.79999999999999,62,15.200000000000003,23,0.4444386540612296,0.33723669977049825,0.07878441335663837,0.049754891691456846,0.261611533708934,1,1,0.21437874913993857,1,0,0.26161153370893403,1,1,0.19349579573097755,1,0,0.1549264680206039,1,0,0.19349579573097758,1,0
SSCL-07,Batamaloo to Drussu Pulwama via Marwal,Peri_Urban,32.735,32.67659496266981,True,119785,131,0,11.93609891222454,42.09938372205141,3565,24.81248351843375,6.89725158754854,10.868484029192052,13.652565074976264,119488.25,45989.6953125,65751.171875,78066.390625,65751.171875,10.868484029192052,53737.078125,44.97268821411311,0.4380248362126915,58.0,87,32.99999999999999,47,0.281989424144745,0.2246159976851746,0.07106165292671912,0.0651785761312104,0.17652553853573205,1,0,0.1492792909375587,1,0,0.17652553853573208,1,0,0.1448972869081925,1,0,0.12350673631195756,1,0,0.1448972869081925,1,0
SSCL-08,Batamaloo to Budgam Railway Station via Khumeni Chowk,Peri_Urban,15.685,15.661701029022248,True,46176,63,0,9.914034344399068,39.22409270526679,3732,11.2863538525612,4.205783069906479,5.868013943739008,7.018842213195502,45980.7734375,24505.685546875,30964.353515625,34211.63671875,30964.353515625,5.868013943739008,15016.419921875,32.658041175158296,0.5199211384292534,9.0,13,4.4,5,0.20293901203286907,0.21958765149933543,0.023013233461582395,0.01813724951359195,0.11297612274722574,0,0,0.08973450651083116,0,0,0.11297612274722575,0,0,0.11886245050646368,0,0,0.09183532616947473,0,0,0.11886245050646371,0,0
SSCL-09,Parimpora to Naseem Bagh via Noorbagh Gojwara Mill Stop,Peri_Urban,15.058,15.034286821700956,True,114293,61,0,7.819517276611803,31.13236005596644,5250,11.503071124603588,6.030831518312258,7.489225754763384,8.24324372135379,113999.671875,68389.0,81653.5625,88559.578125,81653.5625,7.489225754763384,32346.109375,28.373861821696583,0.651063152930081,99.80000000000001,154,61.4,94,0.7132392134098484,0.7229076499653929,0.2658170936904931,0.26363578072831034,0.48952815355017076,1,1,0.4317331378233307,1,1,0.4895281535501708,1,1,0.49327171534685166,1,1,0.4316545738966677,1,1,0.49327171534685166,1,1
SSCL-10,Pantha Chowk to Agri Kalan Kanihama via Bypass,Peri_Urban,23.59,23.58118175353152,True,111959,95,0,11.973535956160404,62.2266593231145,4328,18.60428860081441,6.304056231575557,9.08560581421184,10.921721885022071,111578.6875,45080.55078125,61356.47265625,71592.015625,61356.47265625,9.08560581421184,50222.21484375,45.01058039757817,0.4883608295462645,53.99999999999999,85,18.399999999999995,28,0.40075901069586894,0.311074248590694,0.0918090462513573,0.05043048632529856,0.24628402847361314,1,0,0.2063759254386599,1,0,0.24628402847361316,1,0,0.18075236745799628,1,0,0.14578370370270646,1,0,0.1807523674579963,1,0
SSCL-11,Old City Loop Downtown Srinagar,Urban,1.169,1.164342151689028,True,17652,5,0,4.152322863112853,6.437004559617947,806,1.2013676192415017,0.6987637789029292,0.8142606334563373,0.8648875004951738,17429.71484375,10525.4921875,11752.1875,12474.404296875,11752.1875,0.8142606334563373,5677.52734375,32.573839530059004,0.6777780759318541,23.599999999999994,29,10.6,13,1.0,1.0,0.8096869667845363,0.586265891861597,0.9048434833922682,1,2,0.8802601106376767,1,2,0.9048434833922683,1,2,0.7931329459307985,1,2,0.7376252722161478,1,2,0.7931329459307985,1,2
SSCL-12,Rangreth to District Court Srinagar via Barzulla Jehangir Chowk,Urban,10.327,10.296164100931362,True,94458,42,0,9.074018102839348,32.07720448043858,3456,8.001679176137722,3.92503266120096,4.946973246220583,5.525108476570192,94206.84375,49001.99609375,60689.2421875,66759.34375,60689.2421875,4.946973246220583,33517.6015625,35.57873316661243,0.6182418886492279,90.60000000000001,144,45.4,69,0.8839201034036597,0.7891931440534133,0.3518630618352081,0.28423983999091773,0.6178915826194339,1,2,0.549163990196617,1,2,0.617891582619434,1,2,0.5367164920221655,1,1,0.46897060718528005,1,1,0.5367164920221655,1,1
SSCL-13,Batamaloo to Beehama Ganderbal via Hazratbal Zakura,Peri_Urban,26.584,26.51880176163581,True,152128,107,0,8.129983194866423,34.95400556208537,6627,20.10848739229625,8.687180438118903,11.552991259379406,13.243806259313352,151791.890625,85466.8203125,104111.5625,113439.5625,104111.5625,11.552991259379406,47680.328125,31.41164388207909,0.5745330831699187,163.00000000000003,248,103.60000000000002,160,0.5085547064749241,0.5030590064203986,0.2459160831733455,0.25196644079404784,0.3772353948241348,1,1,0.34330948303928277,1,1,0.3772353948241349,1,1,0.3775127236072232,1,1,0.3438254739200411,1,1,0.3775127236072232,1,1
SSCL-14,TRC to Central University Ganderbal via Karan Nagar Zoonimar 90ft Road,Peri_Urban,27.314,27.24503423242409,True,125528,109,0,7.450652526467802,36.94238591033098,6301,20.78049800429863,8.377113002348269,11.487691329110568,13.54499455077534,125267.578125,72843.1328125,88566.125,98141.1640625,88566.125,11.487691329110568,36701.453125,29.298445515069304,0.5528111658697611,124.00000000000001,185,79.20000000000002,116,0.384951182355301,0.40471371346808294,0.18207739738176626,0.18747490866121463,0.28351428986853366,1,1,0.2573084026842712,1,0,0.28351428986853366,1,1,0.2960943110646488,1,1,0.26694897240829,1,1,0.2960943110646488,1,1
SSCL-15,TRC to Pulwama via Nowgam Kaanipora,Peri_Urban,29.364,29.299536197889815,True,127759,118,0,9.448829508271904,36.09353549226215,4812,22.555718959038067,7.746121167410394,11.357119872005962,13.702123534680965,127294.859375,63258.375,81123.3046875,91858.53125,81123.3046875,11.357119872005962,46171.5546875,36.27134270322925,0.5035139820916756,86.4,138,56.199999999999996,85,0.35732651666964804,0.33467897618064807,0.11800982978174741,0.1237440638078999,0.23766817322569772,1,0,0.2067548341823417,1,0,0.23766817322569778,1,0,0.22921151999427397,1,0,0.20091192839498004,1,0,0.229211519994274,1,0
SSCL-16,Batamaloo Circular via Khonmoh,Urban,13.87,13.863795119744186,True,81554,56,0,11.919635117789335,28.88698345744413,2183,10.969820963501595,3.1829304617165084,4.718157200395457,5.826537775301681,81327.3984375,26716.775390625,38503.375,46352.234375,38503.375,4.718157200395457,42824.0234375,52.656330167022624,0.4301033914859271,45.4,68,21.2,27,0.5254559026814809,0.3366259303880969,0.1312801452756498,0.09882405588842208,0.32836802397856535,1,1,0.2774510194444608,1,1,0.3283680239785654,1,1,0.2177249931382595,1,0,0.18582085809400875,1,0,0.21772499313825952,1,0
SSCL-17,Batamaloo to Womens College Batpora via Rainawari,Urban,4.508,4.499396245305544,True,42363,18,0,7.55197152413777,40.09914119902415,1441,3.5088573811517287,1.6733409907683223,2.1074854121109703,2.343430351883081,42253.6796875,20727.896484375,25734.74609375,27955.24609375,25734.74609375,2.1074854121109703,16518.93359375,39.09466279841382,0.6006187152067208,53.60000000000001,81,29.799999999999997,48,0.9114922154952283,0.7646624294595193,0.4768705901332867,0.42740109537068205,0.6941814028142574,1,2,0.638039869872672,1,2,0.6941814028142576,1,2,0.5960317624151007,1,2,0.5507838804519619,1,2,0.5960317624151007,1,2
SSCL-18,Jkpdc Jehangir Chowk to Wadwan,Peri_Urban,15.202,15.191732388823866,True,87331,61,0,8.62129636270699,43.24171583299651,3589,12.050884371708433,4.521220128776023,6.433434211809563,7.528145095797205,87323.53125,40523.69140625,53655.0234375,60089.47265625,53655.0234375,6.433434211809563,33668.5078125,38.556053941645885,0.5338557746776809,96.8,146,49.800000000000004,75,0.5123294697510694,0.44659598650869653,0.2553843534519452,0.21180289344868425,0.3838569116015073,1,1,0.3506664492105166,1,1,0.38385691160150737,1,1,0.3291994399786904,1,1,0.29769897109380694,1,1,0.3291994399786904,1,1
SSCL-19,Pantha Chowk to Sumbal,Peri_Urban,35.736,35.68267808812528,True,119919,143,0,12.048164719288662,71.05833413642132,6257,27.75183083032513,9.204812441541788,13.768114761391024,16.600486051778862,119519.703125,53840.109375,71368.421875,81180.375,71368.421875,13.768114761391024,48151.28125,40.28731664405228,0.4961155480360689,32.8,56,12.200000000000001,20,0.24836866775831867,0.2229393042739486,0.036811842998387474,0.02207278664227323,0.14259025537835307,0,0,0.11526275082451054,0,0,0.1425902553783531,0,0,0.12250604545811092,0,0,0.09555725660658274,0,0,0.12250604545811093,0,0
SSCL-20,Pantha Chowk to Safapora,Regional_District,60.631,60.54432712941575,True,140491,243,0,9.554994940319457,65.01106871008304,7672,45.511628466239735,12.346355299633322,19.613265533266876,24.783467312166724,140087.640625,60572.015625,82739.515625,95330.5390625,82739.515625,19.613265533266876,57348.125,40.93731948381867,0.4309506425993058,35.59999999999999,61,14.000000000000002,23,0.13462858622966933,0.13062858567905072,0.023549133061157097,0.014929201461184935,0.07908885964541322,0,0,0.06474035415169783,0,0,0.07908885964541323,0,0,0.07277889357011783,0,0,0.05725635495939511,0,0,0.07277889357011784,0,0
SSCL-21,Batamaloo to Arath,Urban,12.395,12.3861400523868,True,73084,50,0,11.623804947729726,24.479988843683252,1776,9.562927186039294,2.693004659857188,4.063068461359122,5.071933027511189,72856.9140625,23243.626953125,33616.1015625,40980.61328125,33616.1015625,4.063068461359122,39240.8125,53.8601078633902,0.4248770676922758,40.6,61,17.8,23,0.5270377354419373,0.32729228669838406,0.13137089519881445,0.09284889624570533,0.32920431532037586,1,1,0.27809470261552344,1,1,0.329204315320376,1,1,0.2100705914720447,1,0,0.1786170396235941,1,0,0.2100705914720447,1,0
SSCL-22,Batamaloo to Khrew Bus Stand,Peri_Urban,18.186,18.18208100807937,True,97093,73,0,11.76650007535422,38.56015719490537,3136,14.22315295907201,4.26362251669476,6.2608322933503135,7.681646174812641,96806.421875,33290.6953125,47276.015625,56337.3515625,47276.015625,6.2608322933503135,49530.40625,51.164380720481,0.4401859637849807,46.79999999999999,70,22.599999999999998,29,0.46601117259139874,0.3108743373215449,0.10321155545989129,0.08034789929350734,0.284611364025645,1,1,0.23774732075715585,1,0,0.2846113640256451,1,1,0.19561111830752612,1,0,0.1646830752650115,1,0,0.19561111830752614,1,0
SSCL-23,Batamaloo to Charesharief via Chadoora,Peri_Urban,29.633,29.573272857554823,True,115125,119,0,10.570462282086464,35.63384605256566,3389,21.801085994294805,6.138586777481164,9.561520006392795,11.963363812687623,114853.34375,44712.953125,64704.1640625,76129.28125,64704.1640625,9.561520006392795,50149.1796875,43.663665375436665,0.4385799867444668,44.4,65,23.799999999999997,31,0.3068149519074737,0.2501475489733327,0.06009343175181739,0.051928360390384905,0.18345419182964556,1,0,0.15158434563945242,1,0,0.1834541918296456,1,0,0.1510379546818588,1,0,0.12444433857089406,1,0,0.15103795468185882,1,0
SSCL-24,Pantha Chowk to Palhalan via Sangrama Sopore,Peri_Urban,36.463,36.451690103413696,True,131341,146,0,13.192092548342089,85.58769441376202,5192,28.59263090821404,8.259069283360786,12.756162778219316,15.857475473114544,130978.703125,51136.75390625,71875.3359375,84546.296875,71875.3359375,12.756162778219316,59103.3671875,45.12441013490147,0.4461346288548337,44.599999999999994,69,19.999999999999993,29,0.27560196121738234,0.21915672567294547,0.04905712786868705,0.035463440975121684,0.1623295445430347,1,0,0.13306598865439231,0,0,0.16232954454303472,1,0,0.12731008332403357,0,0,0.10266530130096597,0,0,0.1273100833240336,0,0
SSCL-25,Batamaloo to Dadsara Tral via Awantipora,Regional_District,43.869,43.84909423226298,True,112839,176,0,16.70537194992353,86.36670614070226,3794,33.50093226553561,7.155701760813631,12.342156750827904,16.280622131706803,112635.109375,36575.7890625,54607.0390625,66243.5625,54607.0390625,12.342156750827904,58028.0703125,51.51863449548854,0.368412337095616,77.80000000000003,108,44.0,55,0.1629021371664284,0.11313366520793293,0.07112815098623117,0.06484824332004142,0.11701514407632979,0,0,0.10516039049837465,0,0,0.1170151440763298,0,0,0.08899095426398718,0,0,0.08251285301343536,0,0,0.08899095426398718,0,0
SSCL-26,Batamaloo to Kangan via Hazratbal Manigam,Regional_District,55.703,55.6580332925324,True,120242,223,0,14.50871863638542,67.32132093869387,7525,43.09555225663701,11.73272994439732,18.77218380343732,23.77132427979523,120082.7421875,49692.7421875,69939.9296875,80891.4453125,69939.9296875,18.77218380343732,50142.8125,41.75688494996712,0.4355944597634498,25.599999999999994,41,6.0,9,0.11760894274636896,0.11471162655093584,0.018432363928593404,0.006964275433688646,0.06802065333748118,0,0,0.055209682042403375,0,0,0.0680206533374812,0,0,0.06083795099231224,0,0,0.04638227839537628,0,0,0.060837950992312255,0,0
SSCL-27,Batamaloo to Manigam,Regional_District,37.093,37.05182459258744,True,118108,149,0,17.387006765600272,67.8352680126382,5423,28.739908739550405,8.482400592393597,13.238772601833618,16.522815541959055,93746.25,39986.7734375,55407.796875,63743.359375,55407.796875,13.238772601833618,38338.453125,40.89598583943358,0.4606407320846879,22.799999999999997,37,6.0,9,0.15847988647896935,0.14947324366700004,0.024652589509443747,0.010458335386265838,0.09156623799420655,0,0,0.07427931722711148,0,0,0.09156623799420657,0,0,0.07996578952663294,0,0,0.06131517789338134,0,0,0.07996578952663295,0,0
SSCL-28,Batamaloo to Pinglena Pampore via Galandar,Peri_Urban,22.233,22.224617889956047,True,108838,89,0,13.855948466407192,53.3537060132002,3314,17.34314667127541,5.013721380074468,7.591064908598015,9.407495046884256,108588.359375,38830.59765625,54648.89453125,64440.1796875,54648.89453125,7.591064908598015,53939.46484375,49.673339899606525,0.437698247756315,56.00000000000001,81,25.0,32,0.4177198429621306,0.29021081438945767,0.10102052376255274,0.0727018085883519,0.2593701833623417,1,1,0.2184610701846113,1,0,0.25937018336234174,1,1,0.1814563114889048,1,0,0.15227472194500621,1,0,0.18145631148890481,1,0
SSCL-29,Pantha Chowk to Panzinara,Urban,10.811,10.803535242780578,True,65968,44,0,11.77208684152201,41.350865101158405,2778,8.582765219741683,3.4201413143868824,4.611905262940395,5.351532222046755,65624.6796875,30887.89453125,38672.703125,43509.46875,38672.703125,4.611905262940395,26951.9765625,41.06987903155242,0.537344916802839,17.999999999999993,31,7.4,11,0.5481846636412193,0.4535567287719245,0.06677690627045042,0.04425569104264815,0.30748078495583486,1,1,0.24529573043569117,1,0,0.3074807849558349,1,1,0.24890620990728632,1,0,0.1939932887667734,1,0,0.24890620990728637,1,0
SSCL-30,Batamaloo to Dc Office Budgam,Peri_Urban,15.685,15.661701029022248,True,46176,63,0,9.914034344399068,39.22409270526679,3732,11.2863538525612,4.205783069906479,5.868013943739008,7.018842213195502,45980.7734375,24505.685546875,30964.353515625,34211.63671875,30964.353515625,5.868013943739008,15016.419921875,32.658041175158296,0.5199211384292534,9.0,13,4.4,5,0.20293901203286907,0.21958765149933543,0.023013233461582395,0.01813724951359195,0.11297612274722574,0,0,0.08973450651083116,0,0,0.11297612274722575,0,0,0.11886245050646368,0,0,0.09183532616947473,0,0,0.11886245050646371,0,0
