Route_ID,Route_Name,Route_Code,Action_Taken,New_Route_ID,Displaced_Operator_Class,Route_KM,Route_Type,OSRM_Duration_S,Cycle_Time_Min,Congestion_Zone,N_Stops_Estimated,Stop_Penalty_Min,Sharp_Turns,Junction_Penalty_Min,Pop_Score,POI_Score,Road_Multiplier,Final_CDI,Social_Flag,Priority_Band,Headway_Min,Fleet_Required,HPV_Count,MPV_Count,LPV_Count,CMP_Trunk,CMP_Route_ID,Population_Served,Population_Served_Raw,Corridor_Competitors,HV_POI_Count,Overlap_Metric,Geo_Source,Tourist_Corridor,Seasonal_Operability,District_HQ_Floor,SSCL_CDI_Conflict,SSCL_CDI_Conflict_Strong,SSCL_CDI_Conflict_Weak_SSCL,Daily_Trips,Daily_KM,Daily_Capacity_Pax,Daily_Demand_Pax,Load_Ratio,Load_Flag,Pax_Journey_Time_Min,Journey_Time_Flag,Daily_Revenue_INR,Daily_Op_Cost_INR,Viability_Ratio,Subsidy_Risk_Flag,Emissions_GCO2_Daily,Equity_Score,Map_File,_idx,P_Route_Name,P_Origin,P_Origin_Lat,P_Origin_Lon,P_Destination,P_Dest_Lat,P_Dest_Lon,P_Vehicle_Category,P_Service_Type,_oi,_di,_od
R0009,Parimpora to Chadora,SRBG02032901,MERGED_INTO_TRUNK,FDR-429,Private Minibus,25.752,Peri_Urban,1621.9,128.8,City_Core,51,25.5,7,3.5,0.4971,0.1139,1.25,0.3055,False,LP,35,0,0,0,0,False,,0,137879,324,39,0.0652,OSRM,False,Year_Round,False,False,False,False,54.9,1412.7,0.0,210.0,0.0,Red_NoCapacity,87.4,True,2103.0,91824.0,0.023,True,1342047.0,0.085,route_maps_kashmir/FDR-429.html,8,,PARIMPORA,34.1112,74.7475,CHADORA,33.9437273,74.7986725,MPV,Ordinary Service,130,20,20-130
R0013,Soura to Ganderbal,SRGB01010903,MERGED_INTO_TRUNK,FDR-481,LPV / Tempo,9.86,Urban,959.3,78.9,City_Core,19,9.5,6,3.0,0.2779,0.1597,1.25,0.2188,False,LP,35,0,0,0,0,False,,0,34248,108,20,0.0205,OSRM,False,Year_Round,False,False,False,False,54.9,540.9,0.0,623.0,0.0,Red_NoCapacity,62.4,True,6230.0,35158.0,0.177,True,513847.0,0.064,route_maps_kashmir/FDR-481.html,12,,SOURA,34.1378333,74.8021097,GANDERBAL,34.192763,74.7700157,LPV,Ordinary Service,101,46,46-101
R0016,Soura to LD,SRSR01020922,MERGED_INTO_TRUNK,FDR-059,LPV / Tempo,10.817,Urban,798.2,86.5,City_Core,21,10.5,11,5.5,0.7984,0.4545,1.25,0.6264,True,HP,20,0,0,0,0,False,,0,85889,243,69,0.1007,OSRM,False,Year_Round,False,False,False,False,96.0,1038.4,0.0,247.0,0.0,Red_NoCapacity,58.8,True,2474.0,67498.0,0.037,False,986510.0,0.106,route_maps_kashmir/FDR-059.html,15,,SOURA,34.1378333,74.8021097,LD,34.0822,74.8059,LPV,Ordinary Service,101,123,101-123
R0017,Soura to LD,SRSR01020922,MERGED_INTO_TRUNK,FDR-059,Private Minibus,10.099,Urban,682.4,80.8,City_Core,20,10.0,8,4.0,0.9738,0.6066,1.25,0.7902,True,HP,20,0,0,0,0,False,,0,95384,292,75,0.1195,OSRM,False,Year_Round,False,False,False,False,96.0,969.5,0.0,193.0,0.0,Red_NoCapacity,55.9,True,1926.0,63018.0,0.031,False,921029.0,0.098,route_maps_kashmir/FDR-059.html,16,,SOURA,34.1378333,74.8021097,LD,34.0822,74.8059,MPV,Ordinary Service,101,123,101-123
R0022,Soura to LD,SRSR01020922,MERGED_INTO_TRUNK,FDR-059,Private Minibus,11.052,Urban,725.1,88.4,City_Core,22,11.0,8,4.0,0.9657,0.6207,1.25,0.7932,True,HP,20,0,0,0,0,False,,0,103616,563,85,0.1529,OSRM,False,Year_Round,False,False,False,False,96.0,1061.0,0.0,85.0,0.0,Red_NoCapacity,59.7,True,848.0,68964.0,0.012,False,1007942.0,0.055,route_maps_kashmir/FDR-059.html,21,,SOURA,34.1378333,74.8021097,LD,34.0822,74.8059,MPV,,101,123,101-123
R0025,Jehangir Chowk to JVC,SRSR02022018,MERGED_INTO_TRUNK,FDR-269,LPV / Tempo,8.334,Urban,646.4,66.7,City_Core,16,8.0,15,7.5,0.696,0.322,1.25,0.509,False,MP,35,0,0,0,0,False,,0,58845,380,27,0.1905,OSRM,False,Year_Round,False,False,False,False,54.9,457.2,0.0,33.0,0.0,Red_NoCapacity,56.4,True,327.0,29717.0,0.011,True,434320.0,0.031,route_maps_kashmir/FDR-269.html,24,,JEHANGIR CHOWK,34.07189,74.80491,JVC,34.0849143,74.7618354,LPV,,121,119,119-121
R0027,Soura to Hazratbal,SRSR01010904,MERGED_INTO_TRUNK,TRK-031,LPV / Tempo,8.337,Urban,1248.4,66.7,City_Core,16,8.0,6,3.0,0.7069,0.4192,1.25,0.5631,False,MP,35,0,0,0,0,False,,0,59647,163,41,0.0333,OSRM+JhelumBridge,False,Year_Round,False,False,False,False,54.9,457.3,0.0,443.0,0.0,Red_NoCapacity,56.4,True,4426.0,29727.0,0.149,True,434477.0,0.073,route_maps_kashmir/TRK-031.html,26,,SOURA,34.1378333,74.8021097,HAZRATBAL,34.1272157,74.8356734,LPV,,101,96,96-101
R0028,Soura to LD,SRSR01020922,MERGED_INTO_TRUNK,FDR-059,LPV / Tempo,7.325,Urban,606.8,58.6,City_Core,14,7.0,13,6.5,1.0,0.6082,1.25,0.8041,True,HP,20,0,0,0,0,False,,0,71571,247,65,0.116,OSRM,False,Year_Round,False,False,False,False,96.0,703.2,0.0,176.0,0.0,Red_NoCapacity,44.8,False,1760.0,45708.0,0.039,False,668040.0,0.087,route_maps_kashmir/FDR-059.html,27,,SOURA,34.1378333,74.8021097,LD,34.0822,74.8059,LPV,,101,123,101-123
R0029,Jehangir Chowk to JVC,SRSR02022018,MERGED_INTO_TRUNK,FDR-269,LPV / Tempo,8.334,Urban,646.4,66.7,City_Core,16,8.0,15,7.5,0.696,0.322,1.25,0.509,False,MP,35,0,0,0,0,False,,0,58845,380,27,0.1905,OSRM,False,Year_Round,False,False,False,False,54.9,457.2,0.0,33.0,0.0,Red_NoCapacity,56.4,True,327.0,29717.0,0.011,True,434320.0,0.031,route_maps_kashmir/FDR-269.html,28,,JEHANGIR CHOWK,34.07189,74.80491,JVC,34.0849143,74.7618354,LPV,,121,119,119-121
R0030,Jehangir Chowk to JVC,SRSR02022018,MERGED_INTO_TRUNK,FDR-269,LPV / Tempo,8.334,Urban,646.4,66.7,City_Core,16,8.0,15,7.5,0.696,0.322,1.25,0.509,False,MP,35,0,0,0,0,False,,0,58845,380,27,0.1905,OSRM,False,Year_Round,False,False,False,False,54.9,457.2,0.0,33.0,0.0,Red_NoCapacity,56.4,True,327.0,29717.0,0.011,True,434320.0,0.031,route_maps_kashmir/FDR-269.html,29,,JEHANGIR CHOWK,34.07189,74.80491,JVC,34.0849143,74.7618354,LPV,,121,119,119-121
R0033,Jehangir Chowk to JVC,SRSR02022018,MERGED_INTO_TRUNK,FDR-269,LPV / Tempo,8.334,Urban,646.4,66.7,City_Core,16,8.0,15,7.5,0.696,0.322,1.25,0.509,False,MP,35,0,0,0,0,False,,0,58845,380,27,0.1905,OSRM,False,Year_Round,False,False,False,False,54.9,457.2,0.0,33.0,0.0,Red_NoCapacity,56.4,True,327.0,29717.0,0.011,True,434320.0,0.031,route_maps_kashmir/FDR-269.html,32,,JEHANGIR CHOWK,34.07189,74.80491,JVC,34.0849143,74.7618354,LPV,,121,119,119-121
R0034,Sora to Parimpora,SRSR01020929,MERGED_INTO_TRUNK,FDR-173,LPV / Tempo,12.572,Urban,1134.0,100.6,City_Core,25,12.5,28,14.0,0.6196,0.2559,1.25,0.4378,False,MP,35,0,0,0,0,False,,0,80530,326,48,0.1028,OSRM,False,Year_Round,False,False,False,False,54.9,689.7,0.0,97.0,0.0,Red_NoCapacity,73.3,True,968.0,44828.0,0.022,True,655181.0,0.05,route_maps_kashmir/FDR-173.html,33,,SORA,34.1378333,74.8021097,PARIMPORA,34.1112,74.7475,LPV,,101,130,101-130
R0037,Soura to LD,SRSR01020922,MERGED_INTO_TRUNK,FDR-059,LPV / Tempo,10.817,Urban,798.2,86.5,City_Core,21,10.5,11,5.5,0.7984,0.4545,1.25,0.6264,True,HP,20,0,0,0,0,False,,0,85889,243,69,0.1007,OSRM,False,Year_Round,False,False,False,False,96.0,1038.4,0.0,247.0,0.0,Red_NoCapacity,58.8,True,2474.0,67498.0,0.037,False,986510.0,0.106,route_maps_kashmir/FDR-059.html,36,,SOURA,34.1378333,74.8021097,LD,34.0822,74.8059,LPV,Ordinary Service,101,123,101-123
R0038,Parimpora to Chadora,SRBG02032901,MERGED_INTO_TRUNK,FDR-429,Private Minibus,24.64,Peri_Urban,1458.3,123.2,City_Core,49,24.5,8,4.0,0.626,0.2122,1.25,0.4191,False,MP,35,0,0,0,0,False,,0,159195,438,64,0.1258,OSRM,False,Year_Round,False,False,False,False,54.9,1351.7,0.0,93.0,0.0,Red_NoCapacity,84.6,True,931.0,87859.0,0.011,True,1284096.0,0.073,route_maps_kashmir/FDR-429.html,37,,PARIMPORA,34.1112,74.7475,CHADORA,33.9437273,74.7986725,MPV,Ordinary Service,130,20,20-130
R0039,Soura to LD,SRSR01020922,MERGED_INTO_TRUNK,FDR-059,LPV / Tempo,10.099,Urban,682.4,80.8,City_Core,20,10.0,8,4.0,0.9738,0.6066,1.25,0.7902,True,HP,20,0,0,0,0,False,,0,95384,292,75,0.1195,OSRM,False,Year_Round,False,False,False,False,96.0,969.5,0.0,193.0,0.0,Red_NoCapacity,55.9,True,1926.0,63018.0,0.031,False,921029.0,0.098,route_maps_kashmir/FDR-059.html,38,,SOURA,34.1378333,74.8021097,LD,34.0822,74.8059,LPV,Ordinary Service,101,123,101-123
R0041,Soura to Hazratbal,SRSR01010904,MERGED_INTO_TRUNK,TRK-031,LPV / Tempo,8.337,Urban,1248.4,66.7,City_Core,16,8.0,6,3.0,0.7069,0.4192,1.25,0.5631,False,MP,35,0,0,0,0,False,,0,59647,163,41,0.0333,OSRM+JhelumBridge,False,Year_Round,False,False,False,False,54.9,457.3,0.0,443.0,0.0,Red_NoCapacity,56.4,True,4426.0,29727.0,0.149,True,434477.0,0.073,route_maps_kashmir/TRK-031.html,40,,SOURA,34.1378333,74.8021097,HAZRATBAL,34.1272157,74.8356734,LPV,,101,96,96-101
R0042,Sora to LD,SRSR01020922,MERGED_INTO_TRUNK,FDR-059,LPV / Tempo,10.099,Urban,682.4,80.8,City_Core,20,10.0,8,4.0,0.9738,0.6066,1.25,0.7902,True,HP,20,0,0,0,0,False,,0,95384,292,75,0.1195,OSRM,False,Year_Round,False,False,False,False,96.0,969.5,0.0,193.0,0.0,Red_NoCapacity,55.9,True,1926.0,63018.0,0.031,False,921029.0,0.098,route_maps_kashmir/FDR-059.html,41,,SORA,34.1378333,74.8021097,LD,34.0822,74.8059,LPV,Ordinary Service,101,123,101-123
R0044,Jehangir Chowk to JVC,SRSR02022018,MERGED_INTO_TRUNK,FDR-269,Private Minibus,8.334,Urban,646.4,66.7,City_Core,16,8.0,15,7.5,0.696,0.322,1.25,0.509,False,MP,35,0,0,0,0,False,,0,58845,380,27,0.1905,OSRM,False,Year_Round,False,False,False,False,54.9,457.2,0.0,33.0,0.0,Red_NoCapacity,56.4,True,327.0,29717.0,0.011,True,434320.0,0.031,route_maps_kashmir/FDR-269.html,43,,JEHANGIR CHOWK,34.07189,74.80491,JVC,34.0849143,74.7618354,MPV,Ordinary Service,121,119,119-121
R0046,Parimpora to Rawalpora,SRSR02022935,MERGED_INTO_TRUNK,FDR-338,Private Minibus,14.409,Urban,938.3,115.3,City_Core,28,14.0,11,5.5,0.6641,0.1773,1.25,0.4207,False,MP,35,0,0,0,0,False,,0,97796,350,33,0.0739,OSRM,False,Year_Round,False,False,False,False,54.9,790.4,0.0,152.0,0.0,Red_NoCapacity,80.6,True,1523.0,51378.0,0.03,True,750915.0,0.056,route_maps_kashmir/FDR-338.html,45,,PARIMPORA,34.1112,74.7475,RAWALPORA,34.0195992,74.7993842,MPV,,130,136,130-136
R0047,Parimpora to Rawalpora,SRSR02022935,MERGED_INTO_TRUNK,FDR-338,LPV / Tempo,14.409,Urban,938.3,115.3,City_Core,28,14.0,11,5.5,0.6641,0.1773,1.25,0.4207,False,MP,35,0,0,0,0,False,,0,97796,350,33,0.0739,OSRM,False,Year_Round,False,False,False,False,54.9,790.4,0.0,152.0,0.0,Red_NoCapacity,80.6,True,1523.0,51378.0,0.03,True,750915.0,0.056,route_maps_kashmir/FDR-338.html,46,,PARIMPORA,34.1112,74.7475,RAWALPORA,34.0195992,74.7993842,LPV,Express Service,130,136,130-136
R0048,Soura to LD,SRSR01020922,MERGED_INTO_TRUNK,FDR-059,LPV / Tempo,18.128,Peri_Urban,1262.2,90.6,City_Core,36,18.0,18,9.0,0.7343,0.4505,1.25,0.5924,True,MP,35,0,0,0,0,False,,0,133960,573,99,0.1313,OSRM,False,Year_Round,False,False,False,False,54.9,994.5,0.0,57.0,0.0,Red_NoCapacity,68.3,True,574.0,64639.0,0.009,False,944728.0,0.07,route_maps_kashmir/FDR-059.html,47,,SOURA,34.1378333,74.8021097,LD,34.0822,74.8059,LPV,Ordinary Service,101,123,101-123
R0053,Soura to SMHS,SRSR01020936,MERGED_INTO_TRUNK,FDR-098,Private Minibus,11.97,Urban,859.1,95.8,City_Core,23,11.5,11,5.5,0.8121,0.594,1.25,0.703,False,HP,20,0,0,0,0,False,,0,96442,440,91,0.1249,OSRM,False,Year_Round,False,False,False,False,96.0,1149.1,0.0,124.0,0.0,Red_NoCapacity,63.4,True,1237.0,74693.0,0.017,True,1091664.0,0.044,route_maps_kashmir/FDR-098.html,52,,SOURA,34.1378333,74.8021097,SMHS,34.0865976,74.7983302,MPV,Express Service,101,137,101-137
R0054,Soura to Parimpora,SRSR01020929,MERGED_INTO_TRUNK,FDR-173,Private Minibus,12.845,Urban,926.8,102.8,City_Core,25,12.5,20,10.0,0.8071,0.4007,1.25,0.6039,False,HP,20,0,0,0,0,False,,0,102944,346,74,0.1583,OSRM,False,Year_Round,False,False,False,False,96.0,1233.1,0.0,132.0,0.0,Red_NoCapacity,66.9,True,1325.0,80153.0,0.017,True,1171464.0,0.06,route_maps_kashmir/FDR-173.html,53,,SOURA,34.1378333,74.8021097,PARIMPORA,34.1112,74.7475,MPV,Express Service,101,130,101-130
R0055,Parimpora to Saidakadal,SRSR02022938,MERGED_INTO_TRUNK,FDR-106,Private Minibus,14.067,Urban,1375.0,112.5,City_Core,28,14.0,4,2.0,0.8391,0.488,1.25,0.6636,False,HP,20,0,0,0,0,False,,0,116598,561,68,0.227,OSRM+JhelumBridge,False,Year_Round,False,False,False,False,96.0,1350.4,0.0,65.0,0.0,Red_NoCapacity,71.8,True,645.0,87778.0,0.007,True,1282910.0,0.042,route_maps_kashmir/FDR-106.html,54,,PARIMPORA,34.1112,74.7475,SAIDAKADAL,34.103318,74.8272458,MPV,Express Service,130,139,130-139
R0057,Soura to SMHS,SRSR01020936,MERGED_INTO_TRUNK,FDR-098,Private Minibus,11.97,Urban,859.1,95.8,City_Core,23,11.5,11,5.5,0.8121,0.594,1.25,0.703,False,HP,20,0,0,0,0,False,,0,96442,440,91,0.1249,OSRM,False,Year_Round,False,False,False,False,96.0,1149.1,0.0,124.0,0.0,Red_NoCapacity,63.4,True,1237.0,74693.0,0.017,True,1091664.0,0.044,route_maps_kashmir/FDR-098.html,56,,SOURA,34.1378333,74.8021097,SMHS,34.0865976,74.7983302,MPV,Express Service,101,137,101-137
R0059,Safakadal to Jehangir Chowk,SRSR02023720,MERGED_INTO_TRUNK,FDR-575,LPV / Tempo,3.149,Urban,218.7,25.2,City_Core,6,3.0,2,1.0,1.0,0.9025,1.25,0.9512,True,HP,20,0,0,0,0,False,,0,32077,332,34,0.085,OSRM,False,Year_Round,False,False,False,False,96.0,302.3,0.0,80.0,0.0,Red_NoCapacity,28.1,False,801.0,19650.0,0.041,False,287189.0,0.029,route_maps_kashmir/FDR-575.html,58,,SAFAKADAL,34.0932178,74.7916738,JEHANGIR CHOWK,34.07189,74.80491,LPV,Ordinary Service,138,121,121-138
R0061,Safakadal to Jehangir Chowk,SRSR02023720,MERGED_INTO_TRUNK,FDR-575,Private Minibus,3.149,Urban,218.7,25.2,City_Core,6,3.0,2,1.0,1.0,0.9025,1.25,0.9512,True,HP,20,0,0,0,0,False,,0,32077,332,34,0.085,OSRM,False,Year_Round,False,False,False,False,96.0,302.3,0.0,80.0,0.0,Red_NoCapacity,28.1,False,801.0,19650.0,0.041,False,287189.0,0.029,route_maps_kashmir/FDR-575.html,60,,SAFAKADAL,34.0932178,74.7916738,JEHANGIR CHOWK,34.07189,74.80491,MPV,,138,121,121-138
R0062,Soura to LD,SRSR01020922,MERGED_INTO_TRUNK,FDR-059,Private Minibus,10.099,Urban,682.4,80.8,City_Core,20,10.0,8,4.0,0.9738,0.6066,1.25,0.7902,True,HP,20,0,0,0,0,False,,0,95384,292,75,0.1195,OSRM,False,Year_Round,False,False,False,False,96.0,969.5,0.0,193.0,0.0,Red_NoCapacity,55.9,True,1926.0,63018.0,0.031,False,921029.0,0.098,route_maps_kashmir/FDR-059.html,61,,SOURA,34.1378333,74.8021097,LD,34.0822,74.8059,MPV,Express Service,101,123,101-123
R0063,Safakadal to Jehangir Chowk,SRSR02023720,MERGED_INTO_TRUNK,FDR-575,Private Minibus,3.149,Urban,218.7,25.2,City_Core,6,3.0,2,1.0,1.0,0.9025,1.25,0.9512,True,HP,20,0,0,0,0,False,,0,32077,332,34,0.085,OSRM,False,Year_Round,False,False,False,False,96.0,302.3,0.0,80.0,0.0,Red_NoCapacity,28.1,False,801.0,19650.0,0.041,False,287189.0,0.029,route_maps_kashmir/FDR-575.html,62,,SAFAKADAL,34.0932178,74.7916738,JEHANGIR CHOWK,34.07189,74.80491,MPV,Express Service,138,121,121-138
R0064,Lalbazar to LD,SRSR01020522,MERGED_INTO_TRUNK,FDR-068,Private Minibus,10.261,Urban,1115.0,82.1,City_Core,20,10.0,7,3.5,0.9616,0.5844,1.25,0.773,True,HP,20,0,0,0,0,False,,0,95836,543,72,0.145,OSRM+JhelumBridge,False,Year_Round,False,False,False,False,96.0,985.1,0.0,86.0,0.0,Red_NoCapacity,56.6,True,858.0,64029.0,0.013,False,935803.0,0.053,route_maps_kashmir/FDR-068.html,63,,LALBAZAR,34.1255664,74.817375,LD,34.0822,74.8059,MPV,Express Service,97,123,97-123
R0066,Hazratbal to LD,SRSR01020422,MERGED_INTO_TRUNK,FDR-147,Private Minibus,8.251,Urban,1283.5,66.0,City_Core,16,8.0,10,5.0,0.6633,0.3468,1.25,0.505,True,MP,35,0,0,0,0,False,,0,55948,208,34,0.0832,OSRM+JhelumBridge,False,Year_Round,False,False,False,False,54.9,452.6,0.0,130.0,0.0,Red_NoCapacity,56.0,True,1302.0,29421.0,0.044,False,429995.0,0.081,route_maps_kashmir/FDR-147.html,65,,HAZRATBAL,34.1272157,74.8356734,LD,34.0822,74.8059,MPV,,96,123,96-123
R0067,Hazratbal to LD,SRSR01020422,MERGED_INTO_TRUNK,FDR-147,Private Minibus,8.251,Urban,1283.5,66.0,City_Core,16,8.0,10,5.0,0.6633,0.3468,1.25,0.505,True,MP,35,0,0,0,0,False,,0,55948,208,34,0.0832,OSRM+JhelumBridge,False,Year_Round,False,False,False,False,54.9,452.6,0.0,130.0,0.0,Red_NoCapacity,56.0,True,1302.0,29421.0,0.044,False,429995.0,0.081,route_maps_kashmir/FDR-147.html,66,,HAZRATBAL,34.1272157,74.8356734,LD,34.0822,74.8059,MPV,Express Service,96,123,96-123
R0068,Qamarwari to Dalgate,SRSR02023013,MERGED_INTO_TRUNK,FDR-117,Private Minibus,8.844,Urban,1139.6,70.8,City_Core,17,8.5,13,6.5,0.8921,0.4147,1.25,0.6534,False,HP,20,0,0,0,0,False,,0,77329,375,42,0.096,OSRM+JhelumBridge,False,Year_Round,False,False,False,False,96.0,849.0,0.0,151.0,0.0,Red_NoCapacity,50.9,True,1514.0,55187.0,0.027,True,806573.0,0.041,route_maps_kashmir/FDR-117.html,67,,QAMARWARI,34.0948927,74.766525,DALGATE,34.0816285,74.8268875,MPV,Express Service,131,114,114-131
R0069,Safakadal to SMHS,SRSR02023736,MERGED_INTO_TRUNK,FDR-132,Private Minibus,6.257,Urban,486.9,50.1,City_Core,12,6.0,9,4.5,0.6475,0.6054,1.25,0.6264,True,HP,20,0,0,0,0,False,,0,41575,344,44,0.1242,OSRM,False,Year_Round,False,False,False,False,96.0,600.7,0.0,69.0,0.0,Red_NoCapacity,40.6,False,686.0,39044.0,0.018,False,570638.0,0.036,route_maps_kashmir/FDR-132.html,68,,SAFAKADAL,34.0932178,74.7916738,SMHS,34.0865976,74.7983302,MPV,Ordinary Service,138,137,137-138
R0070,Saidakadal to Parimpora,SRSR02023829,MERGED_INTO_TRUNK,FDR-106,Private Minibus,14.556,Urban,1441.1,116.4,City_Core,29,14.5,11,5.5,0.8063,0.4456,1.25,0.626,False,HP,20,0,0,0,0,False,,0,116554,561,63,0.2237,OSRM+JhelumBridge,False,Year_Round,False,False,False,False,96.0,1397.4,0.0,65.0,0.0,Red_NoCapacity,73.7,True,655.0,90829.0,0.007,True,1327507.0,0.042,route_maps_kashmir/FDR-106.html,69,,SAIDAKADAL,34.103318,74.8272458,PARIMPORA,34.1112,74.7475,MPV,Express Service,139,130,130-139
R0071,Safakadal to SMHS,SRSR02023736,MERGED_INTO_TRUNK,FDR-132,Private Minibus,6.257,Urban,486.9,50.1,City_Core,12,6.0,9,4.5,0.6475,0.6054,1.25,0.6264,True,HP,20,0,0,0,0,False,,0,41575,344,44,0.1242,OSRM,False,Year_Round,False,False,False,False,96.0,600.7,0.0,69.0,0.0,Red_NoCapacity,40.6,False,686.0,39044.0,0.018,False,570638.0,0.036,route_maps_kashmir/FDR-132.html,70,,SAFAKADAL,34.0932178,74.7916738,SMHS,34.0865976,74.7983302,MPV,Express Service,138,137,137-138
R0072,Safakadal to SMHS,SRSR02023736,MERGED_INTO_TRUNK,FDR-132,Private Minibus,6.257,Urban,486.9,50.1,City_Core,12,6.0,9,4.5,0.6475,0.6054,1.25,0.6264,True,HP,20,0,0,0,0,False,,0,41575,344,44,0.1242,OSRM,False,Year_Round,False,False,False,False,96.0,600.7,0.0,69.0,0.0,Red_NoCapacity,40.6,False,686.0,39044.0,0.018,False,570638.0,0.036,route_maps_kashmir/FDR-132.html,71,,SAFAKADAL,34.0932178,74.7916738,SMHS,34.0865976,74.7983302,MPV,Ordinary Service,138,137,137-138
R0073,Safakadal to SMHS,SRSR02023736,MERGED_INTO_TRUNK,FDR-132,Private Minibus,6.257,Urban,486.9,50.1,City_Core,12,6.0,9,4.5,0.6475,0.6054,1.25,0.6264,True,HP,20,0,0,0,0,False,,0,41575,344,44,0.1242,OSRM,False,Year_Round,False,False,False,False,96.0,600.7,0.0,69.0,0.0,Red_NoCapacity,40.6,False,686.0,39044.0,0.018,False,570638.0,0.036,route_maps_kashmir/FDR-132.html,72,,SAFAKADAL,34.0932178,74.7916738,SMHS,34.0865976,74.7983302,MPV,,138,137,137-138
R0075,Parimpora to Rawalpora,SRSR02022935,MERGED_INTO_TRUNK,FDR-338,Private Minibus,15.914,Peri_Urban,1033.8,79.6,City_Core,31,15.5,11,5.5,0.7885,0.2978,1.25,0.5432,False,MP,35,0,0,0,0,False,,0,124996,438,54,0.1848,OSRM,False,Year_Round,False,False,False,False,54.9,873.0,0.0,50.0,0.0,Red_NoCapacity,62.8,True,498.0,56745.0,0.009,True,829347.0,0.057,route_maps_kashmir/FDR-338.html,74,,PARIMPORA,34.1112,74.7475,RAWALPORA,34.0195992,74.7993842,MPV,,130,136,130-136
R0076,Parimpora to Hazratbal,SRSR02012904,MERGED_INTO_TRUNK,FDR-271,Private Minibus,16.104,Peri_Urban,1713.6,80.5,City_Core,32,16.0,22,11.0,0.6966,0.251,1.25,0.4738,False,MP,35,0,0,0,0,False,,0,113789,383,53,0.0918,OSRM+JhelumBridge,False,Year_Round,False,False,False,False,54.9,883.4,0.0,104.0,0.0,Red_NoCapacity,63.2,True,1043.0,57422.0,0.018,True,839248.0,0.06,route_maps_kashmir/FDR-271.html,75,,PARIMPORA,34.1112,74.7475,HAZRATBAL,34.1272157,74.8356734,MPV,Express Service,130,96,96-130
R0077,Jehangir Chowk to HMT,SRSR02022016,MERGED_INTO_TRUNK,FDR-275,Private Minibus,10.311,Urban,654.3,82.5,City_Core,20,10.0,10,5.0,0.6674,0.2668,1.25,0.4671,False,MP,35,0,0,0,0,False,,0,70280,406,30,0.2746,OSRM,False,Year_Round,False,False,False,False,54.9,565.6,0.0,25.0,0.0,Red_NoCapacity,64.2,True,254.0,36766.0,0.007,True,537350.0,0.035,route_maps_kashmir/FDR-275.html,76,,JEHANGIR CHOWK,34.07189,74.80491,HMT,34.1085052,74.7471598,MPV,Express Service,121,117,117-121
R0078,Lalbazar to Parimpora,SRSR01020529,MERGED_INTO_TRUNK,FDR-164,Private Minibus,12.646,Urban,1535.3,101.2,City_Core,25,12.5,27,13.5,0.7997,0.331,1.25,0.5654,False,MP,35,0,0,0,0,False,,0,100546,329,59,0.1306,OSRM+JhelumBridge,False,Year_Round,False,False,False,False,54.9,693.7,0.0,94.0,0.0,Red_NoCapacity,73.6,True,942.0,45092.0,0.021,True,659037.0,0.061,route_maps_kashmir/FDR-164.html,77,,LALBAZAR,34.1255664,74.817375,PARIMPORA,34.1112,74.7475,MPV,,97,130,97-130
R0079,Lalbazar to Parimpora,SRSR01020529,MERGED_INTO_TRUNK,FDR-164,Private Minibus,12.646,Urban,1535.3,101.2,City_Core,25,12.5,27,13.5,0.7997,0.331,1.25,0.5654,False,MP,35,0,0,0,0,False,,0,100546,329,59,0.1306,OSRM+JhelumBridge,False,Year_Round,False,False,False,False,54.9,693.7,0.0,94.0,0.0,Red_NoCapacity,73.6,True,942.0,45092.0,0.021,True,659037.0,0.061,route_maps_kashmir/FDR-164.html,78,,LALBAZAR,34.1255664,74.817375,PARIMPORA,34.1112,74.7475,MPV,Express Service,97,130,97-130
R0080,Lalbazar to Parimpora,SRSR01020529,MERGED_INTO_TRUNK,FDR-164,Private Minibus,12.646,Urban,1535.3,101.2,City_Core,25,12.5,27,13.5,0.7997,0.331,1.25,0.5654,False,MP,35,0,0,0,0,False,,0,100546,329,59,0.1306,OSRM+JhelumBridge,False,Year_Round,False,False,False,False,54.9,693.7,0.0,94.0,0.0,Red_NoCapacity,73.6,True,942.0,45092.0,0.021,True,659037.0,0.061,route_maps_kashmir/FDR-164.html,79,,LALBAZAR,34.1255664,74.817375,PARIMPORA,34.1112,74.7475,MPV,Ordinary Service,97,130,97-130
R0081,Parimpora to Chadora,SRBG02032901,MERGED_INTO_TRUNK,FDR-429,Private Minibus,24.64,Peri_Urban,1458.3,123.2,City_Core,49,24.5,8,4.0,0.626,0.2122,1.25,0.4191,False,MP,35,0,0,0,0,False,,0,159195,438,64,0.1258,OSRM,False,Year_Round,False,False,False,False,54.9,1351.7,0.0,93.0,0.0,Red_NoCapacity,84.6,True,931.0,87859.0,0.011,True,1284096.0,0.073,route_maps_kashmir/FDR-429.html,80,,PARIMPORA,34.1112,74.7475,CHADORA,33.9437273,74.7986725,MPV,Ordinary Service,130,20,20-130
R0082,Lalbazar to Parimpora,SRSR01020529,MERGED_INTO_TRUNK,FDR-164,Private Minibus,12.646,Urban,1535.3,101.2,City_Core,25,12.5,27,13.5,0.7997,0.331,1.25,0.5654,False,MP,35,0,0,0,0,False,,0,100546,329,59,0.1306,OSRM+JhelumBridge,False,Year_Round,False,False,False,False,54.9,693.7,0.0,94.0,0.0,Red_NoCapacity,73.6,True,942.0,45092.0,0.021,True,659037.0,0.061,route_maps_kashmir/FDR-164.html,81,,LALBAZAR,34.1255664,74.817375,PARIMPORA,34.1112,74.7475,MPV,Ordinary Service,97,130,97-130
R0083,Lalbazar to Parimpora,SRSR01020529,MERGED_INTO_TRUNK,FDR-164,Private Minibus,12.646,Urban,1535.3,101.2,City_Core,25,12.5,27,13.5,0.7997,0.331,1.25,0.5654,False,MP,35,0,0,0,0,False,,0,100546,329,59,0.1306,OSRM+JhelumBridge,False,Year_Round,False,False,False,False,54.9,693.7,0.0,94.0,0.0,Red_NoCapacity,73.6,True,942.0,45092.0,0.021,True,659037.0,0.061,route_maps_kashmir/FDR-164.html,82,,LALBAZAR,34.1255664,74.817375,PARIMPORA,34.1112,74.7475,MPV,Ordinary Service,97,130,97-130
R0085,Soura to Jehangir Chowk,SRSR01020920,MERGED_INTO_TRUNK,FDR-122,LPV / Tempo,9.17,Urban,764.2,73.4,City_Core,18,9.0,9,4.5,0.7714,0.5403,1.25,0.6558,True,HP,20,0,0,0,0,False,,0,70680,427,66,0.0517,OSRM,False,Year_Round,False,False,False,False,96.0,880.3,0.0,226.0,0.0,Red_NoCapacity,52.2,True,2256.0,57221.0,0.039,False,836304.0,0.05,route_maps_kashmir/FDR-122.html,84,,SOURA,34.1378333,74.8021097,JEHANGIR CHOWK,34.07189,74.80491,LPV,Ordinary Service,101,121,101-121
R0086,Lalbazar to Parimpora,SRSR01020529,MERGED_INTO_TRUNK,FDR-164,LPV / Tempo,12.646,Urban,1535.3,101.2,City_Core,25,12.5,27,13.5,0.7997,0.331,1.25,0.5654,False,MP,35,0,0,0,0,False,,0,100546,329,59,0.1306,OSRM+JhelumBridge,False,Year_Round,False,False,False,False,54.9,693.7,0.0,94.0,0.0,Red_NoCapacity,73.6,True,942.0,45092.0,0.021,True,659037.0,0.061,route_maps_kashmir/FDR-164.html,85,,LALBAZAR,34.1255664,74.817375,PARIMPORA,34.1112,74.7475,LPV,Express Service,97,130,97-130
R0087,HMT to Jehangir Chowk,SRSR02021620,MERGED_INTO_TRUNK,FDR-275,Private Minibus,10.261,Urban,743.4,82.1,City_Core,20,10.0,10,5.0,0.6345,0.1759,1.25,0.4052,False,MP,35,0,0,0,0,False,,0,67042,419,20,0.1224,OSRM,False,Year_Round,False,False,False,False,54.9,562.9,0.0,53.0,0.0,Red_NoCapacity,64.0,True,526.0,36588.0,0.014,True,534745.0,0.032,route_maps_kashmir/FDR-275.html,86,,HMT,34.1085052,74.7471598,JEHANGIR CHOWK,34.07189,74.80491,MPV,Express Service,117,121,117-121
R0088,Lalbazar to Parimpora,SRSR01020529,MERGED_INTO_TRUNK,FDR-164,Private Minibus,12.646,Urban,1535.3,101.2,City_Core,25,12.5,27,13.5,0.7997,0.331,1.25,0.5654,False,MP,35,0,0,0,0,False,,0,100546,329,59,0.1306,OSRM+JhelumBridge,False,Year_Round,False,False,False,False,54.9,693.7,0.0,94.0,0.0,Red_NoCapacity,73.6,True,942.0,45092.0,0.021,True,659037.0,0.061,route_maps_kashmir/FDR-164.html,87,,LALBAZAR,34.1255664,74.817375,PARIMPORA,34.1112,74.7475,MPV,Ordinary Service,97,130,97-130
R0091,Saidakadal to Bypass,SRSR02023810,MERGED_INTO_TRUNK,FDR-108,Private Minibus,13.28,Urban,1334.6,106.2,City_Core,26,13.0,7,3.5,0.8211,0.4964,1.25,0.6588,False,HP,20,0,0,0,0,False,,0,108026,543,62,0.1649,OSRM+JhelumBridge,False,Year_Round,False,False,False,False,96.0,1274.9,0.0,85.0,0.0,Red_NoCapacity,68.6,True,850.0,82867.0,0.01,True,1211136.0,0.04,route_maps_kashmir/FDR-108.html,90,,SAIDAKADAL,34.103318,74.8272458,BYPASS,34.0909355,74.7608808,MPV,Ordinary Service,139,111,111-139
R0092,HMT to Jehangir Chowk,SRSR02021620,MERGED_INTO_TRUNK,FDR-275,Private Minibus,10.261,Urban,743.4,82.1,City_Core,20,10.0,10,5.0,0.6345,0.1759,1.25,0.4052,False,MP,35,0,0,0,0,False,,0,67042,419,20,0.1224,OSRM,False,Year_Round,False,False,False,False,54.9,562.9,0.0,53.0,0.0,Red_NoCapacity,64.0,True,526.0,36588.0,0.014,True,534745.0,0.032,route_maps_kashmir/FDR-275.html,91,,HMT,34.1085052,74.7471598,JEHANGIR CHOWK,34.07189,74.80491,MPV,,117,121,117-121
R0093,Jehangir Chowk to HMT,SRSR02022016,MERGED_INTO_TRUNK,FDR-275,Private Minibus,10.311,Urban,654.3,82.5,City_Core,20,10.0,10,5.0,0.6674,0.2668,1.25,0.4671,False,MP,35,0,0,0,0,False,,0,70280,406,30,0.2746,OSRM,False,Year_Round,False,False,False,False,54.9,565.6,0.0,25.0,0.0,Red_NoCapacity,64.2,True,254.0,36766.0,0.007,True,537350.0,0.035,route_maps_kashmir/FDR-275.html,92,,JEHANGIR CHOWK,34.07189,74.80491,HMT,34.1085052,74.7471598,MPV,Ordinary Service,121,117,117-121
R0094,Jehangir Chowk to HMT,SRSR02022016,MERGED_INTO_TRUNK,FDR-275,Private Minibus,10.311,Urban,654.3,82.5,City_Core,20,10.0,10,5.0,0.6674,0.2668,1.25,0.4671,False,MP,35,0,0,0,0,False,,0,70280,406,30,0.2746,OSRM,False,Year_Round,False,False,False,False,54.9,565.6,0.0,25.0,0.0,Red_NoCapacity,64.2,True,254.0,36766.0,0.007,True,537350.0,0.035,route_maps_kashmir/FDR-275.html,93,,JEHANGIR CHOWK,34.07189,74.80491,HMT,34.1085052,74.7471598,MPV,Ordinary Service,121,117,117-121
R0095,Parimpora to Rangrath,SRSR02022932,MERGED_INTO_TRUNK,FDR-446,Private Minibus,19.812,Peri_Urban,981.1,99.1,City_Core,39,19.5,8,4.0,0.3899,0.1277,1.25,0.2588,False,LP,35,0,0,0,0,False,,0,87853,311,35,0.0916,OSRM,False,Year_Round,False,False,False,False,54.9,1086.8,0.0,99.0,0.0,Red_NoCapacity,72.6,True,994.0,70644.0,0.014,True,1032488.0,0.057,route_maps_kashmir/FDR-446.html,94,,PARIMPORA,34.1112,74.7475,RANGRATH,34.013161,74.7994131,MPV,Ordinary Service,130,133,130-133
R0096,Parimpora to Rangrath,SRSR02022932,MERGED_INTO_TRUNK,FDR-446,Private Minibus,19.812,Peri_Urban,981.1,99.1,City_Core,39,19.5,8,4.0,0.3899,0.1277,1.25,0.2588,False,LP,35,0,0,0,0,False,,0,87853,311,35,0.0916,OSRM,False,Year_Round,False,False,False,False,54.9,1086.8,0.0,99.0,0.0,Red_NoCapacity,72.6,True,994.0,70644.0,0.014,True,1032488.0,0.057,route_maps_kashmir/FDR-446.html,95,,PARIMPORA,34.1112,74.7475,RANGRATH,34.013161,74.7994131,MPV,Express Service,130,133,130-133
R0097,Safakadal to Jehangir Chowk,SRSR02023720,MERGED_INTO_TRUNK,FDR-575,Private Minibus,3.569,Urban,390.5,28.6,City_Core,7,3.5,8,4.0,1.0,0.8475,1.25,0.9238,True,HP,20,0,0,0,0,False,,0,34629,332,37,0.0803,OSRM,False,Year_Round,False,False,False,False,96.0,342.6,0.0,92.0,0.0,Red_NoCapacity,29.8,False,915.0,22271.0,0.041,False,325493.0,0.031,route_maps_kashmir/FDR-575.html,96,,SAFAKADAL,34.0932178,74.7916738,JEHANGIR CHOWK,34.07189,74.80491,MPV,,138,121,121-138
R0098,Safakadal to Jehangir Chowk,SRSR02023720,MERGED_INTO_TRUNK,FDR-575,Private Minibus,3.569,Urban,390.5,28.6,City_Core,7,3.5,8,4.0,1.0,0.8475,1.25,0.9238,True,HP,20,0,0,0,0,False,,0,34629,332,37,0.0803,OSRM,False,Year_Round,False,False,False,False,96.0,342.6,0.0,92.0,0.0,Red_NoCapacity,29.8,False,915.0,22271.0,0.041,False,325493.0,0.031,route_maps_kashmir/FDR-575.html,97,,SAFAKADAL,34.0932178,74.7916738,JEHANGIR CHOWK,34.07189,74.80491,MPV,Ordinary Service,138,121,121-138
R0099,Jehangir Chowk to HMT,SRSR02022016,MERGED_INTO_TRUNK,FDR-275,Private Minibus,10.311,Urban,654.3,82.5,City_Core,20,10.0,10,5.0,0.6674,0.2668,1.25,0.4671,False,MP,35,0,0,0,0,False,,0,70280,406,30,0.2746,OSRM,False,Year_Round,False,False,False,False,54.9,565.6,0.0,25.0,0.0,Red_NoCapacity,64.2,True,254.0,36766.0,0.007,True,537350.0,0.035,route_maps_kashmir/FDR-275.html,98,,JEHANGIR CHOWK,34.07189,74.80491,HMT,34.1085052,74.7471598,MPV,Express Service,121,117,117-121
R0101,Safakadal to Jehangir Chowk,SRSR02023720,MERGED_INTO_TRUNK,FDR-575,Private Minibus,3.569,Urban,390.5,28.6,City_Core,7,3.5,8,4.0,1.0,0.8475,1.25,0.9238,True,HP,20,0,0,0,0,False,,0,34629,332,37,0.0803,OSRM,False,Year_Round,False,False,False,False,96.0,342.6,0.0,92.0,0.0,Red_NoCapacity,29.8,False,915.0,22271.0,0.041,False,325493.0,0.031,route_maps_kashmir/FDR-575.html,100,,SAFAKADAL,34.0932178,74.7916738,JEHANGIR CHOWK,34.07189,74.80491,MPV,Express Service,138,121,121-138
R0102,Safakadal to Jehangir Chowk,SRSR02023720,MERGED_INTO_TRUNK,FDR-575,Private Minibus,3.569,Urban,390.5,28.6,City_Core,7,3.5,8,4.0,1.0,0.8475,1.25,0.9238,True,HP,20,0,0,0,0,False,,0,34629,332,37,0.0803,OSRM,False,Year_Round,False,False,False,False,96.0,342.6,0.0,92.0,0.0,Red_NoCapacity,29.8,False,915.0,22271.0,0.041,False,325493.0,0.031,route_maps_kashmir/FDR-575.html,101,,SAFAKADAL,34.0932178,74.7916738,JEHANGIR CHOWK,34.07189,74.80491,MPV,Express Service,138,121,121-138
R0104,Safakadal to Jehangir Chowk,SRSR02023720,MERGED_INTO_TRUNK,FDR-575,Private Minibus,3.569,Urban,390.5,28.6,City_Core,7,3.5,8,4.0,1.0,0.8475,1.25,0.9238,True,HP,20,0,0,0,0,False,,0,34629,332,37,0.0803,OSRM,False,Year_Round,False,False,False,False,96.0,342.6,0.0,92.0,0.0,Red_NoCapacity,29.8,False,915.0,22271.0,0.041,False,325493.0,0.031,route_maps_kashmir/FDR-575.html,103,,SAFAKADAL,34.0932178,74.7916738,JEHANGIR CHOWK,34.07189,74.80491,MPV,,138,121,121-138
R0105,Safakadal to Jehangir Chowk,SRSR02023720,MERGED_INTO_TRUNK,FDR-575,Private Minibus,3.569,Urban,390.5,28.6,City_Core,7,3.5,8,4.0,1.0,0.8475,1.25,0.9238,True,HP,20,0,0,0,0,False,,0,34629,332,37,0.0803,OSRM,False,Year_Round,False,False,False,False,96.0,342.6,0.0,92.0,0.0,Red_NoCapacity,29.8,False,915.0,22271.0,0.041,False,325493.0,0.031,route_maps_kashmir/FDR-575.html,104,,SAFAKADAL,34.0932178,74.7916738,JEHANGIR CHOWK,34.07189,74.80491,MPV,Express Service,138,121,121-138
R0106,Parimpora to Rangrath,SRSR02022932,MERGED_INTO_TRUNK,FDR-446,Private Minibus,19.812,Peri_Urban,981.1,99.1,City_Core,39,19.5,8,4.0,0.3899,0.1277,1.25,0.2588,False,LP,35,0,0,0,0,False,,0,87853,311,35,0.0916,OSRM,False,Year_Round,False,False,False,False,54.9,1086.8,0.0,99.0,0.0,Red_NoCapacity,72.6,True,994.0,70644.0,0.014,True,1032488.0,0.057,route_maps_kashmir/FDR-446.html,105,,PARIMPORA,34.1112,74.7475,RANGRATH,34.013161,74.7994131,MPV,Ordinary Service,130,133,130-133
R0107,Parimpora to Rawalpora,SRSR02022935,MERGED_INTO_TRUNK,FDR-338,Private Minibus,15.914,Peri_Urban,1033.8,79.6,City_Core,31,15.5,11,5.5,0.7885,0.2978,1.25,0.5432,False,MP,35,0,0,0,0,False,,0,124996,438,54,0.1848,OSRM,False,Year_Round,False,False,False,False,54.9,873.0,0.0,50.0,0.0,Red_NoCapacity,62.8,True,498.0,56745.0,0.009,True,829347.0,0.057,route_maps_kashmir/FDR-338.html,106,,PARIMPORA,34.1112,74.7475,RAWALPORA,34.0195992,74.7993842,MPV,Ordinary Service,130,136,130-136
R0108,Batamallo to Pantha Chowk,SRSR02020427,MERGED_INTO_TRUNK,FDR-407,Private Minibus,17.436,Peri_Urban,1539.8,87.2,Peri_Urban,34,17.0,7,3.5,0.4931,0.1253,1.25,0.3092,False,LP,35,0,0,0,0,False,,0,92763,244,29,0.0931,OSRM+JhelumBridge,False,Year_Round,False,False,False,False,54.9,956.5,0.0,132.0,0.0,Red_NoCapacity,66.6,True,1316.0,62172.0,0.021,True,908665.0,0.076,route_maps_kashmir/FDR-407.html,107,,BATAMALLO,34.0692325,74.7917031,PANTHA CHOWK,34.0285811,74.9057898,MPV,Goods Service,105,128,105-128
R0109,Jehangir Chowk to JVC,SRSR02022018,MERGED_INTO_TRUNK,FDR-269,Private Minibus,8.334,Urban,646.4,66.7,City_Core,16,8.0,15,7.5,0.696,0.322,1.25,0.509,False,MP,35,0,0,0,0,False,,0,58845,380,27,0.1905,OSRM,False,Year_Round,False,False,False,False,54.9,457.2,0.0,33.0,0.0,Red_NoCapacity,56.4,True,327.0,29717.0,0.011,True,434320.0,0.031,route_maps_kashmir/FDR-269.html,108,,JEHANGIR CHOWK,34.07189,74.80491,JVC,34.0849143,74.7618354,MPV,Express Service,121,119,119-121
R0110,Batamallo to Pantha Chowk,SRSR02020427,MERGED_INTO_TRUNK,FDR-407,LPV / Tempo,17.436,Peri_Urban,1539.8,87.2,Peri_Urban,34,17.0,7,3.5,0.4931,0.1253,1.25,0.3092,False,LP,35,0,0,0,0,False,,0,92763,244,29,0.0931,OSRM+JhelumBridge,False,Year_Round,False,False,False,False,54.9,956.5,0.0,132.0,0.0,Red_NoCapacity,66.6,True,1316.0,62172.0,0.021,True,908665.0,0.076,route_maps_kashmir/FDR-407.html,109,,BATAMALLO,34.0692325,74.7917031,PANTHA CHOWK,34.0285811,74.9057898,LPV,Express Service,105,128,105-128
R0111,Parimpora to Rangrath,SRSR02022932,MERGED_INTO_TRUNK,FDR-446,Private Minibus,19.812,Peri_Urban,981.1,99.1,City_Core,39,19.5,8,4.0,0.3899,0.1277,1.25,0.2588,False,LP,35,0,0,0,0,False,,0,87853,311,35,0.0916,OSRM,False,Year_Round,False,False,False,False,54.9,1086.8,0.0,99.0,0.0,Red_NoCapacity,72.6,True,994.0,70644.0,0.014,True,1032488.0,0.057,route_maps_kashmir/FDR-446.html,110,,PARIMPORA,34.1112,74.7475,RANGRATH,34.013161,74.7994131,MPV,Express Service,130,133,130-133
R0112,Batamallo to Pantha Chowk,SRSR02020427,MERGED_INTO_TRUNK,FDR-407,Private Minibus,51.0,Regional_District,3501.2,153.0,Peri_Urban,102,51.0,15,7.5,0.3737,0.2335,1.25,0.3036,True,MP,35,0,0,0,0,False,,0,219075,562,147,0.0927,OSRM+JhelumBridge,False,Year_Round,True,False,False,False,54.9,2797.7,0.0,102.0,0.0,Red_NoCapacity,99.5,True,1016.0,181851.0,0.006,False,2657829.0,0.117,route_maps_kashmir/FDR-407.html,111,,BATAMALLO,34.0692325,74.7917031,PANTHA CHOWK,34.0285811,74.9057898,MPV,,105,128,105-128
R0113,Jehangir Chowk to HMT,SRSR02022016,MERGED_INTO_TRUNK,FDR-275,Private Minibus,10.311,Urban,654.3,82.5,City_Core,20,10.0,10,5.0,0.6674,0.2668,1.25,0.4671,False,MP,35,0,0,0,0,False,,0,70280,406,30,0.2746,OSRM,False,Year_Round,False,False,False,False,54.9,565.6,0.0,25.0,0.0,Red_NoCapacity,64.2,True,254.0,36766.0,0.007,True,537350.0,0.035,route_maps_kashmir/FDR-275.html,112,,JEHANGIR CHOWK,34.07189,74.80491,HMT,34.1085052,74.7471598,MPV,Express Service,121,117,117-121
R0114,Batamallo to Pantha Chowk,SRSR02020427,MERGED_INTO_TRUNK,FDR-407,Private Minibus,51.0,Regional_District,3501.2,153.0,Peri_Urban,102,51.0,15,7.5,0.3737,0.2335,1.25,0.3036,True,MP,35,0,0,0,0,False,,0,219075,562,147,0.0927,OSRM+JhelumBridge,False,Year_Round,True,False,False,False,54.9,2797.7,0.0,102.0,0.0,Red_NoCapacity,99.5,True,1016.0,181851.0,0.006,False,2657829.0,0.117,route_maps_kashmir/FDR-407.html,113,,BATAMALLO,34.0692325,74.7917031,PANTHA CHOWK,34.0285811,74.9057898,MPV,Express Service,105,128,105-128
R0115,Batamallo to Pantha Chowk,SRSR02020427,MERGED_INTO_TRUNK,FDR-407,LPV / Tempo,51.0,Regional_District,3501.2,153.0,Peri_Urban,102,51.0,15,7.5,0.3737,0.2335,1.25,0.3036,True,MP,35,0,0,0,0,False,,0,219075,562,147,0.0927,OSRM+JhelumBridge,False,Year_Round,True,False,False,False,54.9,2797.7,0.0,102.0,0.0,Red_NoCapacity,99.5,True,1016.0,181851.0,0.006,False,2657829.0,0.117,route_maps_kashmir/FDR-407.html,114,,BATAMALLO,34.0692325,74.7917031,PANTHA CHOWK,34.0285811,74.9057898,LPV,Express Service,105,128,105-128
R0117,Lalbazar to Parimpora,SRSR01020529,MERGED_INTO_TRUNK,FDR-164,Private Minibus,14.237,Urban,1414.7,113.9,City_Core,28,14.0,17,8.5,0.8554,0.4127,1.25,0.634,False,HP,20,0,0,0,0,False,,0,120007,374,88,0.1344,OSRM+JhelumBridge,False,Year_Round,False,False,False,False,96.0,1366.8,0.0,168.0,0.0,Red_NoCapacity,72.4,True,1683.0,88839.0,0.019,True,1298414.0,0.064,route_maps_kashmir/FDR-164.html,116,,LALBAZAR,34.1255664,74.817375,PARIMPORA,34.1112,74.7475,MPV,Express Service,97,130,97-130
R0118,Soura to Jehangir Chowk,SRSR01020920,MERGED_INTO_TRUNK,FDR-122,Private Minibus,9.17,Urban,764.2,73.4,City_Core,18,9.0,9,4.5,0.7714,0.5403,1.25,0.6558,True,HP,20,0,0,0,0,False,,0,70680,427,66,0.0517,OSRM,False,Year_Round,False,False,False,False,96.0,880.3,0.0,226.0,0.0,Red_NoCapacity,52.2,True,2256.0,57221.0,0.039,False,836304.0,0.05,route_maps_kashmir/FDR-122.html,117,,SOURA,34.1378333,74.8021097,JEHANGIR CHOWK,34.07189,74.80491,MPV,Ordinary Service,101,121,101-121
R0119,Parimpora to Panthachowk,SRSR02022927,MERGED_INTO_TRUNK,FDR-289,LPV / Tempo,21.307,Peri_Urban,1713.4,106.5,City_Core,42,21.0,5,2.5,0.6019,0.3276,1.25,0.4648,False,MP,35,0,0,0,0,False,,0,133241,546,73,0.2309,OSRM+JhelumBridge,False,Year_Round,False,False,False,False,54.9,1168.8,0.0,34.0,0.0,Red_NoCapacity,76.2,True,341.0,75975.0,0.004,True,1110399.0,0.049,route_maps_kashmir/FDR-289.html,118,,PARIMPORA,34.1112,74.7475,PANTHACHOWK,34.0285811,74.9057898,LPV,,130,128,128-130
R0120,Parimpora to Panthachowk,SRSR02022927,MERGED_INTO_TRUNK,FDR-289,LPV / Tempo,52.715,Regional_District,3517.8,158.1,City_Core,105,52.5,13,6.5,0.3936,0.2202,1.25,0.3069,True,MP,35,0,0,0,0,False,,0,235448,516,149,0.106,OSRM+JhelumBridge,False,Year_Round,True,False,False,False,54.9,2891.8,0.0,104.0,0.0,Red_NoCapacity,102.0,True,1040.0,187967.0,0.006,False,2747205.0,0.137,route_maps_kashmir/FDR-289.html,119,,PARIMPORA,34.1112,74.7475,PANTHACHOWK,34.0285811,74.9057898,LPV,Express Service,130,128,128-130
R0121,Soura to Jehangir Chowk,SRSR01020920,MERGED_INTO_TRUNK,FDR-122,Private Minibus,9.17,Urban,764.2,73.4,City_Core,18,9.0,9,4.5,0.7714,0.5403,1.25,0.6558,True,HP,20,0,0,0,0,False,,0,70680,427,66,0.0517,OSRM,False,Year_Round,False,False,False,False,96.0,880.3,0.0,226.0,0.0,Red_NoCapacity,52.2,True,2256.0,57221.0,0.039,False,836304.0,0.05,route_maps_kashmir/FDR-122.html,120,,SOURA,34.1378333,74.8021097,JEHANGIR CHOWK,34.07189,74.80491,MPV,,101,121,101-121
R0122,Parimpora to Panthachowk,SRSR02022927,MERGED_INTO_TRUNK,FDR-289,Private Minibus,21.307,Peri_Urban,1713.4,106.5,City_Core,42,21.0,5,2.5,0.6019,0.3276,1.25,0.4648,False,MP,35,0,0,0,0,False,,0,133241,546,73,0.2309,OSRM+JhelumBridge,False,Year_Round,False,False,False,False,54.9,1168.8,0.0,34.0,0.0,Red_NoCapacity,76.2,True,341.0,75975.0,0.004,True,1110399.0,0.049,route_maps_kashmir/FDR-289.html,121,,PARIMPORA,34.1112,74.7475,PANTHACHOWK,34.0285811,74.9057898,MPV,Ordinary Service,130,128,128-130
R0123,Parimpora to Rangrath,SRSR02022932,MERGED_INTO_TRUNK,FDR-446,Private Minibus,19.812,Peri_Urban,981.1,99.1,City_Core,39,19.5,8,4.0,0.3899,0.1277,1.25,0.2588,False,LP,35,0,0,0,0,False,,0,87853,311,35,0.0916,OSRM,False,Year_Round,False,False,False,False,54.9,1086.8,0.0,99.0,0.0,Red_NoCapacity,72.6,True,994.0,70644.0,0.014,True,1032488.0,0.057,route_maps_kashmir/FDR-446.html,122,,PARIMPORA,34.1112,74.7475,RANGRATH,34.013161,74.7994131,MPV,Express Service,130,133,130-133
R0127,Qamarwari to Dalgate,SRSR02023013,MERGED_INTO_TRUNK,FDR-117,Private Minibus,8.844,Urban,1139.6,70.8,City_Core,17,8.5,13,6.5,0.8921,0.4147,1.25,0.6534,False,HP,20,0,0,0,0,False,,0,77329,375,42,0.096,OSRM+JhelumBridge,False,Year_Round,False,False,False,False,96.0,849.0,0.0,151.0,0.0,Red_NoCapacity,50.9,True,1514.0,55187.0,0.027,True,806573.0,0.041,route_maps_kashmir/FDR-117.html,126,,QAMARWARI,34.0948927,74.766525,DALGATE,34.0816285,74.8268875,MPV,,131,114,114-131
R0129,Parimpora to Panthachowk,SRSR02022927,MERGED_INTO_TRUNK,FDR-289,Private Minibus,23.396,Peri_Urban,1727.4,117.0,City_Core,46,23.0,10,5.0,0.4736,0.1344,1.25,0.304,False,LP,35,0,0,0,0,False,,0,120559,428,41,0.1025,OSRM+JhelumBridge,False,Year_Round,False,False,False,False,54.9,1283.4,0.0,89.0,0.0,Red_NoCapacity,81.5,True,885.0,83423.0,0.011,True,1219266.0,0.056,route_maps_kashmir/FDR-289.html,128,,PARIMPORA,34.1112,74.7475,PANTHACHOWK,34.0285811,74.9057898,MPV,Ordinary Service,130,128,128-130
R0131,Qamarwari to Dalgate,SRSR02023013,MERGED_INTO_TRUNK,FDR-117,Private Minibus,9.495,Urban,1173.9,76.0,City_Core,18,9.0,15,7.5,0.7805,0.3731,1.25,0.5768,False,MP,35,0,0,0,0,False,,0,73927,375,40,0.0896,OSRM+JhelumBridge,False,Year_Round,False,False,False,False,54.9,520.9,0.0,89.0,0.0,Red_NoCapacity,61.0,True,886.0,33856.0,0.026,True,494825.0,0.04,route_maps_kashmir/FDR-117.html,130,,QAMARWARI,34.0948927,74.766525,DALGATE,34.0816285,74.8268875,MPV,Express Service,131,114,114-131
R0132,Batamallo to Panthachok,SRSR02020427,MERGED_INTO_TRUNK,FDR-407,Private Minibus,17.988,Peri_Urban,1642.6,89.9,Peri_Urban,35,17.5,11,5.5,0.5075,0.1257,1.25,0.3166,False,LP,35,0,0,0,0,False,,0,97927,244,29,0.0891,OSRM+JhelumBridge,False,Year_Round,False,False,False,False,54.9,986.8,0.0,145.0,0.0,Red_NoCapacity,68.0,True,1451.0,64140.0,0.023,True,937432.0,0.08,route_maps_kashmir/FDR-407.html,131,,BATAMALLO,34.0692325,74.7917031,PANTHACHOK,34.0285811,74.9057898,MPV,Ordinary Service,105,128,105-128
R0133,Soura to Jehangir Chowk,SRSR01020920,MERGED_INTO_TRUNK,FDR-122,Private Minibus,15.353,Peri_Urban,1270.2,76.8,City_Core,30,15.0,25,12.5,0.651,0.2783,1.25,0.4646,False,MP,35,0,0,0,0,False,,0,102477,428,57,0.1343,OSRM,False,Year_Round,False,False,False,False,54.9,842.2,0.0,57.0,0.0,Red_NoCapacity,61.4,True,574.0,54744.0,0.01,True,800111.0,0.048,route_maps_kashmir/FDR-122.html,132,,SOURA,34.1378333,74.8021097,JEHANGIR CHOWK,34.07189,74.80491,MPV,Express Service,101,121,101-121
R0134,Lalbazar to LD,SRSR01020522,MERGED_INTO_TRUNK,FDR-068,Private Minibus,9.308,Urban,1072.3,74.5,City_Core,18,9.0,7,3.5,1.0,0.5653,1.25,0.7827,True,HP,20,0,0,0,0,False,,0,90006,260,62,0.1081,OSRM+JhelumBridge,False,Year_Round,False,False,False,False,96.0,893.6,0.0,226.0,0.0,Red_NoCapacity,52.8,True,2257.0,58082.0,0.039,False,848890.0,0.104,route_maps_kashmir/FDR-068.html,133,,LALBAZAR,34.1255664,74.817375,LD,34.0822,74.8059,MPV,Express Service,97,123,97-123
R0135,Lalbazar to LD,SRSR01020522,MERGED_INTO_TRUNK,FDR-068,Private Minibus,9.308,Urban,1072.3,74.5,City_Core,18,9.0,7,3.5,1.0,0.5653,1.25,0.7827,True,HP,20,0,0,0,0,False,,0,90006,260,62,0.1081,OSRM+JhelumBridge,False,Year_Round,False,False,False,False,96.0,893.6,0.0,226.0,0.0,Red_NoCapacity,52.8,True,2257.0,58082.0,0.039,False,848890.0,0.104,route_maps_kashmir/FDR-068.html,134,,LALBAZAR,34.1255664,74.817375,LD,34.0822,74.8059,MPV,Express Service,97,123,97-123
R0136,Lalbazar to LD,SRSR01020522,MERGED_INTO_TRUNK,FDR-068,Private Minibus,9.308,Urban,1072.3,74.5,City_Core,18,9.0,7,3.5,1.0,0.5653,1.25,0.7827,True,HP,20,0,0,0,0,False,,0,90006,260,62,0.1081,OSRM+JhelumBridge,False,Year_Round,False,False,False,False,96.0,893.6,0.0,226.0,0.0,Red_NoCapacity,52.8,True,2257.0,58082.0,0.039,False,848890.0,0.104,route_maps_kashmir/FDR-068.html,135,,LALBAZAR,34.1255664,74.817375,LD,34.0822,74.8059,MPV,Ordinary Service,97,123,97-123
R0139,Qamarwari to Dalgate,SRSR02023013,MERGED_INTO_TRUNK,FDR-117,Private Minibus,10.254,Urban,1176.8,82.0,City_Core,20,10.0,13,6.5,0.6914,0.4298,1.25,0.5606,False,MP,35,0,0,0,0,False,,0,71998,491,40,0.2516,OSRM+JhelumBridge,False,Year_Round,False,False,False,False,54.9,562.5,0.0,23.0,0.0,Red_NoCapacity,64.0,True,235.0,36563.0,0.006,True,534380.0,0.029,route_maps_kashmir/FDR-117.html,138,,QAMARWARI,34.0948927,74.766525,DALGATE,34.0816285,74.8268875,MPV,Ordinary Service,131,114,114-131
R0140,Batamallo to Panthachowk,SRSR02020427,MERGED_INTO_TRUNK,FDR-407,Private Minibus,17.436,Peri_Urban,1539.8,87.2,Peri_Urban,34,17.0,7,3.5,0.4931,0.1253,1.25,0.3092,False,LP,35,0,0,0,0,False,,0,92763,244,29,0.0931,OSRM+JhelumBridge,False,Year_Round,False,False,False,False,54.9,956.5,0.0,132.0,0.0,Red_NoCapacity,66.6,True,1316.0,62172.0,0.021,True,908665.0,0.076,route_maps_kashmir/FDR-407.html,139,,BATAMALLO,34.0692325,74.7917031,PANTHACHOWK,34.0285811,74.9057898,MPV,Ordinary Service,105,128,105-128
R0141,Batamallo to Panthachowk,SRSR02020427,MERGED_INTO_TRUNK,FDR-407,Private Minibus,17.436,Peri_Urban,1539.8,87.2,Peri_Urban,34,17.0,7,3.5,0.4931,0.1253,1.25,0.3092,False,LP,35,0,0,0,0,False,,0,92763,244,29,0.0931,OSRM+JhelumBridge,False,Year_Round,False,False,False,False,54.9,956.5,0.0,132.0,0.0,Red_NoCapacity,66.6,True,1316.0,62172.0,0.021,True,908665.0,0.076,route_maps_kashmir/FDR-407.html,140,,BATAMALLO,34.0692325,74.7917031,PANTHACHOWK,34.0285811,74.9057898,MPV,,105,128,105-128
R0142,Batamallo to Panthachowk,SRSR02020427,MERGED_INTO_TRUNK,FDR-407,Private Minibus,17.436,Peri_Urban,1539.8,87.2,Peri_Urban,34,17.0,7,3.5,0.4931,0.1253,1.25,0.3092,False,LP,35,0,0,0,0,False,,0,92763,244,29,0.0931,OSRM+JhelumBridge,False,Year_Round,False,False,False,False,54.9,956.5,0.0,132.0,0.0,Red_NoCapacity,66.6,True,1316.0,62172.0,0.021,True,908665.0,0.076,route_maps_kashmir/FDR-407.html,141,,BATAMALLO,34.0692325,74.7917031,PANTHACHOWK,34.0285811,74.9057898,MPV,,105,128,105-128
R0143,Safakadal to Jehangir Chowk,SRSR02023720,MERGED_INTO_TRUNK,FDR-575,LPV / Tempo,3.569,Urban,390.5,28.6,City_Core,7,3.5,8,4.0,1.0,0.8475,1.25,0.9238,True,HP,20,0,0,0,0,False,,0,34629,332,37,0.0803,OSRM,False,Year_Round,False,False,False,False,96.0,342.6,0.0,92.0,0.0,Red_NoCapacity,29.8,False,915.0,22271.0,0.041,False,325493.0,0.031,route_maps_kashmir/FDR-575.html,142,,SAFAKADAL,34.0932178,74.7916738,JEHANGIR CHOWK,34.07189,74.80491,LPV,,138,121,121-138
R0144,Parimpora to Chadora,SRBG02032901,MERGED_INTO_TRUNK,FDR-429,Private Minibus,32.777,Peri_Urban,1526.8,163.9,City_Core,65,32.5,11,5.5,0.1391,0.0305,1.25,0.0848,False,LP,35,0,0,0,0,False,,0,74808,288,12,0.051,OSRM,False,Year_Round,False,False,False,False,54.9,1798.1,0.0,164.0,0.0,Red_NoCapacity,105.0,True,1641.0,116873.0,0.014,True,1708150.0,0.052,route_maps_kashmir/FDR-429.html,143,,PARIMPORA,34.1112,74.7475,CHADORA,33.9437273,74.7986725,MPV,Ordinary Service,130,20,20-130
R0145,Parimpora to Rangrath,SRSR02022932,MERGED_INTO_TRUNK,FDR-446,Private Minibus,19.812,Peri_Urban,981.1,99.1,City_Core,39,19.5,8,4.0,0.3899,0.1277,1.25,0.2588,False,LP,35,0,0,0,0,False,,0,87853,311,35,0.0916,OSRM,False,Year_Round,False,False,False,False,54.9,1086.8,0.0,99.0,0.0,Red_NoCapacity,72.6,True,994.0,70644.0,0.014,True,1032488.0,0.057,route_maps_kashmir/FDR-446.html,144,,PARIMPORA,34.1112,74.7475,RANGRATH,34.013161,74.7994131,MPV,Ordinary Service,130,133,130-133
R0147,LD to Panthachowk,SRSR02022227,MERGED_INTO_TRUNK,FDR-335,Private Minibus,13.344,Urban,1300.1,106.8,City_Core,26,13.0,7,3.5,0.5605,0.29,1.25,0.4252,True,MP,35,0,0,0,0,False,,0,78707,319,41,0.1668,OSRM+JhelumBridge,False,Year_Round,False,False,False,False,54.9,732.0,0.0,60.0,0.0,Red_NoCapacity,76.4,True,596.0,47581.0,0.013,False,695413.0,0.074,route_maps_kashmir/FDR-335.html,146,,LD,34.0822,74.8059,PANTHACHOWK,34.0285811,74.9057898,MPV,Ordinary Service,123,128,123-128
R0148,LD to Panthachowk,SRSR02022227,MERGED_INTO_TRUNK,FDR-335,Private Minibus,13.344,Urban,1300.1,106.8,City_Core,26,13.0,7,3.5,0.5605,0.29,1.25,0.4252,True,MP,35,0,0,0,0,False,,0,78707,319,41,0.1668,OSRM+JhelumBridge,False,Year_Round,False,False,False,False,54.9,732.0,0.0,60.0,0.0,Red_NoCapacity,76.4,True,596.0,47581.0,0.013,False,695413.0,0.074,route_maps_kashmir/FDR-335.html,147,,LD,34.0822,74.8059,PANTHACHOWK,34.0285811,74.9057898,MPV,Ordinary Service,123,128,123-128
R0150,Hazratbal to LD,SRSR01020422,MERGED_INTO_TRUNK,FDR-147,Private Minibus,8.251,Urban,1283.5,66.0,City_Core,16,8.0,10,5.0,0.6633,0.3468,1.25,0.505,True,MP,35,0,0,0,0,False,,0,55948,208,34,0.0832,OSRM+JhelumBridge,False,Year_Round,False,False,False,False,54.9,452.6,0.0,130.0,0.0,Red_NoCapacity,56.0,True,1302.0,29421.0,0.044,False,429995.0,0.081,route_maps_kashmir/FDR-147.html,149,,HAZRATBAL,34.1272157,74.8356734,LD,34.0822,74.8059,MPV,Ordinary Service,96,123,96-123
R0151,Hazratbal to LD,SRSR01020422,MERGED_INTO_TRUNK,FDR-147,Private Minibus,8.251,Urban,1283.5,66.0,City_Core,16,8.0,10,5.0,0.6633,0.3468,1.25,0.505,True,MP,35,0,0,0,0,False,,0,55948,208,34,0.0832,OSRM+JhelumBridge,False,Year_Round,False,False,False,False,54.9,452.6,0.0,130.0,0.0,Red_NoCapacity,56.0,True,1302.0,29421.0,0.044,False,429995.0,0.081,route_maps_kashmir/FDR-147.html,150,,HAZRATBAL,34.1272157,74.8356734,LD,34.0822,74.8059,MPV,Ordinary Service,96,123,96-123
R0152,Batamallo to Panthachowk,SRSR02020427,MERGED_INTO_TRUNK,FDR-407,Private Minibus,17.436,Peri_Urban,1539.8,87.2,Peri_Urban,34,17.0,7,3.5,0.4931,0.1253,1.25,0.3092,False,LP,35,0,0,0,0,False,,0,92763,244,29,0.0931,OSRM+JhelumBridge,False,Year_Round,False,False,False,False,54.9,956.5,0.0,132.0,0.0,Red_NoCapacity,66.6,True,1316.0,62172.0,0.021,True,908665.0,0.076,route_maps_kashmir/FDR-407.html,151,,BATAMALLO,34.0692325,74.7917031,PANTHACHOWK,34.0285811,74.9057898,MPV,Ordinary Service,105,128,105-128
R0153,Batamallo to Panthachowk,SRSR02020427,MERGED_INTO_TRUNK,FDR-407,Private Minibus,17.436,Peri_Urban,1539.8,87.2,Peri_Urban,34,17.0,7,3.5,0.4931,0.1253,1.25,0.3092,False,LP,35,0,0,0,0,False,,0,92763,244,29,0.0931,OSRM+JhelumBridge,False,Year_Round,False,False,False,False,54.9,956.5,0.0,132.0,0.0,Red_NoCapacity,66.6,True,1316.0,62172.0,0.021,True,908665.0,0.076,route_maps_kashmir/FDR-407.html,152,,BATAMALLO,34.0692325,74.7917031,PANTHACHOWK,34.0285811,74.9057898,MPV,,105,128,105-128
R0154,Parimpora to Chadora,SRBG02032901,MERGED_INTO_TRUNK,FDR-429,Private Minibus,24.64,Peri_Urban,1458.3,123.2,City_Core,49,24.5,8,4.0,0.626,0.2122,1.25,0.4191,False,MP,35,0,0,0,0,False,,0,159195,438,64,0.1258,OSRM,False,Year_Round,False,False,False,False,54.9,1351.7,0.0,93.0,0.0,Red_NoCapacity,84.6,True,931.0,87859.0,0.011,True,1284096.0,0.073,route_maps_kashmir/FDR-429.html,153,,PARIMPORA,34.1112,74.7475,CHADORA,33.9437273,74.7986725,MPV,,130,20,20-130
R0155,Parimpora to Panthachowk,SRSR02022927,MERGED_INTO_TRUNK,FDR-289,Private Minibus,21.307,Peri_Urban,1713.4,106.5,City_Core,42,21.0,5,2.5,0.6019,0.3276,1.25,0.4648,False,MP,35,0,0,0,0,False,,0,133241,546,73,0.2309,OSRM+JhelumBridge,False,Year_Round,False,False,False,False,54.9,1168.8,0.0,34.0,0.0,Red_NoCapacity,76.2,True,341.0,75975.0,0.004,True,1110399.0,0.049,route_maps_kashmir/FDR-289.html,154,,PARIMPORA,34.1112,74.7475,PANTHACHOWK,34.0285811,74.9057898,MPV,Ordinary Service,130,128,128-130
R0156,Panthachowk to LD,SRSR02022722,MERGED_INTO_TRUNK,FDR-335,Private Minibus,12.905,Urban,1246.8,103.2,City_Core,25,12.5,5,2.5,0.5691,0.2984,1.25,0.4338,True,MP,35,0,0,0,0,False,,0,77073,319,41,0.163,OSRM+JhelumBridge,False,Year_Round,False,False,False,False,54.9,707.9,0.0,60.0,0.0,Red_NoCapacity,74.6,True,597.0,46016.0,0.013,False,672535.0,0.073,route_maps_kashmir/FDR-335.html,155,,PANTHACHOWK,34.0285811,74.9057898,LD,34.0822,74.8059,MPV,Ordinary Service,128,123,123-128
R0157,Panthachowk to LD,SRSR02022722,MERGED_INTO_TRUNK,FDR-335,Private Minibus,12.905,Urban,1246.8,103.2,City_Core,25,12.5,5,2.5,0.5691,0.2984,1.25,0.4338,True,MP,35,0,0,0,0,False,,0,77073,319,41,0.163,OSRM+JhelumBridge,False,Year_Round,False,False,False,False,54.9,707.9,0.0,60.0,0.0,Red_NoCapacity,74.6,True,597.0,46016.0,0.013,False,672535.0,0.073,route_maps_kashmir/FDR-335.html,156,,PANTHACHOWK,34.0285811,74.9057898,LD,34.0822,74.8059,MPV,Ordinary Service,128,123,123-128
R0159,Parimpora to Panthachowk,SRSR02022927,MERGED_INTO_TRUNK,FDR-289,Private Minibus,21.307,Peri_Urban,1713.4,106.5,City_Core,42,21.0,5,2.5,0.6019,0.3276,1.25,0.4648,False,MP,35,0,0,0,0,False,,0,133241,546,73,0.2309,OSRM+JhelumBridge,False,Year_Round,False,False,False,False,54.9,1168.8,0.0,34.0,0.0,Red_NoCapacity,76.2,True,341.0,75975.0,0.004,True,1110399.0,0.049,route_maps_kashmir/FDR-289.html,158,,PARIMPORA,34.1112,74.7475,PANTHACHOWK,34.0285811,74.9057898,MPV,Express Service,130,128,128-130
R0161,Qamarwari to Dalgate,SRSR02023013,MERGED_INTO_TRUNK,FDR-117,LPV / Tempo,8.844,Urban,1139.6,70.8,City_Core,17,8.5,13,6.5,0.8921,0.4147,1.25,0.6534,False,HP,20,0,0,0,0,False,,0,77329,375,42,0.096,OSRM+JhelumBridge,False,Year_Round,False,False,False,False,96.0,849.0,0.0,151.0,0.0,Red_NoCapacity,50.9,True,1514.0,55187.0,0.027,True,806573.0,0.041,route_maps_kashmir/FDR-117.html,160,,QAMARWARI,34.0948927,74.766525,DALGATE,34.0816285,74.8268875,LPV,Ordinary Service,131,114,114-131
R0162,Parimpora to Jawahairnagar,SRSR02022919,MERGED_INTO_TRUNK,FDR-151,Private Minibus,12.642,Urban,1381.8,101.1,City_Core,25,12.5,12,6.0,0.8084,0.3589,1.25,0.5836,True,MP,35,0,0,0,0,False,,0,101463,505,49,0.2019,OSRM+JhelumBridge,False,Year_Round,False,False,False,False,54.9,693.5,0.0,40.0,0.0,Red_NoCapacity,73.6,True,401.0,45078.0,0.009,False,658829.0,0.06,route_maps_kashmir/FDR-151.html,161,,PARIMPORA,34.1112,74.7475,JAWAHAIRNAGAR,34.0606593,74.8117017,MPV,,130,120,120-130
R0164,Lalbazar to LD,SRSR01020522,MERGED_INTO_TRUNK,FDR-068,Private Minibus,9.308,Urban,1072.3,74.5,City_Core,18,9.0,7,3.5,1.0,0.5653,1.25,0.7827,True,HP,20,0,0,0,0,False,,0,90006,260,62,0.1081,OSRM+JhelumBridge,False,Year_Round,False,False,False,False,96.0,893.6,0.0,226.0,0.0,Red_NoCapacity,52.8,True,2257.0,58082.0,0.039,False,848890.0,0.104,route_maps_kashmir/FDR-068.html,163,,LALBAZAR,34.1255664,74.817375,LD,34.0822,74.8059,MPV,Ordinary Service,97,123,97-123
R0165,Lalbazar to LD,SRSR01020522,MERGED_INTO_TRUNK,FDR-068,Private Minibus,9.308,Urban,1072.3,74.5,City_Core,18,9.0,7,3.5,1.0,0.5653,1.25,0.7827,True,HP,20,0,0,0,0,False,,0,90006,260,62,0.1081,OSRM+JhelumBridge,False,Year_Round,False,False,False,False,96.0,893.6,0.0,226.0,0.0,Red_NoCapacity,52.8,True,2257.0,58082.0,0.039,False,848890.0,0.104,route_maps_kashmir/FDR-068.html,164,,LALBAZAR,34.1255664,74.817375,LD,34.0822,74.8059,MPV,Ordinary Service,97,123,97-123
R0166,Lalbazar to LD,SRSR01020522,MERGED_INTO_TRUNK,FDR-068,Private Minibus,9.308,Urban,1072.3,74.5,City_Core,18,9.0,7,3.5,1.0,0.5653,1.25,0.7827,True,HP,20,0,0,0,0,False,,0,90006,260,62,0.1081,OSRM+JhelumBridge,False,Year_Round,False,False,False,False,96.0,893.6,0.0,226.0,0.0,Red_NoCapacity,52.8,True,2257.0,58082.0,0.039,False,848890.0,0.104,route_maps_kashmir/FDR-068.html,165,,LALBAZAR,34.1255664,74.817375,LD,34.0822,74.8059,MPV,Express Service,97,123,97-123
R0167,Hazratbal to LD,SRSR01020422,MERGED_INTO_TRUNK,FDR-147,Private Minibus,8.251,Urban,1283.5,66.0,City_Core,16,8.0,10,5.0,0.6633,0.3468,1.25,0.505,True,MP,35,0,0,0,0,False,,0,55948,208,34,0.0832,OSRM+JhelumBridge,False,Year_Round,False,False,False,False,54.9,452.6,0.0,130.0,0.0,Red_NoCapacity,56.0,True,1302.0,29421.0,0.044,False,429995.0,0.081,route_maps_kashmir/FDR-147.html,166,,HAZRATBAL,34.1272157,74.8356734,LD,34.0822,74.8059,MPV,Ordinary Service,96,123,96-123
R0169,Hazratbal to LD,SRSR01020422,MERGED_INTO_TRUNK,FDR-147,Private Minibus,8.251,Urban,1283.5,66.0,City_Core,16,8.0,10,5.0,0.6633,0.3468,1.25,0.505,True,MP,35,0,0,0,0,False,,0,55948,208,34,0.0832,OSRM+JhelumBridge,False,Year_Round,False,False,False,False,54.9,452.6,0.0,130.0,0.0,Red_NoCapacity,56.0,True,1302.0,29421.0,0.044,False,429995.0,0.081,route_maps_kashmir/FDR-147.html,168,,HAZRATBAL,34.1272157,74.8356734,LD,34.0822,74.8059,MPV,Express Service,96,123,96-123
R0170,Parimpora to Jawahirnagar,SRSR02022919,MERGED_INTO_TRUNK,FDR-151,Private Minibus,12.642,Urban,1381.8,101.1,City_Core,25,12.5,12,6.0,0.8084,0.3589,1.25,0.5836,True,MP,35,0,0,0,0,False,,0,101463,505,49,0.2019,OSRM+JhelumBridge,False,Year_Round,False,False,False,False,54.9,693.5,0.0,40.0,0.0,Red_NoCapacity,73.6,True,401.0,45078.0,0.009,False,658829.0,0.06,route_maps_kashmir/FDR-151.html,169,,PARIMPORA,34.1112,74.7475,JAWAHIRNAGAR,34.0606593,74.8117017,MPV,,130,120,120-130
R0171,Hazratbal to LD,SRSR01020422,MERGED_INTO_TRUNK,FDR-147,Private Minibus,8.251,Urban,1283.5,66.0,City_Core,16,8.0,10,5.0,0.6633,0.3468,1.25,0.505,True,MP,35,0,0,0,0,False,,0,55948,208,34,0.0832,OSRM+JhelumBridge,False,Year_Round,False,False,False,False,54.9,452.6,0.0,130.0,0.0,Red_NoCapacity,56.0,True,1302.0,29421.0,0.044,False,429995.0,0.081,route_maps_kashmir/FDR-147.html,170,,HAZRATBAL,34.1272157,74.8356734,LD,34.0822,74.8059,MPV,Express Service,96,123,96-123
R0172,Hazratbal to LD,SRSR01020422,MERGED_INTO_TRUNK,FDR-147,Private Minibus,8.251,Urban,1283.5,66.0,City_Core,16,8.0,10,5.0,0.6633,0.3468,1.25,0.505,True,MP,35,0,0,0,0,False,,0,55948,208,34,0.0832,OSRM+JhelumBridge,False,Year_Round,False,False,False,False,54.9,452.6,0.0,130.0,0.0,Red_NoCapacity,56.0,True,1302.0,29421.0,0.044,False,429995.0,0.081,route_maps_kashmir/FDR-147.html,171,,HAZRATBAL,34.1272157,74.8356734,LD,34.0822,74.8059,MPV,Ordinary Service,96,123,96-123
R0173,Hazratbal to LD,SRSR01020422,MERGED_INTO_TRUNK,FDR-147,Private Minibus,8.251,Urban,1283.5,66.0,City_Core,16,8.0,10,5.0,0.6633,0.3468,1.25,0.505,True,MP,35,0,0,0,0,False,,0,55948,208,34,0.0832,OSRM+JhelumBridge,False,Year_Round,False,False,False,False,54.9,452.6,0.0,130.0,0.0,Red_NoCapacity,56.0,True,1302.0,29421.0,0.044,False,429995.0,0.081,route_maps_kashmir/FDR-147.html,172,,HAZRATBAL,34.1272157,74.8356734,LD,34.0822,74.8059,MPV,Ordinary Service,96,123,96-123
R0174,Parimpora to Jawahirnagar,SRSR02022919,MERGED_INTO_TRUNK,FDR-151,Private Minibus,12.642,Urban,1381.8,101.1,City_Core,25,12.5,12,6.0,0.8084,0.3589,1.25,0.5836,True,MP,35,0,0,0,0,False,,0,101463,505,49,0.2019,OSRM+JhelumBridge,False,Year_Round,False,False,False,False,54.9,693.5,0.0,40.0,0.0,Red_NoCapacity,73.6,True,401.0,45078.0,0.009,False,658829.0,0.06,route_maps_kashmir/FDR-151.html,173,,PARIMPORA,34.1112,74.7475,JAWAHIRNAGAR,34.0606593,74.8117017,MPV,Express Service,130,120,120-130
R0175,Jehangir Chowk to Bemina,SRSR02022008,MERGED_INTO_TRUNK,FDR-176,Private Minibus,6.545,Urban,656.8,52.4,City_Core,13,6.5,13,6.5,0.8028,0.2853,1.25,0.544,False,MP,35,0,0,0,0,False,,0,52214,407,20,0.1435,OSRM,False,Year_Round,False,False,False,False,54.9,359.0,0.0,36.0,0.0,Red_NoCapacity,49.2,True,360.0,23338.0,0.015,True,341088.0,0.026,route_maps_kashmir/FDR-176.html,174,,JEHANGIR CHOWK,34.07189,74.80491,BEMINA,34.0763543,74.7681595,MPV,,121,109,109-121
R0176,Batamallo to Panthachowk,SRSR02020427,MERGED_INTO_TRUNK,FDR-407,Private Minibus,17.436,Peri_Urban,1539.8,87.2,Peri_Urban,34,17.0,7,3.5,0.4931,0.1253,1.25,0.3092,False,LP,35,0,0,0,0,False,,0,92763,244,29,0.0931,OSRM+JhelumBridge,False,Year_Round,False,False,False,False,54.9,956.5,0.0,132.0,0.0,Red_NoCapacity,66.6,True,1316.0,62172.0,0.021,True,908665.0,0.076,route_maps_kashmir/FDR-407.html,175,,BATAMALLO,34.0692325,74.7917031,PANTHACHOWK,34.0285811,74.9057898,MPV,,105,128,105-128
R0177,Safakadal to Jehangir Chowk,SRSR02023720,MERGED_INTO_TRUNK,FDR-575,Private Minibus,3.569,Urban,390.5,28.6,City_Core,7,3.5,8,4.0,1.0,0.8475,1.25,0.9238,True,HP,20,0,0,0,0,False,,0,34629,332,37,0.0803,OSRM,False,Year_Round,False,False,False,False,96.0,342.6,0.0,92.0,0.0,Red_NoCapacity,29.8,False,915.0,22271.0,0.041,False,325493.0,0.031,route_maps_kashmir/FDR-575.html,176,,SAFAKADAL,34.0932178,74.7916738,JEHANGIR CHOWK,34.07189,74.80491,MPV,Goods Service,138,121,121-138
R0178,Batamallo to Panthachowk,SRSR02020427,MERGED_INTO_TRUNK,FDR-407,Private Minibus,17.436,Peri_Urban,1539.8,87.2,Peri_Urban,34,17.0,7,3.5,0.4931,0.1253,1.25,0.3092,False,LP,35,0,0,0,0,False,,0,92763,244,29,0.0931,OSRM+JhelumBridge,False,Year_Round,False,False,False,False,54.9,956.5,0.0,132.0,0.0,Red_NoCapacity,66.6,True,1316.0,62172.0,0.021,True,908665.0,0.076,route_maps_kashmir/FDR-407.html,177,,BATAMALLO,34.0692325,74.7917031,PANTHACHOWK,34.0285811,74.9057898,MPV,Express Service,105,128,105-128
R0179,Parimpora to Jawahirnagar,SRSR02022919,MERGED_INTO_TRUNK,FDR-151,LPV / Tempo,12.642,Urban,1381.8,101.1,City_Core,25,12.5,12,6.0,0.8084,0.3589,1.25,0.5836,True,MP,35,0,0,0,0,False,,0,101463,505,49,0.2019,OSRM+JhelumBridge,False,Year_Round,False,False,False,False,54.9,693.5,0.0,40.0,0.0,Red_NoCapacity,73.6,True,401.0,45078.0,0.009,False,658829.0,0.06,route_maps_kashmir/FDR-151.html,178,,PARIMPORA,34.1112,74.7475,JAWAHIRNAGAR,34.0606593,74.8117017,LPV,,130,120,120-130
R0180,Parimpora to Panthachowk,SRSR02022927,MERGED_INTO_TRUNK,FDR-289,Private Minibus,21.307,Peri_Urban,1713.4,106.5,City_Core,42,21.0,5,2.5,0.6019,0.3276,1.25,0.4648,False,MP,35,0,0,0,0,False,,0,133241,546,73,0.2309,OSRM+JhelumBridge,False,Year_Round,False,False,False,False,54.9,1168.8,0.0,34.0,0.0,Red_NoCapacity,76.2,True,341.0,75975.0,0.004,True,1110399.0,0.049,route_maps_kashmir/FDR-289.html,179,,PARIMPORA,34.1112,74.7475,PANTHACHOWK,34.0285811,74.9057898,MPV,Express Service,130,128,128-130
R0181,Hazratbal to LD,SRSR01020422,MERGED_INTO_TRUNK,FDR-147,Private Minibus,8.251,Urban,1283.5,66.0,City_Core,16,8.0,10,5.0,0.6633,0.3468,1.25,0.505,True,MP,35,0,0,0,0,False,,0,55948,208,34,0.0832,OSRM+JhelumBridge,False,Year_Round,False,False,False,False,54.9,452.6,0.0,130.0,0.0,Red_NoCapacity,56.0,True,1302.0,29421.0,0.044,False,429995.0,0.081,route_maps_kashmir/FDR-147.html,180,,HAZRATBAL,34.1272157,74.8356734,LD,34.0822,74.8059,MPV,Express Service,96,123,96-123
R0182,Hazratbal to LD,SRSR01020422,MERGED_INTO_TRUNK,FDR-147,Private Minibus,8.251,Urban,1283.5,66.0,City_Core,16,8.0,10,5.0,0.6633,0.3468,1.25,0.505,True,MP,35,0,0,0,0,False,,0,55948,208,34,0.0832,OSRM+JhelumBridge,False,Year_Round,False,False,False,False,54.9,452.6,0.0,130.0,0.0,Red_NoCapacity,56.0,True,1302.0,29421.0,0.044,False,429995.0,0.081,route_maps_kashmir/FDR-147.html,181,,HAZRATBAL,34.1272157,74.8356734,LD,34.0822,74.8059,MPV,Express Service,96,123,96-123
R0183,Batamallo to Panthachowk,SRSR02020427,MERGED_INTO_TRUNK,FDR-407,Private Minibus,17.436,Peri_Urban,1539.8,87.2,Peri_Urban,34,17.0,7,3.5,0.4931,0.1253,1.25,0.3092,False,LP,35,0,0,0,0,False,,0,92763,244,29,0.0931,OSRM+JhelumBridge,False,Year_Round,False,False,False,False,54.9,956.5,0.0,132.0,0.0,Red_NoCapacity,66.6,True,1316.0,62172.0,0.021,True,908665.0,0.076,route_maps_kashmir/FDR-407.html,182,,BATAMALLO,34.0692325,74.7917031,PANTHACHOWK,34.0285811,74.9057898,MPV,Ordinary Service,105,128,105-128
R0184,Hazratbal to LD,SRSR01020422,MERGED_INTO_TRUNK,FDR-147,Private Minibus,8.251,Urban,1283.5,66.0,City_Core,16,8.0,10,5.0,0.6633,0.3468,1.25,0.505,True,MP,35,0,0,0,0,False,,0,55948,208,34,0.0832,OSRM+JhelumBridge,False,Year_Round,False,False,False,False,54.9,452.6,0.0,130.0,0.0,Red_NoCapacity,56.0,True,1302.0,29421.0,0.044,False,429995.0,0.081,route_maps_kashmir/FDR-147.html,183,,HAZRATBAL,34.1272157,74.8356734,LD,34.0822,74.8059,MPV,Express Service,96,123,96-123
R0185,Jehangir Chowk to HMT,SRSR02022016,MERGED_INTO_TRUNK,FDR-275,Private Minibus,10.311,Urban,654.3,82.5,City_Core,20,10.0,10,5.0,0.6674,0.2668,1.25,0.4671,False,MP,35,0,0,0,0,False,,0,70280,406,30,0.2746,OSRM,False,Year_Round,False,False,False,False,54.9,565.6,0.0,25.0,0.0,Red_NoCapacity,64.2,True,254.0,36766.0,0.007,True,537350.0,0.035,route_maps_kashmir/FDR-275.html,184,,JEHANGIR CHOWK,34.07189,74.80491,HMT,34.1085052,74.7471598,MPV,,121,117,117-121
R0186,Qamarwari to Dalgate,SRSR02023013,MERGED_INTO_TRUNK,FDR-117,Private Minibus,8.844,Urban,1139.6,70.8,City_Core,17,8.5,13,6.5,0.8921,0.4147,1.25,0.6534,False,HP,20,0,0,0,0,False,,0,77329,375,42,0.096,OSRM+JhelumBridge,False,Year_Round,False,False,False,False,96.0,849.0,0.0,151.0,0.0,Red_NoCapacity,50.9,True,1514.0,55187.0,0.027,True,806573.0,0.041,route_maps_kashmir/FDR-117.html,185,,QAMARWARI,34.0948927,74.766525,DALGATE,34.0816285,74.8268875,MPV,Ordinary Service,131,114,114-131
R0187,Lalbazar to Lalchowk,SRSR01020523,MERGED_INTO_TRUNK,FDR-081,Private Minibus,8.433,Urban,617.5,67.5,City_Core,16,8.0,11,5.5,1.0,0.5289,1.25,0.7645,True,HP,20,0,0,0,0,False,,0,83040,489,56,0.1248,OSRM,False,Year_Round,False,False,False,False,96.0,809.6,0.0,96.0,0.0,Red_NoCapacity,49.2,True,959.0,52622.0,0.018,False,769090.0,0.051,route_maps_kashmir/FDR-081.html,186,,LALBAZAR,34.1255664,74.817375,LALCHOWK,34.0712565,74.8104927,MPV,Express Service,97,124,97-124
R0188,Soura to Parimpora,SRSR01020929,MERGED_INTO_TRUNK,FDR-173,Private Minibus,12.314,Urban,938.7,98.5,City_Core,24,12.0,18,9.0,0.7503,0.3384,1.25,0.5444,False,MP,35,0,0,0,0,False,,0,92683,342,60,0.1454,OSRM,False,Year_Round,False,False,False,False,54.9,675.5,0.0,75.0,0.0,Red_NoCapacity,72.2,True,751.0,43908.0,0.017,True,641735.0,0.054,route_maps_kashmir/FDR-173.html,187,,SOURA,34.1378333,74.8021097,PARIMPORA,34.1112,74.7475,MPV,Express Service,101,130,101-130
R0189,Parimpora to Panthachowk,SRSR02022927,MERGED_INTO_TRUNK,FDR-289,Private Minibus,19.86,Peri_Urban,1695.9,99.3,City_Core,39,19.5,6,3.0,0.6257,0.3002,1.25,0.463,False,MP,35,0,0,0,0,False,,0,128248,527,71,0.2305,OSRM+JhelumBridge,False,Year_Round,False,False,False,False,54.9,1089.5,0.0,34.0,0.0,Red_NoCapacity,72.6,True,340.0,70815.0,0.005,True,1034990.0,0.049,route_maps_kashmir/FDR-289.html,188,,PARIMPORA,34.1112,74.7475,PANTHACHOWK,34.0285811,74.9057898,MPV,Ordinary Service,130,128,128-130
R0190,Hazratbal to LD,SRSR01020422,MERGED_INTO_TRUNK,FDR-147,Private Minibus,8.251,Urban,1283.5,66.0,City_Core,16,8.0,10,5.0,0.6633,0.3468,1.25,0.505,True,MP,35,0,0,0,0,False,,0,55948,208,34,0.0832,OSRM+JhelumBridge,False,Year_Round,False,False,False,False,54.9,452.6,0.0,130.0,0.0,Red_NoCapacity,56.0,True,1302.0,29421.0,0.044,False,429995.0,0.081,route_maps_kashmir/FDR-147.html,189,,HAZRATBAL,34.1272157,74.8356734,LD,34.0822,74.8059,MPV,Ordinary Service,96,123,96-123
R0193,Batamallo to Panthachowk,SRSR02020427,MERGED_INTO_TRUNK,FDR-407,Private Minibus,17.436,Peri_Urban,1539.8,87.2,Peri_Urban,34,17.0,7,3.5,0.4931,0.1253,1.25,0.3092,False,LP,35,0,0,0,0,False,,0,92763,244,29,0.0931,OSRM+JhelumBridge,False,Year_Round,False,False,False,False,54.9,956.5,0.0,132.0,0.0,Red_NoCapacity,66.6,True,1316.0,62172.0,0.021,True,908665.0,0.076,route_maps_kashmir/FDR-407.html,192,,BATAMALLO,34.0692325,74.7917031,PANTHACHOWK,34.0285811,74.9057898,MPV,Ordinary Service,105,128,105-128
R0194,Parimpora to Panthachowk,SRSR02022927,MERGED_INTO_TRUNK,FDR-289,Private Minibus,19.86,Peri_Urban,1695.9,99.3,City_Core,39,19.5,6,3.0,0.6257,0.3002,1.25,0.463,False,MP,35,0,0,0,0,False,,0,128248,527,71,0.2305,OSRM+JhelumBridge,False,Year_Round,False,False,False,False,54.9,1089.5,0.0,34.0,0.0,Red_NoCapacity,72.6,True,340.0,70815.0,0.005,True,1034990.0,0.049,route_maps_kashmir/FDR-289.html,193,,PARIMPORA,34.1112,74.7475,PANTHACHOWK,34.0285811,74.9057898,MPV,Express Service,130,128,128-130
R0195,Safakadal to Jehangir Chowk,SRSR02023720,MERGED_INTO_TRUNK,FDR-575,Private Minibus,3.149,Urban,218.7,25.2,City_Core,6,3.0,2,1.0,1.0,0.9025,1.25,0.9512,True,HP,20,0,0,0,0,False,,0,32077,332,34,0.085,OSRM,False,Year_Round,False,False,False,False,96.0,302.3,0.0,80.0,0.0,Red_NoCapacity,28.1,False,801.0,19650.0,0.041,False,287189.0,0.029,route_maps_kashmir/FDR-575.html,194,,SAFAKADAL,34.0932178,74.7916738,JEHANGIR CHOWK,34.07189,74.80491,MPV,Ordinary Service,138,121,121-138
R0196,Soura to Ganderbal,SRGB01010903,MERGED_INTO_TRUNK,FDR-481,Private Minibus,9.86,Urban,959.3,78.9,City_Core,19,9.5,6,3.0,0.2779,0.1597,1.25,0.2188,False,LP,35,0,0,0,0,False,,0,34248,108,20,0.0205,OSRM,False,Year_Round,False,False,False,False,54.9,540.9,0.0,623.0,0.0,Red_NoCapacity,62.4,True,6230.0,35158.0,0.177,True,513847.0,0.064,route_maps_kashmir/FDR-481.html,195,,SOURA,34.1378333,74.8021097,GANDERBAL,34.192763,74.7700157,MPV,,101,46,46-101
R0198,Jehangir Chowk to HMT,SRSR02022016,MERGED_INTO_TRUNK,FDR-275,Private Minibus,10.311,Urban,654.3,82.5,City_Core,20,10.0,10,5.0,0.6674,0.2668,1.25,0.4671,False,MP,35,0,0,0,0,False,,0,70280,406,30,0.2746,OSRM,False,Year_Round,False,False,False,False,54.9,565.6,0.0,25.0,0.0,Red_NoCapacity,64.2,True,254.0,36766.0,0.007,True,537350.0,0.035,route_maps_kashmir/FDR-275.html,197,,JEHANGIR CHOWK,34.07189,74.80491,HMT,34.1085052,74.7471598,MPV,Express Service,121,117,117-121
R0200,Soura to Jehangir Chowk,SRSR01020920,MERGED_INTO_TRUNK,FDR-122,Private Minibus,9.676,Urban,786.9,77.4,City_Core,19,9.5,10,5.0,0.9581,0.6758,1.25,0.8169,True,HP,20,0,0,0,0,False,,0,90081,439,86,0.1034,OSRM,False,Year_Round,False,False,False,False,96.0,928.9,0.0,140.0,0.0,Red_NoCapacity,54.2,True,1399.0,60378.0,0.023,False,882451.0,0.062,route_maps_kashmir/FDR-122.html,199,,SOURA,34.1378333,74.8021097,JEHANGIR CHOWK,34.07189,74.80491,MPV,Express Service,101,121,101-121
R0201,Hazratbal to LD,SRSR01020422,MERGED_INTO_TRUNK,FDR-147,Private Minibus,8.251,Urban,1283.5,66.0,City_Core,16,8.0,10,5.0,0.6633,0.3468,1.25,0.505,True,MP,35,0,0,0,0,False,,0,55948,208,34,0.0832,OSRM+JhelumBridge,False,Year_Round,False,False,False,False,54.9,452.6,0.0,130.0,0.0,Red_NoCapacity,56.0,True,1302.0,29421.0,0.044,False,429995.0,0.081,route_maps_kashmir/FDR-147.html,200,,HAZRATBAL,34.1272157,74.8356734,LD,34.0822,74.8059,MPV,Ordinary Service,96,123,96-123
R0202,Parimpora to Panthachowk,SRSR02022927,MERGED_INTO_TRUNK,FDR-289,Private Minibus,21.307,Peri_Urban,1713.4,106.5,City_Core,42,21.0,5,2.5,0.6019,0.3276,1.25,0.4648,False,MP,35,0,0,0,0,False,,0,133241,546,73,0.2309,OSRM+JhelumBridge,False,Year_Round,False,False,False,False,54.9,1168.8,0.0,34.0,0.0,Red_NoCapacity,76.2,True,341.0,75975.0,0.004,True,1110399.0,0.049,route_maps_kashmir/FDR-289.html,201,,PARIMPORA,34.1112,74.7475,PANTHACHOWK,34.0285811,74.9057898,MPV,Ordinary Service,130,128,128-130
R0203,Hazratbal to LD,SRSR01020422,MERGED_INTO_TRUNK,FDR-147,Private Minibus,8.251,Urban,1283.5,66.0,City_Core,16,8.0,10,5.0,0.6633,0.3468,1.25,0.505,True,MP,35,0,0,0,0,False,,0,55948,208,34,0.0832,OSRM+JhelumBridge,False,Year_Round,False,False,False,False,54.9,452.6,0.0,130.0,0.0,Red_NoCapacity,56.0,True,1302.0,29421.0,0.044,False,429995.0,0.081,route_maps_kashmir/FDR-147.html,202,,HAZRATBAL,34.1272157,74.8356734,LD,34.0822,74.8059,MPV,Express Service,96,123,96-123
R0206,Parimpora to Panthachowk,SRSR02022927,MERGED_INTO_TRUNK,FDR-289,Private Minibus,19.86,Peri_Urban,1695.9,99.3,City_Core,39,19.5,6,3.0,0.6257,0.3002,1.25,0.463,False,MP,35,0,0,0,0,False,,0,128248,527,71,0.2305,OSRM+JhelumBridge,False,Year_Round,False,False,False,False,54.9,1089.5,0.0,34.0,0.0,Red_NoCapacity,72.6,True,340.0,70815.0,0.005,True,1034990.0,0.049,route_maps_kashmir/FDR-289.html,205,,PARIMPORA,34.1112,74.7475,PANTHACHOWK,34.0285811,74.9057898,MPV,Ordinary Service,130,128,128-130
R0207,Lalbazar to Lalchowk,SRSR01020523,MERGED_INTO_TRUNK,FDR-081,LPV / Tempo,8.433,Urban,617.5,67.5,City_Core,16,8.0,11,5.5,1.0,0.5289,1.25,0.7645,True,HP,20,0,0,0,0,False,,0,83040,489,56,0.1248,OSRM,False,Year_Round,False,False,False,False,96.0,809.6,0.0,96.0,0.0,Red_NoCapacity,49.2,True,959.0,52622.0,0.018,False,769090.0,0.051,route_maps_kashmir/FDR-081.html,206,,LALBAZAR,34.1255664,74.817375,LALCHOWK,34.0712565,74.8104927,LPV,Ordinary Service,97,124,97-124
R0208,Safakadal to Jehangir Chowk,SRSR02023720,MERGED_INTO_TRUNK,FDR-575,Private Minibus,3.149,Urban,218.7,25.2,City_Core,6,3.0,2,1.0,1.0,0.9025,1.25,0.9512,True,HP,20,0,0,0,0,False,,0,32077,332,34,0.085,OSRM,False,Year_Round,False,False,False,False,96.0,302.3,0.0,80.0,0.0,Red_NoCapacity,28.1,False,801.0,19650.0,0.041,False,287189.0,0.029,route_maps_kashmir/FDR-575.html,207,,SAFAKADAL,34.0932178,74.7916738,JEHANGIR CHOWK,34.07189,74.80491,MPV,Express Service,138,121,121-138
R0210,Parimpora to Panthachowk,SRSR02022927,MERGED_INTO_TRUNK,FDR-289,LPV / Tempo,21.307,Peri_Urban,1713.4,106.5,City_Core,42,21.0,5,2.5,0.6019,0.3276,1.25,0.4648,False,MP,35,0,0,0,0,False,,0,133241,546,73,0.2309,OSRM+JhelumBridge,False,Year_Round,False,False,False,False,54.9,1168.8,0.0,34.0,0.0,Red_NoCapacity,76.2,True,341.0,75975.0,0.004,True,1110399.0,0.049,route_maps_kashmir/FDR-289.html,209,,PARIMPORA,34.1112,74.7475,PANTHACHOWK,34.0285811,74.9057898,LPV,Express Service,130,128,128-130
R0211,Safakadal to Jehangir Chowk,SRSR02023720,MERGED_INTO_TRUNK,FDR-575,Private Minibus,3.149,Urban,218.7,25.2,City_Core,6,3.0,2,1.0,1.0,0.9025,1.25,0.9512,True,HP,20,0,0,0,0,False,,0,32077,332,34,0.085,OSRM,False,Year_Round,False,False,False,False,96.0,302.3,0.0,80.0,0.0,Red_NoCapacity,28.1,False,801.0,19650.0,0.041,False,287189.0,0.029,route_maps_kashmir/FDR-575.html,210,,SAFAKADAL,34.0932178,74.7916738,JEHANGIR CHOWK,34.07189,74.80491,MPV,Ordinary Service,138,121,121-138
R0212,Hazratbal to LD,SRSR01020422,MERGED_INTO_TRUNK,FDR-147,LPV / Tempo,8.251,Urban,1283.5,66.0,City_Core,16,8.0,10,5.0,0.6633,0.3468,1.25,0.505,True,MP,35,0,0,0,0,False,,0,55948,208,34,0.0832,OSRM+JhelumBridge,False,Year_Round,False,False,False,False,54.9,452.6,0.0,130.0,0.0,Red_NoCapacity,56.0,True,1302.0,29421.0,0.044,False,429995.0,0.081,route_maps_kashmir/FDR-147.html,211,,HAZRATBAL,34.1272157,74.8356734,LD,34.0822,74.8059,LPV,Ordinary Service,96,123,96-123
R0213,HMT to Jehangir Chowk,SRSR02021620,MERGED_INTO_TRUNK,FDR-275,Private Minibus,10.261,Urban,743.4,82.1,City_Core,20,10.0,10,5.0,0.6345,0.1759,1.25,0.4052,False,MP,35,0,0,0,0,False,,0,67042,419,20,0.1224,OSRM,False,Year_Round,False,False,False,False,54.9,562.9,0.0,53.0,0.0,Red_NoCapacity,64.0,True,526.0,36588.0,0.014,True,534745.0,0.032,route_maps_kashmir/FDR-275.html,212,,HMT,34.1085052,74.7471598,JEHANGIR CHOWK,34.07189,74.80491,MPV,Express Service,117,121,117-121
R0216,Hazratbal to LD,SRSR01020422,MERGED_INTO_TRUNK,FDR-147,Private Minibus,8.251,Urban,1283.5,66.0,City_Core,16,8.0,10,5.0,0.6633,0.3468,1.25,0.505,True,MP,35,0,0,0,0,False,,0,55948,208,34,0.0832,OSRM+JhelumBridge,False,Year_Round,False,False,False,False,54.9,452.6,0.0,130.0,0.0,Red_NoCapacity,56.0,True,1302.0,29421.0,0.044,False,429995.0,0.081,route_maps_kashmir/FDR-147.html,215,,HAZRATBAL,34.1272157,74.8356734,LD,34.0822,74.8059,MPV,Express Service,96,123,96-123
R0217,Hazratbal to LD,SRSR01020422,MERGED_INTO_TRUNK,FDR-147,LPV / Tempo,8.251,Urban,1283.5,66.0,City_Core,16,8.0,10,5.0,0.6633,0.3468,1.25,0.505,True,MP,35,0,0,0,0,False,,0,55948,208,34,0.0832,OSRM+JhelumBridge,False,Year_Round,False,False,False,False,54.9,452.6,0.0,130.0,0.0,Red_NoCapacity,56.0,True,1302.0,29421.0,0.044,False,429995.0,0.081,route_maps_kashmir/FDR-147.html,216,,HAZRATBAL,34.1272157,74.8356734,LD,34.0822,74.8059,LPV,Express Service,96,123,96-123
R0218,Batamallo to Panthachowk,SRSR02020427,MERGED_INTO_TRUNK,FDR-407,Private Minibus,17.436,Peri_Urban,1539.8,87.2,Peri_Urban,34,17.0,7,3.5,0.4931,0.1253,1.25,0.3092,False,LP,35,0,0,0,0,False,,0,92763,244,29,0.0931,OSRM+JhelumBridge,False,Year_Round,False,False,False,False,54.9,956.5,0.0,132.0,0.0,Red_NoCapacity,66.6,True,1316.0,62172.0,0.021,True,908665.0,0.076,route_maps_kashmir/FDR-407.html,217,,BATAMALLO,34.0692325,74.7917031,PANTHACHOWK,34.0285811,74.9057898,MPV,Ordinary Service,105,128,105-128
R0219,Jehangir Chowk to JVC,SRSR02022018,MERGED_INTO_TRUNK,FDR-269,Private Minibus,8.334,Urban,646.4,66.7,City_Core,16,8.0,15,7.5,0.696,0.322,1.25,0.509,False,MP,35,0,0,0,0,False,,0,58845,380,27,0.1905,OSRM,False,Year_Round,False,False,False,False,54.9,457.2,0.0,33.0,0.0,Red_NoCapacity,56.4,True,327.0,29717.0,0.011,True,434320.0,0.031,route_maps_kashmir/FDR-269.html,218,,JEHANGIR CHOWK,34.07189,74.80491,JVC,34.0849143,74.7618354,MPV,Ordinary Service,121,119,119-121
R0220,Jehangir Chowk to Bemina,SRSR02022008,MERGED_INTO_TRUNK,FDR-176,Private Minibus,6.545,Urban,656.8,52.4,City_Core,13,6.5,13,6.5,0.8028,0.2853,1.25,0.544,False,MP,35,0,0,0,0,False,,0,52214,407,20,0.1435,OSRM,False,Year_Round,False,False,False,False,54.9,359.0,0.0,36.0,0.0,Red_NoCapacity,49.2,True,360.0,23338.0,0.015,True,341088.0,0.026,route_maps_kashmir/FDR-176.html,219,,JEHANGIR CHOWK,34.07189,74.80491,BEMINA,34.0763543,74.7681595,MPV,Ordinary Service,121,109,109-121
R0221,Hazratbal to LD,SRSR01020422,MERGED_INTO_TRUNK,FDR-147,Private Minibus,8.251,Urban,1283.5,66.0,City_Core,16,8.0,10,5.0,0.6633,0.3468,1.25,0.505,True,MP,35,0,0,0,0,False,,0,55948,208,34,0.0832,OSRM+JhelumBridge,False,Year_Round,False,False,False,False,54.9,452.6,0.0,130.0,0.0,Red_NoCapacity,56.0,True,1302.0,29421.0,0.044,False,429995.0,0.081,route_maps_kashmir/FDR-147.html,220,,HAZRATBAL,34.1272157,74.8356734,LD,34.0822,74.8059,MPV,Express Service,96,123,96-123
R0222,LD to Pampore,SRPW02022202,MERGED_INTO_TRUNK,FDR-341,Private Minibus,15.854,Peri_Urban,1392.5,79.3,City_Core,31,15.5,6,3.0,0.5585,0.2798,1.25,0.4192,True,MP,35,0,0,0,0,False,,0,93243,319,50,0.1491,OSRM+JhelumBridge,False,Year_Round,False,False,False,False,54.9,869.7,0.0,63.0,0.0,Red_NoCapacity,62.6,True,632.0,56531.0,0.011,False,826220.0,0.088,route_maps_kashmir/FDR-341.html,221,,LD,34.0822,74.8059,PAMPORE,34.01092,74.91303,MPV,,123,71,71-123
R0223,Hazratbal to LD,SRSR01020422,MERGED_INTO_TRUNK,FDR-147,Private Minibus,8.251,Urban,1283.5,66.0,City_Core,16,8.0,10,5.0,0.6633,0.3468,1.25,0.505,True,MP,35,0,0,0,0,False,,0,55948,208,34,0.0832,OSRM+JhelumBridge,False,Year_Round,False,False,False,False,54.9,452.6,0.0,130.0,0.0,Red_NoCapacity,56.0,True,1302.0,29421.0,0.044,False,429995.0,0.081,route_maps_kashmir/FDR-147.html,222,,HAZRATBAL,34.1272157,74.8356734,LD,34.0822,74.8059,MPV,Express Service,96,123,96-123
R0224,Parimpora to Jawahirnagar,SRSR02022919,MERGED_INTO_TRUNK,FDR-151,Private Minibus,12.642,Urban,1381.8,101.1,City_Core,25,12.5,12,6.0,0.8084,0.3589,1.25,0.5836,True,MP,35,0,0,0,0,False,,0,101463,505,49,0.2019,OSRM+JhelumBridge,False,Year_Round,False,False,False,False,54.9,693.5,0.0,40.0,0.0,Red_NoCapacity,73.6,True,401.0,45078.0,0.009,False,658829.0,0.06,route_maps_kashmir/FDR-151.html,223,,PARIMPORA,34.1112,74.7475,JAWAHIRNAGAR,34.0606593,74.8117017,MPV,Ordinary Service,130,120,120-130
R0225,Hazratbal to LD,SRSR01020422,MERGED_INTO_TRUNK,FDR-147,Private Minibus,8.251,Urban,1283.5,66.0,City_Core,16,8.0,10,5.0,0.6633,0.3468,1.25,0.505,True,MP,35,0,0,0,0,False,,0,55948,208,34,0.0832,OSRM+JhelumBridge,False,Year_Round,False,False,False,False,54.9,452.6,0.0,130.0,0.0,Red_NoCapacity,56.0,True,1302.0,29421.0,0.044,False,429995.0,0.081,route_maps_kashmir/FDR-147.html,224,,HAZRATBAL,34.1272157,74.8356734,LD,34.0822,74.8059,MPV,,96,123,96-123
R0226,Jehangir Chowk to Bemina,SRSR02022008,MERGED_INTO_TRUNK,FDR-176,Private Minibus,6.545,Urban,656.8,52.4,City_Core,13,6.5,13,6.5,0.8028,0.2853,1.25,0.544,False,MP,35,0,0,0,0,False,,0,52214,407,20,0.1435,OSRM,False,Year_Round,False,False,False,False,54.9,359.0,0.0,36.0,0.0,Red_NoCapacity,49.2,True,360.0,23338.0,0.015,True,341088.0,0.026,route_maps_kashmir/FDR-176.html,225,,JEHANGIR CHOWK,34.07189,74.80491,BEMINA,34.0763543,74.7681595,MPV,Ordinary Service,121,109,109-121
R0227,Parimpora to Panthachowk,SRSR02022927,MERGED_INTO_TRUNK,FDR-289,Private Minibus,21.307,Peri_Urban,1713.4,106.5,City_Core,42,21.0,5,2.5,0.6019,0.3276,1.25,0.4648,False,MP,35,0,0,0,0,False,,0,133241,546,73,0.2309,OSRM+JhelumBridge,False,Year_Round,False,False,False,False,54.9,1168.8,0.0,34.0,0.0,Red_NoCapacity,76.2,True,341.0,75975.0,0.004,True,1110399.0,0.049,route_maps_kashmir/FDR-289.html,226,,PARIMPORA,34.1112,74.7475,PANTHACHOWK,34.0285811,74.9057898,MPV,,130,128,128-130
R0228,Hazratbal to LD,SRSR01020422,MERGED_INTO_TRUNK,FDR-147,Private Minibus,8.251,Urban,1283.5,66.0,City_Core,16,8.0,10,5.0,0.6633,0.3468,1.25,0.505,True,MP,35,0,0,0,0,False,,0,55948,208,34,0.0832,OSRM+JhelumBridge,False,Year_Round,False,False,False,False,54.9,452.6,0.0,130.0,0.0,Red_NoCapacity,56.0,True,1302.0,29421.0,0.044,False,429995.0,0.081,route_maps_kashmir/FDR-147.html,227,,HAZRATBAL,34.1272157,74.8356734,LD,34.0822,74.8059,MPV,Ordinary Service,96,123,96-123
R0229,Soura to Hazratbal,SRSR01010904,MERGED_INTO_TRUNK,TRK-031,Private Minibus,8.337,Urban,1248.4,66.7,City_Core,16,8.0,6,3.0,0.7069,0.4192,1.25,0.5631,False,MP,35,0,0,0,0,False,,0,59647,163,41,0.0333,OSRM+JhelumBridge,False,Year_Round,False,False,False,False,54.9,457.3,0.0,443.0,0.0,Red_NoCapacity,56.4,True,4426.0,29727.0,0.149,True,434477.0,0.073,route_maps_kashmir/TRK-031.html,228,,SOURA,34.1378333,74.8021097,HAZRATBAL,34.1272157,74.8356734,MPV,Express Service,101,96,96-101
R0230,Parimpora to Hazratbal,SRSR02012904,MERGED_INTO_TRUNK,FDR-271,LPV / Tempo,16.104,Peri_Urban,1713.6,80.5,City_Core,32,16.0,22,11.0,0.6966,0.251,1.25,0.4738,False,MP,35,0,0,0,0,False,,0,113789,383,53,0.0918,OSRM+JhelumBridge,False,Year_Round,False,False,False,False,54.9,883.4,0.0,104.0,0.0,Red_NoCapacity,63.2,True,1043.0,57422.0,0.018,True,839248.0,0.06,route_maps_kashmir/FDR-271.html,229,,PARIMPORA,34.1112,74.7475,HAZRATBAL,34.1272157,74.8356734,LPV,Express Service,130,96,96-130
R0231,Parimpora to Humhama,SRSR02022917,MERGED_INTO_TRUNK,FDR-191,Private Minibus,16.99,Peri_Urban,1011.8,84.9,City_Core,33,16.5,9,4.5,0.7618,0.3168,1.25,0.5393,False,MP,35,0,0,0,0,False,,0,129559,438,61,0.173,OSRM,False,Year_Round,False,False,False,False,54.9,932.0,0.0,55.0,0.0,Red_NoCapacity,65.4,True,551.0,60581.0,0.009,True,885422.0,0.059,route_maps_kashmir/FDR-191.html,230,,PARIMPORA,34.1112,74.7475,HUMHAMA,34.0209839,74.7711454,MPV,Ordinary Service,130,118,118-130
R0232,Parimpora to Humhama,SRSR02022917,MERGED_INTO_TRUNK,FDR-191,LPV / Tempo,16.99,Peri_Urban,1011.8,84.9,City_Core,33,16.5,9,4.5,0.7618,0.3168,1.25,0.5393,False,MP,35,0,0,0,0,False,,0,129559,438,61,0.173,OSRM,False,Year_Round,False,False,False,False,54.9,932.0,0.0,55.0,0.0,Red_NoCapacity,65.4,True,551.0,60581.0,0.009,True,885422.0,0.059,route_maps_kashmir/FDR-191.html,231,,PARIMPORA,34.1112,74.7475,HUMHAMA,34.0209839,74.7711454,LPV,Ordinary Service,130,118,118-130
R0233,Parimpora to Humhama,SRSR02022917,MERGED_INTO_TRUNK,FDR-191,Private Minibus,16.99,Peri_Urban,1011.8,84.9,City_Core,33,16.5,9,4.5,0.7618,0.3168,1.25,0.5393,False,MP,35,0,0,0,0,False,,0,129559,438,61,0.173,OSRM,False,Year_Round,False,False,False,False,54.9,932.0,0.0,55.0,0.0,Red_NoCapacity,65.4,True,551.0,60581.0,0.009,True,885422.0,0.059,route_maps_kashmir/FDR-191.html,232,,PARIMPORA,34.1112,74.7475,HUMHAMA,34.0209839,74.7711454,MPV,Ordinary Service,130,118,118-130
R0235,Parimpora to Humhama,SRSR02022917,MERGED_INTO_TRUNK,FDR-191,Private Minibus,16.99,Peri_Urban,1011.8,84.9,City_Core,33,16.5,9,4.5,0.7618,0.3168,1.25,0.5393,False,MP,35,0,0,0,0,False,,0,129559,438,61,0.173,OSRM,False,Year_Round,False,False,False,False,54.9,932.0,0.0,55.0,0.0,Red_NoCapacity,65.4,True,551.0,60581.0,0.009,True,885422.0,0.059,route_maps_kashmir/FDR-191.html,234,,PARIMPORA,34.1112,74.7475,HUMHAMA,34.0209839,74.7711454,MPV,Ordinary Service,130,118,118-130
R0236,Jehangir Chowk to Bemina,SRSR02022008,MERGED_INTO_TRUNK,FDR-176,LPV / Tempo,6.545,Urban,656.8,52.4,City_Core,13,6.5,13,6.5,0.8028,0.2853,1.25,0.544,False,MP,35,0,0,0,0,False,,0,52214,407,20,0.1435,OSRM,False,Year_Round,False,False,False,False,54.9,359.0,0.0,36.0,0.0,Red_NoCapacity,49.2,True,360.0,23338.0,0.015,True,341088.0,0.026,route_maps_kashmir/FDR-176.html,235,,JEHANGIR CHOWK,34.07189,74.80491,BEMINA,34.0763543,74.7681595,LPV,Express Service,121,109,109-121
R0237,Parimpora to Hazratbal,SRSR02012904,MERGED_INTO_TRUNK,FDR-271,Private Minibus,16.104,Peri_Urban,1713.6,80.5,City_Core,32,16.0,22,11.0,0.6966,0.251,1.25,0.4738,False,MP,35,0,0,0,0,False,,0,113789,383,53,0.0918,OSRM+JhelumBridge,False,Year_Round,False,False,False,False,54.9,883.4,0.0,104.0,0.0,Red_NoCapacity,63.2,True,1043.0,57422.0,0.018,True,839248.0,0.06,route_maps_kashmir/FDR-271.html,236,,PARIMPORA,34.1112,74.7475,HAZRATBAL,34.1272157,74.8356734,MPV,Ordinary Service,130,96,96-130
R0239,Soura to Jehangir Chowk,SRSR01020920,MERGED_INTO_TRUNK,FDR-122,LPV / Tempo,9.676,Urban,786.9,77.4,City_Core,19,9.5,10,5.0,0.9581,0.6758,1.25,0.8169,True,HP,20,0,0,0,0,False,,0,90081,439,86,0.1034,OSRM,False,Year_Round,False,False,False,False,96.0,928.9,0.0,140.0,0.0,Red_NoCapacity,54.2,True,1399.0,60378.0,0.023,False,882451.0,0.062,route_maps_kashmir/FDR-122.html,238,,SOURA,34.1378333,74.8021097,JEHANGIR CHOWK,34.07189,74.80491,LPV,,101,121,101-121
R0240,Jehangir Chowk to HMT,SRSR02022016,MERGED_INTO_TRUNK,FDR-275,LPV / Tempo,10.311,Urban,654.3,82.5,City_Core,20,10.0,10,5.0,0.6674,0.2668,1.25,0.4671,False,MP,35,0,0,0,0,False,,0,70280,406,30,0.2746,OSRM,False,Year_Round,False,False,False,False,54.9,565.6,0.0,25.0,0.0,Red_NoCapacity,64.2,True,254.0,36766.0,0.007,True,537350.0,0.035,route_maps_kashmir/FDR-275.html,239,,JEHANGIR CHOWK,34.07189,74.80491,HMT,34.1085052,74.7471598,LPV,Ordinary Service,121,117,117-121
R0241,Hazratbal to LD,SRSR01020422,MERGED_INTO_TRUNK,FDR-147,LPV / Tempo,8.251,Urban,1283.5,66.0,City_Core,16,8.0,10,5.0,0.6633,0.3468,1.25,0.505,True,MP,35,0,0,0,0,False,,0,55948,208,34,0.0832,OSRM+JhelumBridge,False,Year_Round,False,False,False,False,54.9,452.6,0.0,130.0,0.0,Red_NoCapacity,56.0,True,1302.0,29421.0,0.044,False,429995.0,0.081,route_maps_kashmir/FDR-147.html,240,,HAZRATBAL,34.1272157,74.8356734,LD,34.0822,74.8059,LPV,Ordinary Service,96,123,96-123
R0242,Hazratbal to LD,SRSR01020422,MERGED_INTO_TRUNK,FDR-147,Private Minibus,8.251,Urban,1283.5,66.0,City_Core,16,8.0,10,5.0,0.6633,0.3468,1.25,0.505,True,MP,35,0,0,0,0,False,,0,55948,208,34,0.0832,OSRM+JhelumBridge,False,Year_Round,False,False,False,False,54.9,452.6,0.0,130.0,0.0,Red_NoCapacity,56.0,True,1302.0,29421.0,0.044,False,429995.0,0.081,route_maps_kashmir/FDR-147.html,241,,HAZRATBAL,34.1272157,74.8356734,LD,34.0822,74.8059,MPV,,96,123,96-123
R0243,Parimpora to Humhama,SRSR02022917,MERGED_INTO_TRUNK,FDR-191,LPV / Tempo,16.99,Peri_Urban,1011.8,84.9,City_Core,33,16.5,9,4.5,0.7618,0.3168,1.25,0.5393,False,MP,35,0,0,0,0,False,,0,129559,438,61,0.173,OSRM,False,Year_Round,False,False,False,False,54.9,932.0,0.0,55.0,0.0,Red_NoCapacity,65.4,True,551.0,60581.0,0.009,True,885422.0,0.059,route_maps_kashmir/FDR-191.html,242,,PARIMPORA,34.1112,74.7475,HUMHAMA,34.0209839,74.7711454,LPV,Express Service,130,118,118-130
R0244,Parimpora to Panthachowk,SRSR02022927,MERGED_INTO_TRUNK,FDR-289,LPV / Tempo,21.307,Peri_Urban,1713.4,106.5,City_Core,42,21.0,5,2.5,0.6019,0.3276,1.25,0.4648,False,MP,35,0,0,0,0,False,,0,133241,546,73,0.2309,OSRM+JhelumBridge,False,Year_Round,False,False,False,False,54.9,1168.8,0.0,34.0,0.0,Red_NoCapacity,76.2,True,341.0,75975.0,0.004,True,1110399.0,0.049,route_maps_kashmir/FDR-289.html,243,,PARIMPORA,34.1112,74.7475,PANTHACHOWK,34.0285811,74.9057898,LPV,,130,128,128-130
R0245,Soura to Jehangir Chowk,SRSR01020920,MERGED_INTO_TRUNK,FDR-122,LPV / Tempo,9.676,Urban,786.9,77.4,City_Core,19,9.5,10,5.0,0.9581,0.6758,1.25,0.8169,True,HP,20,0,0,0,0,False,,0,90081,439,86,0.1034,OSRM,False,Year_Round,False,False,False,False,96.0,928.9,0.0,140.0,0.0,Red_NoCapacity,54.2,True,1399.0,60378.0,0.023,False,882451.0,0.062,route_maps_kashmir/FDR-122.html,244,,SOURA,34.1378333,74.8021097,JEHANGIR CHOWK,34.07189,74.80491,LPV,,101,121,101-121
R0246,Jehangir Chowk to Bemina,SRSR02022008,MERGED_INTO_TRUNK,FDR-176,LPV / Tempo,6.545,Urban,656.8,52.4,City_Core,13,6.5,13,6.5,0.8028,0.2853,1.25,0.544,False,MP,35,0,0,0,0,False,,0,52214,407,20,0.1435,OSRM,False,Year_Round,False,False,False,False,54.9,359.0,0.0,36.0,0.0,Red_NoCapacity,49.2,True,360.0,23338.0,0.015,True,341088.0,0.026,route_maps_kashmir/FDR-176.html,245,,JEHANGIR CHOWK,34.07189,74.80491,BEMINA,34.0763543,74.7681595,LPV,Express Service,121,109,109-121
R0248,Jehangir Chowk to HMT,SRSR02022016,MERGED_INTO_TRUNK,FDR-275,Private Minibus,10.311,Urban,654.3,82.5,City_Core,20,10.0,10,5.0,0.6674,0.2668,1.25,0.4671,False,MP,35,0,0,0,0,False,,0,70280,406,30,0.2746,OSRM,False,Year_Round,False,False,False,False,54.9,565.6,0.0,25.0,0.0,Red_NoCapacity,64.2,True,254.0,36766.0,0.007,True,537350.0,0.035,route_maps_kashmir/FDR-275.html,247,,JEHANGIR CHOWK,34.07189,74.80491,HMT,34.1085052,74.7471598,MPV,Ordinary Service,121,117,117-121
R0249,Jehangir Chowk to JVC,SRSR02022018,MERGED_INTO_TRUNK,FDR-269,Private Minibus,8.334,Urban,646.4,66.7,City_Core,16,8.0,15,7.5,0.696,0.322,1.25,0.509,False,MP,35,0,0,0,0,False,,0,58845,380,27,0.1905,OSRM,False,Year_Round,False,False,False,False,54.9,457.2,0.0,33.0,0.0,Red_NoCapacity,56.4,True,327.0,29717.0,0.011,True,434320.0,0.031,route_maps_kashmir/FDR-269.html,248,,JEHANGIR CHOWK,34.07189,74.80491,JVC,34.0849143,74.7618354,MPV,Ordinary Service,121,119,119-121
R0250,HMT to Jehangir Chowk,SRSR02021620,MERGED_INTO_TRUNK,FDR-275,Private Minibus,9.915,Urban,802.3,79.3,City_Core,19,9.5,20,10.0,0.6334,0.2014,1.25,0.4174,False,MP,35,0,0,0,0,False,,0,64688,395,22,0.2204,OSRM,False,Year_Round,False,False,False,False,54.9,543.9,0.0,30.0,0.0,Red_NoCapacity,62.6,True,299.0,35354.0,0.008,True,516713.0,0.033,route_maps_kashmir/FDR-275.html,249,,HMT,34.1085052,74.7471598,JEHANGIR CHOWK,34.07189,74.80491,MPV,Ordinary Service,117,121,117-121
R0252,Parimpora to Humhama,SRSR02022917,MERGED_INTO_TRUNK,FDR-191,Private Minibus,16.99,Peri_Urban,1011.8,84.9,City_Core,33,16.5,9,4.5,0.7618,0.3168,1.25,0.5393,False,MP,35,0,0,0,0,False,,0,129559,438,61,0.173,OSRM,False,Year_Round,False,False,False,False,54.9,932.0,0.0,55.0,0.0,Red_NoCapacity,65.4,True,551.0,60581.0,0.009,True,885422.0,0.059,route_maps_kashmir/FDR-191.html,251,,PARIMPORA,34.1112,74.7475,HUMHAMA,34.0209839,74.7711454,MPV,Ordinary Service,130,118,118-130
R0253,Jehangir Chowk to Bemina,SRSR02022008,MERGED_INTO_TRUNK,FDR-176,Private Minibus,6.545,Urban,656.8,52.4,City_Core,13,6.5,13,6.5,0.8028,0.2853,1.25,0.544,False,MP,35,0,0,0,0,False,,0,52214,407,20,0.1435,OSRM,False,Year_Round,False,False,False,False,54.9,359.0,0.0,36.0,0.0,Red_NoCapacity,49.2,True,360.0,23338.0,0.015,True,341088.0,0.026,route_maps_kashmir/FDR-176.html,252,,JEHANGIR CHOWK,34.07189,74.80491,BEMINA,34.0763543,74.7681595,MPV,Ordinary Service,121,109,109-121
R0254,Soura to Parimpora,SRSR01020929,MERGED_INTO_TRUNK,FDR-173,Private Minibus,12.845,Urban,926.8,102.8,City_Core,25,12.5,20,10.0,0.8071,0.4007,1.25,0.6039,False,HP,20,0,0,0,0,False,,0,102944,346,74,0.1583,OSRM,False,Year_Round,False,False,False,False,96.0,1233.1,0.0,132.0,0.0,Red_NoCapacity,66.9,True,1325.0,80153.0,0.017,True,1171464.0,0.06,route_maps_kashmir/FDR-173.html,253,,SOURA,34.1378333,74.8021097,PARIMPORA,34.1112,74.7475,MPV,Ordinary Service,101,130,101-130
R0256,Parimpora to Humhama,SRSR02022917,MERGED_INTO_TRUNK,FDR-191,Private Minibus,16.99,Peri_Urban,1011.8,84.9,City_Core,33,16.5,9,4.5,0.7618,0.3168,1.25,0.5393,False,MP,35,0,0,0,0,False,,0,129559,438,61,0.173,OSRM,False,Year_Round,False,False,False,False,54.9,932.0,0.0,55.0,0.0,Red_NoCapacity,65.4,True,551.0,60581.0,0.009,True,885422.0,0.059,route_maps_kashmir/FDR-191.html,255,,PARIMPORA,34.1112,74.7475,HUMHAMA,34.0209839,74.7711454,MPV,Ordinary Service,130,118,118-130
R0257,Parimpora to Panthachowk,SRSR02022927,MERGED_INTO_TRUNK,FDR-289,Private Minibus,21.307,Peri_Urban,1713.4,106.5,City_Core,42,21.0,5,2.5,0.6019,0.3276,1.25,0.4648,False,MP,35,0,0,0,0,False,,0,133241,546,73,0.2309,OSRM+JhelumBridge,False,Year_Round,False,False,False,False,54.9,1168.8,0.0,34.0,0.0,Red_NoCapacity,76.2,True,341.0,75975.0,0.004,True,1110399.0,0.049,route_maps_kashmir/FDR-289.html,256,,PARIMPORA,34.1112,74.7475,PANTHACHOWK,34.0285811,74.9057898,MPV,,130,128,128-130
R0258,Rangpora to Soura,SRSR01010809,MERGED_INTO_TRUNK,FDR-333,Private Minibus,22.053,Peri_Urban,1804.1,110.3,City_Core,44,22.0,15,7.5,0.4833,0.3673,1.25,0.4253,False,MP,35,0,0,0,0,False,,0,115477,523,101,0.1077,OSRM+JhelumBridge,False,Year_Round,False,False,False,False,54.9,1209.8,0.0,66.0,0.0,Red_NoCapacity,78.2,True,661.0,78635.0,0.008,True,1149276.0,0.044,route_maps_kashmir/FDR-333.html,257,,RANGPORA,34.1617332,74.8177405,SOURA,34.1378333,74.8021097,MPV,Ordinary Service,100,101,100-101
R0259,LD to Parimpora,SRSR02022229,MERGED_INTO_TRUNK,FDR-201,Private Minibus,10.44,Urban,669.5,83.5,City_Core,20,10.0,8,4.0,0.7554,0.2782,1.25,0.5168,True,MP,35,0,0,0,0,False,,0,79042,505,32,0.2627,OSRM,False,Year_Round,False,False,False,False,54.9,572.7,0.0,24.0,0.0,Red_NoCapacity,64.8,True,240.0,37226.0,0.006,False,544073.0,0.047,route_maps_kashmir/FDR-201.html,258,,LD,34.0822,74.8059,PARIMPORA,34.1112,74.7475,MPV,Ordinary Service,123,130,123-130
R0260,Hazratbal to LD,SRSR01020422,MERGED_INTO_TRUNK,FDR-147,Private Minibus,8.251,Urban,1283.5,66.0,City_Core,16,8.0,10,5.0,0.6633,0.3468,1.25,0.505,True,MP,35,0,0,0,0,False,,0,55948,208,34,0.0832,OSRM+JhelumBridge,False,Year_Round,False,False,False,False,54.9,452.6,0.0,130.0,0.0,Red_NoCapacity,56.0,True,1302.0,29421.0,0.044,False,429995.0,0.081,route_maps_kashmir/FDR-147.html,259,,HAZRATBAL,34.1272157,74.8356734,LD,34.0822,74.8059,MPV,Ordinary Service,96,123,96-123
R0261,Hazratbal to LD,SRSR01020422,MERGED_INTO_TRUNK,FDR-147,Private Minibus,8.251,Urban,1283.5,66.0,City_Core,16,8.0,10,5.0,0.6633,0.3468,1.25,0.505,True,MP,35,0,0,0,0,False,,0,55948,208,34,0.0832,OSRM+JhelumBridge,False,Year_Round,False,False,False,False,54.9,452.6,0.0,130.0,0.0,Red_NoCapacity,56.0,True,1302.0,29421.0,0.044,False,429995.0,0.081,route_maps_kashmir/FDR-147.html,260,,HAZRATBAL,34.1272157,74.8356734,LD,34.0822,74.8059,MPV,Ordinary Service,96,123,96-123
R0262,Jehangir Chowk to Panzinara,SRSR02022028,MERGED_INTO_TRUNK,FDR-401,Private Minibus,16.494,Peri_Urban,978.7,82.5,City_Core,32,16.0,12,6.0,0.4786,0.1668,1.25,0.3227,False,MP,35,0,0,0,0,False,,0,85701,406,30,0.1677,OSRM,False,Year_Round,False,False,False,False,54.9,904.8,0.0,41.0,0.0,Red_NoCapacity,64.2,True,406.0,58813.0,0.007,True,859573.0,0.042,route_maps_kashmir/FDR-401.html,261,,JEHANGIR CHOWK,34.07189,74.80491,PANZINARA,34.1507951,74.7002461,MPV,Ordinary Service,121,129,121-129
R0264,Batamallo to Panthachowk,SRSR02020427,MERGED_INTO_TRUNK,FDR-407,Private Minibus,17.436,Peri_Urban,1539.8,87.2,Peri_Urban,34,17.0,7,3.5,0.4931,0.1253,1.25,0.3092,False,LP,35,0,0,0,0,False,,0,92763,244,29,0.0931,OSRM+JhelumBridge,False,Year_Round,False,False,False,False,54.9,956.5,0.0,132.0,0.0,Red_NoCapacity,66.6,True,1316.0,62172.0,0.021,True,908665.0,0.076,route_maps_kashmir/FDR-407.html,263,,BATAMALLO,34.0692325,74.7917031,PANTHACHOWK,34.0285811,74.9057898,MPV,Ordinary Service,105,128,105-128
R0265,Hazratbal to LD,SRSR01020422,MERGED_INTO_TRUNK,FDR-147,Private Minibus,8.251,Urban,1283.5,66.0,City_Core,16,8.0,10,5.0,0.6633,0.3468,1.25,0.505,True,MP,35,0,0,0,0,False,,0,55948,208,34,0.0832,OSRM+JhelumBridge,False,Year_Round,False,False,False,False,54.9,452.6,0.0,130.0,0.0,Red_NoCapacity,56.0,True,1302.0,29421.0,0.044,False,429995.0,0.081,route_maps_kashmir/FDR-147.html,264,,HAZRATBAL,34.1272157,74.8356734,LD,34.0822,74.8059,MPV,,96,123,96-123
R0266,Parimpora to Panthachowk,SRSR02022927,MERGED_INTO_TRUNK,FDR-289,Private Minibus,21.307,Peri_Urban,1713.4,106.5,City_Core,42,21.0,5,2.5,0.6019,0.3276,1.25,0.4648,False,MP,35,0,0,0,0,False,,0,133241,546,73,0.2309,OSRM+JhelumBridge,False,Year_Round,False,False,False,False,54.9,1168.8,0.0,34.0,0.0,Red_NoCapacity,76.2,True,341.0,75975.0,0.004,True,1110399.0,0.049,route_maps_kashmir/FDR-289.html,265,,PARIMPORA,34.1112,74.7475,PANTHACHOWK,34.0285811,74.9057898,MPV,Ordinary Service,130,128,128-130
R0271,Rangpora to Soura,SRSR01010809,MERGED_INTO_TRUNK,FDR-333,Private Minibus,18.757,Peri_Urban,1602.8,93.8,City_Core,37,18.5,9,4.5,0.5137,0.387,1.25,0.4504,False,MP,35,0,0,0,0,False,,0,103107,271,86,0.0926,OSRM+JhelumBridge,False,Year_Round,False,False,False,False,54.9,1029.0,0.0,132.0,0.0,Red_NoCapacity,69.9,True,1324.0,66882.0,0.02,True,977508.0,0.076,route_maps_kashmir/FDR-333.html,270,,RANGPORA,34.1617332,74.8177405,SOURA,34.1378333,74.8021097,MPV,Rural Service,100,101,100-101
R0272,Jehangir Chowk to HMT,SRSR02022016,MERGED_INTO_TRUNK,FDR-275,LPV / Tempo,10.311,Urban,654.3,82.5,City_Core,20,10.0,10,5.0,0.6674,0.2668,1.25,0.4671,False,MP,35,0,0,0,0,False,,0,70280,406,30,0.2746,OSRM,False,Year_Round,False,False,False,False,54.9,565.6,0.0,25.0,0.0,Red_NoCapacity,64.2,True,254.0,36766.0,0.007,True,537350.0,0.035,route_maps_kashmir/FDR-275.html,271,,JEHANGIR CHOWK,34.07189,74.80491,HMT,34.1085052,74.7471598,LPV,,121,117,117-121
R0273,LD to Pampore,SRPW02022202,MERGED_INTO_TRUNK,FDR-341,Private Minibus,15.854,Peri_Urban,1392.5,79.3,City_Core,31,15.5,6,3.0,0.5585,0.2798,1.25,0.4192,True,MP,35,0,0,0,0,False,,0,93243,319,50,0.1491,OSRM+JhelumBridge,False,Year_Round,False,False,False,False,54.9,869.7,0.0,63.0,0.0,Red_NoCapacity,62.6,True,632.0,56531.0,0.011,False,826220.0,0.088,route_maps_kashmir/FDR-341.html,272,,LD,34.0822,74.8059,PAMPORE,34.01092,74.91303,MPV,Ordinary Service,123,71,71-123
R0276,Soura to Jehangir Chowk,SRSR01020920,MERGED_INTO_TRUNK,FDR-122,Private Minibus,15.353,Peri_Urban,1270.2,76.8,City_Core,30,15.0,25,12.5,0.651,0.2783,1.25,0.4646,False,MP,35,0,0,0,0,False,,0,102477,428,57,0.1343,OSRM,False,Year_Round,False,False,False,False,54.9,842.2,0.0,57.0,0.0,Red_NoCapacity,61.4,True,574.0,54744.0,0.01,True,800111.0,0.048,route_maps_kashmir/FDR-122.html,275,,SOURA,34.1378333,74.8021097,JEHANGIR CHOWK,34.07189,74.80491,MPV,Ordinary Service,101,121,101-121
R0277,Hazratbal to LD,SRSR01020422,MERGED_INTO_TRUNK,FDR-147,Private Minibus,8.251,Urban,1283.5,66.0,City_Core,16,8.0,10,5.0,0.6633,0.3468,1.25,0.505,True,MP,35,0,0,0,0,False,,0,55948,208,34,0.0832,OSRM+JhelumBridge,False,Year_Round,False,False,False,False,54.9,452.6,0.0,130.0,0.0,Red_NoCapacity,56.0,True,1302.0,29421.0,0.044,False,429995.0,0.081,route_maps_kashmir/FDR-147.html,276,,HAZRATBAL,34.1272157,74.8356734,LD,34.0822,74.8059,MPV,Ordinary Service,96,123,96-123
R0278,Lalbazar to Lalchowk,SRSR01020523,MERGED_INTO_TRUNK,FDR-081,Private Minibus,8.433,Urban,617.5,67.5,City_Core,16,8.0,11,5.5,1.0,0.5289,1.25,0.7645,True,HP,20,0,0,0,0,False,,0,83040,489,56,0.1248,OSRM,False,Year_Round,False,False,False,False,96.0,809.6,0.0,96.0,0.0,Red_NoCapacity,49.2,True,959.0,52622.0,0.018,False,769090.0,0.051,route_maps_kashmir/FDR-081.html,277,,LALBAZAR,34.1255664,74.817375,LALCHOWK,34.0712565,74.8104927,MPV,Ordinary Service,97,124,97-124
R0280,Parimpora to Panthachowk,SRSR02022927,MERGED_INTO_TRUNK,FDR-289,LPV / Tempo,21.307,Peri_Urban,1713.4,106.5,City_Core,42,21.0,5,2.5,0.6019,0.3276,1.25,0.4648,False,MP,35,0,0,0,0,False,,0,133241,546,73,0.2309,OSRM+JhelumBridge,False,Year_Round,False,False,False,False,54.9,1168.8,0.0,34.0,0.0,Red_NoCapacity,76.2,True,341.0,75975.0,0.004,True,1110399.0,0.049,route_maps_kashmir/FDR-289.html,279,,PARIMPORA,34.1112,74.7475,PANTHACHOWK,34.0285811,74.9057898,LPV,Ordinary Service,130,128,128-130
R0282,Jehangir Chowk to Bemina,SRSR02022008,MERGED_INTO_TRUNK,FDR-176,LPV / Tempo,6.545,Urban,656.8,52.4,City_Core,13,6.5,13,6.5,0.8028,0.2853,1.25,0.544,False,MP,35,0,0,0,0,False,,0,52214,407,20,0.1435,OSRM,False,Year_Round,False,False,False,False,54.9,359.0,0.0,36.0,0.0,Red_NoCapacity,49.2,True,360.0,23338.0,0.015,True,341088.0,0.026,route_maps_kashmir/FDR-176.html,281,,JEHANGIR CHOWK,34.07189,74.80491,BEMINA,34.0763543,74.7681595,LPV,Ordinary Service,121,109,109-121
R0283,LD to Parimpora,SRSR02022229,MERGED_INTO_TRUNK,FDR-201,Private Minibus,10.44,Urban,669.5,83.5,City_Core,20,10.0,8,4.0,0.7554,0.2782,1.25,0.5168,True,MP,35,0,0,0,0,False,,0,79042,505,32,0.2627,OSRM,False,Year_Round,False,False,False,False,54.9,572.7,0.0,24.0,0.0,Red_NoCapacity,64.8,True,240.0,37226.0,0.006,False,544073.0,0.047,route_maps_kashmir/FDR-201.html,282,,LD,34.0822,74.8059,PARIMPORA,34.1112,74.7475,MPV,Ordinary Service,123,130,123-130
R0284,Parimpora to Panthachowk,SRSR02022927,MERGED_INTO_TRUNK,FDR-289,Private Minibus,21.307,Peri_Urban,1713.4,106.5,City_Core,42,21.0,5,2.5,0.6019,0.3276,1.25,0.4648,False,MP,35,0,0,0,0,False,,0,133241,546,73,0.2309,OSRM+JhelumBridge,False,Year_Round,False,False,False,False,54.9,1168.8,0.0,34.0,0.0,Red_NoCapacity,76.2,True,341.0,75975.0,0.004,True,1110399.0,0.049,route_maps_kashmir/FDR-289.html,283,,PARIMPORA,34.1112,74.7475,PANTHACHOWK,34.0285811,74.9057898,MPV,,130,128,128-130
R0285,Soura to Jehangir Chowk,SRSR01020920,MERGED_INTO_TRUNK,FDR-122,Private Minibus,9.512,Urban,718.6,76.1,City_Core,19,9.5,11,5.5,0.7204,0.5057,1.25,0.6131,True,HP,20,0,0,0,0,False,,0,69160,427,63,0.053,OSRM,False,Year_Round,False,False,False,False,96.0,913.2,0.0,215.0,0.0,Red_NoCapacity,53.6,True,2154.0,59355.0,0.036,False,867494.0,0.049,route_maps_kashmir/FDR-122.html,284,,SOURA,34.1378333,74.8021097,JEHANGIR CHOWK,34.07189,74.80491,MPV,Ordinary Service,101,121,101-121
R0286,Batamaalo to Panthachowk,SRSR02020427,MERGED_INTO_TRUNK,FDR-407,Private Minibus,17.988,Peri_Urban,1642.6,89.9,Peri_Urban,35,17.5,11,5.5,0.5075,0.1257,1.25,0.3166,False,LP,35,0,0,0,0,False,,0,97927,244,29,0.0891,OSRM+JhelumBridge,False,Year_Round,False,False,False,False,54.9,986.8,0.0,145.0,0.0,Red_NoCapacity,68.0,True,1451.0,64140.0,0.023,True,937432.0,0.08,route_maps_kashmir/FDR-407.html,285,,BATAMAALO,34.0692325,74.7917031,PANTHACHOWK,34.0285811,74.9057898,MPV,Ordinary Service,105,128,105-128
R0287,LD to Pampore,SRPW02022202,MERGED_INTO_TRUNK,FDR-341,Private Minibus,15.854,Peri_Urban,1392.5,79.3,City_Core,31,15.5,6,3.0,0.5585,0.2798,1.25,0.4192,True,MP,35,0,0,0,0,False,,0,93243,319,50,0.1491,OSRM+JhelumBridge,False,Year_Round,False,False,False,False,54.9,869.7,0.0,63.0,0.0,Red_NoCapacity,62.6,True,632.0,56531.0,0.011,False,826220.0,0.088,route_maps_kashmir/FDR-341.html,286,,LD,34.0822,74.8059,PAMPORE,34.01092,74.91303,MPV,Ordinary Service,123,71,71-123
R0288,Lalbazar to Lalchowk,SRSR01020523,MERGED_INTO_TRUNK,FDR-081,LPV / Tempo,8.433,Urban,617.5,67.5,City_Core,16,8.0,11,5.5,1.0,0.5289,1.25,0.7645,True,HP,20,0,0,0,0,False,,0,83040,489,56,0.1248,OSRM,False,Year_Round,False,False,False,False,96.0,809.6,0.0,96.0,0.0,Red_NoCapacity,49.2,True,959.0,52622.0,0.018,False,769090.0,0.051,route_maps_kashmir/FDR-081.html,287,,LALBAZAR,34.1255664,74.817375,LALCHOWK,34.0712565,74.8104927,LPV,Ordinary Service,97,124,97-124
R0289,Jehangir Chowk to Bemina,SRSR02022008,MERGED_INTO_TRUNK,FDR-176,Private Minibus,6.545,Urban,656.8,52.4,City_Core,13,6.5,13,6.5,0.8028,0.2853,1.25,0.544,False,MP,35,0,0,0,0,False,,0,52214,407,20,0.1435,OSRM,False,Year_Round,False,False,False,False,54.9,359.0,0.0,36.0,0.0,Red_NoCapacity,49.2,True,360.0,23338.0,0.015,True,341088.0,0.026,route_maps_kashmir/FDR-176.html,288,,JEHANGIR CHOWK,34.07189,74.80491,BEMINA,34.0763543,74.7681595,MPV,Ordinary Service,121,109,109-121
R0290,Batamallo to Panthachowk,SRSR02020427,MERGED_INTO_TRUNK,FDR-407,Private Minibus,17.436,Peri_Urban,1539.8,87.2,Peri_Urban,34,17.0,7,3.5,0.4931,0.1253,1.25,0.3092,False,LP,35,0,0,0,0,False,,0,92763,244,29,0.0931,OSRM+JhelumBridge,False,Year_Round,False,False,False,False,54.9,956.5,0.0,132.0,0.0,Red_NoCapacity,66.6,True,1316.0,62172.0,0.021,True,908665.0,0.076,route_maps_kashmir/FDR-407.html,289,,BATAMALLO,34.0692325,74.7917031,PANTHACHOWK,34.0285811,74.9057898,MPV,Ordinary Service,105,128,105-128
R0291,LD to Pampore,SRPW02022202,MERGED_INTO_TRUNK,FDR-341,Private Minibus,15.854,Peri_Urban,1392.5,79.3,City_Core,31,15.5,6,3.0,0.5585,0.2798,1.25,0.4192,True,MP,35,0,0,0,0,False,,0,93243,319,50,0.1491,OSRM+JhelumBridge,False,Year_Round,False,False,False,False,54.9,869.7,0.0,63.0,0.0,Red_NoCapacity,62.6,True,632.0,56531.0,0.011,False,826220.0,0.088,route_maps_kashmir/FDR-341.html,290,,LD,34.0822,74.8059,PAMPORE,34.01092,74.91303,MPV,Ordinary Service,123,71,71-123
R0292,Batamallo to Panthachowk,SRSR02020427,MERGED_INTO_TRUNK,FDR-407,Private Minibus,17.436,Peri_Urban,1539.8,87.2,Peri_Urban,34,17.0,7,3.5,0.4931,0.1253,1.25,0.3092,False,LP,35,0,0,0,0,False,,0,92763,244,29,0.0931,OSRM+JhelumBridge,False,Year_Round,False,False,False,False,54.9,956.5,0.0,132.0,0.0,Red_NoCapacity,66.6,True,1316.0,62172.0,0.021,True,908665.0,0.076,route_maps_kashmir/FDR-407.html,291,,BATAMALLO,34.0692325,74.7917031,PANTHACHOWK,34.0285811,74.9057898,MPV,Ordinary Service,105,128,105-128
R0294,Soura to Jehangir Chowk,SRSR01020920,MERGED_INTO_TRUNK,FDR-122,Private Minibus,11.346,Urban,982.5,90.8,City_Core,22,11.0,18,9.0,0.929,0.556,1.25,0.7425,False,HP,20,0,0,0,0,False,,0,102802,464,83,0.115,OSRM,False,Year_Round,False,False,False,False,96.0,1089.2,0.0,136.0,0.0,Red_NoCapacity,60.9,True,1358.0,70799.0,0.019,True,1034755.0,0.044,route_maps_kashmir/FDR-122.html,293,,SOURA,34.1378333,74.8021097,JEHANGIR CHOWK,34.07189,74.80491,MPV,Ordinary Service,101,121,101-121
R0295,Soura to Jehangir Chowk,SRSR01020920,MERGED_INTO_TRUNK,FDR-122,Private Minibus,9.676,Urban,786.9,77.4,City_Core,19,9.5,10,5.0,0.9581,0.6758,1.25,0.8169,True,HP,20,0,0,0,0,False,,0,90081,439,86,0.1034,OSRM,False,Year_Round,False,False,False,False,96.0,928.9,0.0,140.0,0.0,Red_NoCapacity,54.2,True,1399.0,60378.0,0.023,False,882451.0,0.062,route_maps_kashmir/FDR-122.html,294,,SOURA,34.1378333,74.8021097,JEHANGIR CHOWK,34.07189,74.80491,MPV,Ordinary Service,101,121,101-121
R0296,Hazratbal to LD,SRSR01020422,MERGED_INTO_TRUNK,FDR-147,Private Minibus,8.251,Urban,1283.5,66.0,City_Core,16,8.0,10,5.0,0.6633,0.3468,1.25,0.505,True,MP,35,0,0,0,0,False,,0,55948,208,34,0.0832,OSRM+JhelumBridge,False,Year_Round,False,False,False,False,54.9,452.6,0.0,130.0,0.0,Red_NoCapacity,56.0,True,1302.0,29421.0,0.044,False,429995.0,0.081,route_maps_kashmir/FDR-147.html,295,,HAZRATBAL,34.1272157,74.8356734,LD,34.0822,74.8059,MPV,Ordinary Service,96,123,96-123
R0298,LD to Pampore,SRPW02022202,MERGED_INTO_TRUNK,FDR-341,Private Minibus,15.854,Peri_Urban,1392.5,79.3,City_Core,31,15.5,6,3.0,0.5585,0.2798,1.25,0.4192,True,MP,35,0,0,0,0,False,,0,93243,319,50,0.1491,OSRM+JhelumBridge,False,Year_Round,False,False,False,False,54.9,869.7,0.0,63.0,0.0,Red_NoCapacity,62.6,True,632.0,56531.0,0.011,False,826220.0,0.088,route_maps_kashmir/FDR-341.html,297,,LD,34.0822,74.8059,PAMPORE,34.01092,74.91303,MPV,Ordinary Service,123,71,71-123
R0299,Hazratbal to LD,SRSR01020422,MERGED_INTO_TRUNK,FDR-147,LPV / Tempo,8.251,Urban,1283.5,66.0,City_Core,16,8.0,10,5.0,0.6633,0.3468,1.25,0.505,True,MP,35,0,0,0,0,False,,0,55948,208,34,0.0832,OSRM+JhelumBridge,False,Year_Round,False,False,False,False,54.9,452.6,0.0,130.0,0.0,Red_NoCapacity,56.0,True,1302.0,29421.0,0.044,False,429995.0,0.081,route_maps_kashmir/FDR-147.html,298,,HAZRATBAL,34.1272157,74.8356734,LD,34.0822,74.8059,LPV,Ordinary Service,96,123,96-123
R0300,Hazratbal to LD,SRSR01020422,MERGED_INTO_TRUNK,FDR-147,Private Minibus,8.251,Urban,1283.5,66.0,City_Core,16,8.0,10,5.0,0.6633,0.3468,1.25,0.505,True,MP,35,0,0,0,0,False,,0,55948,208,34,0.0832,OSRM+JhelumBridge,False,Year_Round,False,False,False,False,54.9,452.6,0.0,130.0,0.0,Red_NoCapacity,56.0,True,1302.0,29421.0,0.044,False,429995.0,0.081,route_maps_kashmir/FDR-147.html,299,,HAZRATBAL,34.1272157,74.8356734,LD,34.0822,74.8059,MPV,Ordinary Service,96,123,96-123
R0301,Soura to Parimpora,SRSR01020929,MERGED_INTO_TRUNK,FDR-173,Private Minibus,12.314,Urban,938.7,98.5,City_Core,24,12.0,18,9.0,0.7503,0.3384,1.25,0.5444,False,MP,35,0,0,0,0,False,,0,92683,342,60,0.1454,OSRM,False,Year_Round,False,False,False,False,54.9,675.5,0.0,75.0,0.0,Red_NoCapacity,72.2,True,751.0,43908.0,0.017,True,641735.0,0.054,route_maps_kashmir/FDR-173.html,300,,SOURA,34.1378333,74.8021097,PARIMPORA,34.1112,74.7475,MPV,Ordinary Service,101,130,101-130
R0302,Batamallo to Panthachowk,SRSR02020427,MERGED_INTO_TRUNK,FDR-407,Private Minibus,17.436,Peri_Urban,1539.8,87.2,Peri_Urban,34,17.0,7,3.5,0.4931,0.1253,1.25,0.3092,False,LP,35,0,0,0,0,False,,0,92763,244,29,0.0931,OSRM+JhelumBridge,False,Year_Round,False,False,False,False,54.9,956.5,0.0,132.0,0.0,Red_NoCapacity,66.6,True,1316.0,62172.0,0.021,True,908665.0,0.076,route_maps_kashmir/FDR-407.html,301,,BATAMALLO,34.0692325,74.7917031,PANTHACHOWK,34.0285811,74.9057898,MPV,Ordinary Service,105,128,105-128
R0303,Parimpora to Panthachowk,SRSR02022927,MERGED_INTO_TRUNK,FDR-289,Private Minibus,21.307,Peri_Urban,1713.4,106.5,City_Core,42,21.0,5,2.5,0.6019,0.3276,1.25,0.4648,False,MP,35,0,0,0,0,False,,0,133241,546,73,0.2309,OSRM+JhelumBridge,False,Year_Round,False,False,False,False,54.9,1168.8,0.0,34.0,0.0,Red_NoCapacity,76.2,True,341.0,75975.0,0.004,True,1110399.0,0.049,route_maps_kashmir/FDR-289.html,302,,PARIMPORA,34.1112,74.7475,PANTHACHOWK,34.0285811,74.9057898,MPV,Ordinary Service,130,128,128-130
R0304,LD to Pampore,SRPW02022202,MERGED_INTO_TRUNK,FDR-341,Private Minibus,15.854,Peri_Urban,1392.5,79.3,City_Core,31,15.5,6,3.0,0.5585,0.2798,1.25,0.4192,True,MP,35,0,0,0,0,False,,0,93243,319,50,0.1491,OSRM+JhelumBridge,False,Year_Round,False,False,False,False,54.9,869.7,0.0,63.0,0.0,Red_NoCapacity,62.6,True,632.0,56531.0,0.011,False,826220.0,0.088,route_maps_kashmir/FDR-341.html,303,,LD,34.0822,74.8059,PAMPORE,34.01092,74.91303,MPV,Ordinary Service,123,71,71-123
R0305,Soura to Jehangir Chowk,SRSR01020920,MERGED_INTO_TRUNK,FDR-122,Private Minibus,9.17,Urban,764.2,73.4,City_Core,18,9.0,9,4.5,0.7714,0.5403,1.25,0.6558,True,HP,20,0,0,0,0,False,,0,70680,427,66,0.0517,OSRM,False,Year_Round,False,False,False,False,96.0,880.3,0.0,226.0,0.0,Red_NoCapacity,52.2,True,2256.0,57221.0,0.039,False,836304.0,0.05,route_maps_kashmir/FDR-122.html,304,,SOURA,34.1378333,74.8021097,JEHANGIR CHOWK,34.07189,74.80491,MPV,Ordinary Service,101,121,101-121
R0306,Parimpora to Pathachowk,SRSR02022927,MERGED_INTO_TRUNK,FDR-289,Private Minibus,21.307,Peri_Urban,1713.4,106.5,City_Core,42,21.0,5,2.5,0.6019,0.3276,1.25,0.4648,False,MP,35,0,0,0,0,False,,0,133241,546,73,0.2309,OSRM+JhelumBridge,False,Year_Round,False,False,False,False,54.9,1168.8,0.0,34.0,0.0,Red_NoCapacity,76.2,True,341.0,75975.0,0.004,True,1110399.0,0.049,route_maps_kashmir/FDR-289.html,305,,PARIMPORA,34.1112,74.7475,PATHACHOWK,34.0285811,74.9057898,MPV,Ordinary Service,130,128,128-130
R0309,LD to Pampore,SRPW02022202,MERGED_INTO_TRUNK,FDR-341,Private Minibus,15.854,Peri_Urban,1392.5,79.3,City_Core,31,15.5,6,3.0,0.5585,0.2798,1.25,0.4192,True,MP,35,0,0,0,0,False,,0,93243,319,50,0.1491,OSRM+JhelumBridge,False,Year_Round,False,False,False,False,54.9,869.7,0.0,63.0,0.0,Red_NoCapacity,62.6,True,632.0,56531.0,0.011,False,826220.0,0.088,route_maps_kashmir/FDR-341.html,308,,LD,34.0822,74.8059,PAMPORE,34.01092,74.91303,MPV,Ordinary Service,123,71,71-123
R0310,Batamallo to Panthachowk,SRSR02020427,MERGED_INTO_TRUNK,FDR-407,LPV / Tempo,17.436,Peri_Urban,1539.8,87.2,Peri_Urban,34,17.0,7,3.5,0.4931,0.1253,1.25,0.3092,False,LP,35,0,0,0,0,False,,0,92763,244,29,0.0931,OSRM+JhelumBridge,False,Year_Round,False,False,False,False,54.9,956.5,0.0,132.0,0.0,Red_NoCapacity,66.6,True,1316.0,62172.0,0.021,True,908665.0,0.076,route_maps_kashmir/FDR-407.html,309,,BATAMALLO,34.0692325,74.7917031,PANTHACHOWK,34.0285811,74.9057898,LPV,Ordinary Service,105,128,105-128
R0314,Parimpora to Panthachowk,SRSR02022927,MERGED_INTO_TRUNK,FDR-289,LPV / Tempo,21.307,Peri_Urban,1713.4,106.5,City_Core,42,21.0,5,2.5,0.6019,0.3276,1.25,0.4648,False,MP,35,0,0,0,0,False,,0,133241,546,73,0.2309,OSRM+JhelumBridge,False,Year_Round,False,False,False,False,54.9,1168.8,0.0,34.0,0.0,Red_NoCapacity,76.2,True,341.0,75975.0,0.004,True,1110399.0,0.049,route_maps_kashmir/FDR-289.html,313,,PARIMPORA,34.1112,74.7475,PANTHACHOWK,34.0285811,74.9057898,LPV,Ordinary Service,130,128,128-130
R0315,Parimpora to Panthachowk,SRSR02022927,MERGED_INTO_TRUNK,FDR-289,Private Minibus,21.307,Peri_Urban,1713.4,106.5,City_Core,42,21.0,5,2.5,0.6019,0.3276,1.25,0.4648,False,MP,35,0,0,0,0,False,,0,133241,546,73,0.2309,OSRM+JhelumBridge,False,Year_Round,False,False,False,False,54.9,1168.8,0.0,34.0,0.0,Red_NoCapacity,76.2,True,341.0,75975.0,0.004,True,1110399.0,0.049,route_maps_kashmir/FDR-289.html,314,,PARIMPORA,34.1112,74.7475,PANTHACHOWK,34.0285811,74.9057898,MPV,Ordinary Service,130,128,128-130
R0316,Hazratbal to LD,SRSR01020422,MERGED_INTO_TRUNK,FDR-147,Private Minibus,8.251,Urban,1283.5,66.0,City_Core,16,8.0,10,5.0,0.6633,0.3468,1.25,0.505,True,MP,35,0,0,0,0,False,,0,55948,208,34,0.0832,OSRM+JhelumBridge,False,Year_Round,False,False,False,False,54.9,452.6,0.0,130.0,0.0,Red_NoCapacity,56.0,True,1302.0,29421.0,0.044,False,429995.0,0.081,route_maps_kashmir/FDR-147.html,315,,HAZRATBAL,34.1272157,74.8356734,LD,34.0822,74.8059,MPV,Ordinary Service,96,123,96-123
R0317,Lawaypora to Jehangir Chowk,SRSR02022420,MERGED_INTO_TRUNK,FDR-394,LPV / Tempo,14.207,Urban,1005.6,113.7,City_Core,28,14.0,21,10.5,0.552,0.1642,1.25,0.3581,False,MP,35,0,0,0,0,False,,0,82757,395,29,0.1701,OSRM,False,Year_Round,False,False,False,False,54.9,779.4,0.0,50.0,0.0,Red_NoCapacity,79.8,True,496.0,50658.0,0.01,True,740388.0,0.042,route_maps_kashmir/FDR-394.html,316,,LAWAYPORA,34.1173282,74.6986747,JEHANGIR CHOWK,34.07189,74.80491,LPV,Ordinary Service,125,121,121-125
R0318,Jehangir Chowk to Bemina,SRSR02022008,MERGED_INTO_TRUNK,FDR-176,Private Minibus,6.545,Urban,656.8,52.4,City_Core,13,6.5,13,6.5,0.8028,0.2853,1.25,0.544,False,MP,35,0,0,0,0,False,,0,52214,407,20,0.1435,OSRM,False,Year_Round,False,False,False,False,54.9,359.0,0.0,36.0,0.0,Red_NoCapacity,49.2,True,360.0,23338.0,0.015,True,341088.0,0.026,route_maps_kashmir/FDR-176.html,317,,JEHANGIR CHOWK,34.07189,74.80491,BEMINA,34.0763543,74.7681595,MPV,Ordinary Service,121,109,109-121
R0320,Batamallo to Panthachowk,SRSR02020427,MERGED_INTO_TRUNK,FDR-407,LPV / Tempo,17.436,Peri_Urban,1539.8,87.2,Peri_Urban,34,17.0,7,3.5,0.4931,0.1253,1.25,0.3092,False,LP,35,0,0,0,0,False,,0,92763,244,29,0.0931,OSRM+JhelumBridge,False,Year_Round,False,False,False,False,54.9,956.5,0.0,132.0,0.0,Red_NoCapacity,66.6,True,1316.0,62172.0,0.021,True,908665.0,0.076,route_maps_kashmir/FDR-407.html,319,,BATAMALLO,34.0692325,74.7917031,PANTHACHOWK,34.0285811,74.9057898,LPV,Ordinary Service,105,128,105-128
R0321,Rangpora to Lalchowk,SRSR01020823,MERGED_INTO_TRUNK,FDR-088,LPV / Tempo,13.983,Urban,853.2,111.7,City_Core,27,13.5,12,6.0,0.8643,0.6115,1.25,0.7379,False,HP,20,0,0,0,0,False,,0,118930,523,96,0.1119,OSRM,False,Year_Round,False,False,False,False,96.0,1342.4,0.0,143.0,0.0,Red_NoCapacity,71.4,True,1432.0,87254.0,0.016,True,1275250.0,0.046,route_maps_kashmir/FDR-088.html,320,,RANGPORA,34.1617332,74.8177405,LALCHOWK,34.0712565,74.8104927,LPV,Rural Service,100,124,100-124
R0322,Rangpora to Lalchowk,SRSR01020823,MERGED_INTO_TRUNK,FDR-088,Private Minibus,13.983,Urban,853.2,111.7,City_Core,27,13.5,12,6.0,0.8643,0.6115,1.25,0.7379,False,HP,20,0,0,0,0,False,,0,118930,523,96,0.1119,OSRM,False,Year_Round,False,False,False,False,96.0,1342.4,0.0,143.0,0.0,Red_NoCapacity,71.4,True,1432.0,87254.0,0.016,True,1275250.0,0.046,route_maps_kashmir/FDR-088.html,321,,RANGPORA,34.1617332,74.8177405,LALCHOWK,34.0712565,74.8104927,MPV,,100,124,100-124
R0323,Batamallo to Panthachowk,SRSR02020427,MERGED_INTO_TRUNK,FDR-407,Private Minibus,17.436,Peri_Urban,1539.8,87.2,Peri_Urban,34,17.0,7,3.5,0.4931,0.1253,1.25,0.3092,False,LP,35,0,0,0,0,False,,0,92763,244,29,0.0931,OSRM+JhelumBridge,False,Year_Round,False,False,False,False,54.9,956.5,0.0,132.0,0.0,Red_NoCapacity,66.6,True,1316.0,62172.0,0.021,True,908665.0,0.076,route_maps_kashmir/FDR-407.html,322,,BATAMALLO,34.0692325,74.7917031,PANTHACHOWK,34.0285811,74.9057898,MPV,Rural Service,105,128,105-128
R0324,Jehangir Chowk to Bemina,SRSR02022008,MERGED_INTO_TRUNK,FDR-176,LPV / Tempo,6.545,Urban,656.8,52.4,City_Core,13,6.5,13,6.5,0.8028,0.2853,1.25,0.544,False,MP,35,0,0,0,0,False,,0,52214,407,20,0.1435,OSRM,False,Year_Round,False,False,False,False,54.9,359.0,0.0,36.0,0.0,Red_NoCapacity,49.2,True,360.0,23338.0,0.015,True,341088.0,0.026,route_maps_kashmir/FDR-176.html,323,,JEHANGIR CHOWK,34.07189,74.80491,BEMINA,34.0763543,74.7681595,LPV,Ordinary Service,121,109,109-121
R0325,Parimpora to Panthachowk,SRSR02022927,MERGED_INTO_TRUNK,FDR-289,Private Minibus,21.307,Peri_Urban,1713.4,106.5,City_Core,42,21.0,5,2.5,0.6019,0.3276,1.25,0.4648,False,MP,35,0,0,0,0,False,,0,133241,546,73,0.2309,OSRM+JhelumBridge,False,Year_Round,False,False,False,False,54.9,1168.8,0.0,34.0,0.0,Red_NoCapacity,76.2,True,341.0,75975.0,0.004,True,1110399.0,0.049,route_maps_kashmir/FDR-289.html,324,,PARIMPORA,34.1112,74.7475,PANTHACHOWK,34.0285811,74.9057898,MPV,Ordinary Service,130,128,128-130
R0326,Parimpora to Pathachowk,SRSR02022927,MERGED_INTO_TRUNK,FDR-289,Private Minibus,21.307,Peri_Urban,1713.4,106.5,City_Core,42,21.0,5,2.5,0.6019,0.3276,1.25,0.4648,False,MP,35,0,0,0,0,False,,0,133241,546,73,0.2309,OSRM+JhelumBridge,False,Year_Round,False,False,False,False,54.9,1168.8,0.0,34.0,0.0,Red_NoCapacity,76.2,True,341.0,75975.0,0.004,True,1110399.0,0.049,route_maps_kashmir/FDR-289.html,325,,PARIMPORA,34.1112,74.7475,PATHACHOWK,34.0285811,74.9057898,MPV,Ordinary Service,130,128,128-130
R0327,LD to Pampore,SRPW02022202,MERGED_INTO_TRUNK,FDR-341,Private Minibus,15.854,Peri_Urban,1392.5,79.3,City_Core,31,15.5,6,3.0,0.5585,0.2798,1.25,0.4192,True,MP,35,0,0,0,0,False,,0,93243,319,50,0.1491,OSRM+JhelumBridge,False,Year_Round,False,False,False,False,54.9,869.7,0.0,63.0,0.0,Red_NoCapacity,62.6,True,632.0,56531.0,0.011,False,826220.0,0.088,route_maps_kashmir/FDR-341.html,326,,LD,34.0822,74.8059,PAMPORE,34.01092,74.91303,MPV,Ordinary Service,123,71,71-123
R0328,Parimpora to Pampore,SRPW02022902,MERGED_INTO_TRUNK,FDR-320,LPV / Tempo,23.817,Peri_Urban,1805.8,119.1,City_Core,47,23.5,4,2.0,0.5978,0.3169,1.25,0.4574,False,MP,35,0,0,0,0,False,,0,148103,546,82,0.2122,OSRM+JhelumBridge,False,Year_Round,False,False,False,False,54.9,1306.5,0.0,41.0,0.0,Red_NoCapacity,82.6,True,412.0,84925.0,0.005,True,1241206.0,0.054,route_maps_kashmir/FDR-320.html,327,,PARIMPORA,34.1112,74.7475,PAMPORE,34.01092,74.91303,LPV,Ordinary Service,130,71,71-130
R0330,Parimpora to Pampore,SRPW02022902,MERGED_INTO_TRUNK,FDR-320,Private Minibus,23.817,Peri_Urban,1805.8,119.1,City_Core,47,23.5,4,2.0,0.5978,0.3169,1.25,0.4574,False,MP,35,0,0,0,0,False,,0,148103,546,82,0.2122,OSRM+JhelumBridge,False,Year_Round,False,False,False,False,54.9,1306.5,0.0,41.0,0.0,Red_NoCapacity,82.6,True,412.0,84925.0,0.005,True,1241206.0,0.054,route_maps_kashmir/FDR-320.html,329,,PARIMPORA,34.1112,74.7475,PAMPORE,34.01092,74.91303,MPV,,130,71,71-130
R0331,LD to Pampore,SRPW02022202,MERGED_INTO_TRUNK,FDR-341,Private Minibus,15.854,Peri_Urban,1392.5,79.3,City_Core,31,15.5,6,3.0,0.5585,0.2798,1.25,0.4192,True,MP,35,0,0,0,0,False,,0,93243,319,50,0.1491,OSRM+JhelumBridge,False,Year_Round,False,False,False,False,54.9,869.7,0.0,63.0,0.0,Red_NoCapacity,62.6,True,632.0,56531.0,0.011,False,826220.0,0.088,route_maps_kashmir/FDR-341.html,330,,LD,34.0822,74.8059,PAMPORE,34.01092,74.91303,MPV,Ordinary Service,123,71,71-123
R0332,Batamallo to Panthachowk,SRSR02020427,MERGED_INTO_TRUNK,FDR-407,LPV / Tempo,17.436,Peri_Urban,1539.8,87.2,Peri_Urban,34,17.0,7,3.5,0.4931,0.1253,1.25,0.3092,False,LP,35,0,0,0,0,False,,0,92763,244,29,0.0931,OSRM+JhelumBridge,False,Year_Round,False,False,False,False,54.9,956.5,0.0,132.0,0.0,Red_NoCapacity,66.6,True,1316.0,62172.0,0.021,True,908665.0,0.076,route_maps_kashmir/FDR-407.html,331,,BATAMALLO,34.0692325,74.7917031,PANTHACHOWK,34.0285811,74.9057898,LPV,Ordinary Service,105,128,105-128
R0333,Soura to Jehangir Chowk,SRSR01020920,MERGED_INTO_TRUNK,FDR-122,Private Minibus,9.676,Urban,786.9,77.4,City_Core,19,9.5,10,5.0,0.9581,0.6758,1.25,0.8169,True,HP,20,0,0,0,0,False,,0,90081,439,86,0.1034,OSRM,False,Year_Round,False,False,False,False,96.0,928.9,0.0,140.0,0.0,Red_NoCapacity,54.2,True,1399.0,60378.0,0.023,False,882451.0,0.062,route_maps_kashmir/FDR-122.html,332,,SOURA,34.1378333,74.8021097,JEHANGIR CHOWK,34.07189,74.80491,MPV,Ordinary Service,101,121,101-121
R0334,Parimpora to Pampore,SRPW02022902,MERGED_INTO_TRUNK,FDR-320,Private Minibus,23.817,Peri_Urban,1805.8,119.1,City_Core,47,23.5,4,2.0,0.5978,0.3169,1.25,0.4574,False,MP,35,0,0,0,0,False,,0,148103,546,82,0.2122,OSRM+JhelumBridge,False,Year_Round,False,False,False,False,54.9,1306.5,0.0,41.0,0.0,Red_NoCapacity,82.6,True,412.0,84925.0,0.005,True,1241206.0,0.054,route_maps_kashmir/FDR-320.html,333,,PARIMPORA,34.1112,74.7475,PAMPORE,34.01092,74.91303,MPV,Ordinary Service,130,71,71-130
R0337,Malbagh to LD,SRSR01020622,MERGED_INTO_TRUNK,FDR-101,LPV / Tempo,11.428,Urban,1281.3,91.4,City_Core,22,11.0,17,8.5,0.9192,0.4621,1.25,0.6906,True,HP,20,0,0,0,0,False,,0,102579,243,71,0.0816,OSRM+JhelumBridge,False,Year_Round,False,False,False,False,96.0,1097.1,0.0,365.0,0.0,Red_NoCapacity,61.2,True,3646.0,71311.0,0.051,False,1042234.0,0.127,route_maps_kashmir/FDR-101.html,336,,MALBAGH,34.1443369,74.8259441,LD,34.0822,74.8059,LPV,Express Service,98,123,98-123
R0338,LD to Pampore,SRPW02022202,MERGED_INTO_TRUNK,FDR-341,Private Minibus,15.854,Peri_Urban,1392.5,79.3,City_Core,31,15.5,6,3.0,0.5585,0.2798,1.25,0.4192,True,MP,35,0,0,0,0,False,,0,93243,319,50,0.1491,OSRM+JhelumBridge,False,Year_Round,False,False,False,False,54.9,869.7,0.0,63.0,0.0,Red_NoCapacity,62.6,True,632.0,56531.0,0.011,False,826220.0,0.088,route_maps_kashmir/FDR-341.html,337,,LD,34.0822,74.8059,PAMPORE,34.01092,74.91303,MPV,Ordinary Service,123,71,71-123
R0339,Hazratbal to LD,SRSR01020422,MERGED_INTO_TRUNK,FDR-147,Private Minibus,8.251,Urban,1283.5,66.0,City_Core,16,8.0,10,5.0,0.6633,0.3468,1.25,0.505,True,MP,35,0,0,0,0,False,,0,55948,208,34,0.0832,OSRM+JhelumBridge,False,Year_Round,False,False,False,False,54.9,452.6,0.0,130.0,0.0,Red_NoCapacity,56.0,True,1302.0,29421.0,0.044,False,429995.0,0.081,route_maps_kashmir/FDR-147.html,338,,HAZRATBAL,34.1272157,74.8356734,LD,34.0822,74.8059,MPV,Ordinary Service,96,123,96-123
R0340,Jehangir Chowk to Bemina,SRSR02022008,MERGED_INTO_TRUNK,FDR-176,Private Minibus,6.545,Urban,656.8,52.4,City_Core,13,6.5,13,6.5,0.8028,0.2853,1.25,0.544,False,MP,35,0,0,0,0,False,,0,52214,407,20,0.1435,OSRM,False,Year_Round,False,False,False,False,54.9,359.0,0.0,36.0,0.0,Red_NoCapacity,49.2,True,360.0,23338.0,0.015,True,341088.0,0.026,route_maps_kashmir/FDR-176.html,339,,JEHANGIR CHOWK,34.07189,74.80491,BEMINA,34.0763543,74.7681595,MPV,Ordinary Service,121,109,109-121
R0342,LD to Pampore,SRPW02022202,MERGED_INTO_TRUNK,FDR-341,Private Minibus,15.854,Peri_Urban,1392.5,79.3,City_Core,31,15.5,6,3.0,0.5585,0.2798,1.25,0.4192,True,MP,35,0,0,0,0,False,,0,93243,319,50,0.1491,OSRM+JhelumBridge,False,Year_Round,False,False,False,False,54.9,869.7,0.0,63.0,0.0,Red_NoCapacity,62.6,True,632.0,56531.0,0.011,False,826220.0,0.088,route_maps_kashmir/FDR-341.html,341,,LD,34.0822,74.8059,PAMPORE,34.01092,74.91303,MPV,Ordinary Service,123,71,71-123
R0344,Rangpora to Lalchowk,SRSR01020823,MERGED_INTO_TRUNK,FDR-088,LPV / Tempo,13.983,Urban,853.2,111.7,City_Core,27,13.5,12,6.0,0.8643,0.6115,1.25,0.7379,False,HP,20,0,0,0,0,False,,0,118930,523,96,0.1119,OSRM,False,Year_Round,False,False,False,False,96.0,1342.4,0.0,143.0,0.0,Red_NoCapacity,71.4,True,1432.0,87254.0,0.016,True,1275250.0,0.046,route_maps_kashmir/FDR-088.html,343,,RANGPORA,34.1617332,74.8177405,LALCHOWK,34.0712565,74.8104927,LPV,,100,124,100-124
R0345,LD to Pampore,SRPW02022202,MERGED_INTO_TRUNK,FDR-341,Private Minibus,15.854,Peri_Urban,1392.5,79.3,City_Core,31,15.5,6,3.0,0.5585,0.2798,1.25,0.4192,True,MP,35,0,0,0,0,False,,0,93243,319,50,0.1491,OSRM+JhelumBridge,False,Year_Round,False,False,False,False,54.9,869.7,0.0,63.0,0.0,Red_NoCapacity,62.6,True,632.0,56531.0,0.011,False,826220.0,0.088,route_maps_kashmir/FDR-341.html,344,,LD,34.0822,74.8059,PAMPORE,34.01092,74.91303,MPV,Ordinary Service,123,71,71-123
R0346,Rangpora to Lalchowk,SRSR01020823,MERGED_INTO_TRUNK,FDR-088,LPV / Tempo,13.983,Urban,853.2,111.7,City_Core,27,13.5,12,6.0,0.8643,0.6115,1.25,0.7379,False,HP,20,0,0,0,0,False,,0,118930,523,96,0.1119,OSRM,False,Year_Round,False,False,False,False,96.0,1342.4,0.0,143.0,0.0,Red_NoCapacity,71.4,True,1432.0,87254.0,0.016,True,1275250.0,0.046,route_maps_kashmir/FDR-088.html,345,,RANGPORA,34.1617332,74.8177405,LALCHOWK,34.0712565,74.8104927,LPV,Ordinary Service,100,124,100-124
R0347,Soura to Jehangir Chowk,SRSR01020920,MERGED_INTO_TRUNK,FDR-122,Private Minibus,15.353,Peri_Urban,1270.2,76.8,City_Core,30,15.0,25,12.5,0.651,0.2783,1.25,0.4646,False,MP,35,0,0,0,0,False,,0,102477,428,57,0.1343,OSRM,False,Year_Round,False,False,False,False,54.9,842.2,0.0,57.0,0.0,Red_NoCapacity,61.4,True,574.0,54744.0,0.01,True,800111.0,0.048,route_maps_kashmir/FDR-122.html,346,,SOURA,34.1378333,74.8021097,JEHANGIR CHOWK,34.07189,74.80491,MPV,Ordinary Service,101,121,101-121
R0348,LD to Pampore,SRPW02022202,MERGED_INTO_TRUNK,FDR-341,Private Minibus,15.854,Peri_Urban,1392.5,79.3,City_Core,31,15.5,6,3.0,0.5585,0.2798,1.25,0.4192,True,MP,35,0,0,0,0,False,,0,93243,319,50,0.1491,OSRM+JhelumBridge,False,Year_Round,False,False,False,False,54.9,869.7,0.0,63.0,0.0,Red_NoCapacity,62.6,True,632.0,56531.0,0.011,False,826220.0,0.088,route_maps_kashmir/FDR-341.html,347,,LD,34.0822,74.8059,PAMPORE,34.01092,74.91303,MPV,Ordinary Service,123,71,71-123
R0349,Hazratbal to LD,SRSR01020422,MERGED_INTO_TRUNK,FDR-147,Private Minibus,8.251,Urban,1283.5,66.0,City_Core,16,8.0,10,5.0,0.6633,0.3468,1.25,0.505,True,MP,35,0,0,0,0,False,,0,55948,208,34,0.0832,OSRM+JhelumBridge,False,Year_Round,False,False,False,False,54.9,452.6,0.0,130.0,0.0,Red_NoCapacity,56.0,True,1302.0,29421.0,0.044,False,429995.0,0.081,route_maps_kashmir/FDR-147.html,348,,HAZRATBAL,34.1272157,74.8356734,LD,34.0822,74.8059,MPV,Ordinary Service,96,123,96-123
R0350,Lalbazar to LD,SRSR01020522,MERGED_INTO_TRUNK,FDR-068,Private Minibus,9.308,Urban,1072.3,74.5,City_Core,18,9.0,7,3.5,1.0,0.5653,1.25,0.7827,True,HP,20,0,0,0,0,False,,0,90006,260,62,0.1081,OSRM+JhelumBridge,False,Year_Round,False,False,False,False,96.0,893.6,0.0,226.0,0.0,Red_NoCapacity,52.8,True,2257.0,58082.0,0.039,False,848890.0,0.104,route_maps_kashmir/FDR-068.html,349,,LALBAZAR,34.1255664,74.817375,LD,34.0822,74.8059,MPV,Ordinary Service,97,123,97-123
R0351,Jehangir Chowk to Panzinara,SRSR02022028,MERGED_INTO_TRUNK,FDR-401,Private Minibus,16.494,Peri_Urban,978.7,82.5,City_Core,32,16.0,12,6.0,0.4786,0.1668,1.25,0.3227,False,MP,35,0,0,0,0,False,,0,85701,406,30,0.1677,OSRM,False,Year_Round,False,False,False,False,54.9,904.8,0.0,41.0,0.0,Red_NoCapacity,64.2,True,406.0,58813.0,0.007,True,859573.0,0.042,route_maps_kashmir/FDR-401.html,350,,JEHANGIR CHOWK,34.07189,74.80491,PANZINARA,34.1507951,74.7002461,MPV,Ordinary Service,121,129,121-129
R0352,Lalbazar to LD,SRSR01020522,MERGED_INTO_TRUNK,FDR-068,Private Minibus,9.308,Urban,1072.3,74.5,City_Core,18,9.0,7,3.5,1.0,0.5653,1.25,0.7827,True,HP,20,0,0,0,0,False,,0,90006,260,62,0.1081,OSRM+JhelumBridge,False,Year_Round,False,False,False,False,96.0,893.6,0.0,226.0,0.0,Red_NoCapacity,52.8,True,2257.0,58082.0,0.039,False,848890.0,0.104,route_maps_kashmir/FDR-068.html,351,,LALBAZAR,34.1255664,74.817375,LD,34.0822,74.8059,MPV,Ordinary Service,97,123,97-123
R0353,LD to Pampore,SRPW02022202,MERGED_INTO_TRUNK,FDR-341,Private Minibus,15.854,Peri_Urban,1392.5,79.3,City_Core,31,15.5,6,3.0,0.5585,0.2798,1.25,0.4192,True,MP,35,0,0,0,0,False,,0,93243,319,50,0.1491,OSRM+JhelumBridge,False,Year_Round,False,False,False,False,54.9,869.7,0.0,63.0,0.0,Red_NoCapacity,62.6,True,632.0,56531.0,0.011,False,826220.0,0.088,route_maps_kashmir/FDR-341.html,352,,LD,34.0822,74.8059,PAMPORE,34.01092,74.91303,MPV,Ordinary Service,123,71,71-123
R0354,Parimpora to Panthachowk,SRSR02022927,MERGED_INTO_TRUNK,FDR-289,Private Minibus,21.307,Peri_Urban,1713.4,106.5,City_Core,42,21.0,5,2.5,0.6019,0.3276,1.25,0.4648,False,MP,35,0,0,0,0,False,,0,133241,546,73,0.2309,OSRM+JhelumBridge,False,Year_Round,False,False,False,False,54.9,1168.8,0.0,34.0,0.0,Red_NoCapacity,76.2,True,341.0,75975.0,0.004,True,1110399.0,0.049,route_maps_kashmir/FDR-289.html,353,,PARIMPORA,34.1112,74.7475,PANTHACHOWK,34.0285811,74.9057898,MPV,Ordinary Service,130,128,128-130
R0355,Hazratbal to LD,SRSR01020422,MERGED_INTO_TRUNK,FDR-147,Private Minibus,8.251,Urban,1283.5,66.0,City_Core,16,8.0,10,5.0,0.6633,0.3468,1.25,0.505,True,MP,35,0,0,0,0,False,,0,55948,208,34,0.0832,OSRM+JhelumBridge,False,Year_Round,False,False,False,False,54.9,452.6,0.0,130.0,0.0,Red_NoCapacity,56.0,True,1302.0,29421.0,0.044,False,429995.0,0.081,route_maps_kashmir/FDR-147.html,354,,HAZRATBAL,34.1272157,74.8356734,LD,34.0822,74.8059,MPV,Ordinary Service,96,123,96-123
R0356,Hazratbal to LD,SRSR01020422,MERGED_INTO_TRUNK,FDR-147,Private Minibus,8.251,Urban,1283.5,66.0,City_Core,16,8.0,10,5.0,0.6633,0.3468,1.25,0.505,True,MP,35,0,0,0,0,False,,0,55948,208,34,0.0832,OSRM+JhelumBridge,False,Year_Round,False,False,False,False,54.9,452.6,0.0,130.0,0.0,Red_NoCapacity,56.0,True,1302.0,29421.0,0.044,False,429995.0,0.081,route_maps_kashmir/FDR-147.html,355,,HAZRATBAL,34.1272157,74.8356734,LD,34.0822,74.8059,MPV,Ordinary Service,96,123,96-123
R0357,Parimpora to Pathachowk,SRSR02022927,MERGED_INTO_TRUNK,FDR-289,Private Minibus,21.307,Peri_Urban,1713.4,106.5,City_Core,42,21.0,5,2.5,0.6019,0.3276,1.25,0.4648,False,MP,35,0,0,0,0,False,,0,133241,546,73,0.2309,OSRM+JhelumBridge,False,Year_Round,False,False,False,False,54.9,1168.8,0.0,34.0,0.0,Red_NoCapacity,76.2,True,341.0,75975.0,0.004,True,1110399.0,0.049,route_maps_kashmir/FDR-289.html,356,,PARIMPORA,34.1112,74.7475,PATHACHOWK,34.0285811,74.9057898,MPV,Ordinary Service,130,128,128-130
R0358,Hazratbal to LD,SRSR01020422,MERGED_INTO_TRUNK,FDR-147,Private Minibus,8.251,Urban,1283.5,66.0,City_Core,16,8.0,10,5.0,0.6633,0.3468,1.25,0.505,True,MP,35,0,0,0,0,False,,0,55948,208,34,0.0832,OSRM+JhelumBridge,False,Year_Round,False,False,False,False,54.9,452.6,0.0,130.0,0.0,Red_NoCapacity,56.0,True,1302.0,29421.0,0.044,False,429995.0,0.081,route_maps_kashmir/FDR-147.html,357,,HAZRATBAL,34.1272157,74.8356734,LD,34.0822,74.8059,MPV,Ordinary Service,96,123,96-123
R0360,Hazratbal to LD,SRSR01020422,MERGED_INTO_TRUNK,FDR-147,Private Minibus,8.251,Urban,1283.5,66.0,City_Core,16,8.0,10,5.0,0.6633,0.3468,1.25,0.505,True,MP,35,0,0,0,0,False,,0,55948,208,34,0.0832,OSRM+JhelumBridge,False,Year_Round,False,False,False,False,54.9,452.6,0.0,130.0,0.0,Red_NoCapacity,56.0,True,1302.0,29421.0,0.044,False,429995.0,0.081,route_maps_kashmir/FDR-147.html,359,,HAZRATBAL,34.1272157,74.8356734,LD,34.0822,74.8059,MPV,Ordinary Service,96,123,96-123
R0361,LD to Pampore,SRPW02022202,MERGED_INTO_TRUNK,FDR-341,LPV / Tempo,15.854,Peri_Urban,1392.5,79.3,City_Core,31,15.5,6,3.0,0.5585,0.2798,1.25,0.4192,True,MP,35,0,0,0,0,False,,0,93243,319,50,0.1491,OSRM+JhelumBridge,False,Year_Round,False,False,False,False,54.9,869.7,0.0,63.0,0.0,Red_NoCapacity,62.6,True,632.0,56531.0,0.011,False,826220.0,0.088,route_maps_kashmir/FDR-341.html,360,,LD,34.0822,74.8059,PAMPORE,34.01092,74.91303,LPV,Ordinary Service,123,71,71-123
R0363,Soura to Jehangir Chowk,SRSR01020920,MERGED_INTO_TRUNK,FDR-122,Private Minibus,9.17,Urban,764.2,73.4,City_Core,18,9.0,9,4.5,0.7714,0.5403,1.25,0.6558,True,HP,20,0,0,0,0,False,,0,70680,427,66,0.0517,OSRM,False,Year_Round,False,False,False,False,96.0,880.3,0.0,226.0,0.0,Red_NoCapacity,52.2,True,2256.0,57221.0,0.039,False,836304.0,0.05,route_maps_kashmir/FDR-122.html,362,,SOURA,34.1378333,74.8021097,JEHANGIR CHOWK,34.07189,74.80491,MPV,Ordinary Service,101,121,101-121
R0364,Soura to Jehangir Chowk,SRSR01020920,MERGED_INTO_TRUNK,FDR-122,Private Minibus,9.17,Urban,764.2,73.4,City_Core,18,9.0,9,4.5,0.7714,0.5403,1.25,0.6558,True,HP,20,0,0,0,0,False,,0,70680,427,66,0.0517,OSRM,False,Year_Round,False,False,False,False,96.0,880.3,0.0,226.0,0.0,Red_NoCapacity,52.2,True,2256.0,57221.0,0.039,False,836304.0,0.05,route_maps_kashmir/FDR-122.html,363,,SOURA,34.1378333,74.8021097,JEHANGIR CHOWK,34.07189,74.80491,MPV,,101,121,101-121
R0365,Saidakadal to Parimpora,SRSR02023829,MERGED_INTO_TRUNK,FDR-106,Private Minibus,14.556,Urban,1441.1,116.4,City_Core,29,14.5,11,5.5,0.8063,0.4456,1.25,0.626,False,HP,20,0,0,0,0,False,,0,116554,561,63,0.2237,OSRM+JhelumBridge,False,Year_Round,False,False,False,False,96.0,1397.4,0.0,65.0,0.0,Red_NoCapacity,73.7,True,655.0,90829.0,0.007,True,1327507.0,0.042,route_maps_kashmir/FDR-106.html,364,,SAIDAKADAL,34.103318,74.8272458,PARIMPORA,34.1112,74.7475,MPV,Ordinary Service,139,130,130-139
R0368,Lalbazar to Lalchowk,SRSR01020523,MERGED_INTO_TRUNK,FDR-081,Private Minibus,8.433,Urban,617.5,67.5,City_Core,16,8.0,11,5.5,1.0,0.5289,1.25,0.7645,True,HP,20,0,0,0,0,False,,0,83040,489,56,0.1248,OSRM,False,Year_Round,False,False,False,False,96.0,809.6,0.0,96.0,0.0,Red_NoCapacity,49.2,True,959.0,52622.0,0.018,False,769090.0,0.051,route_maps_kashmir/FDR-081.html,367,,LALBAZAR,34.1255664,74.817375,LALCHOWK,34.0712565,74.8104927,MPV,Ordinary Service,97,124,97-124
R0369,Hazratbal to LD,SRSR01020422,MERGED_INTO_TRUNK,FDR-147,Private Minibus,8.251,Urban,1283.5,66.0,City_Core,16,8.0,10,5.0,0.6633,0.3468,1.25,0.505,True,MP,35,0,0,0,0,False,,0,55948,208,34,0.0832,OSRM+JhelumBridge,False,Year_Round,False,False,False,False,54.9,452.6,0.0,130.0,0.0,Red_NoCapacity,56.0,True,1302.0,29421.0,0.044,False,429995.0,0.081,route_maps_kashmir/FDR-147.html,368,,HAZRATBAL,34.1272157,74.8356734,LD,34.0822,74.8059,MPV,Ordinary Service,96,123,96-123
R0370,Parimpora to Panthachowk,SRSR02022927,MERGED_INTO_TRUNK,FDR-289,LPV / Tempo,21.307,Peri_Urban,1713.4,106.5,City_Core,42,21.0,5,2.5,0.6019,0.3276,1.25,0.4648,False,MP,35,0,0,0,0,False,,0,133241,546,73,0.2309,OSRM+JhelumBridge,False,Year_Round,False,False,False,False,54.9,1168.8,0.0,34.0,0.0,Red_NoCapacity,76.2,True,341.0,75975.0,0.004,True,1110399.0,0.049,route_maps_kashmir/FDR-289.html,369,,PARIMPORA,34.1112,74.7475,PANTHACHOWK,34.0285811,74.9057898,LPV,Ordinary Service,130,128,128-130
R0371,LD to Pampore,SRPW02022202,MERGED_INTO_TRUNK,FDR-341,Private Minibus,15.854,Peri_Urban,1392.5,79.3,City_Core,31,15.5,6,3.0,0.5585,0.2798,1.25,0.4192,True,MP,35,0,0,0,0,False,,0,93243,319,50,0.1491,OSRM+JhelumBridge,False,Year_Round,False,False,False,False,54.9,869.7,0.0,63.0,0.0,Red_NoCapacity,62.6,True,632.0,56531.0,0.011,False,826220.0,0.088,route_maps_kashmir/FDR-341.html,370,,LD,34.0822,74.8059,PAMPORE,34.01092,74.91303,MPV,Ordinary Service,123,71,71-123
R0372,Soura to Jehangir Chowk,SRSR01020920,MERGED_INTO_TRUNK,FDR-122,Private Minibus,9.17,Urban,764.2,73.4,City_Core,18,9.0,9,4.5,0.7714,0.5403,1.25,0.6558,True,HP,20,0,0,0,0,False,,0,70680,427,66,0.0517,OSRM,False,Year_Round,False,False,False,False,96.0,880.3,0.0,226.0,0.0,Red_NoCapacity,52.2,True,2256.0,57221.0,0.039,False,836304.0,0.05,route_maps_kashmir/FDR-122.html,371,,SOURA,34.1378333,74.8021097,JEHANGIR CHOWK,34.07189,74.80491,MPV,,101,121,101-121
R0375,LD to Pampore,SRPW02022202,MERGED_INTO_TRUNK,FDR-341,Private Minibus,15.854,Peri_Urban,1392.5,79.3,City_Core,31,15.5,6,3.0,0.5585,0.2798,1.25,0.4192,True,MP,35,0,0,0,0,False,,0,93243,319,50,0.1491,OSRM+JhelumBridge,False,Year_Round,False,False,False,False,54.9,869.7,0.0,63.0,0.0,Red_NoCapacity,62.6,True,632.0,56531.0,0.011,False,826220.0,0.088,route_maps_kashmir/FDR-341.html,374,,LD,34.0822,74.8059,PAMPORE,34.01092,74.91303,MPV,Ordinary Service,123,71,71-123
R0377,LD to Parimpora,SRSR02022229,MERGED_INTO_TRUNK,FDR-201,Private Minibus,10.44,Urban,669.5,83.5,City_Core,20,10.0,8,4.0,0.7554,0.2782,1.25,0.5168,True,MP,35,0,0,0,0,False,,0,79042,505,32,0.2627,OSRM,False,Year_Round,False,False,False,False,54.9,572.7,0.0,24.0,0.0,Red_NoCapacity,64.8,True,240.0,37226.0,0.006,False,544073.0,0.047,route_maps_kashmir/FDR-201.html,376,,LD,34.0822,74.8059,PARIMPORA,34.1112,74.7475,MPV,Ordinary Service,123,130,123-130
R0378,Soura to LD,SRSR01020922,MERGED_INTO_TRUNK,FDR-059,Private Minibus,10.817,Urban,798.2,86.5,City_Core,21,10.5,11,5.5,0.7984,0.4545,1.25,0.6264,True,HP,20,0,0,0,0,False,,0,85889,243,69,0.1007,OSRM,False,Year_Round,False,False,False,False,96.0,1038.4,0.0,247.0,0.0,Red_NoCapacity,58.8,True,2474.0,67498.0,0.037,False,986510.0,0.106,route_maps_kashmir/FDR-059.html,377,,SOURA,34.1378333,74.8021097,LD,34.0822,74.8059,MPV,Ordinary Service,101,123,101-123
R0379,LD to Pampore,SRPW02022202,MERGED_INTO_TRUNK,FDR-341,Private Minibus,15.854,Peri_Urban,1392.5,79.3,City_Core,31,15.5,6,3.0,0.5585,0.2798,1.25,0.4192,True,MP,35,0,0,0,0,False,,0,93243,319,50,0.1491,OSRM+JhelumBridge,False,Year_Round,False,False,False,False,54.9,869.7,0.0,63.0,0.0,Red_NoCapacity,62.6,True,632.0,56531.0,0.011,False,826220.0,0.088,route_maps_kashmir/FDR-341.html,378,,LD,34.0822,74.8059,PAMPORE,34.01092,74.91303,MPV,Ordinary Service,123,71,71-123
R0380,Soura to Hazratbal,SRSR01010904,MERGED_INTO_TRUNK,TRK-031,Private Minibus,8.337,Urban,1248.4,66.7,City_Core,16,8.0,6,3.0,0.7069,0.4192,1.25,0.5631,False,MP,35,0,0,0,0,False,,0,59647,163,41,0.0333,OSRM+JhelumBridge,False,Year_Round,False,False,False,False,54.9,457.3,0.0,443.0,0.0,Red_NoCapacity,56.4,True,4426.0,29727.0,0.149,True,434477.0,0.073,route_maps_kashmir/TRK-031.html,379,,SOURA,34.1378333,74.8021097,HAZRATBAL,34.1272157,74.8356734,MPV,Ordinary Service,101,96,96-101
R0381,Soura to Hazratbal,SRSR01010904,MERGED_INTO_TRUNK,TRK-031,Private Minibus,8.337,Urban,1248.4,66.7,City_Core,16,8.0,6,3.0,0.7069,0.4192,1.25,0.5631,False,MP,35,0,0,0,0,False,,0,59647,163,41,0.0333,OSRM+JhelumBridge,False,Year_Round,False,False,False,False,54.9,457.3,0.0,443.0,0.0,Red_NoCapacity,56.4,True,4426.0,29727.0,0.149,True,434477.0,0.073,route_maps_kashmir/TRK-031.html,380,,SOURA,34.1378333,74.8021097,HAZRATBAL,34.1272157,74.8356734,MPV,Ordinary Service,101,96,96-101
R0384,Qamarwari to Parimpora,SRSR02023029,MERGED_INTO_TRUNK,FDR-406,Private Minibus,20.044,Peri_Urban,1296.0,100.2,City_Core,40,20.0,17,8.5,0.4276,0.2704,1.25,0.349,False,MP,35,0,0,0,0,False,,0,95364,521,51,0.2377,OSRM,False,Year_Round,False,False,False,False,54.9,1099.6,0.0,25.0,0.0,Red_NoCapacity,73.1,True,248.0,71471.0,0.003,True,1044579.0,0.037,route_maps_kashmir/FDR-406.html,383,,QAMARWARI,34.0948927,74.766525,PARIMPORA,34.1112,74.7475,MPV,Ordinary Service,131,130,130-131
R0385,Qamarwari to Parimpora,SRSR02023029,MERGED_INTO_TRUNK,FDR-406,Private Minibus,20.044,Peri_Urban,1296.0,100.2,City_Core,40,20.0,17,8.5,0.4276,0.2704,1.25,0.349,False,MP,35,0,0,0,0,False,,0,95364,521,51,0.2377,OSRM,False,Year_Round,False,False,False,False,54.9,1099.6,0.0,25.0,0.0,Red_NoCapacity,73.1,True,248.0,71471.0,0.003,True,1044579.0,0.037,route_maps_kashmir/FDR-406.html,384,,QAMARWARI,34.0948927,74.766525,PARIMPORA,34.1112,74.7475,MPV,Ordinary Service,131,130,130-131
R0386,Soura to LD,SRSR01020922,MERGED_INTO_TRUNK,FDR-059,Private Minibus,11.052,Urban,725.1,88.4,City_Core,22,11.0,8,4.0,0.9657,0.6207,1.25,0.7932,True,HP,20,0,0,0,0,False,,0,103616,563,85,0.1529,OSRM,False,Year_Round,False,False,False,False,96.0,1061.0,0.0,85.0,0.0,Red_NoCapacity,59.7,True,848.0,68964.0,0.012,False,1007942.0,0.055,route_maps_kashmir/FDR-059.html,385,,SOURA,34.1378333,74.8021097,LD,34.0822,74.8059,MPV,Ordinary Service,101,123,101-123
R0387,Hazratbal to LD,SRSR01020422,MERGED_INTO_TRUNK,FDR-147,Private Minibus,8.251,Urban,1283.5,66.0,City_Core,16,8.0,10,5.0,0.6633,0.3468,1.25,0.505,True,MP,35,0,0,0,0,False,,0,55948,208,34,0.0832,OSRM+JhelumBridge,False,Year_Round,False,False,False,False,54.9,452.6,0.0,130.0,0.0,Red_NoCapacity,56.0,True,1302.0,29421.0,0.044,False,429995.0,0.081,route_maps_kashmir/FDR-147.html,386,,HAZRATBAL,34.1272157,74.8356734,LD,34.0822,74.8059,MPV,Ordinary Service,96,123,96-123
R0388,Qamarwari to Parimpora,SRSR02023029,MERGED_INTO_TRUNK,FDR-406,LPV / Tempo,20.044,Peri_Urban,1296.0,100.2,City_Core,40,20.0,17,8.5,0.4276,0.2704,1.25,0.349,False,MP,35,0,0,0,0,False,,0,95364,521,51,0.2377,OSRM,False,Year_Round,False,False,False,False,54.9,1099.6,0.0,25.0,0.0,Red_NoCapacity,73.1,True,248.0,71471.0,0.003,True,1044579.0,0.037,route_maps_kashmir/FDR-406.html,387,,QAMARWARI,34.0948927,74.766525,PARIMPORA,34.1112,74.7475,LPV,Ordinary Service,131,130,130-131
R0389,LD to Pampore,SRPW02022202,MERGED_INTO_TRUNK,FDR-341,Private Minibus,15.854,Peri_Urban,1392.5,79.3,City_Core,31,15.5,6,3.0,0.5585,0.2798,1.25,0.4192,True,MP,35,0,0,0,0,False,,0,93243,319,50,0.1491,OSRM+JhelumBridge,False,Year_Round,False,False,False,False,54.9,869.7,0.0,63.0,0.0,Red_NoCapacity,62.6,True,632.0,56531.0,0.011,False,826220.0,0.088,route_maps_kashmir/FDR-341.html,388,,LD,34.0822,74.8059,PAMPORE,34.01092,74.91303,MPV,Ordinary Service,123,71,71-123
R0390,Qamarwari to Parimpora,SRSR02023029,MERGED_INTO_TRUNK,FDR-406,Private Minibus,20.044,Peri_Urban,1296.0,100.2,City_Core,40,20.0,17,8.5,0.4276,0.2704,1.25,0.349,False,MP,35,0,0,0,0,False,,0,95364,521,51,0.2377,OSRM,False,Year_Round,False,False,False,False,54.9,1099.6,0.0,25.0,0.0,Red_NoCapacity,73.1,True,248.0,71471.0,0.003,True,1044579.0,0.037,route_maps_kashmir/FDR-406.html,389,,QAMARWARI,34.0948927,74.766525,PARIMPORA,34.1112,74.7475,MPV,Ordinary Service,131,130,130-131
R0391,Soura to LD,SRSR01020922,MERGED_INTO_TRUNK,FDR-059,Private Minibus,10.817,Urban,798.2,86.5,City_Core,21,10.5,11,5.5,0.7984,0.4545,1.25,0.6264,True,HP,20,0,0,0,0,False,,0,85889,243,69,0.1007,OSRM,False,Year_Round,False,False,False,False,96.0,1038.4,0.0,247.0,0.0,Red_NoCapacity,58.8,True,2474.0,67498.0,0.037,False,986510.0,0.106,route_maps_kashmir/FDR-059.html,390,,SOURA,34.1378333,74.8021097,LD,34.0822,74.8059,MPV,Ordinary Service,101,123,101-123
R0392,Soura to Hazratbal,SRSR01010904,MERGED_INTO_TRUNK,TRK-031,Private Minibus,8.337,Urban,1248.4,66.7,City_Core,16,8.0,6,3.0,0.7069,0.4192,1.25,0.5631,False,MP,35,0,0,0,0,False,,0,59647,163,41,0.0333,OSRM+JhelumBridge,False,Year_Round,False,False,False,False,54.9,457.3,0.0,443.0,0.0,Red_NoCapacity,56.4,True,4426.0,29727.0,0.149,True,434477.0,0.073,route_maps_kashmir/TRK-031.html,391,,SOURA,34.1378333,74.8021097,HAZRATBAL,34.1272157,74.8356734,MPV,Ordinary Service,101,96,96-101
R0394,Soura to LD,SRSR01020922,MERGED_INTO_TRUNK,FDR-059,Private Minibus,11.052,Urban,725.1,88.4,City_Core,22,11.0,8,4.0,0.9657,0.6207,1.25,0.7932,True,HP,20,0,0,0,0,False,,0,103616,563,85,0.1529,OSRM,False,Year_Round,False,False,False,False,96.0,1061.0,0.0,85.0,0.0,Red_NoCapacity,59.7,True,848.0,68964.0,0.012,False,1007942.0,0.055,route_maps_kashmir/FDR-059.html,393,,SOURA,34.1378333,74.8021097,LD,34.0822,74.8059,MPV,Ordinary Service,101,123,101-123
R0395,Parimpora to Panthachowk,SRSR02022927,MERGED_INTO_TRUNK,FDR-289,Private Minibus,21.307,Peri_Urban,1713.4,106.5,City_Core,42,21.0,5,2.5,0.6019,0.3276,1.25,0.4648,False,MP,35,0,0,0,0,False,,0,133241,546,73,0.2309,OSRM+JhelumBridge,False,Year_Round,False,False,False,False,54.9,1168.8,0.0,34.0,0.0,Red_NoCapacity,76.2,True,341.0,75975.0,0.004,True,1110399.0,0.049,route_maps_kashmir/FDR-289.html,394,,PARIMPORA,34.1112,74.7475,PANTHACHOWK,34.0285811,74.9057898,MPV,Ordinary Service,130,128,128-130
R0397,Soura to LD,SRSR01020922,MERGED_INTO_TRUNK,FDR-059,Private Minibus,10.817,Urban,798.2,86.5,City_Core,21,10.5,11,5.5,0.7984,0.4545,1.25,0.6264,True,HP,20,0,0,0,0,False,,0,85889,243,69,0.1007,OSRM,False,Year_Round,False,False,False,False,96.0,1038.4,0.0,247.0,0.0,Red_NoCapacity,58.8,True,2474.0,67498.0,0.037,False,986510.0,0.106,route_maps_kashmir/FDR-059.html,396,,SOURA,34.1378333,74.8021097,LD,34.0822,74.8059,MPV,Ordinary Service,101,123,101-123
R0398,Baghat Shora to Lalchowk,SRSR02020223,MERGED_INTO_TRUNK,FDR-265,LPV / Tempo,13.003,Urban,1312.7,104.0,City_Core,26,13.0,12,6.0,0.599,0.3925,1.25,0.4958,False,MP,35,0,0,0,0,False,,0,80997,515,55,0.1315,OSRM+JhelumBridge,False,Year_Round,False,False,False,False,54.9,713.3,0.0,48.0,0.0,Red_NoCapacity,75.0,True,482.0,46365.0,0.01,True,677642.0,0.032,route_maps_kashmir/FDR-265.html,397,,BAGHAT SHORA,34.04198,74.80241,LALCHOWK,34.0712565,74.8104927,LPV,Ordinary Service,103,124,103-124
R0399,LD to Pampore,SRPW02022202,MERGED_INTO_TRUNK,FDR-341,Private Minibus,15.854,Peri_Urban,1392.5,79.3,City_Core,31,15.5,6,3.0,0.5585,0.2798,1.25,0.4192,True,MP,35,0,0,0,0,False,,0,93243,319,50,0.1491,OSRM+JhelumBridge,False,Year_Round,False,False,False,False,54.9,869.7,0.0,63.0,0.0,Red_NoCapacity,62.6,True,632.0,56531.0,0.011,False,826220.0,0.088,route_maps_kashmir/FDR-341.html,398,,LD,34.0822,74.8059,PAMPORE,34.01092,74.91303,MPV,Ordinary Service,123,71,71-123
R0402,Chanapora to Soura,SRSR02011109,MERGED_INTO_TRUNK,FDR-078,Private Minibus,14.108,Urban,849.7,105.9,City_Core,28,14.0,6,3.0,0.9723,0.5724,1.25,0.7724,False,HP,20,0,0,0,0,False,,0,133070,568,101,0.1296,OSRM,False,Year_Round,False,False,False,False,96.0,1354.4,0.0,127.0,0.0,Red_NoCapacity,68.4,True,1274.0,88034.0,0.014,True,1286650.0,0.047,route_maps_kashmir/FDR-078.html,401,,CHANAPORA,34.0339814,74.8080524,SOURA,34.1378333,74.8021097,MPV,Ordinary Service,112,101,101-112
R0403,Soura to LD,SRSR01020922,MERGED_INTO_TRUNK,FDR-059,Private Minibus,11.052,Urban,725.1,88.4,City_Core,22,11.0,8,4.0,0.9657,0.6207,1.25,0.7932,True,HP,20,0,0,0,0,False,,0,103616,563,85,0.1529,OSRM,False,Year_Round,False,False,False,False,96.0,1061.0,0.0,85.0,0.0,Red_NoCapacity,59.7,True,848.0,68964.0,0.012,False,1007942.0,0.055,route_maps_kashmir/FDR-059.html,402,,SOURA,34.1378333,74.8021097,LD,34.0822,74.8059,MPV,Ordinary Service,101,123,101-123
R0404,Soura to LD,SRSR01020922,MERGED_INTO_TRUNK,FDR-059,Private Minibus,7.325,Urban,606.8,58.6,City_Core,14,7.0,13,6.5,1.0,0.6082,1.25,0.8041,True,HP,20,0,0,0,0,False,,0,71571,247,65,0.116,OSRM,False,Year_Round,False,False,False,False,96.0,703.2,0.0,176.0,0.0,Red_NoCapacity,44.8,False,1760.0,45708.0,0.039,False,668040.0,0.087,route_maps_kashmir/FDR-059.html,403,,SOURA,34.1378333,74.8021097,LD,34.0822,74.8059,MPV,Ordinary Service,101,123,101-123
R0405,Soura to Jehangir Chowk,SRSR01020920,MERGED_INTO_TRUNK,FDR-122,LPV / Tempo,9.676,Urban,786.9,77.4,City_Core,19,9.5,10,5.0,0.9581,0.6758,1.25,0.8169,True,HP,20,0,0,0,0,False,,0,90081,439,86,0.1034,OSRM,False,Year_Round,False,False,False,False,96.0,928.9,0.0,140.0,0.0,Red_NoCapacity,54.2,True,1399.0,60378.0,0.023,False,882451.0,0.062,route_maps_kashmir/FDR-122.html,404,,SOURA,34.1378333,74.8021097,JEHANGIR CHOWK,34.07189,74.80491,LPV,,101,121,101-121
R0406,Soura to LD,SRSR01020922,MERGED_INTO_TRUNK,FDR-059,Private Minibus,10.817,Urban,798.2,86.5,City_Core,21,10.5,11,5.5,0.7984,0.4545,1.25,0.6264,True,HP,20,0,0,0,0,False,,0,85889,243,69,0.1007,OSRM,False,Year_Round,False,False,False,False,96.0,1038.4,0.0,247.0,0.0,Red_NoCapacity,58.8,True,2474.0,67498.0,0.037,False,986510.0,0.106,route_maps_kashmir/FDR-059.html,405,,SOURA,34.1378333,74.8021097,LD,34.0822,74.8059,MPV,Ordinary Service,101,123,101-123
R0407,Baghat Shora to Lalchowk,SRSR02020223,MERGED_INTO_TRUNK,FDR-265,Private Minibus,13.003,Urban,1312.7,104.0,City_Core,26,13.0,12,6.0,0.599,0.3925,1.25,0.4958,False,MP,35,0,0,0,0,False,,0,80997,515,55,0.1315,OSRM+JhelumBridge,False,Year_Round,False,False,False,False,54.9,713.3,0.0,48.0,0.0,Red_NoCapacity,75.0,True,482.0,46365.0,0.01,True,677642.0,0.032,route_maps_kashmir/FDR-265.html,406,,BAGHAT SHORA,34.04198,74.80241,LALCHOWK,34.0712565,74.8104927,MPV,Ordinary Service,103,124,103-124
R0409,Hazratbal to LD,SRSR01020422,MERGED_INTO_TRUNK,FDR-147,Private Minibus,8.251,Urban,1283.5,66.0,City_Core,16,8.0,10,5.0,0.6633,0.3468,1.25,0.505,True,MP,35,0,0,0,0,False,,0,55948,208,34,0.0832,OSRM+JhelumBridge,False,Year_Round,False,False,False,False,54.9,452.6,0.0,130.0,0.0,Red_NoCapacity,56.0,True,1302.0,29421.0,0.044,False,429995.0,0.081,route_maps_kashmir/FDR-147.html,408,,HAZRATBAL,34.1272157,74.8356734,LD,34.0822,74.8059,MPV,Ordinary Service,96,123,96-123
R0410,Baghat Shora to Lalchowk,SRSR02020223,MERGED_INTO_TRUNK,FDR-265,LPV / Tempo,13.003,Urban,1312.7,104.0,City_Core,26,13.0,12,6.0,0.599,0.3925,1.25,0.4958,False,MP,35,0,0,0,0,False,,0,80997,515,55,0.1315,OSRM+JhelumBridge,False,Year_Round,False,False,False,False,54.9,713.3,0.0,48.0,0.0,Red_NoCapacity,75.0,True,482.0,46365.0,0.01,True,677642.0,0.032,route_maps_kashmir/FDR-265.html,409,,BAGHAT SHORA,34.04198,74.80241,LALCHOWK,34.0712565,74.8104927,LPV,,103,124,103-124
R0411,Soura to Lalchowk,SRSR01020923,MERGED_INTO_TRUNK,FDR-050,Private Minibus,9.494,Urban,1127.9,76.0,City_Core,18,9.0,11,5.5,0.9312,0.67,1.25,0.8006,False,HP,20,0,0,0,0,False,,0,86195,523,80,0.1438,OSRM+JhelumBridge,False,Year_Round,False,False,False,False,96.0,911.4,0.0,81.0,0.0,Red_NoCapacity,53.5,True,808.0,59243.0,0.014,True,865853.0,0.033,route_maps_kashmir/FDR-050.html,410,,SOURA,34.1378333,74.8021097,LALCHOWK,34.0712565,74.8104927,MPV,Ordinary Service,101,124,101-124
R0412,Lawaypora to Jehangir Chowk,SRSR02022420,MERGED_INTO_TRUNK,FDR-394,Private Minibus,14.207,Urban,1005.6,113.7,City_Core,28,14.0,21,10.5,0.552,0.1642,1.25,0.3581,False,MP,35,0,0,0,0,False,,0,82757,395,29,0.1701,OSRM,False,Year_Round,False,False,False,False,54.9,779.4,0.0,50.0,0.0,Red_NoCapacity,79.8,True,496.0,50658.0,0.01,True,740388.0,0.042,route_maps_kashmir/FDR-394.html,411,,LAWAYPORA,34.1173282,74.6986747,JEHANGIR CHOWK,34.07189,74.80491,MPV,,125,121,121-125
R0413,Soura to LD,SRSR01020922,MERGED_INTO_TRUNK,FDR-059,Private Minibus,10.817,Urban,798.2,86.5,City_Core,21,10.5,11,5.5,0.7984,0.4545,1.25,0.6264,True,HP,20,0,0,0,0,False,,0,85889,243,69,0.1007,OSRM,False,Year_Round,False,False,False,False,96.0,1038.4,0.0,247.0,0.0,Red_NoCapacity,58.8,True,2474.0,67498.0,0.037,False,986510.0,0.106,route_maps_kashmir/FDR-059.html,412,,SOURA,34.1378333,74.8021097,LD,34.0822,74.8059,MPV,Ordinary Service,101,123,101-123
R0416,Soura to Ganderbal,SRGB01010903,MERGED_INTO_TRUNK,FDR-481,Private Minibus,9.86,Urban,959.3,78.9,City_Core,19,9.5,6,3.0,0.2779,0.1597,1.25,0.2188,False,LP,35,0,0,0,0,False,,0,34248,108,20,0.0205,OSRM,False,Year_Round,False,False,False,False,54.9,540.9,0.0,623.0,0.0,Red_NoCapacity,62.4,True,6230.0,35158.0,0.177,True,513847.0,0.064,route_maps_kashmir/FDR-481.html,415,,SOURA,34.1378333,74.8021097,GANDERBAL,34.192763,74.7700157,MPV,Goods Service,101,46,46-101
R0417,Soura to Ganderbal,SRGB01010903,MERGED_INTO_TRUNK,FDR-481,Private Minibus,9.86,Urban,959.3,78.9,City_Core,19,9.5,6,3.0,0.2779,0.1597,1.25,0.2188,False,LP,35,0,0,0,0,False,,0,34248,108,20,0.0205,OSRM,False,Year_Round,False,False,False,False,54.9,540.9,0.0,623.0,0.0,Red_NoCapacity,62.4,True,6230.0,35158.0,0.177,True,513847.0,0.064,route_maps_kashmir/FDR-481.html,416,,SOURA,34.1378333,74.8021097,GANDERBAL,34.192763,74.7700157,MPV,Ordinary Service,101,46,46-101
R0418,Soura to Hazratbal,SRSR01010904,MERGED_INTO_TRUNK,TRK-031,Private Minibus,8.337,Urban,1248.4,66.7,City_Core,16,8.0,6,3.0,0.7069,0.4192,1.25,0.5631,False,MP,35,0,0,0,0,False,,0,59647,163,41,0.0333,OSRM+JhelumBridge,False,Year_Round,False,False,False,False,54.9,457.3,0.0,443.0,0.0,Red_NoCapacity,56.4,True,4426.0,29727.0,0.149,True,434477.0,0.073,route_maps_kashmir/TRK-031.html,417,,SOURA,34.1378333,74.8021097,HAZRATBAL,34.1272157,74.8356734,MPV,Ordinary Service,101,96,96-101
R0420,Jehangir Chowk to HMT,SRSR02022016,MERGED_INTO_TRUNK,FDR-275,LPV / Tempo,10.311,Urban,654.3,82.5,City_Core,20,10.0,10,5.0,0.6674,0.2668,1.25,0.4671,False,MP,35,0,0,0,0,False,,0,70280,406,30,0.2746,OSRM,False,Year_Round,False,False,False,False,54.9,565.6,0.0,25.0,0.0,Red_NoCapacity,64.2,True,254.0,36766.0,0.007,True,537350.0,0.035,route_maps_kashmir/FDR-275.html,419,,JEHANGIR CHOWK,34.07189,74.80491,HMT,34.1085052,74.7471598,LPV,,121,117,117-121
R0421,Malbagh to LD,SRSR01020622,MERGED_INTO_TRUNK,FDR-101,LPV / Tempo,11.428,Urban,1281.3,91.4,City_Core,22,11.0,17,8.5,0.9192,0.4621,1.25,0.6906,True,HP,20,0,0,0,0,False,,0,102579,243,71,0.0816,OSRM+JhelumBridge,False,Year_Round,False,False,False,False,96.0,1097.1,0.0,365.0,0.0,Red_NoCapacity,61.2,True,3646.0,71311.0,0.051,False,1042234.0,0.127,route_maps_kashmir/FDR-101.html,420,,MALBAGH,34.1443369,74.8259441,LD,34.0822,74.8059,LPV,Ordinary Service,98,123,98-123
R0422,Jehangir Chowk to JVC,SRSR02022018,MERGED_INTO_TRUNK,FDR-269,Private Minibus,8.334,Urban,646.4,66.7,City_Core,16,8.0,15,7.5,0.696,0.322,1.25,0.509,False,MP,35,0,0,0,0,False,,0,58845,380,27,0.1905,OSRM,False,Year_Round,False,False,False,False,54.9,457.2,0.0,33.0,0.0,Red_NoCapacity,56.4,True,327.0,29717.0,0.011,True,434320.0,0.031,route_maps_kashmir/FDR-269.html,421,,JEHANGIR CHOWK,34.07189,74.80491,JVC,34.0849143,74.7618354,MPV,,121,119,119-121
R0424,TRC to Hazratbal,SRSR02014004,MERGED_INTO_TRUNK,FDR-161,Private Minibus,8.127,Urban,579.9,65.0,City_Core,16,8.0,4,2.0,0.7261,0.4076,1.25,0.5668,False,MP,35,0,0,0,0,False,,0,59483,362,34,0.0787,OSRM,False,Year_Round,False,False,False,False,54.9,445.8,0.0,84.0,0.0,Red_NoCapacity,55.5,True,841.0,28979.0,0.029,True,423533.0,0.033,route_maps_kashmir/FDR-161.html,423,,TRC,34.0747,74.8247,HAZRATBAL,34.1272157,74.8356734,HPV,,141,96,96-141
R0425,TRC to Hazratbal,SRSR02014004,MERGED_INTO_TRUNK,FDR-161,Private Minibus,8.127,Urban,579.9,65.0,City_Core,16,8.0,4,2.0,0.7261,0.4076,1.25,0.5668,False,MP,35,0,0,0,0,False,,0,59483,362,34,0.0787,OSRM,False,Year_Round,False,False,False,False,54.9,445.8,0.0,84.0,0.0,Red_NoCapacity,55.5,True,841.0,28979.0,0.029,True,423533.0,0.033,route_maps_kashmir/FDR-161.html,424,,TRC,34.0747,74.8247,HAZRATBAL,34.1272157,74.8356734,HPV,Ordinary Service,141,96,96-141
R0426,LD to Pampore,SRPW02022202,MERGED_INTO_TRUNK,FDR-341,Private Minibus,15.854,Peri_Urban,1392.5,79.3,City_Core,31,15.5,6,3.0,0.5585,0.2798,1.25,0.4192,True,MP,35,0,0,0,0,False,,0,93243,319,50,0.1491,OSRM+JhelumBridge,False,Year_Round,False,False,False,False,54.9,869.7,0.0,63.0,0.0,Red_NoCapacity,62.6,True,632.0,56531.0,0.011,False,826220.0,0.088,route_maps_kashmir/FDR-341.html,425,,LD,34.0822,74.8059,PAMPORE,34.01092,74.91303,MPV,Express Service,123,71,71-123
R0427,Soura to Hazratbal,SRSR01010904,MERGED_INTO_TRUNK,TRK-031,Private Minibus,8.337,Urban,1248.4,66.7,City_Core,16,8.0,6,3.0,0.7069,0.4192,1.25,0.5631,False,MP,35,0,0,0,0,False,,0,59647,163,41,0.0333,OSRM+JhelumBridge,False,Year_Round,False,False,False,False,54.9,457.3,0.0,443.0,0.0,Red_NoCapacity,56.4,True,4426.0,29727.0,0.149,True,434477.0,0.073,route_maps_kashmir/TRK-031.html,426,,SOURA,34.1378333,74.8021097,HAZRATBAL,34.1272157,74.8356734,MPV,Ordinary Service,101,96,96-101
R0428,Soura to Hazratbal,SRSR01010904,MERGED_INTO_TRUNK,TRK-031,LPV / Tempo,8.337,Urban,1248.4,66.7,City_Core,16,8.0,6,3.0,0.7069,0.4192,1.25,0.5631,False,MP,35,0,0,0,0,False,,0,59647,163,41,0.0333,OSRM+JhelumBridge,False,Year_Round,False,False,False,False,54.9,457.3,0.0,443.0,0.0,Red_NoCapacity,56.4,True,4426.0,29727.0,0.149,True,434477.0,0.073,route_maps_kashmir/TRK-031.html,427,,SOURA,34.1378333,74.8021097,HAZRATBAL,34.1272157,74.8356734,LPV,Ordinary Service,101,96,96-101
R0429,Soura to Hazratbal,SRSR01010904,MERGED_INTO_TRUNK,TRK-031,LPV / Tempo,8.337,Urban,1248.4,66.7,City_Core,16,8.0,6,3.0,0.7069,0.4192,1.25,0.5631,False,MP,35,0,0,0,0,False,,0,59647,163,41,0.0333,OSRM+JhelumBridge,False,Year_Round,False,False,False,False,54.9,457.3,0.0,443.0,0.0,Red_NoCapacity,56.4,True,4426.0,29727.0,0.149,True,434477.0,0.073,route_maps_kashmir/TRK-031.html,428,,SOURA,34.1378333,74.8021097,HAZRATBAL,34.1272157,74.8356734,LPV,Ordinary Service,101,96,96-101
R0431,LD to Parimpora,SRSR02022229,MERGED_INTO_TRUNK,FDR-201,Private Minibus,10.44,Urban,669.5,83.5,City_Core,20,10.0,8,4.0,0.7554,0.2782,1.25,0.5168,True,MP,35,0,0,0,0,False,,0,79042,505,32,0.2627,OSRM,False,Year_Round,False,False,False,False,54.9,572.7,0.0,24.0,0.0,Red_NoCapacity,64.8,True,240.0,37226.0,0.006,False,544073.0,0.047,route_maps_kashmir/FDR-201.html,430,,LD,34.0822,74.8059,PARIMPORA,34.1112,74.7475,MPV,Ordinary Service,123,130,123-130
R0432,Soura to LD,SRSR01020922,MERGED_INTO_TRUNK,FDR-059,Private Minibus,10.099,Urban,682.4,80.8,City_Core,20,10.0,8,4.0,0.9738,0.6066,1.25,0.7902,True,HP,20,0,0,0,0,False,,0,95384,292,75,0.1195,OSRM,False,Year_Round,False,False,False,False,96.0,969.5,0.0,193.0,0.0,Red_NoCapacity,55.9,True,1926.0,63018.0,0.031,False,921029.0,0.098,route_maps_kashmir/FDR-059.html,431,,SOURA,34.1378333,74.8021097,LD,34.0822,74.8059,MPV,Express Service,101,123,101-123
R0433,LD to Parimpora,SRSR02022229,MERGED_INTO_TRUNK,FDR-201,Private Minibus,10.44,Urban,669.5,83.5,City_Core,20,10.0,8,4.0,0.7554,0.2782,1.25,0.5168,True,MP,35,0,0,0,0,False,,0,79042,505,32,0.2627,OSRM,False,Year_Round,False,False,False,False,54.9,572.7,0.0,24.0,0.0,Red_NoCapacity,64.8,True,240.0,37226.0,0.006,False,544073.0,0.047,route_maps_kashmir/FDR-201.html,432,,LD,34.0822,74.8059,PARIMPORA,34.1112,74.7475,MPV,Express Service,123,130,123-130
R0434,Soura to LD,SRSR01020922,MERGED_INTO_TRUNK,FDR-059,Private Minibus,10.099,Urban,682.4,80.8,City_Core,20,10.0,8,4.0,0.9738,0.6066,1.25,0.7902,True,HP,20,0,0,0,0,False,,0,95384,292,75,0.1195,OSRM,False,Year_Round,False,False,False,False,96.0,969.5,0.0,193.0,0.0,Red_NoCapacity,55.9,True,1926.0,63018.0,0.031,False,921029.0,0.098,route_maps_kashmir/FDR-059.html,433,,SOURA,34.1378333,74.8021097,LD,34.0822,74.8059,MPV,Ordinary Service,101,123,101-123
R0435,LD to Parimpora,SRSR02022229,MERGED_INTO_TRUNK,FDR-201,LPV / Tempo,10.44,Urban,669.5,83.5,City_Core,20,10.0,8,4.0,0.7554,0.2782,1.25,0.5168,True,MP,35,0,0,0,0,False,,0,79042,505,32,0.2627,OSRM,False,Year_Round,False,False,False,False,54.9,572.7,0.0,24.0,0.0,Red_NoCapacity,64.8,True,240.0,37226.0,0.006,False,544073.0,0.047,route_maps_kashmir/FDR-201.html,434,,LD,34.0822,74.8059,PARIMPORA,34.1112,74.7475,LPV,Express Service,123,130,123-130
R0436,Safakadal to Jehangir Chowk,SRSR02023720,MERGED_INTO_TRUNK,FDR-575,Private Minibus,3.149,Urban,218.7,25.2,City_Core,6,3.0,2,1.0,1.0,0.9025,1.25,0.9512,True,HP,20,0,0,0,0,False,,0,32077,332,34,0.085,OSRM,False,Year_Round,False,False,False,False,96.0,302.3,0.0,80.0,0.0,Red_NoCapacity,28.1,False,801.0,19650.0,0.041,False,287189.0,0.029,route_maps_kashmir/FDR-575.html,435,,SAFAKADAL,34.0932178,74.7916738,JEHANGIR CHOWK,34.07189,74.80491,MPV,,138,121,121-138
R0438,Jehangir Chowk to HMT,SRSR02022016,MERGED_INTO_TRUNK,FDR-275,LPV / Tempo,10.311,Urban,654.3,82.5,City_Core,20,10.0,10,5.0,0.6674,0.2668,1.25,0.4671,False,MP,35,0,0,0,0,False,,0,70280,406,30,0.2746,OSRM,False,Year_Round,False,False,False,False,54.9,565.6,0.0,25.0,0.0,Red_NoCapacity,64.2,True,254.0,36766.0,0.007,True,537350.0,0.035,route_maps_kashmir/FDR-275.html,437,,JEHANGIR CHOWK,34.07189,74.80491,HMT,34.1085052,74.7471598,LPV,Ordinary Service,121,117,117-121
R0439,LD to Parimpora,SRSR02022229,MERGED_INTO_TRUNK,FDR-201,Private Minibus,10.44,Urban,669.5,83.5,City_Core,20,10.0,8,4.0,0.7554,0.2782,1.25,0.5168,True,MP,35,0,0,0,0,False,,0,79042,505,32,0.2627,OSRM,False,Year_Round,False,False,False,False,54.9,572.7,0.0,24.0,0.0,Red_NoCapacity,64.8,True,240.0,37226.0,0.006,False,544073.0,0.047,route_maps_kashmir/FDR-201.html,438,,LD,34.0822,74.8059,PARIMPORA,34.1112,74.7475,MPV,,123,130,123-130
R0440,Soura to LD,SRSR01020922,MERGED_INTO_TRUNK,FDR-059,Private Minibus,11.052,Urban,725.1,88.4,City_Core,22,11.0,8,4.0,0.9657,0.6207,1.25,0.7932,True,HP,20,0,0,0,0,False,,0,103616,563,85,0.1529,OSRM,False,Year_Round,False,False,False,False,96.0,1061.0,0.0,85.0,0.0,Red_NoCapacity,59.7,True,848.0,68964.0,0.012,False,1007942.0,0.055,route_maps_kashmir/FDR-059.html,439,,SOURA,34.1378333,74.8021097,LD,34.0822,74.8059,MPV,Ordinary Service,101,123,101-123
R0441,Jehangir Chowk to JVC,SRSR02022018,MERGED_INTO_TRUNK,FDR-269,LPV / Tempo,8.334,Urban,646.4,66.7,City_Core,16,8.0,15,7.5,0.696,0.322,1.25,0.509,False,MP,35,0,0,0,0,False,,0,58845,380,27,0.1905,OSRM,False,Year_Round,False,False,False,False,54.9,457.2,0.0,33.0,0.0,Red_NoCapacity,56.4,True,327.0,29717.0,0.011,True,434320.0,0.031,route_maps_kashmir/FDR-269.html,440,,JEHANGIR CHOWK,34.07189,74.80491,JVC,34.0849143,74.7618354,LPV,,121,119,119-121
R0442,Soura to LD,SRSR01020922,MERGED_INTO_TRUNK,FDR-059,LPV / Tempo,11.052,Urban,725.1,88.4,City_Core,22,11.0,8,4.0,0.9657,0.6207,1.25,0.7932,True,HP,20,0,0,0,0,False,,0,103616,563,85,0.1529,OSRM,False,Year_Round,False,False,False,False,96.0,1061.0,0.0,85.0,0.0,Red_NoCapacity,59.7,True,848.0,68964.0,0.012,False,1007942.0,0.055,route_maps_kashmir/FDR-059.html,441,,SOURA,34.1378333,74.8021097,LD,34.0822,74.8059,LPV,Ordinary Service,101,123,101-123
R0443,Soura to LD,SRSR01020922,MERGED_INTO_TRUNK,FDR-059,LPV / Tempo,10.099,Urban,682.4,80.8,City_Core,20,10.0,8,4.0,0.9738,0.6066,1.25,0.7902,True,HP,20,0,0,0,0,False,,0,95384,292,75,0.1195,OSRM,False,Year_Round,False,False,False,False,96.0,969.5,0.0,193.0,0.0,Red_NoCapacity,55.9,True,1926.0,63018.0,0.031,False,921029.0,0.098,route_maps_kashmir/FDR-059.html,442,,SOURA,34.1378333,74.8021097,LD,34.0822,74.8059,LPV,,101,123,101-123
R0444,Parimpora to Jawahirnagar,SRSR02022919,MERGED_INTO_TRUNK,FDR-151,Private Minibus,12.642,Urban,1381.8,101.1,City_Core,25,12.5,12,6.0,0.8084,0.3589,1.25,0.5836,True,MP,35,0,0,0,0,False,,0,101463,505,49,0.2019,OSRM+JhelumBridge,False,Year_Round,False,False,False,False,54.9,693.5,0.0,40.0,0.0,Red_NoCapacity,73.6,True,401.0,45078.0,0.009,False,658829.0,0.06,route_maps_kashmir/FDR-151.html,443,,PARIMPORA,34.1112,74.7475,JAWAHIRNAGAR,34.0606593,74.8117017,HPV,Ordinary Service,130,120,120-130
R0445,Safakadal to Jehangir Chowk,SRSR02023720,MERGED_INTO_TRUNK,FDR-575,Private Minibus,3.569,Urban,390.5,28.6,City_Core,7,3.5,8,4.0,1.0,0.8475,1.25,0.9238,True,HP,20,0,0,0,0,False,,0,34629,332,37,0.0803,OSRM,False,Year_Round,False,False,False,False,96.0,342.6,0.0,92.0,0.0,Red_NoCapacity,29.8,False,915.0,22271.0,0.041,False,325493.0,0.031,route_maps_kashmir/FDR-575.html,444,,SAFAKADAL,34.0932178,74.7916738,JEHANGIR CHOWK,34.07189,74.80491,MPV,Ordinary Service,138,121,121-138
R0454,Srinagar to Gaguldara,SRBG02013902,MERGED_INTO_TRUNK,FDR-384,MPS (Stage Carriage),15.277,Regional_District,1232.2,45.8,City_Core,30,15.0,3,1.5,0.5252,0.2278,1.25,0.3765,False,MP,35,0,0,0,0,False,,0,85489,444,35,0.1422,OSRM+JhelumBridge,False,Year_Round,False,False,False,False,54.9,838.1,0.0,33.0,0.0,Red_NoCapacity,45.9,True,327.0,54473.0,0.006,True,796150.0,0.039,route_maps_kashmir/FDR-384.html,453,SRINAGAR to GAGULDARA,SRINAGAR,34.0747444,74.8204443,GAGULDARA,34.014,74.719,MPS Bus,Ordinary Service,140,7,7-140
R0464,Srinagar to Sheikhpora Kakuthal,SRBG02013902,MERGED_INTO_TRUNK,FDR-384,MPS (Stage Carriage),15.277,Regional_District,1232.2,45.8,City_Core,30,15.0,3,1.5,0.5252,0.2278,1.25,0.3765,False,MP,35,0,0,0,0,False,,0,85489,444,35,0.1422,OSRM+JhelumBridge,False,Year_Round,False,False,False,False,54.9,838.1,0.0,33.0,0.0,Red_NoCapacity,45.9,True,327.0,54473.0,0.006,True,796150.0,0.039,route_maps_kashmir/FDR-384.html,463,SRINAGAR to SHEIKHPORA KAKUTHAL,SRINAGAR,34.0747444,74.8204443,SHEIKHPORA KAKUTHAL,34.014,74.719,MPS Bus,Ordinary Service,140,7,7-140
R0467,Srinagar to Milyaal,SRBG02013902,MERGED_INTO_TRUNK,FDR-384,MPS (Stage Carriage),15.277,Regional_District,1232.2,45.8,City_Core,30,15.0,3,1.5,0.5252,0.2278,1.25,0.3765,False,MP,35,0,0,0,0,False,,0,85489,444,35,0.1422,OSRM+JhelumBridge,False,Year_Round,False,False,False,False,54.9,838.1,0.0,33.0,0.0,Red_NoCapacity,45.9,True,327.0,54473.0,0.006,True,796150.0,0.039,route_maps_kashmir/FDR-384.html,466,SRINAGAR to MILYAAL,SRINAGAR,34.0747444,74.8204443,MILYAAL,34.014,74.719,MPS Bus,Ordinary Service,140,7,7-140
R0468,Srinagar to Zurhama,SRBG02013902,MERGED_INTO_TRUNK,FDR-384,MPS (Stage Carriage),15.277,Regional_District,1232.2,45.8,City_Core,30,15.0,3,1.5,0.5252,0.2278,1.25,0.3765,False,MP,35,0,0,0,0,False,,0,85489,444,35,0.1422,OSRM+JhelumBridge,False,Year_Round,False,False,False,False,54.9,838.1,0.0,33.0,0.0,Red_NoCapacity,45.9,True,327.0,54473.0,0.006,True,796150.0,0.039,route_maps_kashmir/FDR-384.html,467,SRINAGAR to ZURHAMA,SRINAGAR,34.0747444,74.8204443,ZURHAMA,34.014,74.719,MPS Bus,Ordinary Service,140,7,7-140
R0469,Srinagar to Tarthpora,SRBG02013902,MERGED_INTO_TRUNK,FDR-384,MPS (Stage Carriage),15.277,Regional_District,1232.2,45.8,City_Core,30,15.0,3,1.5,0.5252,0.2278,1.25,0.3765,False,MP,35,0,0,0,0,False,,0,85489,444,35,0.1422,OSRM+JhelumBridge,False,Year_Round,False,False,False,False,54.9,838.1,0.0,33.0,0.0,Red_NoCapacity,45.9,True,327.0,54473.0,0.006,True,796150.0,0.039,route_maps_kashmir/FDR-384.html,468,SRINAGAR to TARTHPORA,SRINAGAR,34.0747444,74.8204443,TARTHPORA,34.014,74.719,MPS Bus,Ordinary Service,140,7,7-140
R0470,Srinagar to Gazriyal,SRBG02013902,MERGED_INTO_TRUNK,FDR-384,MPS (Stage Carriage),15.277,Regional_District,1232.2,45.8,City_Core,30,15.0,3,1.5,0.5252,0.2278,1.25,0.3765,False,MP,35,0,0,0,0,False,,0,85489,444,35,0.1422,OSRM+JhelumBridge,False,Year_Round,False,False,False,False,54.9,838.1,0.0,33.0,0.0,Red_NoCapacity,45.9,True,327.0,54473.0,0.006,True,796150.0,0.039,route_maps_kashmir/FDR-384.html,469,SRINAGAR to GAZRIYAL,SRINAGAR,34.0747444,74.8204443,GAZRIYAL,34.014,74.719,MPS Bus,Ordinary Service,140,7,7-140
R0477,Srinagar to Tral Dadsur,SRBG02013902,MERGED_INTO_TRUNK,FDR-384,MPS (Stage Carriage),15.277,Regional_District,1232.2,45.8,City_Core,30,15.0,3,1.5,0.5252,0.2278,1.25,0.3765,False,MP,35,0,0,0,0,False,,0,85489,444,35,0.1422,OSRM+JhelumBridge,False,Year_Round,False,False,False,False,54.9,838.1,0.0,33.0,0.0,Red_NoCapacity,45.9,True,327.0,54473.0,0.006,True,796150.0,0.039,route_maps_kashmir/FDR-384.html,476,SRINAGAR to TRAL DADSUR,SRINAGAR,34.0747444,74.8204443,TRAL DADSUR,34.014,74.719,MPS Bus,Ordinary Service,140,7,7-140
R0479,Srinagar to Naristan,SRBG02013902,MERGED_INTO_TRUNK,FDR-384,MPS (Stage Carriage),15.277,Regional_District,1232.2,45.8,City_Core,30,15.0,3,1.5,0.5252,0.2278,1.25,0.3765,False,MP,35,0,0,0,0,False,,0,85489,444,35,0.1422,OSRM+JhelumBridge,False,Year_Round,False,False,False,False,54.9,838.1,0.0,33.0,0.0,Red_NoCapacity,45.9,True,327.0,54473.0,0.006,True,796150.0,0.039,route_maps_kashmir/FDR-384.html,478,SRINAGAR to NARISTAN,SRINAGAR,34.0747444,74.8204443,NARISTAN,34.014,74.719,MPS Bus,Ordinary Service,140,7,7-140
R0488,Srinagar to Zachaldar,SRBG02013902,MERGED_INTO_TRUNK,FDR-384,MPS (Stage Carriage),15.277,Regional_District,1232.2,45.8,City_Core,30,15.0,3,1.5,0.5252,0.2278,1.25,0.3765,False,MP,35,0,0,0,0,False,,0,85489,444,35,0.1422,OSRM+JhelumBridge,False,Year_Round,False,False,False,False,54.9,838.1,0.0,33.0,0.0,Red_NoCapacity,45.9,True,327.0,54473.0,0.006,True,796150.0,0.039,route_maps_kashmir/FDR-384.html,487,SRINAGAR to ZACHALDAR,SRINAGAR,34.0747444,74.8204443,ZACHALDAR,34.014,74.719,MPS Bus,Ordinary Service,140,7,7-140
R0490,Bandipora to Srinagar,BPSR01020239,MERGED_INTO_TRUNK,FDR-543,Private Minibus,58.597,Regional_District,3493.6,175.8,City_Core,117,58.5,1,0.5,0.177,0.0659,1.25,0.1214,False,LP,35,0,0,0,0,False,,0,152803,472,41,0.0578,OSRM+JhelumBridge,False,Year_Round,False,False,False,False,54.9,3214.5,0.0,135.0,0.0,Red_NoCapacity,110.9,True,1353.0,208940.0,0.006,True,3053741.0,0.065,route_maps_kashmir/FDR-543.html,489,BANDIPORA to SRINAGAR,BANDIPORA,34.4232433,74.635965,SRINAGAR,34.0747444,74.8204443,Regular Bus,Ordinary Service,28,140,28-140
R0491,Bandipora to Srinagar,BPSR01020239,MERGED_INTO_TRUNK,FDR-543,Private Minibus,58.597,Regional_District,3493.6,175.8,City_Core,117,58.5,1,0.5,0.177,0.0659,1.25,0.1214,False,LP,35,0,0,0,0,False,,0,152803,472,41,0.0578,OSRM+JhelumBridge,False,Year_Round,False,False,False,False,54.9,3214.5,0.0,135.0,0.0,Red_NoCapacity,110.9,True,1353.0,208940.0,0.006,True,3053741.0,0.065,route_maps_kashmir/FDR-543.html,490,BANDIPORA to SRINAGAR,BANDIPORA,34.4232433,74.635965,SRINAGAR,34.0747444,74.8204443,Regular Bus,Ordinary Service,28,140,28-140
R0494,Arin to Srinagar,BPSR01020139,MERGED_INTO_TRUNK,FDR-549,Private Minibus,56.892,Regional_District,3515.6,170.7,City_Core,113,56.5,3,1.5,0.1679,0.0648,1.25,0.1164,False,LP,35,0,0,0,0,False,,0,143888,471,38,0.0593,OSRM+JhelumBridge,False,Year_Round,False,False,False,False,54.9,3120.9,0.0,124.0,0.0,Red_NoCapacity,108.4,True,1245.0,202861.0,0.006,True,2964886.0,0.061,route_maps_kashmir/FDR-549.html,493,ARIN to SRINAGAR,ARIN,34.418,74.643,SRINAGAR,34.0747444,74.8204443,Regular Bus,Ordinary Service,27,140,27-140
R0495,Malangam to Srinagar,BPSR01020139,MERGED_INTO_TRUNK,FDR-549,Private Minibus,56.892,Regional_District,3515.6,170.7,City_Core,113,56.5,3,1.5,0.1679,0.0648,1.25,0.1164,False,LP,35,0,0,0,0,False,,0,143888,471,38,0.0593,OSRM+JhelumBridge,False,Year_Round,False,False,False,False,54.9,3120.9,0.0,124.0,0.0,Red_NoCapacity,108.4,True,1245.0,202861.0,0.006,True,2964886.0,0.061,route_maps_kashmir/FDR-549.html,494,MALANGAM to SRINAGAR,MALANGAM,34.418,74.643,SRINAGAR,34.0747444,74.8204443,Regular Bus,Ordinary Service,27,140,27-140
R0498,Sopore to Srinagar,BRSR06020239,MERGED_INTO_TRUNK,FDR-511,Private Minibus,50.022,Regional_District,2805.9,150.1,City_Core,100,50.0,4,2.0,0.278,0.0933,1.25,0.1856,False,LP,35,0,0,0,0,False,,0,173791,471,57,0.0823,OSRM+JhelumBridge,False,Year_Round,False,False,False,False,54.9,2744.1,0.0,108.0,0.0,Red_NoCapacity,98.0,True,1083.0,178364.0,0.006,True,2606861.0,0.074,route_maps_kashmir/FDR-511.html,497,SOPORE to SRINAGAR,SOPORE,34.2869124,74.4625673,SRINAGAR,34.0747444,74.8204443,Regular Bus,Ordinary Service,39,140,39-140
R0502,URI to Srinagar,BRSR02020239,MERGED_INTO_TRUNK,FDR-541,Private Minibus,77.426,Regional_District,4007.5,232.3,City_Core,154,77.0,0,0.0,0.1985,0.057,1.25,0.1278,False,LP,35,0,0,0,0,False,,0,216177,476,53,0.0551,OSRM+JhelumBridge,False,Year_Round,False,False,False,False,54.9,4247.4,0.0,199.0,0.0,Red_NoCapacity,139.2,True,1992.0,276079.0,0.007,True,4035001.0,0.091,route_maps_kashmir/FDR-541.html,501,URI to SRINAGAR,URI,34.1445102,74.1857451,SRINAGAR,34.0747444,74.8204443,Regular Bus,Ordinary Service,35,140,35-140
R0505,Nambia to Baramulla,BRBR01010201,MERGED_INTO_TRUNK,FDR-593,Private Minibus,2.961,Urban,205.6,23.7,City_Core,5,2.5,2,1.0,0.6201,0.0,1.25,0.31,False,LP,35,0,0,0,0,False,,0,18979,13,0,0.0103,OSRM,False,Year_Round,False,False,False,False,54.9,162.4,0.0,764.0,0.0,Red_NoCapacity,34.8,False,7643.0,10558.0,0.724,False,154310.0,0.293,route_maps_kashmir/FDR-593.html,504,NAMBIA to BARAMULLA,NAMBIA,34.198,74.364,BARAMULLA,34.2086903,74.343498,Regular Bus,Ordinary Service,33,32,32-33
R0508,Kachoo to Baramulla,BRBR01010201,MERGED_INTO_TRUNK,FDR-593,Private Minibus,2.961,Urban,205.6,23.7,City_Core,5,2.5,2,1.0,0.6201,0.0,1.25,0.31,False,LP,35,0,0,0,0,False,,0,18979,13,0,0.0103,OSRM,False,Year_Round,False,False,False,False,54.9,162.4,0.0,764.0,0.0,Red_NoCapacity,34.8,False,7643.0,10558.0,0.724,False,154310.0,0.293,route_maps_kashmir/FDR-593.html,507,KACHOO to BARAMULLA,KACHOO,34.198,74.364,BARAMULLA,34.2086903,74.343498,Regular Bus,Ordinary Service,33,32,32-33
R0509,Maidanan to Srinagar,BRSR01020239,MERGED_INTO_TRUNK,FDR-521,Private Minibus,56.5,Regional_District,3055.5,169.5,City_Core,113,56.5,1,0.5,0.2651,0.0782,1.25,0.1716,False,LP,35,0,0,0,0,False,,0,190050,475,53,0.0738,OSRM+JhelumBridge,False,Year_Round,False,False,False,False,54.9,3099.4,0.0,131.0,0.0,Red_NoCapacity,107.8,True,1310.0,201463.0,0.007,True,2944457.0,0.08,route_maps_kashmir/FDR-521.html,508,MAIDANAN to SRINAGAR,MAIDANAN,34.198,74.364,SRINAGAR,34.0747444,74.8204443,Regular Bus,Ordinary Service,33,140,33-140
R0510,Ijara to Srinagar,BRSR01020239,MERGED_INTO_TRUNK,FDR-521,Private Minibus,56.5,Regional_District,3055.5,169.5,City_Core,113,56.5,1,0.5,0.2651,0.0782,1.25,0.1716,False,LP,35,0,0,0,0,False,,0,190050,475,53,0.0738,OSRM+JhelumBridge,False,Year_Round,False,False,False,False,54.9,3099.4,0.0,131.0,0.0,Red_NoCapacity,107.8,True,1310.0,201463.0,0.007,True,2944457.0,0.08,route_maps_kashmir/FDR-521.html,509,IJARA to SRINAGAR,IJARA,34.198,74.364,SRINAGAR,34.0747444,74.8204443,Regular Bus,Ordinary Service,33,140,33-140
R0516,Srinagar to Kapwara,SRKW02033904,MERGED_INTO_TRUNK,FDR-553,Private Minibus,88.147,Regional_District,5073.3,264.4,City_Core,176,88.0,4,2.0,0.1578,0.0511,1.25,0.1044,False,LP,35,0,0,0,0,False,,0,215331,472,54,0.0542,OSRM+JhelumBridge,False,Year_Round,False,False,False,False,54.9,4835.5,0.0,203.0,0.0,Red_NoCapacity,155.2,True,2034.0,314307.0,0.006,True,4593718.0,0.091,route_maps_kashmir/FDR-553.html,515,SRINAGAR to KAPWARA,SRINAGAR,34.0747444,74.8204443,KAPWARA,34.526,74.255,Regular Bus,Ordinary Service,140,67,67-140
R0523,Dhpora to Srinagar,KGSR03020239,MERGED_INTO_TRUNK,FDR-008,Private Minibus,66.828,Regional_District,3066.2,200.5,City_Core,133,66.5,2,1.0,0.0692,0.0592,1.25,0.0642,False,LP,35,0,0,0,0,False,,0,112457,309,51,0.0471,OSRM,False,Year_Round,False,False,False,False,54.9,3666.0,0.0,187.0,0.0,Red_NoCapacity,123.2,True,1867.0,238290.0,0.008,True,3482693.0,0.073,route_maps_kashmir/FDR-008.html,522,DHPORA to SRINAGAR,DHPORA,33.645,75.019,SRINAGAR,34.0747444,74.8204443,Regular Bus,Ordinary Service,57,140,57-140
R0529,Pulwama to Srinagar,PWSR03020539,MERGED_INTO_TRUNK,FDR-444,Private Minibus,28.043,Peri_Urban,1514.9,140.2,City_Core,56,28.0,2,1.0,0.3597,0.1638,1.25,0.2618,False,LP,35,0,0,0,0,False,,0,117099,438,52,0.0549,OSRM,False,Year_Round,False,False,False,False,54.9,1538.4,0.0,157.0,0.0,Red_NoCapacity,93.1,True,1569.0,99993.0,0.016,True,1461441.0,0.054,route_maps_kashmir/FDR-444.html,528,PULWAMA to SRINAGAR,PULWAMA,33.8756947,74.9003129,SRINAGAR,34.0747444,74.8204443,Regular Bus,Ordinary Service,78,140,78-140
R0533,Letter to Srinagar,PWSR03020339,MERGED_INTO_TRUNK,FDR-440,Private Minibus,28.289,Peri_Urban,1552.3,141.4,City_Core,56,28.0,3,1.5,0.3615,0.1672,1.25,0.2643,False,LP,35,0,0,0,0,False,,0,118560,438,54,0.0546,OSRM,False,Year_Round,False,False,False,False,54.9,1551.9,0.0,160.0,0.0,Red_NoCapacity,93.7,True,1597.0,100870.0,0.016,True,1474261.0,0.054,route_maps_kashmir/FDR-440.html,532,LETTER to SRINAGAR,LETTER,33.874,74.899,SRINAGAR,34.0747444,74.8204443,Regular Bus,Ordinary Service,76,140,76-140
R0536,Keller to Srinagar,SPSR01020439,MERGED_INTO_TRUNK,FDR-531,Private Minibus,50.252,Regional_District,3721.0,150.8,City_Core,100,50.0,5,2.5,0.2108,0.0975,1.25,0.1542,True,MP,35,0,0,0,0,False,,0,145610,438,56,0.0344,OSRM+JhelumBridge,False,Year_Round,True,False,False,False,54.9,2756.7,0.0,234.0,0.0,Red_NoCapacity,98.4,True,2335.0,179184.0,0.013,False,2618847.0,0.1,route_maps_kashmir/FDR-531.html,535,KELLER to SRINAGAR,KELLER,33.76326,74.76575,SRINAGAR,34.0747444,74.8204443,Regular Bus,Ordinary Service,90,140,90-140
R0537,Keller to Srinagar,SPSR01020439,MERGED_INTO_TRUNK,FDR-531,Private Minibus,50.252,Regional_District,3721.0,150.8,City_Core,100,50.0,5,2.5,0.2108,0.0975,1.25,0.1542,True,MP,35,0,0,0,0,False,,0,145610,438,56,0.0344,OSRM+JhelumBridge,False,Year_Round,True,False,False,False,54.9,2756.7,0.0,234.0,0.0,Red_NoCapacity,98.4,True,2335.0,179184.0,0.013,False,2618847.0,0.1,route_maps_kashmir/FDR-531.html,536,KELLER to SRINAGAR,KELLER,33.76326,74.76575,SRINAGAR,34.0747444,74.8204443,Regular Bus,Ordinary Service,90,140,90-140
R0538,Achguze to Srinagar,PWSR03020339,MERGED_INTO_TRUNK,FDR-440,Private Minibus,28.289,Peri_Urban,1552.3,141.4,City_Core,56,28.0,3,1.5,0.3615,0.1672,1.25,0.2643,False,LP,35,0,0,0,0,False,,0,118560,438,54,0.0546,OSRM,False,Year_Round,False,False,False,False,54.9,1551.9,0.0,160.0,0.0,Red_NoCapacity,93.7,True,1597.0,100870.0,0.016,True,1474261.0,0.054,route_maps_kashmir/FDR-440.html,537,ACHGUZE to SRINAGAR,ACHGUZE,33.874,74.899,SRINAGAR,34.0747444,74.8204443,Regular Bus,Ordinary Service,76,140,76-140
R0540,Pakherpora to Srinagar,BGSR04020339,MERGED_INTO_TRUNK,FDR-519,Private Minibus,41.976,Regional_District,3171.9,125.9,City_Core,83,41.5,4,2.0,0.2337,0.1096,1.25,0.1716,False,LP,35,0,0,0,0,False,,0,129893,442,54,0.0297,OSRM+JhelumBridge,False,Year_Round,False,False,False,False,54.9,2302.7,0.0,239.0,0.0,Red_NoCapacity,86.0,True,2391.0,149674.0,0.016,True,2187549.0,0.059,route_maps_kashmir/FDR-519.html,539,PAKHERPORA to SRINAGAR,PAKHERPORA,33.81517,74.76419,SRINAGAR,34.0747444,74.8204443,Regular Bus,Ordinary Service,24,140,24-140
R0542,Anantnagh to Srinagar,ANSR01020139,MERGED_INTO_TRUNK,FDR-013,Private Minibus,59.305,Regional_District,2812.0,177.9,City_Core,118,59.0,2,1.0,0.1484,0.0735,1.25,0.111,False,LP,35,0,0,0,0,False,,0,140075,314,57,0.0556,OSRM,False,Year_Round,False,False,False,False,54.9,3253.3,0.0,194.0,0.0,Red_NoCapacity,112.0,True,1939.0,211465.0,0.009,True,3090638.0,0.089,route_maps_kashmir/FDR-013.html,541,ANANTNAGH to SRINAGAR,ANANTNAGH,33.74611,75.18545,SRINAGAR,34.0747444,74.8204443,Regular Bus,Ordinary Service,0,140,0-140
R0543,Anantnagh to Srinagar,ANSR01020139,MERGED_INTO_TRUNK,FDR-013,Private Minibus,59.305,Regional_District,2812.0,177.9,City_Core,118,59.0,2,1.0,0.1484,0.0735,1.25,0.111,False,LP,35,0,0,0,0,False,,0,140075,314,57,0.0556,OSRM,False,Year_Round,False,False,False,False,54.9,3253.3,0.0,194.0,0.0,Red_NoCapacity,112.0,True,1939.0,211465.0,0.009,True,3090638.0,0.089,route_maps_kashmir/FDR-013.html,542,ANANTNAGH to SRINAGAR,ANANTNAGH,33.74611,75.18545,SRINAGAR,34.0747444,74.8204443,Regular Bus,Ordinary Service,0,140,0-140
R0544,Anantnagh to Srinagar,ANSR01020139,MERGED_INTO_TRUNK,FDR-013,Private Minibus,59.305,Regional_District,2812.0,177.9,City_Core,118,59.0,2,1.0,0.1484,0.0735,1.25,0.111,False,LP,35,0,0,0,0,False,,0,140075,314,57,0.0556,OSRM,False,Year_Round,False,False,False,False,54.9,3253.3,0.0,194.0,0.0,Red_NoCapacity,112.0,True,1939.0,211465.0,0.009,True,3090638.0,0.089,route_maps_kashmir/FDR-013.html,543,ANANTNAGH to SRINAGAR,ANANTNAGH,33.74611,75.18545,SRINAGAR,34.0747444,74.8204443,Regular Bus,Ordinary Service,0,140,0-140
R0545,Anantnagh to Srinagar,ANSR01020139,MERGED_INTO_TRUNK,FDR-013,Private Minibus,59.305,Regional_District,2812.0,177.9,City_Core,118,59.0,2,1.0,0.1484,0.0735,1.25,0.111,False,LP,35,0,0,0,0,False,,0,140075,314,57,0.0556,OSRM,False,Year_Round,False,False,False,False,54.9,3253.3,0.0,194.0,0.0,Red_NoCapacity,112.0,True,1939.0,211465.0,0.009,True,3090638.0,0.089,route_maps_kashmir/FDR-013.html,544,ANANTNAGH to SRINAGAR,ANANTNAGH,33.74611,75.18545,SRINAGAR,34.0747444,74.8204443,Regular Bus,Ordinary Service,0,140,0-140
R0546,Anantnagh to Srinagar,ANSR01020139,MERGED_INTO_TRUNK,FDR-013,Private Minibus,59.305,Regional_District,2812.0,177.9,City_Core,118,59.0,2,1.0,0.1484,0.0735,1.25,0.111,False,LP,35,0,0,0,0,False,,0,140075,314,57,0.0556,OSRM,False,Year_Round,False,False,False,False,54.9,3253.3,0.0,194.0,0.0,Red_NoCapacity,112.0,True,1939.0,211465.0,0.009,True,3090638.0,0.089,route_maps_kashmir/FDR-013.html,545,ANANTNAGH to SRINAGAR,ANANTNAGH,33.74611,75.18545,SRINAGAR,34.0747444,74.8204443,Regular Bus,Ordinary Service,0,140,0-140
R0547,Anantnagh to Srinagar,ANSR01020139,MERGED_INTO_TRUNK,FDR-013,Private Minibus,59.305,Regional_District,2812.0,177.9,City_Core,118,59.0,2,1.0,0.1484,0.0735,1.25,0.111,False,LP,35,0,0,0,0,False,,0,140075,314,57,0.0556,OSRM,False,Year_Round,False,False,False,False,54.9,3253.3,0.0,194.0,0.0,Red_NoCapacity,112.0,True,1939.0,211465.0,0.009,True,3090638.0,0.089,route_maps_kashmir/FDR-013.html,546,ANANTNAGH to SRINAGAR,ANANTNAGH,33.74611,75.18545,SRINAGAR,34.0747444,74.8204443,Regular Bus,Ordinary Service,0,140,0-140
R0548,Anantnagh to Srinagar,ANSR01020139,MERGED_INTO_TRUNK,FDR-013,Private Minibus,59.305,Regional_District,2812.0,177.9,City_Core,118,59.0,2,1.0,0.1484,0.0735,1.25,0.111,False,LP,35,0,0,0,0,False,,0,140075,314,57,0.0556,OSRM,False,Year_Round,False,False,False,False,54.9,3253.3,0.0,194.0,0.0,Red_NoCapacity,112.0,True,1939.0,211465.0,0.009,True,3090638.0,0.089,route_maps_kashmir/FDR-013.html,547,ANANTNAGH to SRINAGAR,ANANTNAGH,33.74611,75.18545,SRINAGAR,34.0747444,74.8204443,Regular Bus,Ordinary Service,0,140,0-140
R0549,Anantnagh to Srinagar,ANSR01020139,MERGED_INTO_TRUNK,FDR-013,Private Minibus,59.305,Regional_District,2812.0,177.9,City_Core,118,59.0,2,1.0,0.1484,0.0735,1.25,0.111,False,LP,35,0,0,0,0,False,,0,140075,314,57,0.0556,OSRM,False,Year_Round,False,False,False,False,54.9,3253.3,0.0,194.0,0.0,Red_NoCapacity,112.0,True,1939.0,211465.0,0.009,True,3090638.0,0.089,route_maps_kashmir/FDR-013.html,548,ANANTNAGH to SRINAGAR,ANANTNAGH,33.74611,75.18545,SRINAGAR,34.0747444,74.8204443,Regular Bus,Ordinary Service,0,140,0-140
R0550,Anantnagh to Srinagar,ANSR01020139,MERGED_INTO_TRUNK,FDR-013,Private Minibus,59.305,Regional_District,2812.0,177.9,City_Core,118,59.0,2,1.0,0.1484,0.0735,1.25,0.111,False,LP,35,0,0,0,0,False,,0,140075,314,57,0.0556,OSRM,False,Year_Round,False,False,False,False,54.9,3253.3,0.0,194.0,0.0,Red_NoCapacity,112.0,True,1939.0,211465.0,0.009,True,3090638.0,0.089,route_maps_kashmir/FDR-013.html,549,ANANTNAGH to SRINAGAR,ANANTNAGH,33.74611,75.18545,SRINAGAR,34.0747444,74.8204443,Regular Bus,Ordinary Service,0,140,0-140
R0555,Kaprun to Srinagar,ANSR01020239,MERGED_INTO_TRUNK,FDR-023,Private Minibus,56.111,Regional_District,2644.2,168.3,City_Core,112,56.0,4,2.0,0.1382,0.0707,1.25,0.1044,True,MP,35,0,0,0,0,False,,0,127624,313,50,0.0575,OSRM,False,Year_Round,True,False,False,False,54.9,3078.1,0.0,171.0,0.0,Red_NoCapacity,107.2,True,1713.0,200076.0,0.009,False,2924185.0,0.123,route_maps_kashmir/FDR-023.html,554,KAPRUN to SRINAGAR,KAPRUN,33.73,75.148,SRINAGAR,34.0747444,74.8204443,Regular Bus,Ordinary Service,1,140,1-140
R0556,Chowgund to Srinagar,ANSR01020239,MERGED_INTO_TRUNK,FDR-023,Private Minibus,56.111,Regional_District,2644.2,168.3,City_Core,112,56.0,4,2.0,0.1382,0.0707,1.25,0.1044,True,MP,35,0,0,0,0,False,,0,127624,313,50,0.0575,OSRM,False,Year_Round,True,False,False,False,54.9,3078.1,0.0,171.0,0.0,Red_NoCapacity,107.2,True,1713.0,200076.0,0.009,False,2924185.0,0.123,route_maps_kashmir/FDR-023.html,555,CHOWGUND to SRINAGAR,CHOWGUND,33.73,75.148,SRINAGAR,34.0747444,74.8204443,Regular Bus,Ordinary Service,1,140,1-140
R0559,Vailo to Srinagar,ANSR01020239,MERGED_INTO_TRUNK,FDR-023,Private Minibus,56.111,Regional_District,2644.2,168.3,City_Core,112,56.0,4,2.0,0.1382,0.0707,1.25,0.1044,True,MP,35,0,0,0,0,False,,0,127624,313,50,0.0575,OSRM,False,Year_Round,True,False,False,False,54.9,3078.1,0.0,171.0,0.0,Red_NoCapacity,107.2,True,1713.0,200076.0,0.009,False,2924185.0,0.123,route_maps_kashmir/FDR-023.html,558,VAILO to SRINAGAR,VAILO,33.73,75.148,SRINAGAR,34.0747444,74.8204443,Regular Bus,Ordinary Service,1,140,1-140
R0560,Chakil Pora to Srinagar,ANSR01020239,MERGED_INTO_TRUNK,FDR-023,Private Minibus,56.111,Regional_District,2644.2,168.3,City_Core,112,56.0,4,2.0,0.1382,0.0707,1.25,0.1044,True,MP,35,0,0,0,0,False,,0,127624,313,50,0.0575,OSRM,False,Year_Round,True,False,False,False,54.9,3078.1,0.0,171.0,0.0,Red_NoCapacity,107.2,True,1713.0,200076.0,0.009,False,2924185.0,0.123,route_maps_kashmir/FDR-023.html,559,CHAKIL PORA to SRINAGAR,CHAKIL PORA,33.73,75.148,SRINAGAR,34.0747444,74.8204443,Regular Bus,Ordinary Service,1,140,1-140
R0561,Haftnar to Anantnagh,ANAN01010201,MERGED_INTO_TRUNK,FDR-025,Private Minibus,4.333,Urban,331.9,31.3,Peri_Urban,8,4.0,5,2.5,0.503,0.1069,1.25,0.305,True,MP,35,0,0,0,0,False,,0,23420,23,7,0.0168,OSRM,False,Year_Round,False,False,False,False,54.9,237.7,0.0,943.0,0.0,Red_NoCapacity,38.6,False,9432.0,15450.0,0.61,False,225811.0,0.306,route_maps_kashmir/FDR-025.html,560,HAFTNAR to ANANTNAGH,HAFTNAR,33.73,75.148,ANANTNAGH,33.74611,75.18545,Regular Bus,Ordinary Service,1,0,0-1
R0562,Kherum to Anantnagh,ANAN01010201,MERGED_INTO_TRUNK,FDR-025,Private Minibus,4.333,Urban,331.9,31.3,Peri_Urban,8,4.0,5,2.5,0.503,0.1069,1.25,0.305,True,MP,35,0,0,0,0,False,,0,23420,23,7,0.0168,OSRM,False,Year_Round,False,False,False,False,54.9,237.7,0.0,943.0,0.0,Red_NoCapacity,38.6,False,9432.0,15450.0,0.61,False,225811.0,0.306,route_maps_kashmir/FDR-025.html,561,KHERUM to ANANTNAGH,KHERUM,33.73,75.148,ANANTNAGH,33.74611,75.18545,Regular Bus,Ordinary Service,1,0,0-1
R0563,Matigawran to Anantnag,ANAN01010201,MERGED_INTO_TRUNK,FDR-025,Private Minibus,4.333,Urban,331.9,31.3,Peri_Urban,8,4.0,5,2.5,0.503,0.1069,1.25,0.305,True,MP,35,0,0,0,0,False,,0,23420,23,7,0.0168,OSRM,False,Year_Round,False,False,False,False,54.9,237.7,0.0,943.0,0.0,Red_NoCapacity,38.6,False,9432.0,15450.0,0.61,False,225811.0,0.306,route_maps_kashmir/FDR-025.html,562,MATIGAWRAN to ANANTNAG,MATIGAWRAN,33.73,75.148,ANANTNAG,33.74611,75.1854475,Regular Bus,Ordinary Service,1,0,0-1
R0568,Srinagar to Khrew,SRPW02023901,MERGED_INTO_TRUNK,FDR-476,JKRTC / City Bus,19.597,Urban,1389.0,156.8,City_Core,39,19.5,2,1.0,0.3232,0.1406,1.25,0.2319,False,LP,35,0,0,0,0,False,,0,75685,307,38,0.0915,OSRM,False,Year_Round,False,False,False,False,54.9,1075.0,0.0,109.0,0.0,Red_NoCapacity,101.4,True,1085.0,69877.0,0.016,True,1021284.0,0.049,route_maps_kashmir/FDR-476.html,567,SRINAGAR to KHREW,SRINAGAR,34.0747444,74.8204443,KHREW,34.0198524,74.9995393,City Bus,Ordinary Service,140,70,70-140
R0572,Srinagar to Bypass,SRSR02023910,MERGED_INTO_TRUNK,FDR-123,JKRTC / City Bus,8.341,Urban,941.8,66.7,City_Core,16,8.0,3,1.5,0.8241,0.4495,1.25,0.6368,False,HP,20,0,0,0,0,False,,0,68065,444,37,0.2062,OSRM+JhelumBridge,False,Year_Round,False,False,False,False,96.0,800.7,0.0,52.0,0.0,Red_NoCapacity,48.8,True,524.0,52048.0,0.01,True,760699.0,0.031,route_maps_kashmir/FDR-123.html,571,SRINAGAR to BYPASS,SRINAGAR,34.0747444,74.8204443,BYPASS,34.0909355,74.7608808,City Bus,Ordinary Service,140,111,111-140
R0574,Srinagar to Bypass,SRSR02023910,MERGED_INTO_TRUNK,FDR-123,JKRTC / City Bus,8.341,Urban,941.8,66.7,City_Core,16,8.0,3,1.5,0.8241,0.4495,1.25,0.6368,False,HP,20,0,0,0,0,False,,0,68065,444,37,0.2062,OSRM+JhelumBridge,False,Year_Round,False,False,False,False,96.0,800.7,0.0,52.0,0.0,Red_NoCapacity,48.8,True,524.0,52048.0,0.01,True,760699.0,0.031,route_maps_kashmir/FDR-123.html,573,SRINAGAR to BYPASS,SRINAGAR,34.0747444,74.8204443,BYPASS,34.0909355,74.7608808,City Bus,Ordinary Service,140,111,111-140
R0578,Srinagar to Pampore,SRPW02023902,MERGED_INTO_TRUNK,FDR-370,JKRTC / City Bus,12.883,Urban,647.3,80.8,City_Core,25,12.5,1,0.5,0.5072,0.2564,1.25,0.3818,False,MP,35,0,0,0,0,False,,0,70093,307,47,0.1614,OSRM,False,Year_Round,False,False,False,False,54.9,706.7,0.0,57.0,0.0,Red_NoCapacity,63.4,True,570.0,45937.0,0.012,True,671388.0,0.046,route_maps_kashmir/FDR-370.html,577,SRINAGAR to PAMPORE,SRINAGAR,34.0747444,74.8204443,PAMPORE,34.01092,74.91303,City Bus,Ordinary Service,140,71,71-140
R0581,Srinagar to Railway,SRSR02023931,MERGED_INTO_TRUNK,FDR-093,JKRTC / City Bus,7.778,Urban,440.7,55.3,City_Core,15,7.5,3,1.5,0.9674,0.4864,1.25,0.7269,False,HP,20,0,0,0,0,False,,0,73036,438,41,0.1245,OSRM,False,Year_Round,False,False,False,False,96.0,746.7,0.0,94.0,0.0,Red_NoCapacity,43.2,False,944.0,48535.0,0.019,True,709354.0,0.033,route_maps_kashmir/FDR-093.html,580,SRINAGAR to RAILWAY,SRINAGAR,34.0747444,74.8204443,RAILWAY,34.0257162,74.8251872,City Bus,Ordinary Service,140,132,132-140
R0582,Srinagar to Pampore,SRPW02023902,MERGED_INTO_TRUNK,FDR-370,JKRTC / City Bus,12.883,Urban,647.3,80.8,City_Core,25,12.5,1,0.5,0.5072,0.2564,1.25,0.3818,False,MP,35,0,0,0,0,False,,0,70093,307,47,0.1614,OSRM,False,Year_Round,False,False,False,False,54.9,706.7,0.0,57.0,0.0,Red_NoCapacity,63.4,True,570.0,45937.0,0.012,True,671388.0,0.046,route_maps_kashmir/FDR-370.html,581,SRINAGAR to PAMPORE,SRINAGAR,34.0747444,74.8204443,PAMPORE,34.01092,74.91303,City Bus,Ordinary Service,140,71,71-140
R0584,Srinagar to Chadoora,SRBG02033901,MERGED_INTO_TRUNK,FDR-326,JKRTC / City Bus,16.895,Urban,1452.7,135.2,City_Core,33,16.5,2,1.0,0.6242,0.26,1.25,0.4421,False,MP,35,0,0,0,0,False,,0,108893,442,50,0.0661,OSRM+JhelumBridge,False,Year_Round,False,False,False,False,54.9,926.8,0.0,150.0,0.0,Red_NoCapacity,90.6,True,1501.0,60243.0,0.025,True,880471.0,0.049,route_maps_kashmir/FDR-326.html,583,SRINAGAR to CHADOORA,SRINAGAR,34.0747444,74.8204443,CHADOORA,33.9437273,74.7986725,City Bus,Ordinary Service,140,20,20-140
R0585,Srinagar to Pampore,SRPW02023902,MERGED_INTO_TRUNK,FDR-370,JKRTC / City Bus,12.883,Urban,647.3,80.8,City_Core,25,12.5,1,0.5,0.5072,0.2564,1.25,0.3818,False,MP,35,0,0,0,0,False,,0,70093,307,47,0.1614,OSRM,False,Year_Round,False,False,False,False,54.9,706.7,0.0,57.0,0.0,Red_NoCapacity,63.4,True,570.0,45937.0,0.012,True,671388.0,0.046,route_maps_kashmir/FDR-370.html,584,SRINAGAR to PAMPORE,SRINAGAR,34.0747444,74.8204443,PAMPORE,34.01092,74.91303,City Bus,Ordinary Service,140,71,71-140
R0586,Srinagar to Bypass,SRSR02023910,MERGED_INTO_TRUNK,FDR-123,JKRTC / City Bus,8.341,Urban,941.8,66.7,City_Core,16,8.0,3,1.5,0.8241,0.4495,1.25,0.6368,False,HP,20,0,0,0,0,False,,0,68065,444,37,0.2062,OSRM+JhelumBridge,False,Year_Round,False,False,False,False,96.0,800.7,0.0,52.0,0.0,Red_NoCapacity,48.8,True,524.0,52048.0,0.01,True,760699.0,0.031,route_maps_kashmir/FDR-123.html,585,SRINAGAR to BYPASS,SRINAGAR,34.0747444,74.8204443,BYPASS,34.0909355,74.7608808,City Bus,Ordinary Service,140,111,111-140
R0588,Srinagar to Pampore,SRPW02023902,MERGED_INTO_TRUNK,FDR-370,JKRTC / City Bus,12.883,Urban,647.3,80.8,City_Core,25,12.5,1,0.5,0.5072,0.2564,1.25,0.3818,False,MP,35,0,0,0,0,False,,0,70093,307,47,0.1614,OSRM,False,Year_Round,False,False,False,False,54.9,706.7,0.0,57.0,0.0,Red_NoCapacity,63.4,True,570.0,45937.0,0.012,True,671388.0,0.046,route_maps_kashmir/FDR-370.html,587,SRINAGAR to PAMPORE,SRINAGAR,34.0747444,74.8204443,PAMPORE,34.01092,74.91303,City Bus,Ordinary Service,140,71,71-140
R0590,Srinagar to Harwan,SRSR02013903,MERGED_INTO_TRUNK,FDR-599,JKRTC / City Bus,16.558,Urban,1070.2,125.9,City_Core,33,16.5,3,1.5,0.3738,0.1722,1.25,0.273,False,LP,35,0,0,0,0,False,,0,71141,281,28,0.0211,OSRM,True,Seasonal,False,False,False,False,54.9,908.3,0.0,483.0,0.0,Red_NoCapacity,86.0,True,4832.0,59041.0,0.082,True,862908.0,0.051,route_maps_kashmir/FDR-599.html,589,SRINAGAR to HARWAN,SRINAGAR,34.0747444,74.8204443,HARWAN,34.1596124,74.9042444,City Bus,Ordinary Service,140,95,95-140
R0591,Srinagar to Pampore,SRPW02023902,MERGED_INTO_TRUNK,FDR-370,JKRTC / City Bus,12.883,Urban,647.3,80.8,City_Core,25,12.5,1,0.5,0.5072,0.2564,1.25,0.3818,False,MP,35,0,0,0,0,False,,0,70093,307,47,0.1614,OSRM,False,Year_Round,False,False,False,False,54.9,706.7,0.0,57.0,0.0,Red_NoCapacity,63.4,True,570.0,45937.0,0.012,True,671388.0,0.046,route_maps_kashmir/FDR-370.html,590,SRINAGAR to PAMPORE,SRINAGAR,34.0747444,74.8204443,PAMPORE,34.01092,74.91303,City Bus,Ordinary Service,140,71,71-140
R0592,Srinagar to NEW Khanda,SRPW02033904,MERGED_INTO_TRUNK,FDR-435,JKRTC / City Bus,22.786,Urban,1284.7,157.5,City_Core,45,22.5,4,2.0,0.4131,0.19,1.25,0.3016,False,LP,35,0,0,0,0,False,,0,105580,438,48,0.062,OSRM,False,Year_Round,False,False,False,False,54.9,1250.0,0.0,157.0,0.0,Red_NoCapacity,101.8,True,1566.0,81248.0,0.019,True,1187476.0,0.048,route_maps_kashmir/FDR-435.html,591,SRINAGAR to NEW KHANDA,SRINAGAR,34.0747444,74.8204443,NEW KHANDA,33.9154,74.88252,City Bus,Ordinary Service,140,77,77-140
R0593,Srinagar to Khrew,SRPW02023901,MERGED_INTO_TRUNK,FDR-476,JKRTC / City Bus,19.597,Urban,1389.0,156.8,City_Core,39,19.5,2,1.0,0.3232,0.1406,1.25,0.2319,False,LP,35,0,0,0,0,False,,0,75685,307,38,0.0915,OSRM,False,Year_Round,False,False,False,False,54.9,1075.0,0.0,109.0,0.0,Red_NoCapacity,101.4,True,1085.0,69877.0,0.016,True,1021284.0,0.049,route_maps_kashmir/FDR-476.html,592,SRINAGAR to KHREW,SRINAGAR,34.0747444,74.8204443,KHREW,34.0198524,74.9995393,City Bus,Ordinary Service,140,70,70-140
R0594,Srinagar to Pampore,SRPW02023902,MERGED_INTO_TRUNK,FDR-370,JKRTC / City Bus,12.883,Urban,647.3,80.8,City_Core,25,12.5,1,0.5,0.5072,0.2564,1.25,0.3818,False,MP,35,0,0,0,0,False,,0,70093,307,47,0.1614,OSRM,False,Year_Round,False,False,False,False,54.9,706.7,0.0,57.0,0.0,Red_NoCapacity,63.4,True,570.0,45937.0,0.012,True,671388.0,0.046,route_maps_kashmir/FDR-370.html,593,SRINAGAR to PAMPORE,SRINAGAR,34.0747444,74.8204443,PAMPORE,34.01092,74.91303,City Bus,Ordinary Service,140,71,71-140
R0595,Srinagar to Pampore,SRPW02023902,MERGED_INTO_TRUNK,FDR-370,JKRTC / City Bus,12.883,Urban,647.3,80.8,City_Core,25,12.5,1,0.5,0.5072,0.2564,1.25,0.3818,False,MP,35,0,0,0,0,False,,0,70093,307,47,0.1614,OSRM,False,Year_Round,False,False,False,False,54.9,706.7,0.0,57.0,0.0,Red_NoCapacity,63.4,True,570.0,45937.0,0.012,True,671388.0,0.046,route_maps_kashmir/FDR-370.html,594,SRINAGAR to PAMPORE,SRINAGAR,34.0747444,74.8204443,PAMPORE,34.01092,74.91303,City Bus,Ordinary Service,140,71,71-140
R0596,Srinagar to Gulabagh,SRSR02013902,MERGED_INTO_TRUNK,FDR-144,JKRTC / City Bus,14.022,Urban,781.3,102.6,City_Core,28,14.0,8,4.0,0.7691,0.467,1.25,0.618,False,HP,20,0,0,0,0,False,,0,107804,433,88,0.0782,OSRM,False,Year_Round,False,False,False,False,96.0,1346.1,0.0,224.0,0.0,Red_NoCapacity,66.8,True,2244.0,87497.0,0.026,True,1278806.0,0.05,route_maps_kashmir/FDR-144.html,595,SRINAGAR to GULABAGH,SRINAGAR,34.0747444,74.8204443,GULABAGH,34.18015,74.81681,City Bus,Ordinary Service,140,94,94-140
R0597,Srinagar to Bypass,SRSR02023910,MERGED_INTO_TRUNK,FDR-123,JKRTC / City Bus,8.341,Urban,941.8,66.7,City_Core,16,8.0,3,1.5,0.8241,0.4495,1.25,0.6368,False,HP,20,0,0,0,0,False,,0,68065,444,37,0.2062,OSRM+JhelumBridge,False,Year_Round,False,False,False,False,96.0,800.7,0.0,52.0,0.0,Red_NoCapacity,48.8,True,524.0,52048.0,0.01,True,760699.0,0.031,route_maps_kashmir/FDR-123.html,596,SRINAGAR to BYPASS,SRINAGAR,34.0747444,74.8204443,BYPASS,34.0909355,74.7608808,City Bus,Ordinary Service,140,111,111-140
R0598,Srinagar to Ratnipura,SRPW02033907,MERGED_INTO_TRUNK,FDR-040,JKRTC / City Bus,25.991,Urban,1484.1,179.1,City_Core,51,25.5,3,1.5,0.1677,0.1097,1.25,0.1387,False,LP,35,0,0,0,0,False,,0,65701,308,39,0.0723,OSRM,False,Year_Round,False,False,False,False,54.9,1425.8,0.0,119.0,0.0,Red_NoCapacity,112.6,True,1188.0,92676.0,0.013,True,1354502.0,0.043,route_maps_kashmir/FDR-040.html,597,SRINAGAR to RATNIPURA,SRINAGAR,34.0747444,74.8204443,RATNIPURA,33.91694,74.94821,City Bus,Ordinary Service,140,80,80-140
R0599,Srinagar to Pampore,SRPW02023902,MERGED_INTO_TRUNK,FDR-370,JKRTC / City Bus,12.883,Urban,647.3,80.8,City_Core,25,12.5,1,0.5,0.5072,0.2564,1.25,0.3818,False,MP,35,0,0,0,0,False,,0,70093,307,47,0.1614,OSRM,False,Year_Round,False,False,False,False,54.9,706.7,0.0,57.0,0.0,Red_NoCapacity,63.4,True,570.0,45937.0,0.012,True,671388.0,0.046,route_maps_kashmir/FDR-370.html,598,SRINAGAR to PAMPORE,SRINAGAR,34.0747444,74.8204443,PAMPORE,34.01092,74.91303,City Bus,Ordinary Service,140,71,71-140
R0601,Srinagar to Pampore,SRPW02023902,MERGED_INTO_TRUNK,FDR-370,JKRTC / City Bus,12.883,Urban,647.3,80.8,City_Core,25,12.5,1,0.5,0.5072,0.2564,1.25,0.3818,False,MP,35,0,0,0,0,False,,0,70093,307,47,0.1614,OSRM,False,Year_Round,False,False,False,False,54.9,706.7,0.0,57.0,0.0,Red_NoCapacity,63.4,True,570.0,45937.0,0.012,True,671388.0,0.046,route_maps_kashmir/FDR-370.html,600,SRINAGAR to PAMPORE,SRINAGAR,34.0747444,74.8204443,PAMPORE,34.01092,74.91303,City Bus,Ordinary Service,140,71,71-140
R0603,Srinagar to Bypass,SRSR02023910,MERGED_INTO_TRUNK,FDR-123,JKRTC / City Bus,8.341,Urban,941.8,66.7,City_Core,16,8.0,3,1.5,0.8241,0.4495,1.25,0.6368,False,HP,20,0,0,0,0,False,,0,68065,444,37,0.2062,OSRM+JhelumBridge,False,Year_Round,False,False,False,False,96.0,800.7,0.0,52.0,0.0,Red_NoCapacity,48.8,True,524.0,52048.0,0.01,True,760699.0,0.031,route_maps_kashmir/FDR-123.html,602,SRINAGAR to BYPASS,SRINAGAR,34.0747444,74.8204443,BYPASS,34.0909355,74.7608808,City Bus,Ordinary Service,140,111,111-140
R0604,Srinagar to Gund,SRGB02023901,MERGED_INTO_TRUNK,FDR-517,JKRTC / City Bus,57.421,Peri_Urban,3915.6,287.1,City_Core,114,57.0,7,3.5,0.2262,0.1238,1.25,0.175,True,MP,35,0,0,0,0,False,,0,173998,435,97,0.0226,OSRM,False,Year_Round,False,False,False,False,54.9,3150.0,0.0,570.0,0.0,Red_NoCapacity,166.6,True,5702.0,204747.0,0.028,False,2992454.0,0.12,route_maps_kashmir/FDR-517.html,603,SRINAGAR to GUND,SRINAGAR,34.0747444,74.8204443,GUND,34.25812,75.08881,City Bus,Ordinary Service,140,47,47-140
R0605,Srinagar to Railway,SRSR02023931,MERGED_INTO_TRUNK,FDR-093,JKRTC / City Bus,7.778,Urban,440.7,55.3,City_Core,15,7.5,3,1.5,0.9674,0.4864,1.25,0.7269,False,HP,20,0,0,0,0,False,,0,73036,438,41,0.1245,OSRM,False,Year_Round,False,False,False,False,96.0,746.7,0.0,94.0,0.0,Red_NoCapacity,43.2,False,944.0,48535.0,0.019,True,709354.0,0.033,route_maps_kashmir/FDR-093.html,604,SRINAGAR to RAILWAY,SRINAGAR,34.0747444,74.8204443,RAILWAY,34.0257162,74.8251872,City Bus,Ordinary Service,140,132,132-140
R0606,Srinagar to Pampore,SRPW02023902,MERGED_INTO_TRUNK,FDR-370,JKRTC / City Bus,12.883,Urban,647.3,80.8,City_Core,25,12.5,1,0.5,0.5072,0.2564,1.25,0.3818,False,MP,35,0,0,0,0,False,,0,70093,307,47,0.1614,OSRM,False,Year_Round,False,False,False,False,54.9,706.7,0.0,57.0,0.0,Red_NoCapacity,63.4,True,570.0,45937.0,0.012,True,671388.0,0.046,route_maps_kashmir/FDR-370.html,605,SRINAGAR to PAMPORE,SRINAGAR,34.0747444,74.8204443,PAMPORE,34.01092,74.91303,City Bus,Ordinary Service,140,71,71-140
R0607,Srinagar to Chadoora,SRBG02033901,MERGED_INTO_TRUNK,FDR-326,JKRTC / City Bus,16.895,Urban,1452.7,135.2,City_Core,33,16.5,2,1.0,0.6242,0.26,1.25,0.4421,False,MP,35,0,0,0,0,False,,0,108893,442,50,0.0661,OSRM+JhelumBridge,False,Year_Round,False,False,False,False,54.9,926.8,0.0,150.0,0.0,Red_NoCapacity,90.6,True,1501.0,60243.0,0.025,True,880471.0,0.049,route_maps_kashmir/FDR-326.html,606,SRINAGAR to CHADOORA,SRINAGAR,34.0747444,74.8204443,CHADOORA,33.9437273,74.7986725,City Bus,Ordinary Service,140,20,20-140
R0608,Srinagar to Bugam,SRKG02033901,MERGED_INTO_TRUNK,FDR-036,JKRTC / City Bus,62.557,Peri_Urban,2939.6,312.8,City_Core,125,62.5,2,1.0,0.056,0.0539,1.25,0.055,False,LP,35,0,0,0,0,False,,0,98152,309,47,0.0489,OSRM,False,Year_Round,False,False,False,False,54.9,3431.7,0.0,209.0,0.0,Red_NoCapacity,179.4,True,2093.0,223060.0,0.009,True,3260113.0,0.064,route_maps_kashmir/FDR-036.html,607,SRINAGAR to BUGAM,SRINAGAR,34.0747444,74.8204443,BUGAM,33.68997,75.02656,City Bus,Ordinary Service,140,56,56-140
R0609,Srinagar to Pampore,SRPW02023902,MERGED_INTO_TRUNK,FDR-370,JKRTC / City Bus,12.883,Urban,647.3,80.8,City_Core,25,12.5,1,0.5,0.5072,0.2564,1.25,0.3818,False,MP,35,0,0,0,0,False,,0,70093,307,47,0.1614,OSRM,False,Year_Round,False,False,False,False,54.9,706.7,0.0,57.0,0.0,Red_NoCapacity,63.4,True,570.0,45937.0,0.012,True,671388.0,0.046,route_maps_kashmir/FDR-370.html,608,SRINAGAR to PAMPORE,SRINAGAR,34.0747444,74.8204443,PAMPORE,34.01092,74.91303,City Bus,Ordinary Service,140,71,71-140
R0610,Srinagar to Pampore,SRPW02023902,MERGED_INTO_TRUNK,FDR-370,JKRTC / City Bus,12.883,Urban,647.3,80.8,City_Core,25,12.5,1,0.5,0.5072,0.2564,1.25,0.3818,False,MP,35,0,0,0,0,False,,0,70093,307,47,0.1614,OSRM,False,Year_Round,False,False,False,False,54.9,706.7,0.0,57.0,0.0,Red_NoCapacity,63.4,True,570.0,45937.0,0.012,True,671388.0,0.046,route_maps_kashmir/FDR-370.html,609,SRINAGAR to PAMPORE,SRINAGAR,34.0747444,74.8204443,PAMPORE,34.01092,74.91303,City Bus,Ordinary Service,140,71,71-140
R0611,Srinagar to Pampore,SRPW02023902,MERGED_INTO_TRUNK,FDR-370,JKRTC / City Bus,12.883,Urban,647.3,80.8,City_Core,25,12.5,1,0.5,0.5072,0.2564,1.25,0.3818,False,MP,35,0,0,0,0,False,,0,70093,307,47,0.1614,OSRM,False,Year_Round,False,False,False,False,54.9,706.7,0.0,57.0,0.0,Red_NoCapacity,63.4,True,570.0,45937.0,0.012,True,671388.0,0.046,route_maps_kashmir/FDR-370.html,610,SRINAGAR to PAMPORE,SRINAGAR,34.0747444,74.8204443,PAMPORE,34.01092,74.91303,City Bus,Ordinary Service,140,71,71-140
R0612,Srinagar to Rasoo,SRSR02023934,MERGED_INTO_TRUNK,FDR-597,JKRTC / City Bus,4.174,Urban,762.7,33.4,City_Core,8,4.0,4,2.0,1.0,0.6027,1.25,0.8014,False,HP,20,0,0,0,0,False,,0,40591,392,35,0.1047,OSRM+JhelumBridge,False,Year_Round,False,False,False,False,96.0,400.7,0.0,70.0,0.0,Red_NoCapacity,32.2,False,697.0,26046.0,0.027,True,380669.0,0.021,route_maps_kashmir/FDR-597.html,611,SRINAGAR to RASOO,SRINAGAR,34.0747444,74.8204443,RASOO,34.10539,74.8097,City Bus,Ordinary Service,140,135,135-140
R0613,Srinagar to Harwan,SRSR02013903,MERGED_INTO_TRUNK,FDR-599,JKRTC / City Bus,16.558,Urban,1070.2,125.9,City_Core,33,16.5,3,1.5,0.3738,0.1722,1.25,0.273,False,LP,35,0,0,0,0,False,,0,71141,281,28,0.0211,OSRM,True,Seasonal,False,False,False,False,54.9,908.3,0.0,483.0,0.0,Red_NoCapacity,86.0,True,4832.0,59041.0,0.082,True,862908.0,0.051,route_maps_kashmir/FDR-599.html,612,SRINAGAR to HARWAN,SRINAGAR,34.0747444,74.8204443,HARWAN,34.1596124,74.9042444,City Bus,Ordinary Service,140,95,95-140
