source,sid,doi,year,title,venue,queries,decision,subsection,reason,novelty_flag
openalex,S0001,https://doi.org/10.1016/j.tra.2008.03.011,2008,Transit network design and scheduling: A global review,Transportation Research Part A Policy and Practice,A_core_design;B_accessibility,INCLUDE,2.2,Global review of transit network design,
openalex,S0002,https://doi.org/10.1016/s0277-9536(01)00212-x,2002,Car travel time and accessibility by bus to general practitioner services: a study using patient registers and GIS,Social Science & Medicine,B_accessibility,MAYBE,2.4,Bus accessibility to GP services via GIS,
openalex,S0003,https://doi.org/10.1061/(asce)0733-947x(2009)135:8(491),2009,Transit Route Network Design Problem: Review,Journal of Transportation Engineering,A_core_design,INCLUDE,2.2,TRNDP review,
openalex,S0004,https://doi.org/10.1016/j.jtrangeo.2013.06.011,2013,Modelling travel time in urban networks: comparable measures for private car and public transport,Journal of Transport Geography,B_open_data,MAYBE,2.4,PT travel time computation for accessibility,
openalex,S0005,https://doi.org/10.1061/(asce)0733-947x(2006)132:1(40),2005,Optimal Transit Route Network Design Problem with Variable Transit Demand: Genetic Algorithm Approach,Journal of Transportation Engineering,A_core_design,INCLUDE,2.2,Bus TRNDP genetic algorithm,
openalex,S0006,,2003,WORLD TRANSPORT POLICY AND PRACTICE,,C_global_south,EXCLUDE,,General policy reader,
openalex,S0007,https://doi.org/10.1016/j.apgeog.2013.05.010,2013,Modelling the potential effect of shared bicycles on public transport travel times in Greater Helsinki: An open data approach,Applied Geography,B_open_data,MAYBE,2.5,Open data PT travel time modelling,
openalex,S0008,https://doi.org/10.1016/j.trb.2011.11.001,2012,A self-coördinating bus route to resist bus bunching,Transportation Research Part B Methodological,A_freq_fleet,EXCLUDE,,Bus bunching control,
openalex,S0009,https://doi.org/10.1016/j.trb.2014.05.008,2014,Transit route and frequency design: Bi-level modeling and hybrid artificial bee colony algorithm approach,Transportation Research Part B Methodological,A_core_design;A_freq_fleet,INCLUDE,2.2,Route and frequency design,
openalex,S0010,https://doi.org/10.1111/1467-8667.00309,2003,Genetic Algorithms for Optimal Urban Transit Network Design,Computer-Aided Civil and Infrastructure Engineering,A_core_design,INCLUDE,2.2,GA for transit network design,
openalex,S0011,https://doi.org/10.1016/j.trc.2010.09.003,2010,Transit network design: A procedure and an application to a large urban area,Transportation Research Part C Emerging Technologies,A_core_design,INCLUDE,2.2,Transit network design procedure,
openalex,S0012,https://doi.org/10.1016/j.ejor.2010.08.020,2010,"A simultaneous bus route design and frequency setting problem for Tin Shui Wai, Hong Kong",European Journal of Operational Research,A_core_design;A_freq_fleet,INCLUDE,2.2,Route design and frequency setting,
openalex,S0013,https://doi.org/10.1016/j.trc.2019.12.004,2019,A two-phase optimization model for the demand-responsive customized bus network design,Transportation Research Part C Emerging Technologies,A_core_design,MAYBE,2.2,Customized bus network design,
openalex,S0014,https://doi.org/10.5038/2375-0901.14.4.7,2011,Bus Passenger Origin-Destination Estimation and Related Analyses Using Automated Data Collection Systems,Journal of Public Transportation,A_freq_fleet;B_od_estimation,INCLUDE,2.3,OD inference from ADCS bus data,
openalex,S0015,https://doi.org/10.1016/j.trc.2013.12.005,2014,Transit network design based on travel time reliability,Transportation Research Part C Emerging Technologies,A_core_design,INCLUDE,2.2,Network design with reliability,
openalex,S0016,https://doi.org/10.1061/(asce)0733-947x(2006)132:2(122),2006,Using a Simulated Annealing Algorithm to Solve the Transit Route Network Design Problem,Journal of Transportation Engineering,A_core_design,INCLUDE,2.2,Simulated annealing TRNDP,
openalex,S0017,https://doi.org/10.1016/j.trb.2015.06.014,2015,Efficient transit network design and frequencies setting multi-objective optimization by alternating objective genetic algorithm,Transportation Research Part B Methodological,A_core_design,INCLUDE,2.2,Network and frequency multi-objective GA,
openalex,S0018,https://doi.org/10.1016/j.ejor.2007.02.005,2007,"Optimization of transit route network, vehicle headways and timetables for large-scale transit networks",European Journal of Operational Research,A_core_design;A_freq_fleet,INCLUDE,2.2,Route network and headway optimisation,
openalex,S0019,https://doi.org/10.1080/03052150210909,2002,Optimal Route Network Design for Transit Systems Using Genetic Algorithms,Engineering Optimization,A_core_design,INCLUDE,2.2,GA route network design,
openalex,S0020,https://doi.org/10.1016/j.eswa.2013.05.002,2013,Transit network design by Bee Colony Optimization,Expert Systems with Applications,A_core_design,INCLUDE,2.2,Bee colony network design,
openalex,S0021,https://doi.org/10.1061/(asce)0733-947x(2003)129:2(186),2003,Transit Route Network Design Using Frequency Coded Genetic Algorithm,Journal of Transportation Engineering,A_core_design,INCLUDE,2.2,Frequency coded GA TRND,
openalex,S0022,https://doi.org/10.1080/01441647.2010.543709,2011,Applications of Graph Theory and Network Science to Transit Network Design,Transport Reviews,A_core_design,INCLUDE,2.2,Graph theory for transit network design,
openalex,S0023,https://doi.org/10.1016/j.trc.2014.05.002,2014,Transit network design by genetic algorithm with elitism,Transportation Research Part C Emerging Technologies,A_core_design,INCLUDE,2.2,GA network design,
openalex,S0024,https://doi.org/10.1111/j.1467-8667.2006.00469.x,2006,A Parallel Ant Colony Algorithm for Bus Network Optimization,Computer-Aided Civil and Infrastructure Engineering,A_core_design,INCLUDE,2.2,Ant colony bus network optimisation,
openalex,S0025,https://doi.org/10.5038/2375-0901.8.1.5,2005,Review of Urban Transportation in India,Journal of Public Transportation,C_india,MAYBE,2.7,Review of urban transport in India,
openalex,S0026,https://doi.org/10.1287/trsc.2014.0577,2015,Optimizing Bus Bridging Services in Response to Disruptions of Urban Transit Rail Networks,Transportation Science,A_freq_fleet,EXCLUDE,,Rail disruption bus bridging,
openalex,S0027,https://doi.org/10.1109/tits.2022.3210170,2022,Du-Bus: A Realtime Bus Waiting Time Estimation System Based On Multi-Source Data,IEEE Transactions on Intelligent Transportation Systems,A_freq_fleet,EXCLUDE,,Waiting time prediction,
openalex,S0028,https://doi.org/10.1016/j.jtrangeo.2017.08.017,2017,"Uneven mobilities, uneven opportunities: Social distribution of public transport accessibility to jobs and education in Montevideo",Journal of Transport Geography,B_equity,INCLUDE,2.6,Accessibility equity of transit Montevideo,
openalex,S0029,https://doi.org/10.1061/(asce)0733-947x(2003)129:5(510),2003,Optimal Time Transfer in Bus Transit Route Network Design Using a Genetic Algorithm,Journal of Transportation Engineering,A_core_design;A_freq_fleet,INCLUDE,2.2,Bus route design with frequency,
openalex,S0030,https://doi.org/10.1016/j.trc.2018.02.016,2018,Equity-oriented skip-stopping schedule optimization in an oversaturated urban rail transit network,Transportation Research Part C Emerging Technologies,B_equity,EXCLUDE,,Rail skip-stop scheduling,
openalex,S0031,https://doi.org/10.3390/su7066919,2015,"Vulnerability Analysis of Urban Rail Transit Networks: A Case Study of Shanghai, China",Sustainability,A_core_design;AB_demand_data,EXCLUDE,,Rail vulnerability,
openalex,S0032,https://doi.org/10.1016/j.trc.2011.12.003,2012,Transit route network design-maximizing direct and transfer demand density,Transportation Research Part C Emerging Technologies,A_core_design,INCLUDE,2.2,Transit route network design,
openalex,S0033,,2010,Low back pain among professional bus drivers: ergonomic and occupational-psychosocial risk factors.,PubMed,B_accessibility,EXCLUDE,,Driver health,
openalex,S0034,https://doi.org/10.1109/tits.2014.2298892,2014,B-Planner: Planning Bidirectional Night Bus Routes Using Large-Scale Taxi GPS Traces,IEEE Transactions on Intelligent Transportation Systems,B_od_estimation,INCLUDE,2.3,Bus routes from taxi GPS traces,
openalex,S0035,https://doi.org/10.3141/2263-16,2011,Transit Stop-Level Origin–Destination Estimation through Use of Transit Schedule and Automated Data Collection System,Transportation Research Record Journal of the Transportation Research Board,B_od_estimation,INCLUDE,2.3,Stop-level OD from AFC data,
openalex,S0036,https://doi.org/10.1016/j.eswa.2018.07.033,2018,Complete hierarchical multi-objective genetic algorithm for transit network design problem,Expert Systems with Applications,A_core_design,INCLUDE,2.2,Multi-objective GA network design,
openalex,S0037,https://doi.org/10.3141/1791-02,2002,Design and Implementation of Bus–Holding Control Strategies with Real-Time Information,Transportation Research Record Journal of the Transportation Research Board,A_freq_fleet,EXCLUDE,,Bus holding control,
openalex,S0038,https://doi.org/10.1016/j.jtrangeo.2018.01.005,2018,Assessing public transit service equity using route-level accessibility measures and public data,Journal of Transport Geography,B_open_data,INCLUDE,2.6,Route-level accessibility equity public data,
openalex,S0039,https://doi.org/10.1016/j.trb.2015.03.006,2015,Mathematical programming formulations for transit network design,Transportation Research Part B Methodological,A_core_design;AB_demand_data,INCLUDE,2.2,Math programming network design,
openalex,S0040,https://doi.org/10.1016/j.apgeog.2018.02.012,2018,"Measuring the impacts of new public transit services on space-time accessibility: An analysis of transit system redesign and new bus rapid transit in Columbus, Ohio, USA",Applied Geography,B_open_data,INCLUDE,2.4,Accessibility impact of network redesign,
openalex,S0041,https://doi.org/10.1016/j.trc.2011.02.008,2011,The transit network design problem with elastic demand and internalisation of external costs: An application to rail frequency optimisation,Transportation Research Part C Emerging Technologies,A_core_design,EXCLUDE,,Rail frequency optimisation,
openalex,S0042,https://doi.org/10.1016/j.advengsoft.2005.10.003,2005,Solving the feeder bus network design problem by genetic algorithms and ant colony optimization,Advances in Engineering Software,A_core_design,INCLUDE,2.2,Feeder bus network design,
openalex,S0043,https://doi.org/10.1007/s12469-019-00211-2,2019,Metaheuristics for the transit route network design problem: a review and comparative analysis,Public Transport,A_core_design,INCLUDE,2.2,Metaheuristics TRNDP review,
openalex,S0044,https://doi.org/10.1002/atr.134,2011,Analyzing transit service reliability using detailed data from automatic vehicular locator systems,eScholarship@McGill (McGill),A_freq_fleet;A_freq_fleet,EXCLUDE,,Reliability analysis AVL,
openalex,S0045,https://doi.org/10.1061/(asce)te.1943-5436.0000119,2009,Genetic Algorithm for Bus Frequency Optimization,Journal of Transportation Engineering,A_freq_fleet,INCLUDE,2.2,Bus frequency optimisation GA,
openalex,S0046,https://doi.org/10.1061/(asce)0887-3801(2004)18:3(248),2004,Transit Route Network Design Using Parallel Genetic Algorithm,Journal of Computing in Civil Engineering,A_core_design,INCLUDE,2.2,Parallel GA network design,
openalex,S0047,https://doi.org/10.1103/physreve.63.036115,2001,Bunching transition in a time-headway model of a bus route,"Physical review. E, Statistical physics, plasmas, fluids, and related interdisciplinary topics",A_freq_fleet,EXCLUDE,,Bunching physics model,
openalex,S0048,https://doi.org/10.1016/j.trb.2019.01.010,2019,Stochastic bus schedule coordination considering demand assignment and rerouting of passengers,Transportation Research Part B Methodological,A_freq_fleet,EXCLUDE,,Schedule coordination,
openalex,S0049,https://doi.org/10.3141/2112-07,2009,Use of Entry-Only Automatic Fare Collection Data to Estimate Linked Transit Trips in New York City,Transportation Research Record Journal of the Transportation Research Board,B_od_estimation,INCLUDE,2.3,AFC linked trips estimation,
openalex,S0050,https://doi.org/10.1016/j.trb.2013.11.006,2014,Competitive transit network design in cities with radial street patterns,Transportation Research Part B Methodological,A_core_design;B_accessibility,INCLUDE,2.2,Competitive network design,
openalex,S0051,https://doi.org/10.1016/j.cor.2008.09.014,2008,A route set construction algorithm for the transit network design problem,Computers & Operations Research,A_core_design,INCLUDE,2.2,Route set construction algorithm,
openalex,S0052,https://doi.org/10.1080/0308106042000226899,2004,Optimization of bus stop locations for improving transit accessibility,Transportation Planning and Technology,B_accessibility,MAYBE,2.4,Bus stop location for accessibility,
openalex,S0053,https://doi.org/10.1016/j.cor.2016.08.008,2016,An adaptive neighborhood search metaheuristic for the integrated railway rapid transit network design and line planning problem,Computers & Operations Research,A_core_design;AB_demand_data,EXCLUDE,,Rail network design,
openalex,S0054,https://doi.org/10.1111/j.1467-8667.2008.00556.x,2008,Tabu Search Strategies for the Public Transportation Network Optimizations with Variable Transit Demand,Computer-Aided Civil and Infrastructure Engineering,A_core_design,INCLUDE,2.2,Tabu search network design,
openalex,S0055,https://doi.org/10.1016/j.tra.2015.04.024,2015,Sustainable urban transit network design,Transportation Research Part A Policy and Practice,A_core_design,INCLUDE,2.2,Sustainable transit network design,
openalex,S0056,https://doi.org/10.1162/rest_a_00262,2012,Causal Effects of Health Shocks on Consumption and Debt: Quasi-Experimental Evidence from Bus Accident Injuries,The Review of Economics and Statistics,C_india,EXCLUDE,,Bus accident health,
openalex,S0057,https://doi.org/10.1016/j.trc.2009.04.008,2009,Transit network design with allocation of green vehicles: A genetic algorithm approach,Transportation Research Part C Emerging Technologies,A_core_design,INCLUDE,2.2,Network design GA with vehicles,
openalex,S0058,https://doi.org/10.1016/j.trb.2015.12.009,2016,Two-phase stochastic program for transit network design under demand uncertainty,Transportation Research Part B Methodological,A_core_design,INCLUDE,2.2,Stochastic network design,
openalex,S0059,https://doi.org/10.1016/j.iatssr.2016.01.001,2016,Informal public transport modes in India: A case study of five city regions,IATSS Research,C_india,MAYBE,2.7,Informal transport India,
openalex,S0060,https://doi.org/10.1061/(asce)0733-947x(2001)127:3(200),2001,Genetic Algorithm Approach for Transit Route Planning and Design,Journal of Transportation Engineering,A_freq_fleet,INCLUDE,2.2,Feeder route design GA,
openalex,S0061,,2004,"OPTIMAL TRANSIT ROUTE NETWORK DESIGN PROBLEM: ALGORITHMS, IMPLEMENTATIONS, AND NUMERICAL RESULTS",Texas ScholarWorks (Texas Digital Library),A_core_design,INCLUDE,2.2,TRNDP algorithms,
openalex,S0062,,2009,Meeting transportation needs in an aging-friendly community,Generations,C_global_south,EXCLUDE,,Ageing mobility,
openalex,S0063,https://doi.org/10.1016/j.apgeog.2011.12.008,2012,High-resolution spatio-temporal modeling of public transit accessibility,Applied Geography,B_accessibility,INCLUDE,2.4,Spatio-temporal transit accessibility,
openalex,S0064,https://doi.org/10.1016/j.tranpol.2023.10.013,2023,Mobility-as-a-Service and the role of multimodality in the sustainability of urban mobility in developing and developed countries,Transport Policy,B_open_data;C_global_south,MAYBE,2.7,MaaS developing countries,
openalex,S0065,https://doi.org/10.1080/13658816.2011.574140,2011,Measuring transit system accessibility using a modified two-step floating catchment technique,International Journal of Geographical Information Systems,B_equity,INCLUDE,2.4,Transit accessibility 2SFCA,
openalex,S0066,https://doi.org/10.1111/mice.12446,2019,Dynamic headway control for high-frequency bus line based on speed guidance and intersection signal adjustment,Computer-Aided Civil and Infrastructure Engineering,A_freq_fleet,EXCLUDE,,Headway control bunching,
openalex,S0067,https://doi.org/10.3141/2535-10,2015,Use of Smart Card Fare Data to Estimate Public Transport Origin–Destination Matrix,Transportation Research Record Journal of the Transportation Research Board,B_od_estimation,INCLUDE,2.3,Smart card OD matrix,
openalex,S0068,https://doi.org/10.1061/(asce)te.1943-5436.0000536,2013,Robust Optimization Model of Bus Transit Network Design with Stochastic Travel Time,Journal of Transportation Engineering,A_core_design,INCLUDE,2.2,Robust bus network design,
openalex,S0069,https://doi.org/10.3141/2072-04,2008,"Constructing an Automated Bus Origin–Destination Matrix Using Farecard and Global Positioning System Data in São Paulo, Brazil",Transportation Research Record Journal of the Transportation Research Board,B_od_estimation,INCLUDE,2.3,Farecard GPS OD matrix,
openalex,S0070,https://doi.org/10.1016/j.trb.2021.04.005,2021,On the design of an optimal flexible bus dispatching system with modular bus units: Using the three-dimensional macroscopic fundamental diagram,Transportation Research Part B Methodological,A_freq_fleet,EXCLUDE,,Modular bus dispatching,
openalex,S0071,https://doi.org/10.1016/j.eswa.2014.05.034,2014,A simultaneous transit network design and frequency setting: Computing with bees,Expert Systems with Applications,A_core_design;A_freq_fleet,INCLUDE,2.2,Network design and frequency,
openalex,S0072,https://doi.org/10.1016/j.trb.2009.08.004,2009,A game theoretic framework for the robust railway transit network design problem,Transportation Research Part B Methodological,A_core_design,EXCLUDE,,Rail network design,
openalex,S0073,https://doi.org/10.1016/j.tre.2019.04.007,2019,Integrated Railway Rapid Transit Network Design and Line Planning problem with maximum profit,Transportation Research Part E Logistics and Transportation Review,A_core_design,EXCLUDE,,Rail network design,
openalex,S0074,https://doi.org/10.1016/j.trd.2019.10.016,2019,Integrated transit route network design and infrastructure planning for on-line electric vehicles,Transportation Research Part D Transport and Environment,A_core_design,EXCLUDE,,Electric vehicle infrastructure,
openalex,S0075,https://doi.org/10.1080/23249935.2018.1428234,2018,Multimodal transit network design in a hub-and-spoke network framework,Transportmetrica A Transport Science,A_core_design,INCLUDE,2.2,Bus reconfiguration hub-spoke,
openalex,S0076,https://doi.org/10.1109/tits.2015.2464335,2015,Passenger Journey Destination Estimation From Automated Fare Collection System Data Using Spatial Validation,IEEE Transactions on Intelligent Transportation Systems,B_od_estimation,INCLUDE,2.3,Destination estimation from AFC,
openalex,S0077,https://doi.org/10.1080/01441647.2019.1598513,2019,Mapping minibuses in Maputo and Nairobi: engaging paratransit in transportation planning in African cities,Transport Reviews,C_global_south,INCLUDE,2.7,Mapping minibuses African cities,
openalex,S0078,https://doi.org/10.1016/j.jtrangeo.2021.103123,2021,Public transit accessibility approach to understand the equity for public healthcare services: A case study of Greater Mumbai,Journal of Transport Geography,C_india,INCLUDE,2.6,Mumbai transit accessibility equity,
openalex,S0079,https://doi.org/10.1016/j.cie.2019.02.025,2019,A multi-objective meta-heuristic approach for transit network design and frequency setting problem in a bus transit system,Computers & Industrial Engineering,A_core_design,INCLUDE,2.2,Network and frequency metaheuristic,
openalex,S0080,https://doi.org/10.1061/(asce)te.1943-5436.0000533,2012,Mode Choice Behavior of Commuters in Thiruvananthapuram City,Journal of Transportation Engineering,C_india,EXCLUDE,,Mode choice survey,
openalex,S0081,https://doi.org/10.1016/j.trb.2014.05.018,2014,Continuum approximation approach to bus network design under spatially heterogeneous demand,Transportation Research Part B Methodological,A_core_design,INCLUDE,2.2,Continuum approximation bus network,
openalex,S0082,https://doi.org/10.1016/j.eswa.2018.04.011,2018,A differential evolution for simultaneous transit network design and frequency setting problem,Expert Systems with Applications,A_core_design;A_freq_fleet,INCLUDE,2.2,Differential evolution network design,
openalex,S0083,https://doi.org/10.1016/j.compenvurbsys.2012.01.002,2012,Identifying bus stop redundancy: A gis-based spatial optimization approach,Computers Environment and Urban Systems,B_accessibility,INCLUDE,2.4,Bus stop redundancy GIS,
openalex,S0084,https://doi.org/10.1111/j.1467-8667.2010.00680.x,2010,Reliability‐Based Transit Assignment for Congested Stochastic Transit Networks,Computer-Aided Civil and Infrastructure Engineering,A_core_design,EXCLUDE,,Transit assignment only,
openalex,S0085,https://doi.org/10.1016/j.trb.2013.06.013,2013,Integrating bus services with mixed fleets,Transportation Research Part B Methodological,A_freq_fleet,INCLUDE,2.2,Bus services integration mixed fleets,
openalex,S0086,https://doi.org/10.3390/su8030224,2016,Comparable Measures of Accessibility to Public Transport Using the General Transit Feed Specification,Sustainability,B_open_data,INCLUDE,2.5,GTFS accessibility measures,
openalex,S0087,https://doi.org/10.3390/su12093589,2020,Strategic Planning Based on Sustainability for Urban Transportation: An Application to Decision-Making,Sustainability,C_global_south,MAYBE,2.6,Sustainability decision-making public transport planning,
openalex,S0088,https://doi.org/10.1016/j.trc.2018.11.007,2018,A cost-minimization model for bus fleet allocation featuring the tactical generation of short-turning and interlining options,Transportation Research Part C Emerging Technologies,B_open_data,INCLUDE,2.2,Bus fleet allocation model,
openalex,S0089,https://doi.org/10.1007/s100510051139,2000,Steady-states and kinetics of ordering in bus-route models: connection with the Nagel-Schreckenberg model,The European Physical Journal B,A_freq_fleet,EXCLUDE,,Bus traffic physics model,
openalex,S0090,https://doi.org/10.1023/b:jmma.0000020425.99217.cd,2003,A Mixed Integer Formulation for Multiple-Route Transit Network Design,Journal of Mathematical Modelling and Algorithms,A_core_design,INCLUDE,2.2,MIP multi-route network design,
openalex,S0091,https://doi.org/10.1109/tvcg.2015.2440259,2015,AllAboard: Visual Exploration of Cellphone Mobility Data to Optimise Public Transport,IEEE Transactions on Visualization and Computer Graphics,C_global_south,INCLUDE,2.3,Cellphone data for PT optimisation,
openalex,S0092,,2014,An Analysis of Perceived Constraints to Outdoor Recreation,,C_india,EXCLUDE,,Recreation,
openalex,S0093,https://doi.org/10.1109/tits.2015.2480885,2015,Multi-Objective Transit Route Network Design as Set Covering Problem,IEEE Transactions on Intelligent Transportation Systems,A_core_design,INCLUDE,2.2,Multi-objective TRNDP,
openalex,S0094,https://doi.org/10.1007/s12469-021-00284-y,2021,A survey on the transit network design and frequency setting problem,Public Transport,A_core_design,INCLUDE,2.2,Survey network design frequency setting,
openalex,S0095,https://doi.org/10.1016/j.asoc.2011.05.051,2011,Parallel genetic algorithm in bus route headway optimization,Applied Soft Computing,A_freq_fleet,INCLUDE,2.2,Headway optimisation parallel GA,
openalex,S0096,https://doi.org/10.1080/15568318.2019.1625087,2019,A review of transit accessibility models: Challenges in developing transit accessibility models,International Journal of Sustainable Transportation,A_core_design;B_accessibility,INCLUDE,2.4,Review of transit accessibility models,
openalex,S0097,https://doi.org/10.1016/j.trc.2016.09.007,2016,Headway-based bus bunching prediction using transit smart card data,Transportation Research Part C Emerging Technologies,A_freq_fleet,EXCLUDE,,Bunching prediction,
openalex,S0098,https://doi.org/10.3141/1760-21,2001,Improving Transit Service Quality and Headway Regularity with Real-Time Control,Transportation Research Record Journal of the Transportation Research Board,A_freq_fleet,EXCLUDE,,Real-time control,
openalex,S0099,https://doi.org/10.1186/s12942-016-0052-x,2016,Health research needs more comprehensive accessibility measures: integrating time and transport modes from open data,International Journal of Health Geographics,B_open_data,MAYBE,2.5,Open data multimodal accessibility,
openalex,S0100,https://doi.org/10.1109/tits.2011.2172869,2011,A New Approach for Co-Operative Bus Priority at Traffic Signals,IEEE Transactions on Intelligent Transportation Systems,A_freq_fleet,EXCLUDE,,Signal priority,
openalex,S0101,https://doi.org/10.3141/1783-22,2002,Design and Operational Concepts of High-Coverage Point-to-Point Transit System,Transportation Research Record Journal of the Transportation Research Board,B_accessibility;C_global_south,EXCLUDE,,Point-to-point flexible system concept,
openalex,S0102,https://doi.org/10.1002/atr.5670340204,2000,Optimal feeder bus routes on irregular street networks,Journal of Advanced Transportation,A_freq_fleet,INCLUDE,2.2,Feeder bus routes optimisation,
openalex,S0103,https://doi.org/10.5038/2375-0901.9.2.6,2006,Large-Scale Transit Network Optimization by Minimizing User Cost and Transfers,Journal of Public Transportation,A_freq_fleet,INCLUDE,2.2,Large-scale network optimisation,
openalex,S0104,https://doi.org/10.1007/s12469-010-0016-7,2009,A multi-objective metaheuristic approach for the Transit Network Design Problem,Public Transport,A_core_design,INCLUDE,2.2,Multi-objective network design,
openalex,S0105,https://doi.org/10.1016/j.trb.2019.05.011,2019,Bus transit network design with uncertainties on the basis of a metro network: A two-step model framework,Transportation Research Part B Methodological,A_core_design,INCLUDE,2.2,Bus network design on metro base,
openalex,S0106,https://doi.org/10.5198/jtlu.2019.1502,2019,On the accuracy of schedule-based GTFS for measuring accessibility,Journal of Transport and Land Use,B_open_data,INCLUDE,2.5,GTFS accuracy for accessibility,
openalex,S0107,https://doi.org/10.1080/10095020.2019.1645508,2019,Modelling geographic accessibility to Primary Health Care Facilities: combining open data and geospatial analysis,Geo-spatial Information Science,B_open_data,MAYBE,2.5,Open data geospatial accessibility health,
openalex,S0108,https://doi.org/10.1177/2399808320958426,2020,Cumulative (and self-reinforcing) spatial inequalities: Interactions between accessibility and segregation in four Brazilian metropolises,Environment and Planning B Urban Analytics and City Science,B_open_data,MAYBE,2.6,Accessibility inequality Brazil,
openalex,S0109,https://doi.org/10.1080/03081060.2016.1238569,2016,Quantifying the impacts of horizontal and vertical equity in transit route planning,Transportation Planning and Technology,A_core_design;B_accessibility;B_equity,INCLUDE,2.6,Equity in transit route planning,
openalex,S0110,https://doi.org/10.1016/j.scs.2019.101927,2019,Incorporating weather conditions and travel history in estimating the alighting bus stops from smart card data,Sustainable Cities and Society,B_od_estimation,INCLUDE,2.3,Alighting stop inference smart card,
openalex,S0111,https://doi.org/10.1108/sasbe-07-2017-0031,2019,Walking to a public transport station,Smart and Sustainable Built Environment,B_open_data,EXCLUDE,,Walking distance perceptions,
openalex,S0112,https://doi.org/10.3390/su10113958,2018,Accessibility Changes: Analysis of the Integrated Public Transport System of Bogotá,Sustainability,B_accessibility,INCLUDE,2.4,Accessibility change Bogota system,
openalex,S0113,https://doi.org/10.1109/tits.2015.2496783,2016,Data-Driven Transit Network Design From Mobile Phone Trajectories,IEEE Transactions on Intelligent Transportation Systems,A_core_design,INCLUDE,2.3,Network design from mobile phone data,
openalex,S0114,https://doi.org/10.3141/2284-06,2012,Hybrid Artificial Bee Colony Algorithm for Transit Network Design,Transportation Research Record Journal of the Transportation Research Board,A_core_design;A_freq_fleet,INCLUDE,2.2,Bee colony bus network design,
openalex,S0115,https://doi.org/10.1061/(asce)0733-947x(2007)133:4(240),2007,Optimization of User and Operator Cost for Large-Scale Transit Network,Journal of Transportation Engineering,A_core_design,INCLUDE,2.2,User and operator cost network,
openalex,S0116,https://doi.org/10.1016/j.trb.2021.10.007,2021,Approximate multi-objective optimization for integrated bus route design and service frequency setting,Transportation Research Part B Methodological,A_core_design;A_freq_fleet,INCLUDE,2.2,Route design and frequency setting,
openalex,S0117,https://doi.org/10.3141/2263-17,2011,Bi-Level Optimization Model for Public Transportation Network Redesign Problem,Transportation Research Record Journal of the Transportation Research Board,A_rationalisation;B_equity,INCLUDE,2.2,Network redesign with spatial equity,
openalex,S0118,https://doi.org/10.1186/s12966-019-0853-y,2019,"Better transport accessibility, better health: a health economic impact assessment study for Melbourne, Australia",International Journal of Behavioral Nutrition and Physical Activity,B_equity,EXCLUDE,,Health economic impact,
openalex,S0119,https://doi.org/10.1007/s12469-009-0012-y,2009,Regularity analysis for optimizing urban transit network design,Public Transport,A_core_design,INCLUDE,2.2,Regularity in network design,
openalex,S0120,https://doi.org/10.1016/j.heliyon.2020.e03729,2020,"Visualizing public transit system operation with GTFS data: A case study of Calgary, Canada",Heliyon,B_open_data,MAYBE,2.5,GTFS visualisation of operations,
openalex,S0121,https://doi.org/10.1080/03052150600608917,2006,Optimization of transit network layout and headway with a combined genetic algorithm and simulated annealing method,Engineering Optimization,A_core_design;A_freq_fleet;B_accessibility,INCLUDE,2.2,Network layout and headway,
openalex,S0122,https://doi.org/10.1061/(asce)0733-947x(2002)128:1(89),2002,Development of Coordinated Schedules using Genetic Algorithms,Journal of Transportation Engineering,C_india,EXCLUDE,,Schedule coordination,
openalex,S0123,https://doi.org/10.1186/s12942-018-0153-9,2018,A multi-modal relative spatial access assessment approach to measure spatial accessibility to primary care providers,International Journal of Health Geographics,B_open_data,MAYBE,2.4,Multimodal 2SFCA healthcare access,
openalex,S0124,https://doi.org/10.1061/(asce)te.1943-5436.0000812,2015,Schedule-Based Rail Transit Path-Choice Estimation using Automatic Fare Collection Data,Journal of Transportation Engineering,B_od_estimation,EXCLUDE,,Rail path choice,
openalex,S0125,https://doi.org/10.5038/2375-0901.12.2.4,2009,Public Transport in Pakistan: A Critical Overview,Journal of Public Transportation,C_india,MAYBE,2.7,Pakistan public transport overview,
openalex,S0126,https://doi.org/10.1109/tits.2016.2620483,2016,Probabilistic Prediction of Bus Headway Using Relevance Vector Machine Regression,IEEE Transactions on Intelligent Transportation Systems,A_freq_fleet,EXCLUDE,,Headway prediction,
openalex,S0127,https://doi.org/10.1016/j.cor.2016.08.009,2016,"Multi-objective rapid transit network design with modal competition: The case of Concepción, Chile",Computers & Operations Research,A_core_design;B_equity,MAYBE,2.2,Rapid transit network design Chile,
openalex,S0128,https://doi.org/10.1016/j.jtrangeo.2021.103131,2021,Comparing paratransit in seven major African cities: An accessibility and network analysis,Journal of Transport Geography,B_data_scarce;B_open_data,INCLUDE,2.7,Paratransit accessibility African cities,
openalex,S0129,https://doi.org/10.1061/(asce)up.1943-5444.0000205,2014,Differences between the Perceptions of Captive and Choice Riders toward Bus Service Attributes and the Need for Segmentation of Bus Services in Urban India,Journal of Urban Planning and Development,C_india,MAYBE,2.7,Indian bus service segmentation survey,
openalex,S0130,,2000,TRAVELER RESPONSE TO TRANSPORTATION SYSTEM CHANGES: INTERIM HANDBOOK,,B_accessibility,EXCLUDE,,Traveler response handbook,
openalex,S0131,https://doi.org/10.1016/j.trd.2018.03.019,2018,A new transit network design study in consideration of transfer time composition,Transportation Research Part D Transport and Environment,A_core_design,INCLUDE,2.2,Network design with transfer time,
openalex,S0132,https://doi.org/10.1016/j.cstp.2019.03.004,2019,Mapping public transport accessibility levels (PTAL) in India and its applications: A case study of Surat,Case Studies on Transport Policy,C_india,INCLUDE,2.7,PTAL mapping India Surat,
openalex,S0133,https://doi.org/10.5038/2375-0901.7.2.4,2004,Modeling Generalized Cost of Travel for Rural Bus Users: A Case Study,Journal of Public Transportation,A_freq_fleet,EXCLUDE,,Rural bus generalized cost,
openalex,S0134,https://doi.org/10.1155/2016/2821680,2016,A Service-Oriented Approach to Crowdsensing for Accessible Smart Mobility Scenarios,Mobile Information Systems,B_open_data,EXCLUDE,,Crowdsensing architecture,
openalex,S0135,https://doi.org/10.1061/(asce)0733-947x(2002)128:6(519),2002,Simulation Evaluation of Route-Based Control of Bus Operations,Journal of Transportation Engineering,A_freq_fleet,EXCLUDE,,Bunching control,
openalex,S0136,https://doi.org/10.1016/j.trip.2022.100648,2022,Where to improve cycling infrastructure? Assessing bicycle suitability and bikeability with open data in the city of Paris,Transportation Research Interdisciplinary Perspectives,B_open_data,EXCLUDE,,Cycling infrastructure,
openalex,S0137,https://doi.org/10.1016/j.jtrangeo.2019.102505,2019,Integrating network science and public transport accessibility analysis for comparative assessment,Journal of Transport Geography,B_open_data,INCLUDE,2.6,Network science and accessibility,
openalex,S0138,https://doi.org/10.1016/j.jtrangeo.2023.103683,2023,How much is accessibility worth? Utility-based accessibility to evaluate transport policies,Journal of Transport Geography,C_global_south,MAYBE,2.4,Utility-based accessibility,
openalex,S0139,https://doi.org/10.1061/(asce)up.1943-5444.0000224,2014,Designing a Flexible Feeder Transit System Serving Irregularly Shaped and Gated Communities: Determining Service Area and Feeder Route Planning,Journal of Urban Planning and Development,A_freq_fleet,MAYBE,2.2,Flexible feeder design,
openalex,S0140,https://doi.org/10.1080/13658816.2016.1191637,2016,The benefits of a high-resolution analysis of transit accessibility,International Journal of Geographical Information Systems,C_permit_regulation,INCLUDE,2.4,High-resolution transit accessibility,
openalex,S0141,https://doi.org/10.1007/s11750-007-0017-0,2007,An extension to rapid transit network design problem,Top,A_core_design,EXCLUDE,,Rapid transit network design,
openalex,S0142,https://doi.org/10.1016/j.trb.2006.04.001,2006,A generalized and efficient algorithm for estimating transit route ODs from passenger counts,Transportation Research Part B Methodological,B_od_estimation,INCLUDE,2.3,Route ODs from passenger counts,
openalex,S0143,https://doi.org/10.1016/j.tre.2018.10.001,2018,Continuum approximation modeling of transit network design considering local route service and short-turn strategy,Transportation Research Part E Logistics and Transportation Review,A_core_design,INCLUDE,2.2,Continuum approximation network design,
openalex,S0144,https://doi.org/10.1016/j.trb.2017.12.013,2018,Mixed-integer programming model and branch-and-price-and-cut algorithm for urban bus network design and timetabling,Transportation Research Part B Methodological,A_core_design,INCLUDE,2.2,Bus network design MIP,
openalex,S0145,https://doi.org/10.1061/(asce)te.1943-5436.0000608,2013,Optimal Routing Design of a Community Shuttle for Metro Stations,Journal of Transportation Engineering,A_freq_fleet,MAYBE,2.2,Community shuttle routing,
openalex,S0146,https://doi.org/10.1016/j.jtrangeo.2022.103508,2022,"The impacts of accessibility measure choice on public transit project evaluation: A comparative study of cumulative, gravity-based, and hybrid approaches",Journal of Transport Geography,B_open_data,INCLUDE,2.4,Accessibility measures for transit evaluation,
openalex,S0147,https://doi.org/10.1155/2016/3898762,2016,Analysis of Public Bus Transportation of a Brazilian City Based on the Theory of Complex Networks Using the P-Space,Mathematical Problems in Engineering,B_demand_proxy,INCLUDE,2.6,Complex network analysis Curitiba bus,
openalex,S0148,https://doi.org/10.1007/s10479-008-0388-0,2008,Urban rapid transit network design: accelerated Benders decomposition,Annals of Operations Research,A_core_design,EXCLUDE,,Rapid transit network design,
openalex,S0149,https://doi.org/10.1016/j.cor.2013.06.013,2013,Rapid transit network design for optimal cost and origin–destination demand capture,Computers & Operations Research,A_core_design;AB_demand_data,EXCLUDE,,Rapid transit network design,
openalex,S0150,https://doi.org/10.1109/tkde.2017.2776268,2017,Reverse $k$ Nearest Neighbor Search over Trajectories,IEEE Transactions on Knowledge and Data Engineering,B_accessibility,EXCLUDE,,Trajectory search,
openalex,S0151,https://doi.org/10.1016/j.ejor.2019.09.050,2019,Considering emissions in the transit network design and frequency setting problem with a heterogeneous fleet,European Journal of Operational Research,A_core_design,INCLUDE,2.2,Network design and frequency heterogeneous fleet,
openalex,S0152,https://doi.org/10.1016/j.swevo.2019.02.007,2019,A heuristic aided Stochastic Beam Search algorithm for solving the transit network design problem,Swarm and Evolutionary Computation,A_core_design,INCLUDE,2.2,Beam search network design,
openalex,S0153,https://doi.org/10.1016/j.iatssr.2021.02.002,2021,Development of public transport systems in small cities: A roadmap for achieving sustainable development goal indicator 11.2,IATSS Research,C_india,MAYBE,2.7,SDG 11.2 small cities,
openalex,S0154,https://doi.org/10.1016/j.trc.2014.08.017,2014,Designing large-scale bus network with seasonal variations of demand,Transportation Research Part C Emerging Technologies,A_core_design,INCLUDE,2.2,Large-scale bus network design,
openalex,S0155,https://doi.org/10.1186/s12544-021-00477-3,2021,A cross-country comparison of user experience of public autonomous transport,European Transport Research Review,C_global_south,EXCLUDE,,Autonomous transport user experience,
openalex,S0156,https://doi.org/10.1109/tii.2019.2947063,2019,A Shared Bus Profiling Scheme for Smart Cities Based on Heterogeneous Mobile Crowdsourced Data,IEEE Transactions on Industrial Informatics,B_data_scarce,MAYBE,2.3,Crowdsourced shared bus profiling,
openalex,S0157,https://doi.org/10.1080/03081060.2016.1160582,2016,A bus route evaluation model based on GIS and super-efficient data envelopment analysis,Transportation Planning and Technology,C_global_south,INCLUDE,2.6,Bus route evaluation GIS DEA,
openalex,S0158,https://doi.org/10.1016/s0378-4371(01)00151-0,2001,Interaction between buses and passengers on a bus route,Physica A Statistical Mechanics and its Applications,A_freq_fleet,EXCLUDE,,Bus passenger interaction physics,
openalex,S0159,https://doi.org/10.1061/(asce)0733-947x(2005)131:11(822),2005,Feeder Bus Routes Generation within Integrated Mass Transit Planning Framework,Journal of Transportation Engineering,C_india,INCLUDE,2.2,Feeder bus route generation,
openalex,S0160,https://doi.org/10.1016/j.trb.2015.05.019,2015,Robust transit network design with stochastic demand considering development density,Transportation Research Part B Methodological,A_core_design,INCLUDE,2.2,Robust network design,
openalex,S0161,https://doi.org/10.1016/j.amc.2012.11.098,2013,Expected value model for optimizing the multiple bus headways,Applied Mathematics and Computation,A_freq_fleet,INCLUDE,2.2,Bus headway optimisation,
openalex,S0162,https://doi.org/10.1016/j.trc.2015.10.017,2015,Real-time bus route state forecasting using particle filter and mesoscopic modeling,Transportation Research Part C Emerging Technologies,A_freq_fleet,EXCLUDE,,Bus state forecasting,
openalex,S0163,https://doi.org/10.1016/j.trpro.2019.05.007,2019,Joint Design of Multimodal Transit Networks and Shared Autonomous Mobility Fleets,Transportation research procedia,A_core_design;A_rationalisation;A_freq_fleet,MAYBE,2.2,Multimodal network and autonomous fleet,
openalex,S0164,https://doi.org/10.5038/2375-0901.6.1.4,2003,Optimization of Bus Route Planning in Urban Commuter Networks,Journal of Public Transportation,A_freq_fleet,INCLUDE,2.2,Bus route planning headway,
openalex,S0165,https://doi.org/10.1577/m06-248.1,2008,Supplemented Access Point Sampling Designs: A Cost-Effective Way of Improving the Accuracy and Precision of Fishing Effort and Harvest Estimates Derived from Recreational Fishing Surveys,North American Journal of Fisheries Management,B_accessibility,EXCLUDE,,Fishing surveys,
openalex,S0166,https://doi.org/10.1080/23249935.2020.1773574,2020,A pareto artificial fish swarm algorithm for solving a multi-objective electric transit network design problem,Transportmetrica A Transport Science,A_core_design,INCLUDE,2.2,Electric transit network design,
openalex,S0167,https://doi.org/10.1007/s12469-012-0051-7,2012,A bus network design procedure with elastic demand for large urban areas,Public Transport,A_core_design,INCLUDE,2.2,Bus network design elastic demand,
openalex,S0168,https://doi.org/10.1016/j.trc.2021.103255,2021,Robust electric transit route network design problem (RE-TRNDP) with delay considerations: Model and application,Transportation Research Part C Emerging Technologies,A_core_design,INCLUDE,2.2,Robust transit route network design,
openalex,S0169,https://doi.org/10.1016/j.cor.2014.05.001,2014,A demand based route generation algorithm for public transit network design,Computers & Operations Research,A_core_design,INCLUDE,2.2,Demand-based route generation,
openalex,S0170,https://doi.org/10.3390/ijerph16020225,2019,"Spatial Accessibility to Healthcare Services in Metropolitan Suburbs: The Case of Qingpu, Shanghai",International Journal of Environmental Research and Public Health,C_global_south,EXCLUDE,,Healthcare accessibility not transit,
openalex,S0171,https://doi.org/10.3390/su13031058,2021,"The Bus Rapid Transit (BRT) in Dar es Salaam: A Pilot Study on Critical Infrastructure, Sustainable Urban Development and Livelihoods",Sustainability,C_global_south,MAYBE,2.7,Dar es Salaam BRT,
openalex,S0172,https://doi.org/10.1007/s12469-013-0084-6,2014,Stretching resources: sensitivity of optimal bus frequency allocation to stop-level demand elasticities,Public Transport,A_freq_fleet,INCLUDE,2.2,Bus frequency allocation,
openalex,S0173,https://doi.org/10.1016/j.trd.2023.103649,2023,Role of rural built environment in travel mode choice: Evidence from China,Transportation Research Part D Transport and Environment,C_global_south,EXCLUDE,,Mode choice,
openalex,S0174,https://doi.org/10.1016/j.trpro.2016.05.355,2016,Open Data and the Needs of Older People for Public Transport Information,Transportation research procedia,B_open_data,EXCLUDE,,Information needs older people,
openalex,S0175,https://doi.org/10.1145/3478117,2021,A City-Wide Crowdsourcing Delivery System with Reinforcement Learning,Proceedings of the ACM on Interactive Mobile Wearable and Ubiquitous Technologies,B_data_scarce,EXCLUDE,,Delivery,
openalex,S0176,https://doi.org/10.1109/tpwrd.2021.3049861,2021,A Robust Self-Attentive Capsule Network for Fault Diagnosis of Series-Compensated Transmission Line,IEEE Transactions on Power Delivery,B_data_scarce,EXCLUDE,,Power systems,
openalex,S0177,https://doi.org/10.1016/j.jtrangeo.2023.103590,2023,Evaluating the impact of public transport travel time inaccuracy and variability on socio-spatial inequalities in accessibility,Journal of Transport Geography,B_open_data,INCLUDE,2.6,Travel time inaccuracy accessibility inequality,
openalex,S0178,https://doi.org/10.1016/j.ress.2021.107922,2021,Multi-modal urban transit network design considering reliability: multi-objective bi-level optimization,Reliability Engineering & System Safety,A_core_design,INCLUDE,2.2,Multimodal network design,
openalex,S0179,https://doi.org/10.1016/j.cities.2023.104340,2023,Nonlinear effects of public transport accessibility on urban development: A case study of mountainous city,Cities,B_open_data,EXCLUDE,,Accessibility effect on development,
openalex,S0180,https://doi.org/10.1007/s11116-019-09990-w,2019,Can passenger flow distribution be estimated solely based on network properties in public transport systems?,Transportation,B_data_scarce,INCLUDE,2.4,Flow from network properties alone,
openalex,S0181,https://doi.org/10.1016/j.multra.2023.100086,2023,MaaS for the masses: Potential transit accessibility gains and required policies under Mobility-as-a-Service,Multimodal Transportation,B_open_data;B_equity,MAYBE,2.4,Transit accessibility gains under MaaS,
openalex,S0182,https://doi.org/10.1109/tits.2010.2060195,2010,Urban Transit Coordination Using an Artificial Transportation System,IEEE Transactions on Intelligent Transportation Systems,A_core_design;AB_demand_data,EXCLUDE,,Multimodal coordination,
openalex,S0183,https://doi.org/10.5038/2375-0901.19.3.2,2016,"Public Transport Accessibility Levels for Ahmedabad, India",Journal of Public Transportation,C_india,INCLUDE,2.7,PTAL Ahmedabad,
openalex,S0184,https://doi.org/10.3141/2634-06,2017,"Accessibility, Affordability, and Addressing Informal Services in Bus Reform: Lessons from Bogotá, Colombia",Transportation Research Record Journal of the Transportation Research Board,B_accessibility;C_permit_regulation,INCLUDE,2.7,Bus reform accessibility Bogota,
openalex,S0185,https://doi.org/10.5038/2375-0901.19.4.2,2016,Innovative GTFS Data Application for Transit Network Analysis Using a Graph-Oriented Method,Journal of Public Transportation,B_open_data,INCLUDE,2.5,GTFS graph network analysis,
openalex,S0186,https://doi.org/10.1016/j.trb.2015.06.018,2015,Exploring trade-offs in frequency allocation in a transit network using bus route patterns: Methodology and application to large-scale urban systems,Transportation Research Part B Methodological,A_freq_fleet,INCLUDE,2.2,Frequency allocation trade-offs,
openalex,S0187,https://doi.org/10.1016/j.trd.2023.103728,2023,Simulating mobility to plan for electric minibus taxis in Sub-Saharan Africa’s paratransit,Transportation Research Part D Transport and Environment,C_global_south,EXCLUDE,,Electrification of paratransit,
openalex,S0188,https://doi.org/10.1177/0361198105190300104,2005,Use of Automatic Vehicle Location and Passenger Count Data to Evaluate Bus Operations,Transportation Research Record Journal of the Transportation Research Board,A_freq_fleet,MAYBE,2.3,AVL/APC data bus evaluation,
openalex,S0189,https://doi.org/10.1016/j.jtrangeo.2023.103589,2023,Disparities in public transit accessibility and usage by people with mobility disabilities: An evaluation using high-resolution transit data,Journal of Transport Geography,C_global_south,INCLUDE,2.6,Transit accessibility disparities disability,
openalex,S0190,https://doi.org/10.3141/1903-04,2005,Use of Automatic Vehicle Location and Passenger Count Data to Evaluate Bus Operations,Transportation Research Record Journal of the Transportation Research Board,A_freq_fleet,MAYBE,2.3,AVL/APC data bus evaluation,
openalex,S0191,https://doi.org/10.1109/tits.2016.2581024,2016,An Offline Framework for the Diagnosis of Time Reliability by Automatic Vehicle Location Data,IEEE Transactions on Intelligent Transportation Systems,A_freq_fleet,EXCLUDE,,Reliability diagnosis,
openalex,S0192,https://doi.org/10.1007/s12469-022-00319-y,2023,A Reinforcement Learning approach for bus network design and frequency setting optimisation,Public Transport,A_core_design;A_freq_fleet,INCLUDE,2.2,RL network design and frequency,
openalex,S0193,https://doi.org/10.3141/2038-02,2007,"How Public Transportation's past is Haunting its Future in Bogotá, Colombia",Transportation Research Record Journal of the Transportation Research Board,C_global_south,MAYBE,2.7,Bogota transit history,
openalex,S0194,https://doi.org/10.3390/su12051732,2020,Ridesourcing and Travel Demand: Potential Effects of Transportation Network Companies in Bogotá,Sustainability,B_open_data,EXCLUDE,,Ridesourcing demand,
openalex,S0195,https://doi.org/10.1061/(asce)0733-947x(2009)135:1(1),2008,Use of a Hybrid Algorithm for Modeling Coordinated Feeder Bus Route Network at Suburban Railway Station,Journal of Transportation Engineering,C_global_south,INCLUDE,2.2,Feeder bus network design,
openalex,S0196,https://doi.org/10.1177/0361198118822292,2019,Frequency and Vehicle Capacity Determination using a Dynamic Transit Assignment Model,Transportation Research Record Journal of the Transportation Research Board,A_freq_fleet,INCLUDE,2.2,Frequency and vehicle capacity determination,
openalex,S0197,https://doi.org/10.1109/access.2020.2966008,2020,A Multi-Objective Optimization and Hybrid Heuristic Approach for Urban Bus Route Network Design,IEEE Access,A_core_design,INCLUDE,2.2,Bus route network design,
openalex,S0198,https://doi.org/10.1016/j.asoc.2018.03.026,2018,A multiobjective bilevel approach based on global-best harmony search for defining optimal routes and frequencies for bus rapid transit systems,Applied Soft Computing,A_core_design,INCLUDE,2.2,BRT routes and frequencies,
openalex,S0199,https://doi.org/10.1016/j.trc.2021.103086,2021,Robust optimal predictive control for real-time bus regulation strategy with passenger demand uncertainties in urban rapid transit,Transportation Research Part C Emerging Technologies,C_permit_regulation,EXCLUDE,,Real-time regulation,
openalex,S0200,https://doi.org/10.1049/iet-its.2017.0286,2018,Accessibility measure of bus transit networks,IET Intelligent Transport Systems,B_equity,INCLUDE,2.4,Bus network accessibility measure,
openalex,S0201,https://doi.org/10.1155/2020/5740521,2020,A Method for Bus OD Matrix Estimation Using Multisource Data,Journal of Advanced Transportation,B_od_estimation,INCLUDE,2.3,Bus OD estimation multisource,
openalex,S0202,https://doi.org/10.3141/2111-04,2009,Assessing a Model for Optimal Bus Stop Spacing with High-Resolution Archived Stop-Level Data,Transportation Research Record Journal of the Transportation Research Board,B_accessibility,MAYBE,2.2,Bus stop spacing model,
openalex,S0203,https://doi.org/10.1007/s12061-017-9239-1,2017,Mapping Urban Accessibility in Data Scarce Contexts Using Space Syntax and Location-Based Methods,Applied Spatial Analysis and Policy,B_data_scarce,INCLUDE,2.5,Accessibility mapping in data-scarce contexts,
openalex,S0204,https://doi.org/10.1109/access.2022.3182046,2022,Frequency Based Transit Assignment Models: Graph Formulation Study,IEEE Access,A_core_design,MAYBE,2.2,Transit assignment for TNDP,
openalex,S0205,https://doi.org/10.1016/j.aap.2020.105674,2020,Modeling the service-route-based crash frequency by a spatiotemporal-random-effect zero-inflated negative binomial model: An empirical analysis for bus-involved crashes,Accident Analysis & Prevention,C_global_south,EXCLUDE,,Crash frequency,
openalex,S0206,https://doi.org/10.1016/j.tranpol.2019.07.001,2019,Improvement in direct bus services through route planning,Transport Policy,A_rationalisation;B_accessibility;C_india,INCLUDE,2.2,Direct bus services route planning,
openalex,S0207,https://doi.org/10.1080/09654313.2019.1689926,2019,Mobility and social exclusion in peripheral regions,European Planning Studies,B_equity,MAYBE,2.6,Social exclusion peripheral mobility,
openalex,S0208,https://doi.org/10.1016/j.cstp.2022.07.012,2022,A GIS-based analysis of reachability aspects in rural public transportation,Case Studies on Transport Policy,B_open_data,INCLUDE,2.4,GIS reachability rural PT,
openalex,S0209,https://doi.org/10.1109/access.2020.3018883,2020,Optimizing Multi-Terminal Customized Bus Service With Mixed Fleet,IEEE Access,A_freq_fleet,MAYBE,2.2,Customized bus mixed fleet,
openalex,S0210,https://doi.org/10.1177/2399808320938803,2020,A tale of two cities: Jobs–housing balance and urban spatial structures from the perspective of transit commuters,Environment and Planning B Urban Analytics and City Science,A_core_design,EXCLUDE,,Jobs-housing balance,
openalex,S0211,https://doi.org/10.1007/s12469-020-00257-7,2020,A procedure for public transit OD matrix generation using smart card transaction data,Public Transport,B_od_estimation,INCLUDE,2.3,OD matrix from smart card,
openalex,S0212,https://doi.org/10.3141/2533-10,2015,Evaluation of Bus Reliability Measures and Development of a New Composite Indicator,Transportation Research Record Journal of the Transportation Research Board,A_freq_fleet,MAYBE,2.6,Bus reliability composite indicator,
openalex,S0213,https://doi.org/10.1016/j.trc.2021.103273,2021,Estimating the route-level passenger demand profile from bus dwell times,Transportation Research Part C Emerging Technologies,B_od_estimation;B_data_scarce,INCLUDE,2.3,Route demand from dwell times,
openalex,S0214,https://doi.org/10.1016/j.trpro.2015.06.016,2015,Robust Transit Network Design with Stochastic Demand Considering Development Density,Transportation research procedia,A_core_design,INCLUDE,2.2,Robust network design,
openalex,S0215,https://doi.org/10.1007/s11116-019-10047-1,2019,Transit network design using a genetic algorithm with integrated road network and disaggregated O–D demand data,Transportation,A_core_design;AB_demand_data;B_accessibility,INCLUDE,2.2,Network design with disaggregated OD,
openalex,S0216,https://doi.org/10.1016/j.trd.2023.103695,2023,High fidelity estimates of paratransit energy consumption from per-second GPS tracking data,Transportation Research Part D Transport and Environment,C_global_south,EXCLUDE,,Energy from GPS,
openalex,S0217,https://doi.org/10.1007/s12469-019-00200-5,2019,Transit network design with pollution minimization,Public Transport,A_core_design,INCLUDE,2.2,Network design with pollution objective,
openalex,S0218,https://doi.org/10.1142/s0217595904000382,2004,APPLYING METAHEURISTICS TO FEEDER BUS NETWORK DESIGN PROBLEM,Asia Pacific Journal of Operational Research,A_core_design,INCLUDE,2.2,Feeder network metaheuristics,
openalex,S0219,https://doi.org/10.1016/j.trpro.2017.12.103,2017,Estimation of Origin-Destination matrices under Automatic Fare Collection: the case study of Porto transportation system,Transportation research procedia,B_od_estimation,INCLUDE,2.3,OD from AFC Porto,
openalex,S0220,https://doi.org/10.1016/j.trb.2021.04.012,2021,On the optimization of the bus network design: An analytical approach based on the three-dimensional macroscopic fundamental diagram,Transportation Research Part B Methodological,A_core_design,INCLUDE,2.2,Analytical bus network design,
openalex,S0221,https://doi.org/10.1061/(asce)te.1943-5436.0000669,2014,Hybrid Method for Bus Network Design with High Seasonal Demand Variation,Journal of Transportation Engineering,A_core_design,INCLUDE,2.2,Bus network design seasonal demand,
openalex,S0222,https://doi.org/10.1109/tits.2018.2883511,2018,Solving Transit Network Design Problem Using Many-Objective Evolutionary Approach,IEEE Transactions on Intelligent Transportation Systems,A_core_design,INCLUDE,2.2,Many-objective network design,
openalex,S0223,https://doi.org/10.1080/01441647.2021.1977414,2021,Data to the people: a review of public and proprietary data for transport models,Transport Reviews,B_open_data,MAYBE,2.5,Public data for transport models,
openalex,S0224,https://doi.org/10.1007/s40864-019-0103-2,2019,Performance Optimization of Public Transport Using Integrated AHP–GP Methodology,Urban Rail Transit,C_india,MAYBE,2.7,Indian SRTU performance optimisation,
openalex,S0225,https://doi.org/10.1109/tits.2016.2542268,2016,Real-Time Public-Transport Operational Tactics Using Synchronized Transfers to Eliminate Vehicle Bunching,IEEE Transactions on Intelligent Transportation Systems,A_freq_fleet,EXCLUDE,,Bunching tactics,
openalex,S0226,https://doi.org/10.1186/s12544-022-00562-1,2022,Inference of dynamic origin–destination matrices with trip and transfer status from individual smart card data,European Transport Research Review,B_od_estimation,INCLUDE,2.3,Dynamic OD from smart card,
openalex,S0227,https://doi.org/10.1177/0361198119842107,2019,Demand Calibration of Multimodal Microscopic Traffic Simulation using Weighted Discrete SPSA,Transportation Research Record Journal of the Transportation Research Board,B_od_estimation,EXCLUDE,,Microsimulation calibration,
openalex,S0228,https://doi.org/10.1177/2399808318824108,2019,Optimizing bus stop locations for walking access: Stops-first design of a feeder route to enhance a residential plan,Environment and Planning B Urban Analytics and City Science,B_accessibility,INCLUDE,2.2,Bus stop and feeder route design,
openalex,S0229,https://doi.org/10.1177/0361198120914620,2020,Measuring the Sustainable Development Goal (SDG) Transport Target and Accessibility of Nairobi’s Matatus,Transportation Research Record Journal of the Transportation Research Board,B_open_data,INCLUDE,2.7,Nairobi matatu accessibility SDG,
openalex,S0230,,2010,EVALUATING THE TRANSPORTATION NEEDS AND ACCESSIBILITY ISSUES FOR ADULTS ON THE AUTISM SPECTRUM IN NEW JERSEY,Transportation Research Board 89th Annual MeetingTransportation Research Board,C_global_south,EXCLUDE,,Autism transport needs,
openalex,S0231,https://doi.org/10.3141/2544-14,2016,Use of Mobile Device Wireless Signals to Determine Transit Route-Level Passenger Origin–Destination Flows: Methodology and Empirical Evaluation,Transportation Research Record Journal of the Transportation Research Board,B_od_estimation,INCLUDE,2.3,Route OD from wireless signals,
openalex,S0232,https://doi.org/10.1061/(asce)te.1943-5436.0000741,2014,Optimal Modification of Urban Bus Network Routes Using a Genetic Algorithm,Journal of Transportation Engineering,A_core_design,INCLUDE,2.2,Bus route modification GA,
openalex,S0233,https://doi.org/10.1016/j.retrec.2014.09.038,2014,Drivers of bus rapid transit systems – Influences on patronage and service frequency,Research in Transportation Economics,B_demand_proxy,EXCLUDE,,BRT patronage drivers,
openalex,S0234,https://doi.org/10.1061/jtepbs.0000109,2018,Examining Travel Time Reliability-Based Performance Indicators for Bus Routes Using GPS-Based Bus Trajectory Data in India,Journal of Transportation Engineering Part A Systems,C_india,MAYBE,2.6,Indian bus GPS reliability indicators,
openalex,S0235,https://doi.org/10.3389/frsc.2022.842245,2022,"A Critical Review of Hyperloop (Ultra-High Speed Rail) Technology: Urban and Transport Planning, Technical, Environmental, Economic, and Human Considerations",Frontiers in Sustainable Cities,C_india,EXCLUDE,,Hyperloop,
openalex,S0236,https://doi.org/10.3390/su142315657,2022,A Microsimulation Modelling Approach to Quantify Environmental Footprint of Autonomous Buses,Sustainability,A_freq_fleet,EXCLUDE,,Autonomous bus emissions,
openalex,S0237,https://doi.org/10.1002/atr.1275,2014,Investigating the irregularity of bus routes: highlighting how underlying assumptions of bus models impact the regularity results,Journal of Advanced Transportation,A_freq_fleet,EXCLUDE,,Bus irregularity,
openalex,S0238,https://doi.org/10.1016/j.trb.2019.09.007,2019,Impact of ride-pooling on the nature of transit network design,Transportation Research Part B Methodological,A_core_design,MAYBE,2.2,Ride-pooling and network design,
openalex,S0239,https://doi.org/10.1061/jtepbs.0000358,2020,Reduce Bus Bunching with a Real-Time Speed Control Algorithm Considering Heterogeneous Roadway Conditions and Intersection Delays,Journal of Transportation Engineering Part A Systems,A_freq_fleet,EXCLUDE,,Bunching speed control,
openalex,S0240,https://doi.org/10.1111/mice.12678,2021,Optimal route design of electric transit networks considering travel reliability,Computer-Aided Civil and Infrastructure Engineering,A_core_design,INCLUDE,2.2,Electric transit route design,
openalex,S0241,https://doi.org/10.1061/jtepbs.0000229,2019,Simultaneous Bus Transit Route Network and Frequency Setting Search Algorithm,Journal of Transportation Engineering Part A Systems,A_core_design;A_freq_fleet,INCLUDE,2.2,Simultaneous network and frequency,
openalex,S0242,https://doi.org/10.30818/jitu.2.2.2555,2019,"INTEGRATION OF PARTICIPATORY MAPPING, CROWDSOURCING AND GEOGRAPHIC INFORMATION SYSTEM IN FLOOD DISASTER MANAGEMENT (CASE STUDY CILEDUG LOR, CIREBON)",Journal of Information Technology and Its Utilization,B_open_data,EXCLUDE,,Flood management,
openalex,S0243,https://doi.org/10.1016/j.trc.2021.103187,2021,Dedicated bus lane network design under demand diversion and dynamic traffic congestion: An aggregated network and continuous approximation model approach,Transportation Research Part C Emerging Technologies,A_core_design;A_freq_fleet,EXCLUDE,,Bus lane design,
openalex,S0244,https://doi.org/10.1016/j.trc.2021.103223,2021,A framework for railway transit network design with first-mile shared autonomous vehicles,Transportation Research Part C Emerging Technologies,A_core_design,EXCLUDE,,Rail network design,
openalex,S0245,,2006,Social Cost-Benefit Analysis of Delhi Metro,,C_india,EXCLUDE,,Metro cost-benefit,
openalex,S0246,https://doi.org/10.1155/2020/3753601,2020,Application of Modified NSGA-II to the Transit Network Design Problem,Journal of Advanced Transportation,A_core_design,INCLUDE,2.2,NSGA-II network design,
openalex,S0247,https://doi.org/10.1002/atr.5670380302,2004,Multimodal traveling and its impact on urban transit network design,Journal of Advanced Transportation,A_core_design,INCLUDE,2.2,Multimodal trips in network design,
openalex,S0248,https://doi.org/10.3390/su11195535,2019,Customized Bus Network Design Based on Individual Reservation Demands,Sustainability,A_core_design;B_accessibility,MAYBE,2.2,Customized bus design,
openalex,S0249,https://doi.org/10.1007/s11067-019-09474-5,2019,Comparison of Bus Network Structures in Face of Urban Dispersion for a Ring-Radial City,Networks and Spatial Economics,A_core_design,INCLUDE,2.2,Bus network structure comparison,
openalex,S0250,https://doi.org/10.1016/j.eswa.2020.113736,2020,A cooperative coevolutionary optimization design of urban transit network and operating frequencies,Expert Systems with Applications,A_core_design,INCLUDE,2.2,Network and frequency coevolution,
openalex,S0251,https://doi.org/10.1016/j.tra.2021.06.020,2021,Time-varying accessibility to senior centers by public transit in Philadelphia,Transportation Research Part A Policy and Practice,B_open_data,MAYBE,2.4,Time-varying transit accessibility,
openalex,S0252,https://doi.org/10.3390/ijerph17082752,2020,Evaluating Spatial Accessibility to General Hospitals with Navigation and Social Media Location Data: A Case Study in Nanjing,International Journal of Environmental Research and Public Health,B_accessibility,EXCLUDE,,Hospital accessibility not transit,
openalex,S0253,https://doi.org/10.1016/s0378-4371(03)00517-x,2003,Numerical analysis of a time-headway bus route model,Physica A Statistical Mechanics and its Applications,A_freq_fleet,EXCLUDE,,Bus bunching model,
openalex,S0254,https://doi.org/10.2174/1874447801913010017,2019,Analysis on Public’s Response Toward Bus Reform Policy in Indonesia Considering Latent Variables,The Open Transportation Journal,C_permit_regulation,MAYBE,2.7,Indonesia bus reform response,
openalex,S0255,https://doi.org/10.4399/978255166098,2018,Applications of transit smart cards beyond a fare collection tool: a literature review,Advances in transportation studies,B_od_estimation,INCLUDE,2.3,Smart card applications review,
openalex,S0256,https://doi.org/10.3141/2034-09,2007,Stop Spacing Analysis Using Geographic Information System Tools with Parcel and Street Network Data,Transportation Research Record Journal of the Transportation Research Board,B_demand_proxy,MAYBE,2.4,GIS stop spacing analysis,
openalex,S0257,https://doi.org/10.1109/tpwrs.2014.2343691,2014,Methodology for Estimation of Dynamic Response of Demand Using Limited Data,IEEE Transactions on Power Systems,B_data_scarce,EXCLUDE,,Power systems,
openalex,S0258,https://doi.org/10.1080/19427867.2022.2158541,2022,Evaluating Social and Spatial Equity in Public Transport: A Case Study,Transportation Letters,B_equity,INCLUDE,2.6,Spatial equity public transport access,
openalex,S0259,https://doi.org/10.1155/2020/2895320,2020,An Improved NSGA-II Algorithm for Transit Network Design and Frequency Setting Problem,Journal of Advanced Transportation,A_core_design;A_freq_fleet,INCLUDE,2.2,NSGA-II network and frequency,
openalex,S0260,https://doi.org/10.6007/ijarbss/v4-i9/1167,2014,Service Quality and Customer Satisfaction in Public Transport Sector of Kenya: A Survey of Shuttle Travelers in Kitale Terminus,International Journal of Academic Research in Business and Social Sciences,C_global_south,EXCLUDE,,Satisfaction survey,
openalex,S0261,,2008,A GENETIC ALGORITHM BASED BUS SCHEDULING MODEL FOR TRANSIT NETWORK,,A_core_design;A_freq_fleet;AB_demand_data,EXCLUDE,,Bus scheduling,
openalex,S0262,,2011,Achieving sustainable transportation system for Indian cities - problems and issues,NOT FOUND REPOSITORY (Indian Institute of Science Bangalore),C_india,MAYBE,2.7,Indian cities sustainable transport issues,
openalex,S0263,https://doi.org/10.3141/2467-11,2014,Service Reliability–Based Transit Network Design with Stochastic Demand,Transportation Research Record Journal of the Transportation Research Board,A_core_design;AB_demand_data,INCLUDE,2.2,Reliability-based network design,
openalex,S0264,https://doi.org/10.1061/(asce)te.1943-5436.0000647,2014,Estimating Transit Route OD Flow Matrices from APC Data on Multiple Bus Trips Using the IPF Method with an Iteratively Improved Base: Method and Empirical Evaluation,Journal of Transportation Engineering,B_od_estimation,INCLUDE,2.3,Route OD from APC data,
openalex,S0265,https://doi.org/10.1016/j.trb.2023.04.009,2023,Analyzing the trade-off between minimizing travel times and reducing monetary costs for users in the transit network design,Transportation Research Part B Methodological,A_core_design;B_accessibility,INCLUDE,2.2,Network design travel time cost tradeoff,
openalex,S0266,https://doi.org/10.1287/trsc.2013.0497,2014,Formulating a New Express Minibus Service Design Problem as a Clustering Problem,Transportation Science,C_global_south,INCLUDE,2.2,Express minibus design,
openalex,S0267,https://doi.org/10.1155/2021/5597130,2021,Calibrating Path Choices and Train Capacities for Urban Rail Transit Simulation Models Using Smart Card and Train Movement Data,Journal of Advanced Transportation,B_od_estimation,EXCLUDE,,Rail simulation calibration,
openalex,S0268,https://doi.org/10.1007/s12469-009-0015-8,2009,Congested multimodal transit network design,Public Transport,A_core_design,INCLUDE,2.2,Congested multimodal network design,
openalex,S0269,https://doi.org/10.3390/app14083406,2024,Notes on Bus User Assignment Problem Using Section Network Representation Method,Applied Sciences,A_core_design,MAYBE,2.2,Bus user assignment for network design,
openalex,S0270,https://doi.org/10.1016/j.jtrangeo.2019.102470,2019,Assessment of large-scale transitions in public transport networks using open timetable data: case of Helsinki metro extension,Journal of Transport Geography,B_equity,INCLUDE,2.5,Open timetable data network assessment,
openalex,S0271,https://doi.org/10.1155/2019/5963240,2019,Hybrid Differential Evolution‐Particle Swarm Optimization Algorithm for Multiobjective Urban Transit Network Design Problem with Homogeneous Buses,Mathematical Problems in Engineering,A_core_design,INCLUDE,2.2,DE-PSO network design,
openalex,S0272,https://doi.org/10.3390/ijgi7080309,2018,"Mapping Rural Road Networks from Global Positioning System (GPS) Trajectories of Motorcycle Taxis in Sigomre Area, Siaya County, Kenya",ISPRS International Journal of Geo-Information,B_open_data;C_global_south,MAYBE,2.5,Road mapping from motorcycle GPS,
openalex,S0273,https://doi.org/10.3390/su11216128,2019,"Design of Urban Rail Transit Network Constrained by Urban Road Network, Trips and Land-Use Characteristics",Sustainability,A_core_design,EXCLUDE,,Rail network design,
openalex,S0274,https://doi.org/10.1007/s11750-008-0060-5,2008,An approach for solving a modification of the extended rapid transit network design problem,Top,A_core_design,EXCLUDE,,Rapid transit design,
openalex,S0275,https://doi.org/10.1177/0361198120980322,2020,Efficiency Based Evaluation of Public Transport and Paratransit Systems with a View to Integrating Transportation,Transportation Research Record Journal of the Transportation Research Board,C_india;C_global_south,MAYBE,2.7,Indian public transport paratransit efficiency,
openalex,S0276,,2006,Norwegian experiences with tendered buss services,OpenstarTs (Univeristy of Trieste https://www.units.it/),C_permit_regulation,MAYBE,2.7,Bus tendering Norway,
openalex,S0277,https://doi.org/10.1016/j.rtbm.2022.100858,2022,Developing an intention to use amongst non-users of the Bus Rapid Transit (BRT) System: An emerging market perspective,Research in Transportation Business & Management,C_global_south,EXCLUDE,,BRT intention survey,
openalex,S0278,https://doi.org/10.1016/j.tranpol.2021.12.001,2021,"Physical distancing on public transport in Mumbai, India: Policy and planning implications for unlock and post-pandemic period",Transport Policy,C_india,EXCLUDE,,COVID distancing,
openalex,S0279,https://doi.org/10.1016/j.jtrangeo.2023.103769,2023,Measuring the impacts of disruptions on public transit accessibility and reliability,Journal of Transport Geography,B_open_data,MAYBE,2.4,Disruption impacts on accessibility,
openalex,S0280,https://doi.org/10.1016/j.tre.2022.102939,2022,An activity-based model for transit network design and activity location planning in a three-party game framework,Transportation Research Part E Logistics and Transportation Review,A_core_design;B_accessibility,MAYBE,2.2,Activity-based network design,
openalex,S0281,https://doi.org/10.1016/j.jtrangeo.2024.104105,2024,Comparing accessibility to high-speed rail stations by public transit and cars: A national-scale analysis,Journal of Transport Geography,B_accessibility,EXCLUDE,,High-speed rail access,
openalex,S0282,https://doi.org/10.1177/0361198118781166,2018,Constructing Spatiotemporal Load Profiles of Transit Vehicles with Multiple Data Sources,Transportation Research Record Journal of the Transportation Research Board,B_open_data,INCLUDE,2.3,Vehicle load profiles multi-source,
openalex,S0283,https://doi.org/10.3390/su8060537,2016,Optimization of an Improved Intermodal Transit Model Equipped with Feeder Bus and Railway Systems Using Metaheuristics Approaches,Sustainability,A_core_design,MAYBE,2.2,Feeder bus and rail model,
openalex,S0284,https://doi.org/10.1007/s40534-018-0165-y,2018,Extracting bus transit boarding stop information using smart card transaction data,西南交通大学学报：英文版,B_od_estimation,INCLUDE,2.3,Boarding stop inference smart card,
openalex,S0285,https://doi.org/10.1007/s40999-019-00445-y,2019,Dynamic Bus Scheduling Based on Real-Time Demand and Travel Time,International Journal of Civil Engineering,A_freq_fleet,EXCLUDE,,Bus scheduling,
openalex,S0286,https://doi.org/10.1016/j.tra.2021.10.006,2021,The case for negotiated contracts under the transition to a green bus fleet,Transportation Research Part A Policy and Practice,C_permit_regulation,MAYBE,2.7,Bus contracts green fleet,
openalex,S0287,https://doi.org/10.1016/j.jpubtr.2022.100023,2022,Are shelters in place? Mapping the distribution of transit amenities via a bus-stop census of San Francisco,Journal of Public Transportation,A_freq_fleet,MAYBE,2.6,Bus stop amenity census,
openalex,S0288,https://doi.org/10.1109/tits.2014.2301821,2014,Transit Coordination Using Integer-Ratio Headways,IEEE Transactions on Intelligent Transportation Systems,A_freq_fleet,EXCLUDE,,Headway coordination,
openalex,S0289,,2001,THE EVOLUTION OF ORGANISATIONAL FORMS IN EUROPEAN PUBLIC TRANSPORT,,C_permit_regulation,MAYBE,2.7,Public transport regulation Europe,
openalex,S0290,https://doi.org/10.3390/smartcities3020029,2020,A Particle Swarm Optimization Algorithm for the Solution of the Transit Network Design Problem,Smart Cities,A_core_design,INCLUDE,2.2,PSO network design,
openalex,S0291,https://doi.org/10.1080/21680566.2019.1589597,2019,Coordinated control method to self-equalize bus headways: an analytical method,Transportmetrica B Transport Dynamics,A_freq_fleet,EXCLUDE,,Headway control,
openalex,S0292,https://doi.org/10.1016/j.trc.2024.104570,2024,A mixed-integer programming-based Q-learning approach for electric bus scheduling with multiple termini and service routes,Transportation Research Part C Emerging Technologies,A_freq_fleet,EXCLUDE,,Electric bus scheduling,
openalex,S0293,https://doi.org/10.3390/s24123884,2024,Urban Mobility Pattern Detection: Development of a Classification Algorithm Based on Machine Learning and GPS,Sensors,B_od_estimation,EXCLUDE,,Mode detection from GPS,
openalex,S0294,https://doi.org/10.1016/j.trpro.2017.05.135,2017,Application of the concept of transit oriented development to a suburban neighborhood,Transportation research procedia,B_demand_proxy;C_india,EXCLUDE,,TOD neighbourhood,
openalex,S0295,https://doi.org/10.1016/j.tra.2021.04.007,2021,Providing real-time bus crowding information for passengers: A novel policy to promote high-frequency transit performance,Transportation Research Part A Policy and Practice,A_freq_fleet,EXCLUDE,,Crowding information,
openalex,S0296,https://doi.org/10.1080/10630732.2017.1362901,2017,Smart City L’Aquila: An Application of the “Infostructure” Approach to Public Urban Mobility in a Post-Disaster Context,Journal of Urban Technology,B_open_data,EXCLUDE,,Post-disaster smart city,
openalex,S0297,https://doi.org/10.1155/2019/4212631,2019,Vehicle Scheduling Optimization considering the Passenger Waiting Cost,Journal of Advanced Transportation,A_freq_fleet,EXCLUDE,,Vehicle scheduling,
openalex,S0298,https://doi.org/10.5198/jtlu.2020.1526,2020,"Measuring road space consumption by transport modes: Toward a standard spatial efficiency assessment method and an application to the development scenarios of Rajkot City, India",Journal of Transport and Land Use,C_india,MAYBE,2.7,Road space consumption Rajkot India,
openalex,S0299,https://doi.org/10.1016/j.jpubtr.2023.100078,2023,Feeder bus network design with modular transit vehicles,Journal of Public Transportation,A_core_design,MAYBE,2.2,Feeder network with modular vehicles,
openalex,S0300,https://doi.org/10.1109/tia.2023.3234233,2023,Probabilistic Planning of Distribution Networks With Optimal DG Placement Under Uncertainties,IEEE Transactions on Industry Applications,C_india,EXCLUDE,,Power systems,
openalex,S0301,https://doi.org/10.1007/s42421-020-00031-y,2020,Deep Learning Framework for Predicting Bus Delays on Multiple Routes Using Heterogenous Datasets,Journal of Big Data Analytics in Transportation,B_open_data,EXCLUDE,,Delay prediction,
openalex,S0302,https://doi.org/10.2174/1874447801913010041,2019,Bus Passenger Demand Modelling Using Time-Series Techniques- Big Data Analytics,The Open Transportation Journal,C_india,MAYBE,2.3,Bus demand forecasting big data,
openalex,S0303,https://doi.org/10.1109/ojits.2022.3199108,2022,Impact of Unplanned Long-Term Service Disruptions on Urban Public Transit Systems,IEEE Open Journal of Intelligent Transportation Systems,A_freq_fleet,EXCLUDE,,Service disruption impact,
openalex,S0304,https://doi.org/10.1177/0361198121995493,2021,Design and Implementation of Zone-to-Zone Demand Responsive Transportation Systems,Transportation Research Record Journal of the Transportation Research Board,A_freq_fleet,EXCLUDE,,Demand responsive service,
openalex,S0305,https://doi.org/10.1155/2019/2452348,2019,Multiobjective Optimal Formulations for Bus Fleet Size of Public Transit under Headway-Based Holding Control,Journal of Advanced Transportation,A_freq_fleet,INCLUDE,2.2,Bus fleet size under holding control,
openalex,S0306,https://doi.org/10.1016/j.iatssr.2022.10.002,2022,What affects pedestrian crossing difficulty at urban intersections in a developing country?,IATSS Research,C_global_south,EXCLUDE,,Pedestrian crossing,
openalex,S0307,https://doi.org/10.4236/jtts.2012.23024,2012,Optimisation of a Bus Network Configuration and Frequency Considering the Common Lines Problem,Journal of Transportation Technologies,A_core_design,INCLUDE,2.2,Network configuration and frequency,
openalex,S0308,https://doi.org/10.1155/2019/5024253,2019,Evaluating Route and Frequency Design of Bus Lines Based on Data Envelopment Analysis with Network Epsilon-Based Measures,Journal of Advanced Transportation,A_core_design;A_freq_fleet,INCLUDE,2.6,DEA route and frequency evaluation,
openalex,S0309,https://doi.org/10.1016/j.tre.2024.103810,2024,Resilience enhancement of multi-modal public transportation system via electric bus network redesign,Transportation Research Part E Logistics and Transportation Review,A_rationalisation,MAYBE,2.2,Electric bus network redesign resilience,
openalex,S0310,https://doi.org/10.1016/j.jtrangeo.2021.102980,2021,Examining circuity of urban transit networks from an equity perspective,Journal of Transport Geography,A_core_design;AB_demand_data;B_equity,INCLUDE,2.6,Transit circuity equity,
openalex,S0311,https://doi.org/10.3141/2442-06,2014,Applying the General Transit Feed Specification to the Global South,Transportation Research Record Journal of the Transportation Research Board,B_open_data;C_global_south,INCLUDE,2.5,GTFS in Global South,
openalex,S0312,https://doi.org/10.1016/j.ejor.2018.05.041,2018,On strategic multistage operational two-stage stochastic 0–1 optimization for the Rapid Transit Network Design problem,European Journal of Operational Research,A_core_design,EXCLUDE,,Rapid transit design,
openalex,S0313,https://doi.org/10.7163/eu21.2016.31.4,2016,The use of general transit feed specification (GTFS) application to identify deviations in the operation of public transport at morning peak hours on the example of Szczecin,Europa XXI,B_open_data,MAYBE,2.5,GTFS to identify operational deviations,
openalex,S0314,https://doi.org/10.1177/0042098020919323,2020,Measuring risk of missing transfers in public transit systems using high-resolution schedule and real-time bus location data,Urban Studies,B_open_data,EXCLUDE,,Transfer risk,
openalex,S0315,https://doi.org/10.1109/tits.2023.3266461,2023,Deep Reinforcement Learning Two-Way Transit Signal Priority Algorithm for Optimizing Headway Adherence and Speed,IEEE Transactions on Intelligent Transportation Systems,A_freq_fleet,EXCLUDE,,Signal priority,
openalex,S0316,https://doi.org/10.3141/2218-06,2011,"Joint Optimization of Bus Size, Headway, and Slack Time for Efficient Timed Transfer",Transportation Research Record Journal of the Transportation Research Board,A_freq_fleet,EXCLUDE,,Timed transfer,
openalex,S0317,https://doi.org/10.1177/1687814016675999,2016,Prediction of bus passenger trip flow based on artificial neural network,Advances in Mechanical Engineering,B_demand_proxy,MAYBE,2.3,Bus passenger flow prediction ANN,
openalex,S0318,https://doi.org/10.1260/2046-0430.2.3.243,2013,Transit Network Design: a Hybrid Enhanced Artificial Bee Colony Approach and a Case Study,International Journal of Transportation Science and Technology,A_core_design,INCLUDE,2.2,Network design Hong Kong case,
openalex,S0319,https://doi.org/10.3141/2536-07,2015,Adapting the Swedish Service Route Model to Suburban Transit in the United States,Transportation Research Record Journal of the Transportation Research Board,C_global_south,MAYBE,2.2,Service route model suburban transit,
openalex,S0320,https://doi.org/10.3141/2048-02,2008,Limitation of Competition in and for the Public Transportation Market in Developing Countries,Transportation Research Record Journal of the Transportation Research Board,C_global_south,MAYBE,2.7,Competition in developing country transit,
openalex,S0321,https://doi.org/10.3390/math12142283,2024,"Multi-Objective Optimization of Resilient, Sustainable, and Safe Urban Bus Routes for Tourism Promotion Using a Hybrid Reinforcement Learning Algorithm",Mathematics,B_accessibility,INCLUDE,2.2,Multi-objective bus route optimisation,
openalex,S0322,https://doi.org/10.1007/s11771-015-2998-4,2015,Real-time origin-destination matrices estimation for urban rail transit network based on structural state-space model,Journal of Central South University,B_od_estimation,EXCLUDE,,Rail OD estimation,
openalex,S0323,https://doi.org/10.1142/s0217979223500340,2022,Understanding urban bus travel time: Statistical analysis and a deep learning prediction,International Journal of Modern Physics B,A_freq_fleet,EXCLUDE,,Travel time prediction,
openalex,S0324,https://doi.org/10.3390/su11133527,2019,A Transit Route Network Design Problem Considering Equity,Sustainability,A_core_design,INCLUDE,2.6,Network design considering equity,
openalex,S0325,https://doi.org/10.1109/tits.2014.2318834,2014,Transit Timetables Resulting in Even Maximum Load on Individual Vehicles,IEEE Transactions on Intelligent Transportation Systems,A_freq_fleet,EXCLUDE,,Timetables,
openalex,S0326,https://doi.org/10.1061/(asce)te.1943-5436.0000857,2016,Performance Evaluation of Bus Routes Using Automatic Vehicle Location Data,Journal of Transportation Engineering,A_freq_fleet,MAYBE,2.6,Bus route performance from AVL,
openalex,S0327,https://doi.org/10.1061/(asce)0733-947x(2000)126:5(419),2000,Modeling Bus Service under Competition and Regulation,Journal of Transportation Engineering,A_freq_fleet,MAYBE,2.7,Bus service under competition regulation,
openalex,S0328,https://doi.org/10.1080/15391523.2001.10782339,2001,Electronic Mapping in Education,Journal of Research on Technology in Education,B_accessibility,EXCLUDE,,Education mapping,
openalex,S0329,https://doi.org/10.1287/ijoc.2018.0824,2019,Transit Pattern Detection Using Tensor Factorization,INFORMS journal on computing,B_od_estimation,MAYBE,2.3,Transit pattern detection tensor,
openalex,S0330,https://doi.org/10.1155/2014/408473,2014,Analysis of Feeder Bus Network Design and Scheduling Problems,The Scientific World JOURNAL,A_core_design,INCLUDE,2.2,Feeder bus network design,
openalex,S0331,https://doi.org/10.1007/s12469-011-0046-9,2011,An Ant System application to the Bus Network Design Problem: an algorithm and a case study,Public Transport,A_core_design;A_freq_fleet,INCLUDE,2.2,Ant system network design,
openalex,S0332,https://doi.org/10.3141/2671-01,2017,Accessibility Scenario Analysis of a Hypothetical Future Transit Network: Social Equity Implications of a General Transit Feed Specification–Based Sketch Planning Tool,Transportation Research Record Journal of the Transportation Research Board,B_open_data;B_equity,INCLUDE,2.4,GTFS sketch planning equity,
openalex,S0333,https://doi.org/10.1016/j.eswa.2023.122825,2023,Bus routing fine-tuning for integrated network-based demand and bus bridging for a disrupted railway system,Expert Systems with Applications,A_freq_fleet,EXCLUDE,,Rail disruption bridging,
openalex,S0334,https://doi.org/10.1155/2016/8950209,2016,A Self-Adjusting Method to Resist Bus Bunching Based on Boarding Limits,Mathematical Problems in Engineering,A_freq_fleet,EXCLUDE,,Bunching,
openalex,S0335,https://doi.org/10.3141/2276-05,2012,Stop Aggregation Model,Transportation Research Record Journal of the Transportation Research Board,B_open_data,INCLUDE,2.5,GTFS-based stop aggregation model,
openalex,S0336,https://doi.org/10.1287/trsc.2013.0509,2014,The Elevator Trip Origin-Destination Matrix Estimation Problem,Transportation Science,B_od_estimation,INCLUDE,2.3,Route OD estimation from counts,
openalex,S0337,https://doi.org/10.1061/(asce)0733-947x(2000)126:5(396),2000,Enhancements of CORSIM Model in Simulating Transit Operations,Journal of Transportation Engineering,A_freq_fleet,EXCLUDE,,Simulation enhancement,
openalex,S0338,https://doi.org/10.1260/2046-0430.1.2.131,2012,Optimizing Performance of at-grade Intersection with Bus Rapid Transit Corridor and Heterogeneous Traffic,International Journal of Transportation Science and Technology,C_india,EXCLUDE,,Intersection optimisation,
openalex,S0339,https://doi.org/10.1080/23249935.2015.1123323,2015,Combining robustness and recovery in rapid transit network design,Transportmetrica A Transport Science,A_core_design,EXCLUDE,,Rapid transit design,
openalex,S0340,https://doi.org/10.1155/2020/3267474,2020,Comparative Analysis of Travel Patterns from Cellular Network Data and an Urban Travel Demand Model,Journal of Advanced Transportation,B_od_estimation,MAYBE,2.3,Cellular data vs demand model,
openalex,S0341,https://doi.org/10.3390/ijgi9070446,2020,Measuring Accessibility to Various ASFs from Public Transit using Spatial Distance Measures in Indian Cities,ISPRS International Journal of Geo-Information,B_open_data,INCLUDE,2.7,Indian cities accessibility from transit,
openalex,S0342,https://doi.org/10.3141/2466-04,2014,Simulation Framework for Modeling Large-Scale Flexible Transit Systems,Transportation Research Record Journal of the Transportation Research Board,C_global_south,EXCLUDE,,Flexible transit simulation,
openalex,S0343,https://doi.org/10.1016/j.trc.2017.11.013,2017,Tailored Wakeby-type distribution for random bus headway adherence ratio,Transportation Research Part C Emerging Technologies,A_freq_fleet,EXCLUDE,,Headway adherence,
openalex,S0344,https://doi.org/10.1007/s10479-015-1999-x,2015,Improved rapid transit network design model: considering transfer effects,Annals of Operations Research,A_core_design;B_accessibility,EXCLUDE,,Rapid transit design,
openalex,S0345,https://doi.org/10.1007/s12469-019-00203-2,2019,Modelling bus bunching under variable transit demand using cellular automata,Public Transport,A_freq_fleet,EXCLUDE,,Bunching model,
openalex,S0346,https://doi.org/10.1016/j.retrec.2016.06.003,2016,Optimal allocation of vehicles to bus routes using automatically collected data and simulation modelling,Research in Transportation Economics,A_freq_fleet,INCLUDE,2.2,Vehicle allocation to routes AVL,
openalex,S0347,https://doi.org/10.1007/s12469-022-00312-5,2023,A simulation-based optimization approach for designing transit networks,Public Transport,A_core_design,INCLUDE,2.2,Simulation-based network design,
openalex,S0348,https://doi.org/10.1108/efcc-09-2020-0030,2020,Gender and class distinction in travel behavior: evidence from India,Ecofeminism and Climate Change,C_india,EXCLUDE,,Travel behaviour gender,
openalex,S0349,https://doi.org/10.1016/j.trpro.2020.08.077,2020,Integrated Multimodal Transit Route Network Design with Feeder Systems,Transportation research procedia,A_core_design,INCLUDE,2.2,Multimodal route network with feeders,
openalex,S0350,https://doi.org/10.1016/j.rineng.2025.106126,2025,"Assessing Public Transit Network Efficiency and Accessibility in Johor Bahru and Penang, Malaysia: A Data-Driven Approach",Results in Engineering,B_open_data;B_equity,INCLUDE,2.6,Bus network efficiency accessibility Malaysia,
openalex,S0351,https://doi.org/10.1061/(asce)cp.1943-5487.0000644,2016,Arterial Path-Level Travel-Time Estimation Using Machine-Learning Techniques,Journal of Computing in Civil Engineering,B_od_estimation,EXCLUDE,,Travel time prediction,
openalex,S0352,https://doi.org/10.1080/19475683.2010.513152,2010,A GIS-based framework for bus network optimization using genetic algorithm,Annals of GIS,B_accessibility;B_demand_proxy,INCLUDE,2.2,GIS bus network optimisation GA,
openalex,S0353,https://doi.org/10.1016/j.jtrangeo.2023.103643,2023,Inefficient allocation of paratransit service terminals and routes in Ghana: The role of driver unions and paratransit operators,Journal of Transport Geography,B_open_data,INCLUDE,2.7,Paratransit routes terminals Ghana,
openalex,S0354,https://doi.org/10.5038/2375-0901.11.1.3,2008,Demand Responsive Route Design: GIS Application to Link Downtowns with Expansion Areas,Journal of Public Transportation,B_accessibility,MAYBE,2.2,GIS route design expansion areas,
openalex,S0355,https://doi.org/10.1061/(asce)up.1943-5444.0000338,2016,Prioritizing Accessible Transit Systems for Sustainable Urban Development: Understanding and Evaluating the Parameters of a Transportation System in Mumbai,Journal of Urban Planning and Development,C_india,MAYBE,2.7,Mumbai transit accessibility parameters,
openalex,S0356,https://doi.org/10.1109/mits.2018.2889713,2019,Diagnosis of Irregularity Sources by Automatic Vehicle Location Data,IEEE Intelligent Transportation Systems Magazine,A_freq_fleet,EXCLUDE,,Irregularity diagnosis,
openalex,S0357,https://doi.org/10.3141/2276-08,2012,New Model for Secondary Benefits of Transit Priority,Transportation Research Record Journal of the Transportation Research Board,A_freq_fleet,EXCLUDE,,Transit priority benefits,
openalex,S0358,https://doi.org/10.1016/j.jtrangeo.2018.04.001,2018,"Transit planning, access, and justice: Evolving visions of bus rapid transit and the Chicago street",Journal of Transport Geography,B_equity,EXCLUDE,,BRT justice Chicago,
openalex,S0359,https://doi.org/10.14288/acme.v10i2.893,2015,Neoliberal Utopia and Urban Realities in Delhi,Open Collections,C_india,EXCLUDE,,Delhi urban politics,
openalex,S0360,https://doi.org/10.1061/jtepbs.0000016,2017,Evaluation of Effects from Sample-Size Origin-Destination Estimation Using Smart Card Fare Data,Journal of Transportation Engineering Part A Systems,B_od_estimation,INCLUDE,2.3,Smart card OD sample size,
openalex,S0361,https://doi.org/10.1016/j.jpubtr.2024.100100,2024,A critical review of analytical approaches in public bus transit network design and operations planning with focus on emerging technologies and sustainability,Journal of Public Transportation,A_core_design;B_equity,INCLUDE,2.2,Bus network design review,
openalex,S0362,https://doi.org/10.3390/wevj12010029,2021,A Procedure to Estimate Air Conditioning Consumption of Urban Buses Related to Climate and Main Operational Characteristics,World Electric Vehicle Journal,B_open_data,EXCLUDE,,Bus energy consumption,
openalex,S0363,https://doi.org/10.1002/atr.5670350204,2001,A bi‐level programming approach — Optimal transit fare under line capacity constraints,Journal of Advanced Transportation,A_core_design,EXCLUDE,,Fare optimisation,
openalex,S0364,https://doi.org/10.3141/2544-01,2016,Use of Mobile Ticketing Data to Estimate an Origin–Destination Matrix for New York City Ferry Service,Transportation Research Record Journal of the Transportation Research Board,B_od_estimation,EXCLUDE,,Ferry OD,
openalex,S0365,https://doi.org/10.1007/s11042-018-6147-6,2018,Multimodal data modeling for efficiency assessment of social priority based urban bus route transportation system using GIS and data envelopment analysis,Multimedia Tools and Applications,C_india,INCLUDE,2.6,GIS DEA bus route efficiency,
openalex,S0366,https://doi.org/10.1007/s10479-022-04842-w,2022,A data-driven system for cooperative-bus route planning based on generative adversarial network and metric learning,Annals of Operations Research,A_freq_fleet;C_global_south,INCLUDE,2.2,Data-driven bus route planning,
openalex,S0367,https://doi.org/10.1016/j.ress.2021.107632,2021,Optimal holding time calculation algorithm to improve the reliability of high frequency bus route considering the bus capacity constraint,Reliability Engineering & System Safety,A_freq_fleet,EXCLUDE,,Holding time,
openalex,S0368,https://doi.org/10.1016/j.trpro.2016.11.069,2016,"Transportation Planning Aspects of a Smart City–Case Study of GIFT City, Gujarat",Transportation research procedia,C_india,EXCLUDE,,Smart city planning,
openalex,S0369,https://doi.org/10.1109/tits.2023.3237320,2023,A Sequence and Network Embedding Method for Bus Arrival Time Prediction Using GPS Trajectory Data Only,IEEE Transactions on Intelligent Transportation Systems,B_data_scarce,EXCLUDE,,Arrival time prediction,
openalex,S0370,https://doi.org/10.1007/s10708-021-10548-6,2021,"Visualising public transport accessibility to inform urban planning policy in Hubli-Dharwad, India",GeoJournal,B_equity;C_india,INCLUDE,2.7,PT accessibility Hubli-Dharwad,
openalex,S0371,https://doi.org/10.3141/2352-11,2013,Dynamic Holding Strategy to Prevent Buses from Bunching,Transportation Research Record Journal of the Transportation Research Board,A_freq_fleet,EXCLUDE,,Bunching holding,
openalex,S0372,https://doi.org/10.1155/2020/4317402,2020,Reliability Optimization Model of Stop-Skipping Bus Operation with Capacity Constraints,Journal of Advanced Transportation,A_freq_fleet,EXCLUDE,,Stop-skipping operation,
openalex,S0373,,2005,A procedure for the solution of the urban bus network design problem with elastic demand,,A_core_design,INCLUDE,2.2,Bus network design elastic demand,
openalex,S0374,https://doi.org/10.1007/s11116-019-10040-8,2019,Calibrating travel time thresholds with cluster analysis and AFC data for passenger reasonable route generation on an urban rail transit network,Transportation,B_od_estimation,EXCLUDE,,Rail route generation,
openalex,S0375,https://doi.org/10.1016/j.trpro.2017.03.032,2017,Rapid transit network design: considering recovery robustness and risk aversion measures,Transportation research procedia,A_core_design,EXCLUDE,,Rapid transit design,
openalex,S0376,https://doi.org/10.1080/19427867.2020.1750767,2020,A cuckoo search based approach to design sustainable transit network,Transportation Letters,A_core_design,INCLUDE,2.2,Cuckoo search network design,
openalex,S0377,https://doi.org/10.2478/bog-2020-0037,2020,Potential and cumulative accessibility of workplaces by public transport in Szczecin,Bulletin of Geography Socio-economic series,B_open_data,INCLUDE,2.4,Workplace accessibility by PT,
openalex,S0378,https://doi.org/10.1061/jtepbs.0000426,2020,Modeling and Evaluating Public Transit Equity and Accessibility by Integrating General Transit Feed Specification Data: Case Study of the City of Charlotte,Journal of Transportation Engineering Part A Systems,B_open_data,INCLUDE,2.6,GTFS transit equity accessibility,
openalex,S0379,https://doi.org/10.1061/jtepbs.0000393,2020,Electric Transit Network Design by an Improved Artificial Fish-Swarm Algorithm,Journal of Transportation Engineering Part A Systems,A_core_design,INCLUDE,2.2,Electric transit network design,
openalex,S0380,https://doi.org/10.1080/19427867.2020.1852505,2020,Stochastic programming model for integrating bus network design and dial-a-ride scheduling,Transportation Letters,A_core_design,MAYBE,2.2,Bus network and dial-a-ride integration,
openalex,S0381,https://doi.org/10.1016/j.landusepol.2021.105567,2021,Assessing accessibility to ASFs from bus stops using distance measures: Case of two Indian cities,Land Use Policy,C_global_south,INCLUDE,2.7,Bus stop accessibility Indian cities,
openalex,S0382,,2016,How close the models are to the reality? Comparison of transit origin-destination estimates with automatic fare collection data,Transport Research Forum,B_od_estimation,INCLUDE,2.3,Transit OD estimates versus AFC,
openalex,S0383,https://doi.org/10.1016/j.ijtst.2021.05.003,2021,A comparative study of topological analysis and temporal network analysis of a public transport system,International Journal of Transportation Science and Technology,B_accessibility,INCLUDE,2.4,Topological network analysis PT,
openalex,S0384,https://doi.org/10.1016/j.apgeog.2023.103022,2023,An accessibility-based methodology to prioritize public-transit investments: Application to older adults in three metropolitan regions in Canada,Applied Geography,B_open_data,INCLUDE,2.6,Accessibility-based investment prioritisation,
openalex,S0385,https://doi.org/10.1016/j.trc.2024.104694,2024,Origin–destination matrix estimation for public transport: A multi-modal weighted graph approach,Transportation Research Part C Emerging Technologies,B_od_estimation;B_open_data,INCLUDE,2.3,Multimodal PT OD estimation,
openalex,S0386,https://doi.org/10.1371/journal.pone.0270346,2022,Travel pattern-based bus trip origin-destination estimation using smart card data,PLoS ONE,B_od_estimation,INCLUDE,2.3,Bus trip OD from smart card,
openalex,S0387,https://doi.org/10.1016/j.aej.2023.07.036,2023,Assessment of risks affecting the operational activities of the Amman bus rapid transit (BRT) system,Alexandria Engineering Journal,C_global_south,EXCLUDE,,BRT risk assessment,
openalex,S0388,https://doi.org/10.1108/jpmd-04-2021-0047,2021,Finding sustainable mobility solutions for shrinking cities: the case of Toyama and Kanazawa,Journal of Place Management and Development,B_demand_proxy,EXCLUDE,,Shrinking cities mobility,
openalex,S0389,https://doi.org/10.1155/2015/709389,2015,Modeling the Coordinated Operation between Bus Rapid Transit and Bus,Mathematical Problems in Engineering,A_freq_fleet,EXCLUDE,,BRT feeder coordination,
openalex,S0390,https://doi.org/10.3846/16484142.2015.1100676,2015,INTEGRATION OF EXPONENTIAL SMOOTHING WITH STATE SPACE FORMULATION FOR BUS TRAVEL TIME AND ARRIVAL TIME PREDICTION,Transport,C_india,EXCLUDE,,Travel time prediction,
openalex,S0391,https://doi.org/10.1016/j.trpro.2019.12.006,2019,Future mobility and land use scenarios: impact assessment with an urban case study,Transportation research procedia,B_equity,EXCLUDE,,Land use scenarios,
openalex,S0392,https://doi.org/10.1016/j.trc.2010.05.021,2010,Route layout analysis for express buses,Transportation Research Part C Emerging Technologies,A_freq_fleet,INCLUDE,2.2,Express bus route layout,
openalex,S0393,https://doi.org/10.1016/j.cstp.2021.08.001,2021,"Public transport accessibility mapping and its policy applications: A case study of Lucknow, India",Case Studies on Transport Policy,C_india,INCLUDE,2.7,PT accessibility Lucknow,
openalex,S0394,https://doi.org/10.3141/2111-05,2009,Development of Real-Time Optimal Bus Scheduling and Headway Control Models,Transportation Research Record Journal of the Transportation Research Board,A_freq_fleet,EXCLUDE,,Real-time scheduling,
openalex,S0395,https://doi.org/10.1007/s40999-017-0153-3,2017,Bunching and Headway Adherence Approach to Public Transport with GPS,International Journal of Civil Engineering,A_freq_fleet,EXCLUDE,,Bunching GPS,
openalex,S0396,https://doi.org/10.1109/tits.2013.2285228,2013,Agent-Based Simulation and Optimization of Urban Transit System,IEEE Transactions on Intelligent Transportation Systems,A_core_design,EXCLUDE,,Assignment simulation,
openalex,S0397,https://doi.org/10.3390/su131910885,2021,A Multi-Objective Meta-Heuristic Approach to Improve the Bus Transit Network: A Case Study of Fargo-Moorhead Area,Sustainability,A_core_design;A_freq_fleet;B_accessibility,INCLUDE,2.2,Bus network improvement metaheuristic,
openalex,S0398,,2015,"Traffic safety on bus priority systems: recommendations for integrating safety into the planning, design, and operation of major bus routes",,C_india,EXCLUDE,,Safety,
openalex,S0399,https://doi.org/10.1007/s10109-020-00337-z,2021,"GIS tools and programming languages for creating models of public and private transport potential accessibility in Szczecin, Poland",Journal of Geographical Systems,B_open_data,INCLUDE,2.5,GIS tools potential accessibility,
openalex,S0400,https://doi.org/10.5120/15702-4681,2014,Simple and Effective Solution Methodology for Transit Network Design Problem,International Journal of Computer Applications,A_core_design;A_freq_fleet;B_accessibility,INCLUDE,2.2,TNDP solution methodology,
openalex,S0401,https://doi.org/10.1109/access.2019.2913003,2019,Route Network Design of Community Shuttle for Metro Stations Through Genetic Algorithm Optimization,IEEE Access,A_core_design,MAYBE,2.2,Community shuttle network GA,
openalex,S0402,https://doi.org/10.5038/2375-0901.19.4.11,2016,Optimal Limited-stop Bus Routes Selection Using a Genetic Algorithm and Smart Card Data,Journal of Public Transportation,B_accessibility,INCLUDE,2.2,Limited-stop routes using smart card,
openalex,S0403,https://doi.org/10.1109/tec.2020.3021305,2020,Feedback Couplings Evaluation on Synthetic Inertia Provision for Grid Frequency Support,IEEE Transactions on Energy Conversion,C_permit_regulation,EXCLUDE,,Power grid,
openalex,S0404,https://doi.org/10.1109/tits.2023.3348111,2024,A Multi-Objective Ant Colony System-Based Approach to Transit Route Network Adjustment,IEEE Transactions on Intelligent Transportation Systems,A_core_design,INCLUDE,2.2,Transit route network adjustment,
openalex,S0405,https://doi.org/10.1109/access.2019.2932197,2019,A Semi-Automatic Data–Scraping Method for the Public Transport Domain,IEEE Access,B_open_data,MAYBE,2.5,Public transport data scraping,
openalex,S0406,https://doi.org/10.1080/03081060.2011.613594,2011,Economic conditions for minibus usage in a multimodal feeder network,Transportation Planning and Technology,C_global_south,MAYBE,2.2,Minibus feeder economics,
openalex,S0407,https://doi.org/10.1016/j.tra.2023.103906,2023,Service design and frequency setting for the European high-speed rail network,Transportation Research Part A Policy and Practice,A_core_design;B_accessibility,EXCLUDE,,High-speed rail,
openalex,S0408,https://doi.org/10.3390/infrastructures7020023,2022,Active Transport Network Design Based on Transit-Oriented Development and Complete Street Approach: Finding the Potential in Qazvin,Infrastructures,B_accessibility,EXCLUDE,,Active transport network,
openalex,S0409,https://doi.org/10.1016/j.entcs.2014.12.018,2015,Finding Optimal Timetables for Edinburgh Bus Routes,Electronic Notes in Theoretical Computer Science,B_open_data,EXCLUDE,,Timetable verification,
openalex,S0410,https://doi.org/10.5120/21250-4073,2015,Issues Related to Transit Network Design Problem,International Journal of Computer Applications,A_core_design,INCLUDE,2.2,TNDP issues review,
openalex,S0411,https://doi.org/10.3390/su132313196,2021,Impact of Decentralization and Rail Network Extension on Future Traffic in the Bangkok Metropolitan Region,Sustainability,C_global_south,EXCLUDE,,Rail extension traffic,
openalex,S0412,https://doi.org/10.3141/2072-01,2008,"Farecard Passenger Flow Model at Chicago Transit Authority, Illinois",Transportation Research Record Journal of the Transportation Research Board,B_od_estimation,EXCLUDE,,Rail flow model,
openalex,S0413,https://doi.org/10.11121/ijocta.01.2016.00258,2016,Transit network design and scheduling using genetic algorithm – a review,An International Journal of Optimization and Control Theories & Applications (IJOCTA),A_core_design,INCLUDE,2.2,GA transit network design review,
openalex,S0414,https://doi.org/10.3141/1939-21,2005,Institutional and Regulatory Options for Bus Rapid Transit in Developing Countries: Lessons from International Experience,Transportation Research Record Journal of the Transportation Research Board,C_global_south,MAYBE,2.7,BRT regulatory reform in developing countries,
openalex,S0415,https://doi.org/10.1080/02533839.2010.9671619,2010,Mass transit route network design using genetic algorithm,Journal of the Chinese Institute of Engineers,A_core_design,INCLUDE,2.2,GA mass transit route network design,
openalex,S0416,https://doi.org/10.3390/app122010232,2022,A Variable Neighbourhood Search-Based Algorithm for the Transit Route Network Design Problem,Applied Sciences,A_core_design,INCLUDE,2.2,VNS metaheuristic for TRNDP,
openalex,S0417,https://doi.org/10.1142/s0217595912500091,2012,AN EFFICIENT AND PRACTICALLY ROBUST HYBRID METAHEURISTIC ALGORITHM FOR SOLVING FUZZY BUS TERMINAL LOCATION PROBLEMS,Asia Pacific Journal of Operational Research,A_core_design,MAYBE,2.2,Bus terminal location under fuzzy demand; peripheral,
openalex,S0418,https://doi.org/10.3329/jbip.v5i1.76987,2012,Bus Services in Dhaka City - Users’ Experiences and Opinions,Journal of Bangladesh Institute of Planners,A_freq_fleet;B_accessibility,MAYBE,2.7,Dhaka bus user opinion survey; Global South context,
openalex,S0419,https://doi.org/10.1080/1747423x.2019.1610809,2019,"Modelling urban land change processes and patterns for climate change planning in the Durban metropolitan area, South Africa",Journal of Land Use Science,C_global_south,EXCLUDE,,"Land change modelling, not transit",
openalex,S0420,https://doi.org/10.1007/s40890-019-0083-7,2019,Travel Time Reliability Analysis on Selected Bus Route of Mysore Using GPS Data,Transportation in Developing Economies,C_india,MAYBE,2.7,Indian bus GPS reliability analysis; no abstract,
openalex,S0421,https://doi.org/10.1155/2020/8846715,2020,Dynamic Origin-Destination Matrix Estimation Based on Urban Rail Transit AFC Data: Deep Optimization Framework with Forward Passing and Backpropagation Techniques,Journal of Advanced Transportation,B_od_estimation,EXCLUDE,,Rail OD estimation,
openalex,S0422,https://doi.org/10.1155/2013/483682,2013,Optimal Design of the Feeder-Bus Network Based on the Transfer System,Discrete Dynamics in Nature and Society,A_core_design,INCLUDE,2.2,Feeder bus network design optimisation,
openalex,S0423,https://doi.org/10.3141/1835-07,2003,"Value of the Facilities and Attributes of New Heavy Rail and Bus Rapid Transit Projects in a Developing City: The Case of Lima, Peru",Transportation Research Record Journal of the Transportation Research Board,C_global_south,EXCLUDE,,Stated preference rail/BRT attributes,
openalex,S0424,https://doi.org/10.1080/01944363.2024.2323470,2024,Measuring Transit Equity of an On-Demand Multimodal Transit System,Journal of the American Planning Association,B_equity,MAYBE,2.6,"Transit equity measurement, on-demand multimodal",
openalex,S0425,https://doi.org/10.1080/03081060.2020.1829093,2020,A multi-objective meta-heuristic approach for the transit network design and frequency setting problem,Transportation Planning and Technology,A_core_design,INCLUDE,2.2,Multi-objective network design and frequency setting,
openalex,S0426,https://doi.org/10.1016/j.ifacol.2019.06.003,2019,Transit network design with meta-heuristic algorithms and agent based simulation,IFAC-PapersOnLine,A_core_design,INCLUDE,2.2,Transit network design metaheuristics with simulation,
openalex,S0427,,2003,High Coverage Point to Point Transit (HCPPT): A New Design Concept and Simulation-Evaluation of Operational Schemes,PATH research report,B_accessibility,EXCLUDE,,Point-to-point demand-responsive concept,
openalex,S0428,https://doi.org/10.1109/tits.2023.3238289,2023,Transit Arrival Time Prediction Using Interaction Networks,IEEE Transactions on Intelligent Transportation Systems,B_open_data;B_accessibility,EXCLUDE,,Arrival time prediction,
openalex,S0429,https://doi.org/10.3141/1835-04,2003,Multiuser-Class Urban Transit Network Design,Transportation Research Record Journal of the Transportation Research Board,A_core_design,INCLUDE,2.2,Multiuser-class transit network design,
openalex,S0430,https://doi.org/10.1016/j.ifacol.2017.08.1067,2017,Dynamical Modeling and Predictive Control of Bus Transport Systems: A Hybrid Systems Approach,IFAC-PapersOnLine,A_freq_fleet,EXCLUDE,,Bus bunching control,
openalex,S0431,https://doi.org/10.1061/(asce)0733-9488(2005)131:2(87),2005,Network Modeling Approach to Transit Network Design,Journal of Urban Planning and Development,A_core_design,INCLUDE,2.2,Practical transit network design method,
openalex,S0432,https://doi.org/10.3141/1902-04,2005,"Redevelopment and Revitalization Along Urban Arterials: Case Study of San Pablo Avenue, California, from the Developers' Perspective",Transportation Research Record Journal of the Transportation Research Board,B_demand_proxy,EXCLUDE,,Urban arterial redevelopment,
openalex,S0433,https://doi.org/10.1145/3448076,2021,Urban Map Inference by Pervasive Vehicular Sensing Systems with Complementary Mobility,Proceedings of the ACM on Interactive Mobile Wearable and Ubiquitous Technologies,B_open_data,EXCLUDE,,Road map inference,
openalex,S0434,https://doi.org/10.1016/j.tranpol.2013.07.003,2013,"Evaluating the impact of bus network planning changes in Sydney, Australia",Transport Policy,C_permit_regulation,MAYBE,2.2,Bus network planning changes evaluation; no abstract,
openalex,S0435,https://doi.org/10.1017/s1368980020002220,2020,"Adolescent diet and physical activity in the context of economic, social and nutrition transition in rural Maharashtra, India: a qualitative study",Public Health Nutrition,C_india,EXCLUDE,,Adolescent diet study,
openalex,S0436,https://doi.org/10.3390/app11041873,2021,A Sliding Surface for Controlling a Semi-Bridgeless Boost Converter with Power Factor Correction and Adaptive Hysteresis Band,Applied Sciences,C_permit_regulation,EXCLUDE,,Power electronics,
openalex,S0437,https://doi.org/10.48088/ejg.d.bra.13.1.094.108,2022,Building a spatial decision support system for tourism and infrastructure planning: technical solution and data integration challenges,European Journal of Geography,B_data_scarce,MAYBE,2.5,"Spatial decision support, mobility gaps, data integration",
openalex,S0438,https://doi.org/10.3934/energy.2017.6.944,2017,Electric bus migration in Bengaluru with dynamic charging technologies,AIMS energy,C_india,EXCLUDE,,Electric bus charging,
openalex,S0439,https://doi.org/10.1080/03081060.2020.1717135,2020,Metro passenger’s path choice model estimation with travel time correlations derived from smart card data,Transportation Planning and Technology,B_od_estimation,EXCLUDE,,Metro path choice,
openalex,S0440,https://doi.org/10.1016/j.swevo.2018.10.009,2018,Limited-stop bus service: A strategy to reduce the unused capacity of a transit network,Swarm and Evolutionary Computation,A_core_design;AB_demand_data,MAYBE,2.2,Limited-stop service strategy; no abstract,
openalex,S0441,https://doi.org/10.1109/access.2019.2930279,2019,A Data-Driven Analysis for Operational Vehicle Performance of Public Transport Network,IEEE Access,A_freq_fleet,EXCLUDE,,Headway stability analysis,
openalex,S0442,https://doi.org/10.1179/1942787514y.0000000032,2014,Travel time modeling for bus transport system in Bangalore city,Transportation Letters,C_india,EXCLUDE,,Bus travel time modelling,
openalex,S0443,https://doi.org/10.1016/j.trc.2024.104854,2024,A dynamic macroscopic framework for pricing of ride-hailing services with an optional bus lane access for pool vehicles,Transportation Research Part C Emerging Technologies,A_freq_fleet,EXCLUDE,,Ride-hailing pricing,
openalex,S0444,https://doi.org/10.1155/2021/6684795,2021,An Exact Solution Approach for the Bus Line Planning Problem with Integrated Passenger Routing,Journal of Advanced Transportation,A_core_design,INCLUDE,2.2,Bus line planning with passenger routing,
openalex,S0445,https://doi.org/10.1016/j.trpro.2020.08.212,2020,Economic Evaluation of Traffic Congestion at Intersection: Case study from an Indian City,Transportation research procedia,C_india,EXCLUDE,,Congestion cost evaluation,
openalex,S0446,https://doi.org/10.1007/s11771-016-3232-8,2016,Optimizing bus services with variable directional and temporal demand using genetic algorithm,Journal of Central South University,A_freq_fleet,INCLUDE,2.2,GA bus service optimisation directional demand,
openalex,S0447,https://doi.org/10.1016/j.trc.2022.103828,2022,Does bus bunching happen inevitably: The counteraction between link and stop headway deviations?,Transportation Research Part C Emerging Technologies,A_freq_fleet,EXCLUDE,,Bus bunching,
openalex,S0448,https://doi.org/10.1016/j.cor.2024.106568,2024,Minimizing passenger waiting time in the multi-route bus fleet allocation problem through distributionally robust optimization and reinforcement learning,Computers & Operations Research,B_accessibility,INCLUDE,2.2,Multi-route bus fleet allocation optimisation,
openalex,S0449,,2009,Monte-Carlo Bus Regulation,,C_permit_regulation,EXCLUDE,,Bus regulation control,
openalex,S0450,https://doi.org/10.1109/access.2020.3030686,2020,Headway-Based Multi-Route Transit Signal Priority at Isolated Intersection,IEEE Access,A_freq_fleet,EXCLUDE,,Transit signal priority,
openalex,S0451,https://doi.org/10.1155/2020/8305475,2020,Destination Estimation for Bus Passengers Based on Data Fusion,Mathematical Problems in Engineering,B_od_estimation,INCLUDE,2.3,Bus passenger destination estimation,
openalex,S0452,https://doi.org/10.1016/j.jtrangeo.2024.103825,2024,"Are mass transit projects and public transport planning overlooking uneven distributional effects? Empirical evidence from Sao Paulo, Brazil",Journal of Transport Geography,B_equity,MAYBE,2.6,Distributional effects of transit planning Sao Paulo,
openalex,S0453,https://doi.org/10.1177/0361198119845896,2019,Transit Route Origin–Destination Matrix Estimation using Compressed Sensing,Transportation Research Record Journal of the Transportation Research Board,B_od_estimation,INCLUDE,2.3,Transit route OD estimation compressed sensing,
openalex,S0454,https://doi.org/10.1177/0361198105192300117,2005,Microsimulation of Flexible Transit System Designs in Realistic Urban Networks,Transportation Research Record Journal of the Transportation Research Board,C_global_south,EXCLUDE,,Flexible transit microsimulation,
openalex,S0455,https://doi.org/10.1109/access.2019.2959907,2019,Mining Customized Bus Demand Spots Based on Smart Card Data: A Case Study of the Beijing Public Transit System,IEEE Access,B_od_estimation,INCLUDE,2.3,Smart card demand mining for customized bus,
openalex,S0456,,2009,Creating Bus Timetables Under Stochastic Demand,DOAJ (DOAJ: Directory of Open Access Journals),A_core_design;B_accessibility,EXCLUDE,,Timetable creation,
openalex,S0457,https://doi.org/10.1155/2014/979062,2014,Optimization Model for Headway of a Suburban Bus Route,Mathematical Problems in Engineering,A_freq_fleet,INCLUDE,2.2,Suburban bus headway optimisation,
openalex,S0458,,2002,EVALUATION OF TRANSIT SIGNAL PRIORITY STRATEGIES FOR SMALL-MEDIUM CITIES,,A_freq_fleet,EXCLUDE,,Transit signal priority,
openalex,S0459,https://doi.org/10.1007/s10661-020-8243-0,2020,Street protests and air pollution in Hong Kong,Environmental Monitoring and Assessment,A_rationalisation,EXCLUDE,,Protests and air pollution,
openalex,S0460,https://doi.org/10.1049/iet-its.2011.0021,2012,Implications of the computational complexity of transit route network redesign for metaheuristic optimisation systems,IET Intelligent Transport Systems,A_core_design;A_rationalisation;C_india,INCLUDE,2.2,TRNDP redesign complexity and metaheuristics,
openalex,S0461,https://doi.org/10.1016/j.jpubtr.2023.100041,2023,Revising bus routes to improve access for the transport disadvantaged: A reinforcement learning approach,Journal of Public Transportation,B_accessibility,INCLUDE,2.2,RL bus route revision for disadvantaged access,
openalex,S0462,https://doi.org/10.3141/2652-07,2017,Transit Trip Itinerary Inference with GTFS and Smartphone Data,Transportation Research Record Journal of the Transportation Research Board,B_open_data,INCLUDE,2.3,Itinerary inference from GTFS and smartphone data,
openalex,S0463,https://doi.org/10.1002/atr.5670380303,2004,Scheduling considerations for a branching transit route,Journal of Advanced Transportation,A_freq_fleet,EXCLUDE,,Scheduling of branching route,
openalex,S0464,https://doi.org/10.1061/jtepbs.0000305,2019,Optimal Design of Feeder-Bus Network with Split Delivery,Journal of Transportation Engineering Part A Systems,A_core_design,INCLUDE,2.2,Feeder bus network design,
openalex,S0465,https://doi.org/10.1007/s41062-025-02356-5,2025,Transit network design problem: a half century of methodological research,Innovative Infrastructure Solutions,A_core_design;A_freq_fleet;B_equity,INCLUDE,2.2,Transit network design review,
openalex,S0466,https://doi.org/10.1080/01944363.2024.2307920,2024,Creating an Informal Transport Route,Journal of the American Planning Association,C_global_south,INCLUDE,2.7,Informal minibus route creation Kampala,
openalex,S0467,https://doi.org/10.1177/0361198118798722,2018,Provision of Bus Real-Time Information: Turning Passengers from Being Contributors of Headway Irregularity to Controllers,Transportation Research Record Journal of the Transportation Research Board,A_freq_fleet,EXCLUDE,,"Headway regularity, real-time information",
openalex,S0468,https://doi.org/10.1155/2012/313518,2012,An Improved Model for Headway‐Based Bus Service Unreliability Prevention with Vehicle Load Capacity Constraint at Bus Stops,Discrete Dynamics in Nature and Society,A_freq_fleet,EXCLUDE,,Bus service reliability control,
openalex,S0469,,2013,ESTIMATION OF EMISSIONS AND FUEL CONSUMPTION OF SUSTAINABLE TRANSPORT MEASURES IN METRO MANILA,Philippine Engineering Journal,C_global_south,EXCLUDE,,Emissions estimation,
openalex,S0470,https://doi.org/10.1016/j.vehcom.2017.02.003,2017,Mobile femtocell utilisation in LTE vehicular environment: Vehicular penetration loss elimination and performance enhancement,Vehicular Communications,B_accessibility,EXCLUDE,,Vehicular communications,
openalex,S0471,https://doi.org/10.1109/tec.2023.3271307,2023,An Online-Optimization-Based High-Frequency Link Control of an MMC-Driven Power Electronic Transformer for Wind-Energy Systems,IEEE Transactions on Energy Conversion,C_permit_regulation,EXCLUDE,,Power electronics,
openalex,S0472,https://doi.org/10.1016/j.jth.2023.101625,2023,Road space reallocation in Scotland: A health impact assessment,Journal of Transport & Health,B_accessibility,EXCLUDE,,Road space health impact,
openalex,S0473,https://doi.org/10.1016/j.cstp.2020.04.002,2020,Optimising Melbourne's bus routes for real-life travel patterns,Case Studies on Transport Policy,B_accessibility,INCLUDE,2.2,Bus route optimisation Melbourne,
openalex,S0474,https://doi.org/10.7163/eu21.2017.33.4,2017,Space-Time Variation of Accessibility to Jobs with used by Public Transport - case study in Szczecin,Europa XXI,B_open_data,INCLUDE,2.4,Space-time PT accessibility to jobs,
openalex,S0475,https://doi.org/10.1111/anzs.12294,2020,Modelling the travel time of transit vehicles in real‐time through a GTFS‐based road network using GPS vehicle locations,Australian & New Zealand Journal of Statistics,B_open_data,EXCLUDE,,Travel time prediction,
openalex,S0476,https://doi.org/10.4028/www.scientific.net/amm.97-98.669,2011,Balancing between Headway and Frequency Scheduling for Bus Service,Applied Mechanics and Materials,A_freq_fleet,EXCLUDE,,Headway vs schedule control,
openalex,S0477,https://doi.org/10.1016/j.physa.2023.129479,2023,Quantification and comparison of hierarchy in Public Transport Networks,Physica A Statistical Mechanics and its Applications,B_open_data,INCLUDE,2.6,Network hierarchy indicator for PT networks,
openalex,S0478,https://doi.org/10.1093/geront/gnac148,2022,Challenges and Visions for the Future Among Paratransit Providers,The Gerontologist,C_global_south,EXCLUDE,,Specialised paratransit providers survey,
openalex,S0479,https://doi.org/10.1016/j.retrec.2020.101000,2020,Does the measured performance of bus operators depend on the index chosen to assess reliability in contracts? An analysis of bus headway variability,Research in Transportation Economics,A_freq_fleet,MAYBE,2.7,Bus contract reliability indices; regulation,
openalex,S0480,https://doi.org/10.1177/03611981211023768,2021,"Comparison of Door-to-Door Transit Travel Time Estimation Using Schedules, Real-Time Vehicle Arrivals, and Smartcard Inference Methods",Transportation Research Record Journal of the Transportation Research Board,B_od_estimation;B_open_data,EXCLUDE,,Travel time estimation comparison,
openalex,S0481,https://doi.org/10.13189/cea.2020.080626,2020,Comparative Assessment of Service Quality of IPT Modes in Urban India,Civil Engineering and Architecture,C_india,EXCLUDE,,IPT perception survey,
openalex,S0482,,2012,Analysis of the Impacts of Transit Signal Priority on Bus Bunching and Performance,PDXScholar  (Portland State University),A_freq_fleet,EXCLUDE,,Transit signal priority,
openalex,S0483,https://doi.org/10.1016/j.trpro.2016.12.001,2016,The Potential of E-ticketing for Public Transport Planning: The Piedmont Region Case Study,Transportation research procedia,B_od_estimation,INCLUDE,2.3,E-ticketing data for planning,
openalex,S0484,https://doi.org/10.1016/j.jpubtr.2024.100083,2024,Bus stop spacing statistics: Theory and evidence,Journal of Public Transportation,B_open_data,INCLUDE,2.6,Bus stop spacing statistics and consolidation,
openalex,S0485,https://doi.org/10.1016/j.trd.2024.104438,2024,A tactical planning framework to integrate paratransit with formal public transport systems,Transportation Research Part D Transport and Environment,C_india;C_global_south,INCLUDE,2.7,Paratransit integration with formal PT planning,
openalex,S0486,https://doi.org/10.1080/0144929x.2019.1652852,2019,Smart data at play: improving accessibility in the urban transport system,Behaviour and Information Technology,B_open_data,MAYBE,2.4,Smart data for accessibility,
openalex,S0487,,2008,Route Level Bus Transit Passenger Origin-Destination Flow Estimation Using Apc Data: Numerical And Empirical Investigations,OhioLink ETD Center (Ohio Library and Information Network),B_od_estimation,INCLUDE,2.3,APC-based route OD estimation,
openalex,S0488,https://doi.org/10.3390/su11051429,2019,Green Travel Mode: Trajectory Data Cleansing Method for Shared Electric Bicycles,Sustainability,B_od_estimation,EXCLUDE,,Bike trajectory cleaning,
openalex,S0489,,2016,Comparing Accessibility in Urban Slums Using Smart Card and Bus GPS Data,Transportation Research Board 95th Annual MeetingTransportation Research Board,B_open_data;B_accessibility,INCLUDE,2.4,Slum accessibility from smart card GPS,
openalex,S0490,https://doi.org/10.1080/23249935.2020.1719551,2020,An infeasible start heuristic for the transit route network design problem,Transportmetrica A Transport Science,A_core_design,INCLUDE,2.2,Heuristic for TRNDP,
openalex,S0491,https://doi.org/10.1177/0361198105193900121,2005,Institutional and Regulatory Options for Bus Rapid Transit in Developing Countries,Transportation Research Record Journal of the Transportation Research Board,C_global_south,MAYBE,2.7,BRT regulatory reform developing countries,
openalex,S0492,https://doi.org/10.3141/2277-05,2012,Grouping of Bus Stops for Aggregation of Route-Level Passenger Origin–Destination Flow Matrices,Transportation Research Record Journal of the Transportation Research Board,B_demand_proxy,INCLUDE,2.3,Bus stop grouping for OD matrices,
openalex,S0493,,2012,BRT IN METRO DHAKA: TOWARDS ACHIEVING A SUSTAINABLE URBAN PUBLIC TRANSPORT SYSTEM,,B_demand_proxy,MAYBE,2.7,BRT Dhaka,
openalex,S0494,https://doi.org/10.1109/access.2022.3140947,2022,Data-Driven Bus Route Optimization Algorithm Under Sudden Interruption of Public Transport,IEEE Access,B_accessibility,MAYBE,2.2,Bus route optimisation under interruption,
openalex,S0495,https://doi.org/10.3141/2537-06,2015,Potentials of Online Media and Location-Based Big Data for Urban Transit Networks in Developing Countries,Transportation Research Record Journal of the Transportation Research Board,C_global_south,INCLUDE,2.5,Big data for transit planning in developing countries,
openalex,S0496,,2015,A Review of Urban Studies Based on Transit Smart Card Data,,B_od_estimation,INCLUDE,2.3,Smart card data review,
openalex,S0497,https://doi.org/10.3389/friot.2023.1255995,2023,Transforming urban mobility with internet of things: public bus fleet tracking using proximity-based bluetooth beacons,Frontiers in the Internet of Things,C_global_south,MAYBE,2.5,Low-cost bus tracking developing countries,
openalex,S0498,https://doi.org/10.3126/jie.v15i3.32190,2020,Public Bus Accessibility and its Implications in Energy and Environment: A Case Study of Kathmandu Valley,Journal of the Institute of Engineering,C_global_south,INCLUDE,2.7,Bus accessibility Kathmandu,
openalex,S0499,https://doi.org/10.1016/j.aap.2020.105790,2020,The impact of a passenger-safety-driven acceleration limit on the operation of a bus service,Accident Analysis & Prevention,A_freq_fleet;B_accessibility,EXCLUDE,,Acceleration limit safety,
openalex,S0500,https://doi.org/10.1108/ijesm-03-2013-0004,2014,Analysis of road transport energy consumption and emissions: a case study,International Journal of Energy Sector Management,C_india,EXCLUDE,,Emissions,
openalex,S0501,https://doi.org/10.1061/(asce)te.1943-5436.0000594,2013,Risk-Based Transit Schedule Design for a Fixed Route from the View of Equity,Journal of Transportation Engineering,A_freq_fleet,EXCLUDE,,Schedule slack design,
openalex,S0502,https://doi.org/10.5198/jtlu.2022.1879,2022,"Whose express access? Assessing the equity implications of bus express routes in Montreal, Canada",Journal of Transport and Land Use,B_open_data;B_accessibility,INCLUDE,2.6,Equity of bus express routes,
openalex,S0503,https://doi.org/10.3390/data10080119,2025,From Raw GPS to GTFS: A Real-World Open Dataset for Bus Travel Time Prediction,Data,B_open_data,MAYBE,2.5,"Open GPS-to-GTFS bus dataset, Astana",
openalex,S0504,https://doi.org/10.1145/3110291,2017,Challenges of Open Data Quality,Journal of Data and Information Quality,B_open_data,MAYBE,2.5,Open data quality challenges,
openalex,S0505,https://doi.org/10.1061/(asce)0887-3801(2004)18:2(83),2004,Finding Optimal Bus Service Routes: Internet-Based Methodology to Serve Transit Patrons,Journal of Computing in Civil Engineering,B_accessibility,INCLUDE,2.2,GIS-based bus route finding methodology,
openalex,S0506,https://doi.org/10.3390/su11102823,2019,Setting Headways on a Bus Route under Uncertain Conditions,Sustainability,A_freq_fleet,INCLUDE,2.2,Headway setting under uncertainty,
openalex,S0507,https://doi.org/10.3390/su15075618,2023,GPS Data Analytics for the Assessment of Public City Bus Transportation Service Quality in Bangkok,Sustainability,B_accessibility,MAYBE,2.6,GPS-based bus service quality assessment Bangkok,
openalex,S0508,https://doi.org/10.3217/jucs-025-08-0946,2020,Planning of Urban Public Transportation Networks in a Smart City,Zenodo (CERN European Organization for Nuclear Research),B_open_data,INCLUDE,2.2,Public transport network planning from demand data,
openalex,S0509,https://doi.org/10.1016/j.future.2018.02.020,2018,GTFS bus stop mapping to the OSM network,Future Generation Computer Systems,B_open_data,MAYBE,2.5,GTFS stops mapped to OSM; no abstract,
openalex,S0510,https://doi.org/10.28991/cej-2021-03091696,2021,Willingness to Pay for Improvement in Service Quality of Intermediate Public Transport (IPT) Modes,Civil Engineering Journal,C_india,EXCLUDE,,Willingness to pay survey,
openalex,S0511,https://doi.org/10.1287/trsc.2017.0806,2018,Scheduled Paratransit Transport Enhanced by Accessible Taxis,Transportation Science,C_global_south,EXCLUDE,,Accessible taxi paratransit system,
openalex,S0512,https://doi.org/10.3390/math12070930,2024,Optimizing the Three-Dimensional Multi-Objective of Feeder Bus Routes Considering the Timetable,Mathematics,A_freq_fleet,INCLUDE,2.2,Feeder bus route optimisation,
openalex,S0513,https://doi.org/10.3141/2544-09,2016,Bus Network Microsimulation with General Transit Feed Specification and Tap-in-Only Smart Card Data,Transportation Research Record Journal of the Transportation Research Board,B_open_data,INCLUDE,2.3,GTFS and tap-in-only smart card simulation,
openalex,S0514,https://doi.org/10.5539/jsd.v4n5p229,2011,Inequity in the Provision of Public Bus Service for Socially Disadvantaged Groups,Journal of Sustainable Development,B_equity;C_global_south,INCLUDE,2.6,Equity in bus service provision,
openalex,S0515,https://doi.org/10.1108/03090591211232084,2012,Training needs analysis for bus depot managers at GSRTC,European journal of training and development,C_india,EXCLUDE,,Depot manager training,
openalex,S0516,https://doi.org/10.1061/jtepbs.0000436,2020,Modeling and Prediction of Bus Operation States for Bunching Analysis,Journal of Transportation Engineering Part A Systems,A_freq_fleet,EXCLUDE,,Bunching prediction,
openalex,S0517,https://doi.org/10.3141/2654-06,2017,Assessment of Regional Transit Accessibility in the San Francisco Bay Area of California with UrbanAccess,Transportation Research Record Journal of the Transportation Research Board,B_equity,INCLUDE,2.4,Regional transit accessibility with UrbanAccess,
openalex,S0518,https://doi.org/10.1177/0361198120931099,2020,Adjusting Dwell Time for Paratransit Services,Transportation Research Record Journal of the Transportation Research Board,C_global_south,EXCLUDE,,Paratransit dwell time,
openalex,S0519,https://doi.org/10.32604/cmc.2024.048402,2024,Efficient Route Planning for Real-Time Demand-Responsive Transit,"Computers, materials & continua/Computers, materials & continua (Print)",B_accessibility,EXCLUDE,,Demand-responsive routing,
openalex,S0520,https://doi.org/10.1016/j.jth.2023.101742,2023,TRansit ACessibility Tool (TRACT): Developing a novel scoring system for public transportation system accessibility,Journal of Transport & Health,B_open_data,MAYBE,2.4,"Transit accessibility scoring tool, disability",
openalex,S0521,https://doi.org/10.1016/j.tbs.2022.12.002,2022,"Bus network redesigns and public transit equity analysis: Evaluating system-wide changes in Richmond, Virginia",Travel Behaviour and Society,A_rationalisation;B_equity,INCLUDE,2.6,Bus network redesign equity analysis,
openalex,S0522,https://doi.org/10.1016/j.cstp.2024.101230,2024,Origin-destination demand prediction of public transit using graph convolutional neural network,Case Studies on Transport Policy,C_india,MAYBE,2.3,Transit OD demand prediction GCN; no abstract,
openalex,S0523,,2003,EFFECT OF BUS-STOP SPACING ON MOBILE EMISSIONS IN URBAN AREAS,,A_freq_fleet;B_accessibility,EXCLUDE,,Stop spacing emissions,
openalex,S0524,https://doi.org/10.1080/00036846.2019.1644441,2019,Impact of the dedicated infrastructure on bus service quality: an empirical analysis,Applied Economics,A_freq_fleet,EXCLUDE,,Service quality econometrics,
openalex,S0525,https://doi.org/10.3141/2351-07,2013,Potential of Low-Frequency Automated Vehicle Location Data for Monitoring and Control of Bus Performance,Transportation Research Record Journal of the Transportation Research Board,A_freq_fleet,MAYBE,2.5,Low-frequency AVL data use,
openalex,S0526,,2012,Development of a Regional Forecasting Model Based on Google Transit Feed,Transportation Research Board 91st Annual MeetingTransportation Research Board,B_open_data,INCLUDE,2.5,Forecasting model from Google Transit Feed,
openalex,S0527,https://doi.org/10.1080/03081060.2010.512222,2010,Integrated transit services for minimum cost operation considering heterogeneous demand,Transportation Planning and Technology,A_freq_fleet,INCLUDE,2.2,Integrated transit services heterogeneous demand,
openalex,S0528,,2014,"Traffic related CO pollution and occupational exposure in Chandigarh, India",International Journal on Environmental Sciences,C_india,EXCLUDE,,Air pollution exposure,
openalex,S0529,https://doi.org/10.3390/su16125071,2024,Biometric Breakthroughs for Sustainable Travel: Transforming Public Transportation through Secure Identification,Sustainability,B_accessibility,EXCLUDE,,Biometrics,
openalex,S0530,https://doi.org/10.1016/j.retrec.2020.100897,2020,"Hybrid markets in public transport – contract design, performance and conflicts",Research in Transportation Economics,C_permit_regulation,MAYBE,2.7,Bus tendering contract design Sweden,
openalex,S0531,https://doi.org/10.1016/j.energy.2025.135097,2025,Resource configuration and daily operational scheduling for urban electric bus route under the hybrid power supply strategy,Energy,A_freq_fleet,EXCLUDE,,Electric bus scheduling,
openalex,S0532,https://doi.org/10.1186/s12544-021-00519-w,2021,On how to incorporate public sources of situational context in descriptive and predictive models of traffic data,European Transport Research Review,B_od_estimation,EXCLUDE,,Traffic data context modelling,
openalex,S0533,https://doi.org/10.1007/s40890-023-00179-6,2023,Suitable Bus Stop Locations for a Proposed Bus Rapid Transit Corridor in a Developing Country City: An Analytical Hierarchy Process Approach,Transportation in Developing Economies,B_accessibility;B_demand_proxy;C_global_south,MAYBE,2.7,AHP bus stop siting BRT developing city,
openalex,S0534,https://doi.org/10.1016/j.trb.2025.103238,2025,A novel multi-objective evolutionary algorithm for transit network design and frequency-setting problem considering passengers’ choice behaviors under station congestion,Transportation Research Part B Methodological,A_core_design,INCLUDE,2.2,Multi-objective TNDFSP algorithm,
openalex,S0535,https://doi.org/10.3390/ijgi10030155,2021,Understanding Users’ Satisfaction towards Public Transit System in India: A Case-Study of Mumbai,ISPRS International Journal of Geo-Information,C_india,EXCLUDE,,Satisfaction from user content,
openalex,S0536,https://doi.org/10.3390/s22010017,2021,Data-Driven Performance Evaluation Framework for Multi-Modal Public Transport Systems,Sensors,B_od_estimation,INCLUDE,2.6,Data-driven multimodal PT evaluation framework,
openalex,S0537,https://doi.org/10.1109/tcad.2006.882488,2006,Latency-Guided On-Chip Bus-Network Design,IEEE Transactions on Computer-Aided Design of Integrated Circuits and Systems,A_core_design,EXCLUDE,,On-chip bus design,
openalex,S0538,https://doi.org/10.1061/(asce)cp.1943-5487.0000875,2019,Bilevel Decision-Support Model for Bus-Route Optimization and Accessibility Improvement for Seniors,Journal of Computing in Civil Engineering,B_accessibility,INCLUDE,2.2,Bilevel bus route optimisation with accessibility,
openalex,S0539,https://doi.org/10.3233/sw-180319,2018,Generating public transport data based on population distributions for RDF benchmarking,Semantic Web,A_core_design,EXCLUDE,,RDF benchmarking data generation,
openalex,S0540,,2016,Bus transit service reliability: Understanding the impacts of overlapping bus service on headway delays and determinants of bus bunching,eScholarship@McGill (McGill),A_freq_fleet;B_accessibility,EXCLUDE,,Bus bunching reliability,
openalex,S0541,https://doi.org/10.1016/j.endm.2016.03.005,2016,Rapid transit network design considering risk aversion,Electronic Notes in Discrete Mathematics,A_core_design,EXCLUDE,,Rapid transit design,
openalex,S0542,https://doi.org/10.5937/jaes0-55112,2025,"Impact of transferring light busses to BRT route on traffic congestion, mobility, and safety at Sweileh intersection in Amman",Istrazivanja i projektovanja za privredu,C_global_south,MAYBE,2.7,Light bus to BRT transition Amman,
openalex,S0543,https://doi.org/10.5399/osu/jtrf.47.3.2116,2012,Some Computational Insights on the Optimal Bus Transit Route Network Design Problem,Journal of the Transportation Research Forum,A_core_design,INCLUDE,2.2,BTRNDP computational insights,
openalex,S0544,,2004,TRAVELER RESPONSE TO TRANSPORTATION SYSTEM CHANGES. CHAPTER 10 - BUS ROUTING AND COVERAGE,,B_accessibility,MAYBE,2.2,Bus routing and coverage changes chapter,
openalex,S0545,https://doi.org/10.1155/2021/6654254,2021,Autonomous Bus Fleet Control Using Multiagent Reinforcement Learning,Journal of Advanced Transportation,A_freq_fleet,EXCLUDE,,Autonomous bus control,
openalex,S0546,https://doi.org/10.1080/12265934.2015.1133317,2016,Implementation of Bus Rapid Transit (BRT) on an optimal segment of a long regular bus route,International Journal of Urban Sciences,A_freq_fleet;B_demand_proxy,INCLUDE,2.2,BRT on segment of bus route,
openalex,S0547,https://doi.org/10.18520/cs/v122/i5/557-568,2022,"Analysing the implications of electrification of public transport buses in Pune city, India",Current Science,C_india,EXCLUDE,,Electrification,
openalex,S0548,https://doi.org/10.1109/tits.2024.3374550,2024,Exploring Representations for Optimizing Connected Autonomous Vehicle Routes in Multi-Modal Transport Networks Using Evolutionary Algorithms,IEEE Transactions on Intelligent Transportation Systems,B_open_data,EXCLUDE,,CAV routing,
openalex,S0549,https://doi.org/10.21608/jesaun.2013.114910,2013,OPTIMAL FREQUENCY SETTING FOR CIRCULAR BUS ROUTES IN URBAN AREAS,JES. Journal of Engineering Sciences/JES. Journal of engineering sciences,A_freq_fleet,INCLUDE,2.2,Frequency setting circular bus routes,
openalex,S0550,https://doi.org/10.1061/(asce)up.1943-5444.0000709,2021,Design of a Bike–Bus Network for a City of Half a Million Citizens,Journal of Urban Planning and Development,A_core_design;C_global_south,EXCLUDE,,Bikeway network design,
openalex,S0551,https://doi.org/10.1177/03611981241231963,2024,Evaluation Framework for Multi-Modal Public Transport Systems Based on Connectivity and Transfers at Stop Level,Transportation Research Record Journal of the Transportation Research Board,B_open_data,INCLUDE,2.6,Stop-level connectivity evaluation framework,
openalex,S0552,https://doi.org/10.3846/16484142.2017.1277551,2017,"URBAN BUS FLEET ROUTING IN TRANSPORTATION NETWORK EQUIPPED WITH PARK-AND-RIDE: A CASE STUDY OF BABOL, IRAN",Transport,B_accessibility,INCLUDE,2.2,Bus route design with park-and-ride,
openalex,S0553,https://doi.org/10.1155/2018/7094504,2018,"Optimization of Headways and Departure Times in Urban Bus Networks: A Case Study of Çorlu, Turkey",Advances in Civil Engineering,A_freq_fleet;C_global_south,INCLUDE,2.2,Headway optimisation urban bus Corlu,
openalex,S0554,https://doi.org/10.1155/2018/1683249,2018,A Facility Location Model for Air Pollution Detection,Mathematical Problems in Engineering,B_accessibility,EXCLUDE,,Pollution sensor location,
openalex,S0555,https://doi.org/10.3846/16484142.2013.816772,2013,APPLICATION OF A NEW RAPID TRANSIT NETWORK DESIGN MODEL TO BUS RAPID TRANSIT NETWORK DESIGN: CASE STUDY ISFAHAN METROPOLITAN AREA,Transport,A_core_design;B_accessibility,INCLUDE,2.2,BRT network design Isfahan,
openalex,S0556,,2004,Service regularity analysis for urban transit network design,,A_core_design,MAYBE,2.2,Regularity in network design; no abstract,
openalex,S0557,https://doi.org/10.4230/oasics.atmos.2005.658,2006,Analysis of the Parameters of Transfers in Rapid Transit Network Design,DROPS (Schloss Dagstuhl – Leibniz Center for Informatics),A_core_design,EXCLUDE,,Rail alignment design,
openalex,S0558,https://doi.org/10.1109/access.2021.3049814,2021,Urban Public Transport Accessibility to Medical Services From the Perspective of Residents’ Travel: A Hybrid Assessment Based on the Whole Process,IEEE Access,B_equity,INCLUDE,2.4,PT accessibility to medical services,
openalex,S0559,,2015,Meeting the Public’s Need for Transit Options: Characteristics of Socially Equitable Transit Networks,ITE journal,B_equity,INCLUDE,2.6,Equitable transit network characteristics,
openalex,S0560,https://doi.org/10.1155/2019/2930502,2019,Bilevel Programming Model of Urban Public Transport Network under Fairness Constraints,Discrete Dynamics in Nature and Society,B_equity,INCLUDE,2.6,Bilevel network model with fairness constraints,
openalex,S0561,https://doi.org/10.3390/app13010333,2022,Conscious Mobility for Urban Spaces: Case Studies Review and Indicator Framework Design,Applied Sciences,B_data_scarce,EXCLUDE,,Conscious mobility indicators,
openalex,S0562,https://doi.org/10.1186/s12544-025-00733-w,2025,Assessing public transport accessibility using GPS data,European Transport Research Review,B_od_estimation;B_open_data,INCLUDE,2.4,PT accessibility from GPS data,
openalex,S0563,https://doi.org/10.1109/access.2022.3175492,2022,"Driving Cycle Synthesis, Aiming for Realness, by Extending Real-World Driving Databases",IEEE Access,B_data_scarce,EXCLUDE,,Driving cycle synthesis,
openalex,S0564,https://doi.org/10.3141/2451-15,2014,Challenges of Implementing à la Mode Transport Projects,Transportation Research Record Journal of the Transportation Research Board,C_global_south,MAYBE,2.7,Transferability of transport projects to developing cities,
openalex,S0565,https://doi.org/10.1016/j.ifacol.2015.08.137,2015,Smart phone based indoor navigation for guidance in public transport facilities,IFAC-PapersOnLine,B_open_data,EXCLUDE,,Indoor navigation,
openalex,S0566,https://doi.org/10.1177/0361198119835528,2019,"Practical Framework for Benchmarking and Impact Evaluation of Public Transportation Infrastructure: Case of Belo Horizonte, Brazil",Transportation Research Record Journal of the Transportation Research Board,B_open_data;B_accessibility,INCLUDE,2.4,Accessibility benchmarking Belo Horizonte,
openalex,S0567,https://doi.org/10.1002/atr.116,2010,Effects of regulation changes in seoul bus system: private bus operation under non‐competitive fixed price contract,Journal of Advanced Transportation,C_permit_regulation,MAYBE,2.7,Seoul bus regulation reform contracts,
openalex,S0568,https://doi.org/10.3390/land13081136,2024,"Effects of Urban Land-Use Planning on Housing Prices in Chiang Mai, Thailand",Land,B_accessibility;B_demand_proxy,EXCLUDE,,Housing prices,
openalex,S0569,https://doi.org/10.1080/15472450.2020.1725887,2020,On the tradeoff between sensitivity and specificity in bus bunching prediction,Journal of Intelligent Transportation Systems,A_freq_fleet,EXCLUDE,,Bunching prediction,
openalex,S0570,https://doi.org/10.1155/2015/928350,2015,Development and Evaluation of Bus Operation Control System Based on Cooperative Speed Guidance,Discrete Dynamics in Nature and Society,A_freq_fleet,EXCLUDE,,Speed guidance control,
openalex,S0571,https://doi.org/10.3141/2114-02,2009,Indian Bus Rapid Transit Systems Funded by the Jawaharlal Nehru National Urban Renewal Mission,Transportation Research Record Journal of the Transportation Research Board,C_india,MAYBE,2.7,Indian BRT planning review,
openalex,S0572,https://doi.org/10.3141/2652-08,2017,"Applications of Inferred Origins, Destinations, and Interchanges in Bus Service Planning",Transportation Research Record Journal of the Transportation Research Board,A_core_design;AB_demand_data,INCLUDE,2.3,Inferred OD used in bus service planning,
openalex,S0573,https://doi.org/10.3390/futuretransp5040134,2025,Assessment of Infrastructure and Service Supply on Sustainable Urban Transport Systems in Delhi-NCR: Implications of Last-Mile Connectivity for Government Policies,Future Transportation,C_india,MAYBE,2.7,Delhi-NCR last-mile transport supply,
openalex,S0574,https://doi.org/10.1080/2573234x.2023.2202691,2023,An interactive analytics approach for sustainable and resilient case studies: a machine learning perspective,Journal of Business Analytics,A_core_design,EXCLUDE,,Generic ML analytics,
openalex,S0575,https://doi.org/10.3390/su132313471,2021,A Model for Calculating the Spatial Coverage of Audible Disaster Warnings Using GTFS Realtime Data,Sustainability,B_open_data,EXCLUDE,,Disaster warnings,
openalex,S0576,https://doi.org/10.1177/03611981241260708,2024,Real-Time Urban Traffic Monitoring Using Transit Buses as Probes,Transportation Research Record Journal of the Transportation Research Board,B_open_data,EXCLUDE,,Buses as traffic probes,
openalex,S0577,https://doi.org/10.3141/1857-07,2003,Optimization of Multiple-Route Feeder Bus Service: Application of Geographic Information Systems,Transportation Research Record Journal of the Transportation Research Board,A_freq_fleet,INCLUDE,2.2,GA feeder bus optimisation with GIS,
openalex,S0578,https://doi.org/10.1016/j.inffus.2024.102771,2024,Eco-friendly integration of shared autonomous mobility on demand and public transit based on multi-source data,Information Fusion,C_global_south,EXCLUDE,,Autonomous on-demand integration,
openalex,S0579,https://doi.org/10.1016/j.jum.2024.05.002,2024,Generalization strategies for improving bus travel time prediction across networks,Journal of Urban Management,B_open_data,EXCLUDE,,Travel time prediction,
openalex,S0580,https://doi.org/10.1016/j.trpro.2017.05.369,2017,Mapping bus transit services in Hyderabad – an illustrative example of the use of open geospatial data,Transportation research procedia,C_india;C_global_south,INCLUDE,2.5,Open geospatial mapping of Hyderabad bus services,
openalex,S0581,https://doi.org/10.1080/03081060.2018.1541284,2018,Transit network design for small-medium size cities,Transportation Planning and Technology,A_core_design,INCLUDE,2.2,Network design heuristic small-medium cities,
openalex,S0582,https://doi.org/10.2478/mgr-2023-0003,2023,Public transport accessibility and spatial exclusion in Roma settlements: A case study of three regions in Eastern Slovakia,Moravian Geographical Reports,B_equity,INCLUDE,2.4,PT accessibility and exclusion,
openalex,S0583,https://doi.org/10.3846/transport.2020.14159,2021,SPATIOTEMPORAL DYNAMICS OF PUBLIC TRANSPORT DEMAND: A CASE STUDY OF RIGA,Transport,B_od_estimation,INCLUDE,2.3,Smart card demand dynamics Riga,
openalex,S0584,https://doi.org/10.1061/jtepbs.0000699,2022,Utilizing Wi-Fi Sensing and an Optimized Radius Algorithm to Count Passengers with Transfers to Enhance Bus Transit O-D Matrix,Journal of Transportation Engineering Part A Systems,B_od_estimation,INCLUDE,2.3,Wi-Fi sensing bus OD matrix,
openalex,S0585,,2007,USING MULTI-CRITERIA ANALYSIS TO IDENTIFY SUITABLE LIGHT RAIL TRANSIT ROUTE,,B_demand_proxy,EXCLUDE,,Light rail routing,
openalex,S0586,https://doi.org/10.2478/plua-2023-0014,2023,Municipal Transport Route Planning Based on Fair Mobility Budget,Rural Sustainability Research,B_accessibility,MAYBE,2.6,Route planning with fair mobility budget,
openalex,S0587,https://doi.org/10.1080/10903127.2019.1623353,2019,Simulating Public Buses as a Mobile Platform for Deployment of Publicly Accessible Automated External Defibrillators,Prehospital Emergency Care,B_accessibility,EXCLUDE,,AED deployment,
openalex,S0588,https://doi.org/10.3390/math11214488,2023,A Multi-Objective Mathematical Programming Model for Transit Network Design and Frequency Setting Problem,Mathematics,A_core_design,INCLUDE,2.2,Multi-objective TNDFSP mathematical model,
openalex,S0589,https://doi.org/10.7708/ijtte.2015.5(2).03,2015,INFLUENCE OF SERVICE FACTORS IN THE MODEL OF PUBLIC TRANSPORT MODE: A BANJARMASIN – BANJARBARU ROUTE CASE STUDY,International Journal for Traffic and Transport Engineering,C_global_south,EXCLUDE,,Mode choice model,
openalex,S0590,https://doi.org/10.21105/joss.06306,2024,GTFS Segments: A Fast and Efficient Library to Generate Bus Stop Spacings,The Journal of Open Source Software,B_open_data,INCLUDE,2.5,Open-source GTFS bus stop spacing tool,
openalex,S0591,https://doi.org/10.1080/14445921.2017.1375620,2017,The influence of rapid rail systems on office values: A case study on South Africa,Pacific Rim Property Research Journal,B_data_scarce,EXCLUDE,,Rail property values,
openalex,S0592,https://doi.org/10.21949/1527272,2015,ADA Paratransit Handbook: Implementing the Complementary Paratransit Service Requirements of the Americans With Disabilities Act of 1990,ROSA P,C_global_south,EXCLUDE,,ADA paratransit handbook,
openalex,S0593,https://doi.org/10.3390/su142416606,2022,A Simplified Framework for the Equity-Based Spatial Assessment of Alternative Public Transport Networks,Sustainability,A_core_design;B_accessibility;B_equity,INCLUDE,2.6,Equity-based assessment of alternative PT networks,
openalex,S0594,https://doi.org/10.1016/j.seps.2025.102155,2025,Mathematical programming in public bus transit design and operations: Emerging technologies and sustainability – A review,Socio-Economic Planning Sciences,A_core_design;B_accessibility,INCLUDE,2.2,Bus transit design mathematical programming review,
openalex,S0595,https://doi.org/10.3846/transport.2020.12477,2020,DYNAMIC TRIP PLANNER FOR PUBLIC TRANSPORT USING GENETIC ALGORITHM,Transport,C_india,EXCLUDE,,Trip planner,
openalex,S0596,https://doi.org/10.1016/j.jpubtr.2024.100106,2024,"How do you travel? A holistic evaluation of public transport journeys of women: A case study of Delhi, India",Journal of Public Transportation,C_india,MAYBE,2.7,Women's PT journeys Delhi,
openalex,S0597,https://doi.org/10.3233/sw-210451,2021,Applying the LOT Methodology to a Public Bus Transport Ontology aligned with Transmodel: Challenges and Results,Semantic Web,B_open_data,EXCLUDE,,Bus ontology,
openalex,S0598,https://doi.org/10.3390/su12041669,2020,Optimal Express Bus Routes Design with Limited-Stop Services for Long-Distance Commuters,Sustainability,A_freq_fleet;AB_demand_data,INCLUDE,2.2,Express bus route design,
openalex,S0599,https://doi.org/10.3846/16484142.2011.622135,2011,BUS ROUTE DESIGN IN SMALL DEMAND AREAS,Transport,B_accessibility,INCLUDE,2.2,Bus route design low-demand area,
openalex,S0600,https://doi.org/10.1111/tgis.12942,2022,A geospatial workflow for the assessment of public transit system performance using near real‐time data,Transactions in GIS,B_open_data,INCLUDE,2.6,GIS workflow for transit performance assessment,
openalex,S0601,https://doi.org/10.1061/(asce)up.1943-5444.0000313,2015,Game-Based Competition Models between Bus Routes,Journal of Urban Planning and Development,A_freq_fleet,MAYBE,2.2,Route competition game models,
openalex,S0602,https://doi.org/10.1177/03611981231182706,2023,Evaluating Equity: A Method for Analyzing the Transit Accessibility of Affordable Housing Units,Transportation Research Record Journal of the Transportation Research Board,B_accessibility,INCLUDE,2.6,Transit accessibility equity method,
openalex,S0603,https://doi.org/10.1186/s12544-024-00638-0,2024,Measuring and visualising 15-min-areas for fair CO2 budget distribution,European Transport Research Review,B_open_data,EXCLUDE,,"CO2 budget, not transit method",
openalex,S0604,https://doi.org/10.1016/j.trip.2023.100798,2023,Multi-objective optimization and heuristic based solutions for evacuation modeling,Transportation Research Interdisciplinary Perspectives,A_core_design,EXCLUDE,,Evacuation modelling,
openalex,S0605,https://doi.org/10.4103/indianjpsychiatry.indianjpsychiatry_716_21,2022,Practice of Telepsychiatry and its Current Legal Status,Indian Journal of Psychiatry,C_global_south,EXCLUDE,,Telepsychiatry,
openalex,S0606,https://doi.org/10.1155/2020/7059584,2020,Transit Route Network Design for Low-Mobility Individuals Using a Hybrid Metaheuristic Approach,Journal of Advanced Transportation,A_core_design,INCLUDE,2.2,Route network design low-mobility individuals,
openalex,S0607,https://doi.org/10.5281/zenodo.1091496,2014,A Novel Solution Methodology For Transit Route Network Design Problem,Zenodo (CERN European Organization for Nuclear Research),A_core_design;B_accessibility,INCLUDE,2.2,TrNDP solution methodology,
openalex,S0608,https://doi.org/10.1016/j.tranpol.2022.08.018,2022,Transit network design considering link capacities,Transport Policy,A_core_design;A_freq_fleet,INCLUDE,2.2,Network design with link capacities,
openalex,S0609,https://doi.org/10.31181/jopi31202544,2025,"Transport Justice for Istanbul’s Urban Mobility: Equity, Accessibility, and Policy Challenges",Journal of Operations Intelligence,B_equity,MAYBE,2.6,Transport justice Istanbul,
openalex,S0610,https://doi.org/10.1016/j.jtrangeo.2024.104041,2024,"The territorial impacts of BlaBlaCar carpooling: Between metropolitan polarization, intermediate cities' structuration, and rural services",Journal of Transport Geography,B_data_scarce,EXCLUDE,,Carpooling,
openalex,S0611,https://doi.org/10.69484/rcz/v3/n3/54,2024,Estrategias de Gestión para la Optimización del Tránsito Urbano en el Cantón La Concordia: Desafíos y Oportunidades,Revista Científica Zambos.,C_global_south,EXCLUDE,,Congestion management,
openalex,S0612,https://doi.org/10.1016/j.jtrangeo.2025.104340,2025,Does affordable housing provide a better life for vulnerable groups? Measuring social equity through public transit accessibility,Journal of Transport Geography,B_equity,MAYBE,2.6,Transit accessibility equity; no abstract,
openalex,S0613,https://doi.org/10.1061/(asce)te.1943-5436.0000419,2012,Planning of Fixed-Route Fixed-Schedule Feeder Service to Bus Stops in Rural India,Journal of Transportation Engineering,C_global_south,INCLUDE,2.7,Rural India feeder route planning,
openalex,S0614,https://doi.org/10.1016/j.trpro.2020.08.169,2020,Bus Passenger Volume and Origin-Destination Based on Field Surveys Using a Wi-Fi Scanner,Transportation research procedia,B_od_estimation,INCLUDE,2.3,Wi-Fi scanner bus OD survey,
openalex,S0615,,2014,Schedule-Based Route Choice Estimation with Automatic Fare Collection Data for Rail Transit Passengers,Transportation Research Board 93rd Annual MeetingTransportation Research Board,B_od_estimation,EXCLUDE,,Rail route choice,
openalex,S0616,https://doi.org/10.1177/03611981231167159,2023,Multimodal Public Transit Network Design Method Based on Hub-and-Spoke Infrastructure,Transportation Research Record Journal of the Transportation Research Board,A_core_design;B_accessibility,INCLUDE,2.2,Hub-and-spoke multimodal network design,
openalex,S0617,,2016,Urban Transit Network Design Problems: A Review of Population-based Metaheuristics,Universiti Putra Malaysia Institutional Repository (Universiti Putra Malaysia),A_core_design,INCLUDE,2.2,UTNDP metaheuristics review,
openalex,S0618,https://doi.org/10.3390/su151914561,2023,Big Data Analysis for Travel Time Characterization in Public Transportation Systems,Sustainability,B_accessibility,EXCLUDE,,Travel time characterisation,
openalex,S0619,,2013,Study of subjective responses on ride comfort in public transport Uttarakhand State buses,,C_india,EXCLUDE,,Ride comfort,
openalex,S0620,https://doi.org/10.1177/03611981211003899,2021,Designing Multiple Short-Turn Routes to Mitigate the Crowding on a Bus Network,Transportation Research Record Journal of the Transportation Research Board,A_freq_fleet,INCLUDE,2.2,Short-turn route design,
openalex,S0621,https://doi.org/10.1016/j.trd.2025.104623,2025,Roadmap for transitioning India’s privately owned bus fleets to electric fleets,Transportation Research Part D Transport and Environment,C_permit_regulation,EXCLUDE,,Electrification roadmap,
openalex,S0622,https://doi.org/10.1016/j.jclepro.2019.05.282,2019,Integrated Transport Planning: The 'Rehabilitation' of a contested concept in UK bus reforms,Journal of Cleaner Production,C_permit_regulation,MAYBE,2.7,UK bus reform integrated planning,
openalex,S0623,https://doi.org/10.1016/j.trip.2023.100961,2023,Framing availability and usability of transportation for people with disabilities,Transportation Research Interdisciplinary Perspectives,B_accessibility,EXCLUDE,,Disability accessibility framing,
openalex,S0624,https://doi.org/10.1007/s11750-013-0273-0,2013,Design method using hybrid of line-type and circular-type routes for transit network system optimization,Top,A_core_design,MAYBE,2.2,Hybrid line/circular route design; no abstract,
openalex,S0625,https://doi.org/10.5897/sre12.091,2012,Influence of vehicle headway irregularity in public transport on in-vehicle passenger comfort,Scientific Research and Essays,A_freq_fleet,EXCLUDE,,Headway irregularity comfort,
openalex,S0626,https://doi.org/10.15623/ijret.2016.0505055,2016,MULTILEVEL FRAMEWORK FOR OPTIMIZING BUS STOP SPACING,International Journal of Research in Engineering and Technology,C_india,INCLUDE,2.7,Bus stop spacing optimisation Indian cities,
openalex,S0627,https://doi.org/10.26565/2076-1333-2018-25-05,2018,"Sustainable urban infrastructural development for smart city in Guwahati, India",Human Geography Journal,C_india,EXCLUDE,,Smart city infrastructure,
openalex,S0628,https://doi.org/10.31577/geogrcas.2022.74.4.17,2022,Private car transport or public transport? The study of daily accessibility in Szczecin,Geografický časopis - Geographical Journal,B_open_data,INCLUDE,2.4,Public vs car accessibility modelling,
openalex,S0629,https://doi.org/10.1080/03081060.2017.1325147,2017,A connected-vehicle-based dynamic control model for managing the bus bunching problem with capacity constraints,Transportation Planning and Technology,A_freq_fleet,EXCLUDE,,Bunching control,
openalex,S0630,,2003,INITIAL PLANNING FOR URBAN TRANSIT SYSTEMS. IN: ADVANCED MODELING FOR TRANSIT OPERATIONS AND SERVICE PLANNING,Publication of: Elsevier Science Publishers BV,A_freq_fleet,MAYBE,2.2,Initial transit planning chapter,
openalex,S0631,https://doi.org/10.3846/16484142.2017.1295401,2017,Using accessibility measures in transit network design,Transport,A_core_design;A_freq_fleet;B_accessibility;B_demand_proxy,INCLUDE,2.4,Accessibility measures in network design,
openalex,S0632,https://doi.org/10.3141/2651-01,2017,Are Network Planning Guidelines Based on Equal Access Equitable?,Transportation Research Record Journal of the Transportation Research Board,B_accessibility;B_equity,INCLUDE,2.6,Equal-access network planning guidelines equity,
openalex,S0633,https://doi.org/10.3390/en10060752,2017,Control Method Based on Demand Response Needs of Isolated Bus Regulation with Series-Resonant Converters for Residential Photovoltaic Systems,Energies,C_permit_regulation,EXCLUDE,,Power converter,
openalex,S0634,https://doi.org/10.1109/tits.2016.2542131,2016,Lossless Compression of Public Transit Schedules,IEEE Transactions on Intelligent Transportation Systems,B_open_data,MAYBE,2.5,Transit schedule open data compression,
openalex,S0635,https://doi.org/10.1177/0361198119842126,2019,Impact of Fare Policy Changes on Paratransit Travel Options: METROLift Case Study,Transportation Research Record Journal of the Transportation Research Board,C_global_south,EXCLUDE,,Paratransit fares,
openalex,S0636,https://doi.org/10.1108/bij-01-2021-0039,2021,Does capacity utilisation influence financial performance? A study of Indian public bus transport companies,Benchmarking An International Journal,C_india,MAYBE,2.7,Indian bus company capacity utilisation,
openalex,S0637,,2014,Towards a Standard for Paratransit Data: Lessons from Developing GTFS Data for Nairobi's Matatu System,Transportation Research Board 93rd Annual MeetingTransportation Research Board,B_open_data,INCLUDE,2.5,GTFS for Nairobi matatus,
openalex,S0638,https://doi.org/10.1142/s021800142159028x,2021,Optimization of Urban Bus Stops Setting Based on Data Mining,International Journal of Pattern Recognition and Artificial Intelligence,B_od_estimation,INCLUDE,2.2,Bus stop optimisation via data mining,
openalex,S0639,https://doi.org/10.1007/s11116-023-10411-2,2023,Transferable supervised learning model for public transport service load estimation,Transportation,B_data_scarce,INCLUDE,2.3,Service load estimation model,
openalex,S0640,https://doi.org/10.3141/1799-12,2002,International Perspective on the Changing Structure of the Urban Bus Market,Transportation Research Record Journal of the Transportation Research Board,C_global_south,MAYBE,2.7,Urban bus market structure reform,
openalex,S0641,https://doi.org/10.1007/s12667-021-00474-4,2021,Self-charging transit network design using multiple dynamic wireless charging technologies,Energy Systems,A_core_design,EXCLUDE,,Wireless charging,
openalex,S0642,https://doi.org/10.1186/s12942-025-00396-9,2025,Identifying pharmacy gaps: a spatiotemporal study of multimodal accessibility throughout the day,International Journal of Health Geographics,B_open_data,MAYBE,2.4,Multimodal accessibility pharmacies,
openalex,S0643,https://doi.org/10.3390/su141912014,2022,Open Data as a Condition for Smart Application Development: Assessing Access to Hospitals in Croatian Cities,Sustainability,B_open_data,MAYBE,2.5,Open data for hospital access,
openalex,S0644,https://doi.org/10.31272/jeasd.28.3.10,2024,EVALUATION OF THE LEVEL OF SERVICE PROVIDED AT SOME BUS ROUTES IN BAGHDAD CITY,Journal of Engineering and Sustainable Development,B_accessibility,MAYBE,2.7,Baghdad bus level of service,
openalex,S0645,https://doi.org/10.1016/j.jtrangeo.2022.103484,2022,"Mapping the transit network of greater Cartagena with mobile phones: Coverage, accessibility, and informality",Journal of Transport Geography,B_open_data,INCLUDE,2.7,Mapping Cartagena transit with phones,
openalex,S0646,https://doi.org/10.1080/21680566.2024.2318566,2024,Addressing electric transit network design frequency setting problem with dynamic transit assignment,Transportmetrica B Transport Dynamics,A_core_design,INCLUDE,2.2,Electric bus frequency setting design,
openalex,S0647,https://doi.org/10.1016/j.cscm.2024.e03023,2024,Probabilistic pavement performance modeling using hybrid Markov Chain: A case study in Afghanistan,Case Studies in Construction Materials,C_global_south,EXCLUDE,,Pavement modelling,
openalex,S0648,https://doi.org/10.3390/urbansci9090335,2025,AI-Driven Urban Mobility Solutions: Shaping Bucharest as a Smart City,Urban Science,B_open_data,EXCLUDE,,AI smart city,
openalex,S0649,https://doi.org/10.1108/ohi-10-2022-0257,2023,"Between research, practice and governmental policies in the global south: understanding the Egyptian urban planning scene",Open House International,C_global_south,EXCLUDE,,Urban planning research-practice gap,
openalex,S0650,https://doi.org/10.3390/a16110506,2023,Dynamic Demand-Responsive Feeder Bus Network Design for a Short Headway Trunk Line,Algorithms,A_core_design;A_freq_fleet,EXCLUDE,,Demand-responsive feeder,
openalex,S0651,https://doi.org/10.1016/j.ijtst.2021.04.010,2021,Assessment of level of service for access and dispersal facilities in a railway terminal,International Journal of Transportation Science and Technology,C_india,EXCLUDE,,Railway terminal LOS,
openalex,S0652,https://doi.org/10.5194/isprs-archives-xlvi-4-w5-2021-509-2021,2021,IGiS FOR MANAGING CITIES SMARTLY – URBAN GEOINFORMATICS,"The international archives of the photogrammetry, remote sensing and spatial information sciences/International archives of the photogrammetry, remote sensing and spatial information sciences",C_india,EXCLUDE,,Geoinformatics generic,
openalex,S0653,https://doi.org/10.3141/2442-01,2014,Time–Space Diagram Revisited,Transportation Research Record Journal of the Transportation Research Board,A_freq_fleet;B_data_scarce,EXCLUDE,,Time-space diagrams,
openalex,S0654,https://doi.org/10.1016/j.trpro.2017.12.116,2017,Identifying Irregularity Sources by Automated Location Vehicle Data,Transportation research procedia,A_freq_fleet,EXCLUDE,,Irregularity sources,
openalex,S0655,https://doi.org/10.1109/access.2020.3015982,2020,Pre-Control Strategies for Downstream Bus Service Reliability With Traffic Signal,IEEE Access,A_freq_fleet,EXCLUDE,,Bus control strategies,
openalex,S0656,https://doi.org/10.1016/j.cstp.2024.101189,2024,Measuring access distance and geographic catchment areas for the bus rapid transit interchange from a longitudinal survey,Case Studies on Transport Policy,B_accessibility;C_global_south,INCLUDE,2.4,Catchment distances BRT interchange,
openalex,S0657,https://doi.org/10.3390/su13105529,2021,An Integrated Bus Holding and Speed Adjusting Strategy Considering Passenger’s Waiting Time Perceptions,Sustainability,A_freq_fleet,EXCLUDE,,Holding control,
openalex,S0658,https://doi.org/10.1016/j.tbs.2025.101054,2025,Using Realtime GTFS to generate easy-to-use transit accessibility measures under travel time uncertainty,Travel Behaviour and Society,B_open_data,INCLUDE,2.4,Realtime GTFS accessibility measures,
openalex,S0659,https://doi.org/10.23919/tst.2017.8030543,2017,Campus bus network design and evaluation based on the route property,Tsinghua Science & Technology,A_core_design;A_freq_fleet,INCLUDE,2.2,Campus bus network design,
openalex,S0660,https://doi.org/10.3390/land10121322,2021,Method for Fast Map Construction Based on GPS Data and Compressed Grid Algorithm,Land,B_accessibility,EXCLUDE,,Map construction,
openalex,S0661,https://doi.org/10.1186/s12544-025-00720-1,2025,Data analytics to advance the inference of origin–destination in public transport systems: tracing network vulnerabilities and age-sensitive trip purposes,European Transport Research Review,B_od_estimation;B_open_data,INCLUDE,2.3,OD inference in public transport,
openalex,S0662,https://doi.org/10.1016/j.tre.2024.103707,2024,A sequential transit network design algorithm with optimal learning under correlated beliefs,Transportation Research Part E Logistics and Transportation Review,A_core_design;B_data_scarce,INCLUDE,2.2,Sequential network design under demand uncertainty,
openalex,S0663,,2009,A Report on Participant Sampling and Recruitment for Travel and Physical Activity Data Collection,,B_demand_proxy,EXCLUDE,,Participant recruitment,
openalex,S0664,,2010,City wide bus network restructuring using an inclusive planning approach,Transport Research Forum,B_equity,INCLUDE,2.2,Bus network restructuring approach,
openalex,S0665,https://doi.org/10.21608/jesaun.2013.114867,2013,OPTIMAL CIRCULAR BUS ROUTES PLANNING FOR TRANSIT NETWORK DESIGN PROBLEM IN URBAN AREAS,JES. Journal of Engineering Sciences/JES. Journal of engineering sciences,A_core_design;B_accessibility,INCLUDE,2.2,Circular bus route planning TrNDP,
openalex,S0666,https://doi.org/10.1177/0361198119839342,2019,Validation of the Paratransit Skills Assessment for Paratransit Travel and Mobility of Adults on the Autism Spectrum,Transportation Research Record Journal of the Transportation Research Board,C_global_south,EXCLUDE,,Paratransit skills assessment,
openalex,S0667,https://doi.org/10.1016/j.jtrangeo.2022.103463,2022,"Formalization of East Jerusalem public transport: Mobility, politics and planning",Journal of Transport Geography,C_global_south,MAYBE,2.7,East Jerusalem PT formalisation,
openalex,S0668,https://doi.org/10.1016/j.ijdrr.2025.105615,2025,Understanding flood risk in public transit systems: Insights from accessibility and vulnerability analysis in Iowa,International Journal of Disaster Risk Reduction,B_open_data;B_accessibility,EXCLUDE,,Flood risk,
openalex,S0669,https://doi.org/10.1007/s12469-021-00266-0,2021,Spatial data analysis approach for network-wide consolidation of bus stop locations,Public Transport,A_freq_fleet;B_accessibility,INCLUDE,2.2,Network-wide bus stop consolidation,
openalex,S0670,https://doi.org/10.17516/1997-1370-0859,2021,Sustainable Low-Carbon Development of Urban Public Transport: International and Russia’s Experience,Journal of Siberian Federal University Humanities & Social Sciences,B_data_scarce,EXCLUDE,,Low-carbon transport,
openalex,S0671,https://doi.org/10.1049/iet-its.2018.5183,2018,Improved algorithms for trip‐chain estimation using massive student behaviour data from urban transit systems,IET Intelligent Transport Systems,B_od_estimation,INCLUDE,2.3,Trip-chain alighting stop inference,
openalex,S0672,https://doi.org/10.1061/(asce)0733-9488(2010)136:1(34),2010,Multiobjective Transit Passenger Information System Design Using GIS,Journal of Urban Planning and Development,C_india,EXCLUDE,,Passenger information system,
openalex,S0673,https://doi.org/10.14445/22315381/ijett-v70i9p219,2022,A Dynamic Model for Bus Arrival Time Estimation based on Spatial Patterns using Machine Learning,International Journal of Engineering Trends and Technology,B_data_scarce,EXCLUDE,,Arrival time prediction,
openalex,S0674,,2005,Getting on track : finding a path for transportation in the CDM : final report,OSTI OAI (U.S. Department of Energy Office of Scientific and Technical Information),C_global_south,EXCLUDE,,CDM emissions,
openalex,S0675,https://doi.org/10.1109/tai.2024.3396415,2024,Ethical Decision-Making for the Inside of Autonomous Buses Moral Dilemmas,IEEE Transactions on Artificial Intelligence,B_accessibility,EXCLUDE,,Autonomous bus ethics,
openalex,S0676,https://doi.org/10.1016/j.trpro.2020.08.252,2020,Demand-Based Model for Line Planning in Public Transport,Transportation research procedia,C_india,INCLUDE,2.7,Demand-based line planning Indian city,
openalex,S0677,https://doi.org/10.1504/ijbpscm.2012.044973,2012,Simulation model to determine frequency of a single bus route with single and multiple headways,International Journal of Business Performance and Supply Chain Modelling,A_freq_fleet;C_india,INCLUDE,2.2,Bus route frequency determination simulation,
openalex,S0678,https://doi.org/10.15588/1607-3274-2021-4-10,2022,VISUAL SIMULATION TECHNOLOGY FOR PASSENGER FLOWS IN THE PUBLIC TRANSPORT FIELD AT SMART СITY,Radio Electronics Computer Science Control,B_open_data,EXCLUDE,,Passenger flow visualisation,
openalex,S0679,https://doi.org/10.1680/jurdp.15.00015,2016,Designing and modelling Havana's future bus rapid transit,Proceedings of the Institution of Civil Engineers - Urban Design and Planning,B_accessibility,MAYBE,2.7,Havana BRT modelling from planning documents,
openalex,S0680,https://doi.org/10.30541/v41i4iipp.911-913,2002,"Regulation, Competition, and Information",The Pakistan Development Review,C_permit_regulation,EXCLUDE,,Generic regulation talk,
openalex,S0681,,2010,"Regulatory Framework and Operational System of Urban Bus Transportation in Yangon, Myanmar",Transportation Research Board 89th Annual MeetingTransportation Research Board,C_permit_regulation,MAYBE,2.7,Yangon bus regulation and operations,
openalex,S0682,,2005,Competition or Complementarity: Regulatory Options for Urban Road Transit in Brazilian Cities,,C_permit_regulation,MAYBE,2.7,Brazil bus regulation options,
openalex,S0683,https://doi.org/10.1007/s11116-021-10218-z,2021,Intrapersonal variability in public transport path choice due to changes in service reliability,Transportation,B_od_estimation,EXCLUDE,,Path choice behaviour,
openalex,S0684,https://doi.org/10.1016/j.trpro.2016.05.146,2016,Theoretical Method for Building OD Matrix from AFC Data,Transportation research procedia,B_od_estimation,INCLUDE,2.3,OD matrix from AFC data,
openalex,S0685,https://doi.org/10.5753/jisa.2024.3812,2024,Towards spatiotemporal integration of bus transit with data-driven approaches,Journal of Internet Services and Applications,B_od_estimation,MAYBE,2.2,Bus transit integration data-driven approach,
openalex,S0686,https://doi.org/10.5304/jafscd.2023.124.018,2023,"Food access in Kalamazoo, Michigan: A spatial analysis",Journal of Agriculture Food Systems and Community Development,B_accessibility,EXCLUDE,,Food access,
openalex,S0687,https://doi.org/10.32604/cmc.2019.06125,2019,Semantics Analytics of Origin-Destination Flows from Crowd Sensed Big Data,"Computers, materials & continua/Computers, materials & continua (Print)",B_od_estimation,EXCLUDE,,Taxi OD semantics,
openalex,S0688,https://doi.org/10.1016/s0965-8564(00)00040-9,2002,"Cross-town bus routes as a solution for decentralized travel: a cost-benefit analysis for Monterrey, Mexico",Transportation Research Part A Policy and Practice,C_global_south,MAYBE,2.2,Cross-town bus routes Mexico; no abstract,
openalex,S0689,,2004,"THE ECONOMICS OF TRANSMILENIO, A MASS TRANSIT SYSTEM FOR BOGOTÁ",London School of Economics and Political Science Research Online (London School of Economics and Political Science),C_global_south,MAYBE,2.7,TransMilenio economics,
openalex,S0690,https://doi.org/10.1049/iet-its.2019.0158,2020,Analysis of overlapping origin–destination pairs between bus stations to enhance the efficiency of bus operations,IET Intelligent Transport Systems,B_od_estimation,INCLUDE,2.2,Overlapping OD pairs to improve bus efficiency,
openalex,S0691,,2011,"Estimation of a Disaggregate Public Transport OD Matrix from Passive SmartCard Data from Santiago, Chile",Transportation Research Board 90th Annual MeetingTransportation Research Board,B_od_estimation,INCLUDE,2.3,Smart card OD matrix Santiago,
openalex,S0692,https://doi.org/10.11113/ijbes.v7.n1.440,2019,Assessing the Seamlessness of Bangkok Metropolitan Public Transport by using Modified Quantitative Gap Analysis,International Journal of Built Environment and Sustainability,B_accessibility,MAYBE,2.6,Bangkok PT seamlessness gap analysis,
openalex,S0693,https://doi.org/10.5194/isprs-archives-xlii-4-w4-381-2017,2017,ESTIMATING ORIGIN-DESTINATION MATRICES USING AN EFFICIENT MOTH FLAME-BASED SPATIAL CLUSTERING APPROACH,"The international archives of the photogrammetry, remote sensing and spatial information sciences/International archives of the photogrammetry, remote sensing and spatial information sciences",B_od_estimation,INCLUDE,2.3,AFC clustering for OD estimation,
openalex,S0694,https://doi.org/10.1016/j.tbs.2024.100936,2024,Studying transfers in informal transport networks using volunteered GPS data,Travel Behaviour and Society,B_data_scarce;C_global_south,INCLUDE,2.7,Informal transport transfers from volunteered GPS,
openalex,S0695,https://doi.org/10.3390/su17020645,2025,"Connectivity, Reliability and Approachability in Public Transport: Some Indicators for Improving Sustainability",Sustainability,B_equity,INCLUDE,2.6,Connectivity indicators for public transport,
openalex,S0696,,2001,Assessing Developments Using AIMSUN,,B_demand_proxy,EXCLUDE,,Traffic simulation,
openalex,S0697,https://doi.org/10.3390/socsci14040224,2025,Invisible Journeys: Understanding the Transport Mobility Challenges of Urban Domestic Workers,Social Sciences,C_global_south,EXCLUDE,,Behavioural mobility survey,
openalex,S0698,https://doi.org/10.1111/grow.70094,2025,Assessing the Impact of Saudi Vision 2030 on Urban Mobility Transitions: The Case of Riyadh,Growth and Change,C_global_south,EXCLUDE,,Policy impact Riyadh,
openalex,S0699,,2016,Bus Service Design Under Demand Diversion and Dynamic Roadway Congestion Based on Aggregated Network Models,Infoscience (Ecole Polytechnique Fédérale de Lausanne),A_core_design;A_freq_fleet;AB_demand_data,INCLUDE,2.2,Bus route and headway design,
openalex,S0700,https://doi.org/10.1155/2022/7637298,2022,Path-Based Approach for Expanding Rail Transit Network in a Metropolitan Area,Journal of Advanced Transportation,A_core_design,EXCLUDE,,Rail network expansion,
openalex,S0701,https://doi.org/10.33333/rp.vol48n2.03,2021,A Holistic Decision-Making Process to Improve the Productivity of Public Transportation in Cuenca-Ecuador,Revista Politécnica,C_global_south,MAYBE,2.7,Public transport productivity decisions Cuenca,
openalex,S0702,,2015,Using GTFS Data to Measure and Map Transit Accessibility,Transportation Research Board 94th Annual MeetingTransportation Research Board,B_open_data,INCLUDE,2.4,GTFS-based transit accessibility mapping,
openalex,S0703,https://doi.org/10.2208/journalip.27.1025,2010,An Application of a Hierarchical Bus Network Design Method to Kumamoto Urban Area,INFRASTRUCTURE PLANNING REVIEW,A_core_design,INCLUDE,2.2,Hierarchical bus network redesign Kumamoto,
openalex,S0704,https://doi.org/10.1109/tevc.2024.3498315,2024,Transfer-Based Customized Bus Network Design With Holding Control and Heterogeneous Fleet,IEEE Transactions on Evolutionary Computation,A_core_design,INCLUDE,2.2,Customized bus network design,
openalex,S0705,https://doi.org/10.1080/15568318.2013.814078,2014,Bus Patronage Change after Sustainable Bus Reform: A Nested Logit Approach with the Case of Seoul,International Journal of Sustainable Transportation,C_permit_regulation,MAYBE,2.7,Seoul bus reform patronage effects,
openalex,S0706,https://doi.org/10.20965/jaciii.2022.p0983,2022,Strategic Transit Route Recommendation Considering Multi-Trip Feature Desirability Using Logit Model with Optimal Travel Time Analysis,Journal of Advanced Computational Intelligence and Intelligent Informatics,A_freq_fleet,EXCLUDE,,Route recommendation for travellers,
openalex,S0707,https://doi.org/10.58346/jisis.2023.i4.003,2023,"Efficient Transit Network Design, Frequency Adjustment, and Fleet Calculation Using Genetic Algorithms",Journal of Internet Services and Information Security,A_core_design,INCLUDE,2.2,Network design with fleet calculation,
openalex,S0708,https://doi.org/10.1016/j.urbmob.2024.100081,2024,Spillover effects in transit networks: A parameterized weight matrix spatial lagged approach,Journal of Urban Mobility,B_open_data,MAYBE,2.6,Spatial spillovers across transit network,
openalex,S0709,https://doi.org/10.1155/2020/5070347,2020,Sensitivity Analysis of Fleet Size for Dynamic Headway-Based Control Method Performance in terms of Passengers’ Experience,Journal of Advanced Transportation,A_freq_fleet,EXCLUDE,,Headway control fleet sensitivity,
openalex,S0710,https://doi.org/10.1016/j.aftran.2025.100032,2025,"Examining the spatial disparities of urban public transport fares in Kumasi, Ghana – Are fares consistent by route characteristics?",African Transport Studies,B_open_data,MAYBE,2.7,Paratransit fare disparities Ghana; no abstract,
openalex,S0711,https://doi.org/10.1061/jtepbs.0000503,2021,"Optimizing Transit Equity and Accessibility of the City of Charlotte, North Carolina, by Integrating Transit Gap Index, a General Transit Feed Specification Data-Relevant Performance Metric",Journal of Transportation Engineering Part A Systems,B_open_data,INCLUDE,2.6,Transit gap index equity optimisation,
openalex,S0712,https://doi.org/10.1016/j.trpro.2024.12.113,2025,Simulation Based Passengers Emergency Evacuation Study for a Double Decker Train Coach,Transportation research procedia,C_india,EXCLUDE,,Train evacuation,
openalex,S0713,https://doi.org/10.24138/jcomss-2022-0143,2023,LocateMyBus: IoT-Driven Smart Bus Transit,Journal of Communications Software and Systems,B_open_data,EXCLUDE,,IoT bus tracking,
openalex,S0714,https://doi.org/10.32891/jps.v7i2.1482,2022,Getting on Track: Accessibility Policy and the Design of the Mumbai Metro,The Journal of Public Space,C_india,EXCLUDE,,Metro accessibility policy,
openalex,S0715,https://doi.org/10.7906/indecs.20.2.6,2022,The Importance Of Open Data Accessibility For Multimodal Travel Improvement*,Interdisciplinary Description of Complex Systems,B_open_data,MAYBE,2.5,Open data for multimodal travel,
openalex,S0716,https://doi.org/10.5505/pajes.2018.43410,2018,Optimization of service frequencies in bus networks with Harmony Search Algorithm: An application on Mandl’s test network,Pamukkale University Journal of Engineering Sciences,A_core_design;C_global_south,INCLUDE,2.2,Frequency optimisation harmony search,
openalex,S0717,https://doi.org/10.1007/s13177-013-0056-x,2013,GO_Sync — A Framework to Synchronize Crowd-Sourced Mapping Contributors from Online Communities and Transit Agency Bus Stop Inventories,International Journal of Intelligent Transportation Systems Research,B_open_data,MAYBE,2.5,Crowdsourced OSM and agency bus stop sync,
openalex,S0718,https://doi.org/10.3390/su17073243,2025,Analysis of Spatial Aggregation and Activity of the Urban Population of Almaty Based on Cluster Analysis,Sustainability,B_open_data,EXCLUDE,,Population clustering,
openalex,S0719,https://doi.org/10.1080/23748834.2025.2526258,2025,"Spatial and policy analysis of livability in the city of St. Louis, Missouri, USA",Cities & Health,B_open_data,EXCLUDE,,Livability analysis,
openalex,S0720,https://doi.org/10.1080/03081060.2023.2231429,2023,Optimization of headway and bus stop spacing for low demand bus routes,Transportation Planning and Technology,A_freq_fleet;B_accessibility,INCLUDE,2.2,Headway and stop spacing low-demand routes,
openalex,S0721,https://doi.org/10.5897/sre10.814,2011,Alteration of bus routes in large-scale networks,Scientific Research and Essays,A_freq_fleet,INCLUDE,2.2,Bus route alteration methods,
openalex,S0722,https://doi.org/10.1109/access.2024.3419901,2024,Coordinated Transit Signal Priority and Vehicle Guidance for Automated Buses,IEEE Access,A_freq_fleet,EXCLUDE,,Signal priority automated buses,
openalex,S0723,,2011,Creating Bus Timetables with Maximum Synchronization,Transportation Research Board 90th Annual MeetingTransportation Research Board,A_freq_fleet,EXCLUDE,,Timetable synchronisation,
openalex,S0724,,2004,TRAVELER RESPONSE TO TRANSPORTATION SYSTEM CHANGES. CHAPTER 6 - DEMAND RESPONSIVE/ADA,,C_global_south,EXCLUDE,,Demand responsive chapter,
openalex,S0725,https://doi.org/10.1016/j.jrurstud.2025.103928,2025,"Connectivity or proximity planning in rural areas? Accessibility and equity insights from Crete, Greece",Journal of Rural Studies,B_equity,INCLUDE,2.4,Accessibility and equity rural connectivity,
openalex,S0726,,2013,The impact of Liverpool-Parramatta Transitway on housing price: a repeat sales approach,Transport Research Forum,C_global_south,EXCLUDE,,Housing price effect,
openalex,S0727,,2013,A Swarm Based Method for Solving Transit Network Design Problem,Transport Research Forum,A_core_design;B_accessibility,INCLUDE,2.2,PSO for transit network design,
openalex,S0728,https://doi.org/10.1016/j.retrec.2025.101604,2025,Evolution of bus rapid transit concepts in Sub-Saharan Africa: towards lighter design and incremental deployment,Research in Transportation Economics,C_global_south,MAYBE,2.7,BRT evolution Sub-Saharan Africa,
openalex,S0729,https://doi.org/10.35940/ijitee.j1086.08810s19,2019,Network Centrality Analysis of Public Transport Systems: Developing a Strategic Planning Tool to Assess Passenger Attraction,International Journal of Innovative Technology and Exploring Engineering,C_global_south,INCLUDE,2.4,Network centrality for transit planning,
openalex,S0730,https://doi.org/10.3390/e27090953,2025,Quantum Computing for Transport Network Optimization,Entropy,A_core_design;B_accessibility,INCLUDE,2.2,Quantum optimisation of bus network design,
openalex,S0731,https://doi.org/10.1080/03081060.2024.2408427,2024,Determinants of paratransit feeder service provision using AI-synthesized revealed preference data: a paratransit drivers’ perspective on PT reform using machine learning,Transportation Planning and Technology,C_global_south,MAYBE,2.7,Paratransit feeder provision drivers,
openalex,S0732,https://doi.org/10.4028/www.scientific.net/amm.97-98.1117,2011,Transit Network Design: The Necessity of Elastic Demand Consideration,Applied Mechanics and Materials,A_core_design,INCLUDE,2.2,Elastic demand in network design,
openalex,S0733,https://doi.org/10.3390/su152215770,2023,Quantifying Bus Accessibility and Mobility for Urban Branches: A Reliability Modeling Approach,Sustainability,B_accessibility,MAYBE,2.6,Bus accessibility reliability evaluation,
openalex,S0734,https://doi.org/10.2478/ttj-2023-0025,2023,Improving of Interaction of Routes at High Density Stops by Adjusting Bus Arrival Time,Transport and Telecommunication Journal,B_accessibility,EXCLUDE,,Arrival time adjustment,
openalex,S0735,https://doi.org/10.3390/ijgi14030112,2025,"Geospatial Analytics of Urban Bus Network Evolution Based on Multi-Source Spatiotemporal Data Fusion: A Case Study of Beijing, China",ISPRS International Journal of Geo-Information,B_accessibility,INCLUDE,2.6,Bus network evolution analysis Beijing,
openalex,S0736,https://doi.org/10.1007/s11116-023-10373-5,2023,Inferring alighting bus stops from smart card data combined with cellular signaling data,Transportation,B_od_estimation,INCLUDE,2.3,Alighting inference smart card and cellular,
openalex,S0737,,2000,CONDUCTING TELEPHONE ORIGIN-DESTINATION HOUSEHOLD SURVEYS WITH AN INTEGRATED INFORMATIONAL APPROACH,Transportation research circular,B_accessibility,MAYBE,2.3,Household OD survey methodology,
openalex,S0738,https://doi.org/10.5194/isprs-archives-xlii-4-w16-309-2019,2019,INTEGRATING NETWORK CONCEPT INTO MULTI CRITERIA ANALYSIS FOR SUGGESTING BUS RAPID TRANSIT ROUTES,"The international archives of the photogrammetry, remote sensing and spatial information sciences/International archives of the photogrammetry, remote sensing and spatial information sciences",B_accessibility,INCLUDE,2.2,Multi-criteria BRT route suggestion,
openalex,S0739,https://doi.org/10.1080/15568318.2023.2179443,2023,"Modeling emission reduction benefits of the premium point-to-point bus service in Metropolitan Manila, Philippines – a scenario analysis",International Journal of Sustainable Transportation,B_data_scarce,EXCLUDE,,Emission benefits,
openalex,S0740,https://doi.org/10.1016/j.retrec.2020.100919,2020,Market initiative and central planning: A study of the Moscow bus network,Research in Transportation Economics,C_global_south,MAYBE,2.7,Moscow bus network market vs planning,
openalex,S0741,https://doi.org/10.1109/tits.2025.3555568,2025,An Online Map Matching Algorithm for Path-Free Trajectories by Integrating Path-Constrained Trajectories,IEEE Transactions on Intelligent Transportation Systems,B_accessibility,EXCLUDE,,Map matching,
openalex,S0742,https://doi.org/10.1089/heq.2021.0192,2022,Priority Areas for Child Diaper Access: Low-Income Neighborhoods with Limited Retail Access to the Basic Need of Diapers,Health Equity,B_accessibility,EXCLUDE,,Diaper access,
openalex,S0743,https://doi.org/10.3390/su10103489,2018,Smart Card Data Mining to Analyze Mobility Patterns in Suburban Areas,Sustainability,B_od_estimation,INCLUDE,2.3,Smart card OD matrix algorithm,
openalex,S0744,https://doi.org/10.5194/agile-giss-4-32-2023,2023,Simplified geodata models for integrated urban and public transport planning,AGILE GIScience Series,B_open_data,MAYBE,2.5,Simplified geodata for integrated planning,
openalex,S0745,https://doi.org/10.7759/cureus.43273,2023,"Mental Health Among Bus Drivers and Conductors: A Cross-Sectional Study From Karaikal, South India",Cureus,C_india,EXCLUDE,,Driver mental health,
openalex,S0746,https://doi.org/10.1080/23789689.2024.2346705,2024,A synthetic indicator for structuring resilient public transport operation,Sustainable and Resilient Infrastructure,A_core_design,INCLUDE,2.6,Resilience indicator for bus networks,
openalex,S0747,,2010,OPTIMIZING FREQUENCY OF BUS SERVICES IN MIXED-TRAFFIC URBAN STREETS,Institutional Repositories DataBase (IRDB),A_core_design,INCLUDE,2.2,Optimal bus frequency analytical model,
openalex,S0748,,2012,Optimization of a Bus Network Configuration Considering the Common Lines Problem,Transportation Research Board 91st Annual MeetingTransportation Research Board,A_core_design,INCLUDE,2.2,Bus network reconfiguration common lines,
openalex,S0749,https://doi.org/10.1177/23998083221117831,2022,Digital traces: Mapping Bogotá’s unmapped transit network using smartphones and networked databases,Environment and Planning B Urban Analytics and City Science,B_open_data,INCLUDE,2.5,Mapping Bogota transit with smartphones,
openalex,S0750,https://doi.org/10.1007/s40030-017-0199-x,2017,A Conceptual Approach for Optimising Bus Stop Spacing,Journal of The Institution of Engineers (India) Series A,C_india;C_global_south,MAYBE,2.2,Bus stop spacing conceptual approach; no abstract,
openalex,S0751,https://doi.org/10.1111/tgis.70163,2025,Spatio‐Temporal Accessibility Modeling With Mobile Phone and GTFS Data: Insights for Urban Transport Planning in Helsinki,Transactions in GIS,B_open_data,INCLUDE,2.4,Mobile phone and GTFS accessibility,
openalex,S0752,https://doi.org/10.1016/j.trd.2025.104905,2025,Is Title VI enough? A review of bus network redesign equity analyses,Transportation Research Part D Transport and Environment,A_rationalisation;B_equity,INCLUDE,2.6,Review of bus redesign equity analyses,
openalex,S0753,https://doi.org/10.1155/2018/7832638,2018,Mathematical Analysis and an Exact Solution Combined with Preprocessing Method for Resynchronizing of Bus Timetable Problem,Mathematical Problems in Engineering,A_freq_fleet,EXCLUDE,,Timetable resynchronisation,
openalex,S0754,,2014,Bus Karo 2.0 Case Studies from India,,C_india,MAYBE,2.7,Indian bus transit case studies,
openalex,S0755,https://doi.org/10.1016/j.trpro.2020.02.068,2020,Evaluation of public transport policy formulation and implementation: Case study of 24 mid-sized Nordic cities,Transportation research procedia,B_open_data,MAYBE,2.2,Nordic PT network redesign policies,
openalex,S0756,https://doi.org/10.3141/2650-18,2017,Two-Stage Stochastic Programming Model for Robust Personal Rapid Transit Network Design,Transportation Research Record Journal of the Transportation Research Board,A_core_design,EXCLUDE,,Personal rapid transit,
openalex,S0757,https://doi.org/10.1155/2020/3236841,2020,Coordinated Headway-Based Control Method to Improve Public Transit Reliability considering Control Points Layout,Journal of Advanced Transportation,A_freq_fleet,EXCLUDE,,Headway control,
openalex,S0758,https://doi.org/10.1177/03611981211013043,2021,"Investigating the Preferences of Local Residents toward a Proposed Bus Network Redesign in Chattanooga, Tennessee",Transportation Research Record Journal of the Transportation Research Board,A_rationalisation,MAYBE,2.2,Resident preferences for bus network redesign,
openalex,S0759,https://doi.org/10.1177/0361198105190200104,2005,Redevelopment and Revitalization along Urban Arterials,Transportation Research Record Journal of the Transportation Research Board,B_demand_proxy,EXCLUDE,,Arterial redevelopment,
openalex,S0760,,2014,Proof Of Concept: GTFS Data As A Basis For Optimization Of Oregon’s Regional And Statewide Transit Networks,,B_open_data,INCLUDE,2.5,GTFS as basis for network optimisation,
openalex,S0761,,2011,Study of Bus Passenger Origin-Destination and Travel Behavior Using Automated Data Collection Systems in London,Transportation Research Board 90th Annual MeetingTransportation Research Board,A_freq_fleet;B_od_estimation,INCLUDE,2.3,Bus OD from automated data London,
openalex,S0762,https://doi.org/10.4467/2543859xpkg.20.025.13127,2020,Multicriterial analysis of the accessibility of public transport stops in Cracow,Prace Komisji Geografii Komunikacji PTG,B_open_data,INCLUDE,2.4,Multicriteria stop accessibility method,
openalex,S0763,https://doi.org/10.3390/su12187297,2020,Hub-Periphery Hierarchy in Bus Transportation Networks: Gini Coefficients and the Seoul Bus System,Sustainability,B_equity,INCLUDE,2.6,Bus network hierarchy Gini indicators,
openalex,S0764,,2003,OPTIMIZATION OF MULTIPLE-ROUTE FEEDER BUS SERVICE : AN APPLICATION OF GIS,Transportation Research Board 82nd Annual MeetingTransportation Research Board,A_freq_fleet,INCLUDE,2.2,GA multi-route feeder optimisation,
openalex,S0765,https://doi.org/10.5604/01.3001.0014.5601,2020,Evaluating accessibility of small communities via public transit,Archives of Transport,B_equity,INCLUDE,2.4,Small community transit accessibility,
openalex,S0766,https://doi.org/10.1177/03611981241270180,2024,Enhancing Urban Mobility with Aerial Ropeway Transit (ART): Future Accessibility Impacts of Multimodal Transit Expansion Scenarios,Transportation Research Record Journal of the Transportation Research Board,B_equity,EXCLUDE,,Ropeway transit,
openalex,S0767,https://doi.org/10.5038/2375-0901.14.1.2,2011,Analysis of Passenger-Ferry Routes Using Connectivity Measures,Journal of Public Transportation,A_freq_fleet,EXCLUDE,,Ferry routes,
openalex,S0768,https://doi.org/10.1016/j.compeleceng.2024.109356,2024,Optimal bus service frequency setting and limited-stop operation with varying vehicle capacity limit,Computers & Electrical Engineering,AB_demand_data,INCLUDE,2.2,Frequency setting and limited-stop,
openalex,S0769,,2013,A Novel Model for Bus Stop Location Appropriate for Public Transit Network Design: The Case of Central Business Districts (CBD) of Tehran,International journal of smart electrical engineering,A_core_design;B_accessibility,INCLUDE,2.2,Bus stop location model for network design,
openalex,S0770,https://doi.org/10.1080/23800127.2017.1397418,2017,Walkable streets “FOR the PEOPLE” “BY the PEOPLE”,Applied Mobilities,C_india,EXCLUDE,,Walkability,
openalex,S0771,https://doi.org/10.3390/su141711097,2022,A Heuristic Algorithm Based on Travel Demand for Transit Network Design,Sustainability,A_core_design,INCLUDE,2.2,Demand-based network design heuristic,
openalex,S0772,https://doi.org/10.1016/j.cor.2025.107191,2025,A decentralised genetic algorithm with sub-objectives for the transit network design problem,Computers & Operations Research,A_core_design,INCLUDE,2.2,Decentralised GA for TNDP,
openalex,S0773,https://doi.org/10.1504/ijtpm.2020.104867,2020,The use of mobile phone data in transport planning,International Journal of Technology Policy and Management,C_global_south,INCLUDE,2.3,Mobile phone data in transport planning,
openalex,S0774,https://doi.org/10.1016/j.jtrangeo.2026.104695,2026,Spatial structure and mechanism typologies of metro commuting efficiency in Chinese megacities: A collective rationality perspective,Journal of Transport Geography,B_accessibility;B_demand_proxy,EXCLUDE,,Metro commuting efficiency,
openalex,S0775,https://doi.org/10.1016/j.trpro.2023.11.780,2023,Is there any best practice principles to estimate bus alighting passengers from incomplete smart card transactions?,Transportation research procedia,B_accessibility,INCLUDE,2.3,Alighting estimation from smart card,
openalex,S0776,https://doi.org/10.1038/s41598-025-86318-y,2025,Equity analysis of bus network balance from the perspective of spatial morphology and service capability,Scientific Reports,B_accessibility;B_equity,INCLUDE,2.6,Bus network balance equity analysis,
openalex,S0777,https://doi.org/10.22119/ijte.2014.7875,2014,Public Transport Ontology for Passenger Information Retrieval,International Journal of Transportation Engineering,C_india;C_global_south,EXCLUDE,,Passenger information ontology,
openalex,S0778,https://doi.org/10.5249/jivr.v6i2.542,2013,Scope of public health measures in ensuring road safety,Journal of Injury and Violence Research,C_global_south,EXCLUDE,,Road safety,
openalex,S0779,https://doi.org/10.21837/pm.v17i10.630,2019,SERVICE CATCHMENT OF MASS RAPID TRANSIT (MRT) FEEDER BUS: A PRELIMINARY STUDY OF T461 ROUTE TAMAN KAJANG UTAMA,PLANNING MALAYSIA,B_od_estimation,MAYBE,2.4,Feeder bus catchment Malaysia,
openalex,S0780,,2013,Experience with value-for-money urban public transport system enhancements,,B_accessibility,MAYBE,2.2,Value-for-money PT enhancement evidence review,
openalex,S0781,https://doi.org/10.1109/tits.2025.3538999,2025,Estimating Bus Passenger Origin-Destination Flow via Passenger Reidentification Using Video Images,IEEE Transactions on Intelligent Transportation Systems,B_od_estimation,INCLUDE,2.3,Bus OD via video reidentification,
openalex,S0782,,2012,Development of an Automated Bus Arrival Time Prediction System Under Indian Traffic Conditions,Transportation Research Board 91st Annual MeetingTransportation Research Board,B_od_estimation,EXCLUDE,,Arrival prediction,
openalex,S0783,https://doi.org/10.1111/1477-8947.12124,2017,Evidence of the impacts of the national housing programme on the accessibility of the low‐income population in R io de J aneiro,Natural Resources Forum,B_equity,MAYBE,2.7,Accessibility of low-income housing Rio,
openalex,S0784,https://doi.org/10.3390/su142315583,2022,"Travel Time Reliability Analysis Considering Bus Bunching: A Case Study in Xi’an, China",Sustainability,A_freq_fleet,EXCLUDE,,Travel time reliability,
openalex,S0785,,2020,Adding Semantics to Enrich Public Transport and Accessibility Data from the Web,Hispana,B_open_data,MAYBE,2.5,Semantic web PT accessibility data,
openalex,S0786,,2011,Feeder bus network design under elastic demand,Journal of Jilin University,A_core_design;A_freq_fleet,INCLUDE,2.2,Feeder bus network design elastic demand,
openalex,S0787,https://doi.org/10.3141/2197-06,2010,New Modifications to Bus Network Design Methodology,Transportation Research Record Journal of the Transportation Research Board,A_core_design;A_freq_fleet,INCLUDE,2.2,Bus network design methodology,
openalex,S0788,https://doi.org/10.1016/j.jpubtr.2022.100027,2022,Maximizing access in transit network design,Journal of Public Transportation,A_core_design;B_accessibility,INCLUDE,2.4,Access-oriented transit network design,
openalex,S0789,https://doi.org/10.3390/iot7010022,2026,Ensemble Machine Learning Approach for Traffic Congestion and Travel Time Prediction in Urban Bus Rapid Transit Systems: A Case Study of Trans Metro Bandung,IoT,C_global_south,EXCLUDE,,Travel time prediction,
openalex,S0790,https://doi.org/10.1109/jiot.2024.3391915,2024,OD-Prophet: Toward Efficiently Predicting Individual Origin-Destination Travel Demand in Location-Based Services,IEEE Internet of Things Journal,B_od_estimation,EXCLUDE,,Individual OD prediction,
openalex,S0791,https://doi.org/10.3390/technologies13070297,2025,SnapStick: Merging AI and Accessibility to Enhance Navigation for Blind Users,Technologies,B_accessibility,EXCLUDE,,Navigation aid,
openalex,S0792,https://doi.org/10.3390/en10121985,2017,Large Signal Stabilization of Hybrid AC/DC Micro-Grids Using Nonlinear Robust Controller,Energies,C_permit_regulation,EXCLUDE,,Microgrid control,
openalex,S0793,https://doi.org/10.23889/ijpds.v8i3.2268,2023,Transport and Mobility Segregation in Urban Spaces,International Journal for Population Data Science,B_open_data,MAYBE,2.6,Transit segregation and disadvantage,
openalex,S0794,https://doi.org/10.1061/jupddm.upeng-4182,2023,Research on the Accessibility of Parks and Squares in Cold Cities from an Age-Friendly Perspective,Journal of Urban Planning and Development,B_open_data,EXCLUDE,,Park accessibility,
openalex,S0795,https://doi.org/10.3390/geomatics3040031,2023,“How Far Is the Closest Bus Stop?” An Evaluation of Self-Reported versus GIS-Computed Distance to the Bus among Older People and Factors Influencing Their Perception of Distance,Geomatics,B_open_data,MAYBE,2.4,Distance to bus stop measurement,
openalex,S0796,https://doi.org/10.15866/iree.v11i6.9769,2016,DC Bus Voltage Control of a Power Generation System Based on a Dual Star Induction Generator,International Review of Electrical Engineering (IREE),C_permit_regulation,EXCLUDE,,Generator control,
openalex,S0797,https://doi.org/10.1016/j.tranpol.2024.05.027,2024,Risk mitigation in urban bus concession contracts: Overcoming uncertainties with a real options model,Transport Policy,C_permit_regulation,MAYBE,2.7,Bus concession contract risk sharing,
openalex,S0798,https://doi.org/10.1108/jeas-08-2021-0150,2021,Role of safety in declining public transport use: Empirical evidence from India,Journal of economic and administrative sciences.,C_india,EXCLUDE,,Safety perception survey,
openalex,S0799,https://doi.org/10.3390/urbansci8040261,2024,"Assessing Service Imbalances as Contributing Factors to Mobility Issues in the Metropolitan District of Quito, Ecuador",Urban Science,B_open_data,MAYBE,2.7,Service imbalance Quito,
openalex,S0800,https://doi.org/10.17208/jkpa.2018.02.53.1.63,2018,"Applying Land-use Transport Integrated Model for Analyzing Long-term and Comprehensive Effect of Tram in the City of Suwon, Korea",국토계획,B_accessibility,EXCLUDE,,Tram land-use model,
openalex,S0801,https://doi.org/10.1016/j.foar.2021.12.003,2021,"Development of an urban health and wellbeing index for work precincts: A comparative study in Sydney, Australia",Frontiers of Architectural Research,B_open_data,EXCLUDE,,Health index,
openalex,S0802,https://doi.org/10.22146/jcef.56335,2020,Route and Bus Stop Plan of Agglomeration Transportation on Educational Facility in Yogyakarta Urban Agglomeration Area,Journal of the Civil Engineering Forum,B_accessibility,INCLUDE,2.2,Route and bus stop plan Yogyakarta,
openalex,S0803,https://doi.org/10.20858/tp.2023.18.1.08,2023,FACTORS AFFECTING URBAN PEOPLE’S INTENTION TO USE BUSES IN VIETNAM,Transport Problems,B_accessibility,EXCLUDE,,Intention to use survey,
openalex,S0804,https://doi.org/10.21776/ub.civense.2023.00601.6,2023,EVALUATION OF ACCESSIBILITY COMMUTER-LINE STATION WITH JITNEY TRANSPORTATION MODES BY USING GIS APPLICATION-A CASE STUDY OF DEPOK STATION,Civil and Environmental Science,B_accessibility,MAYBE,2.7,Jitney feeder accessibility GIS Depok,
openalex,S0805,https://doi.org/10.24910/jsustain/4.2/2229,2016,"Sustaining Existing and Prospective Passengers on Urban Public Buses: The Case Study of Rapid Kuantan, Pahang, Malaysia",International Journal of Sustainable Future for Human Security,B_accessibility,EXCLUDE,,Bus improvements descriptive,
openalex,S0806,https://doi.org/10.5614/jpwk.2022.33.2.5,2022,"Feeder Bus Reformation for an Urban Rail Project: The Case of Khon Kaen City, Thailand",Journal of Regional and City Planning,B_accessibility,INCLUDE,2.7,Feeder bus reform Khon Kaen,
openalex,S0807,https://doi.org/10.5194/ica-proc-2-22-2019,2019,Data Cleansing Method for Sparse Trajectory Data: A Case Study of Shared Electric Bicycles in Tengzhou,Proceedings of the ICA,B_od_estimation,EXCLUDE,,Bike trajectory cleaning,
openalex,S0808,https://doi.org/10.1016/j.trf.2025.103379,2025,Effects of rearward countdown timers at highly automated shuttle buses to announce departing,Transportation Research Part F Traffic Psychology and Behaviour,B_accessibility,EXCLUDE,,Shuttle countdown timers,
openalex,S0809,https://doi.org/10.4028/www.scientific.net/amr.989-994.5624,2014,The Study of Bus Transit Network Design Methods for Different Sized Cities,Advanced materials research,A_core_design,INCLUDE,2.2,Bus network design methods by city size,
openalex,S0810,,2012,The Impact of Service Type and Route Length on the Operating Cost per Passenger and Revenue of Paratransit Operations: Results of a Public Transport Cost Model,,C_global_south,MAYBE,2.7,Paratransit feeder operating cost,
openalex,S0811,https://doi.org/10.1080/21680566.2025.2542418,2025,Gender-specific nonlinear built environment impacts on E-bike travel towards inclusive sustainability,Transportmetrica B Transport Dynamics,B_accessibility;B_demand_proxy;C_global_south,EXCLUDE,,E-bike travel behaviour,
openalex,S0812,,2016,"Bus based transit oriented development (BTOD): opportunities and challenges for low density, car dependent Australian cities",Transport Research Forum,B_accessibility;B_demand_proxy,EXCLUDE,,Bus-based TOD concept,
openalex,S0813,https://doi.org/10.5198/jtlu.2021.1907,2021,"Shorter commutes, but for whom? Comparing the distributional effects of Bus Rapid Transit on commute times in Cape Town, South Africa, and Barranquilla, Colombia",Journal of Transport and Land Use,C_global_south,INCLUDE,2.6,BRT distributional commute effects Cape Town,
openalex,S0814,,2012,Challenges and Opportunities for the Integration of Commuter Minibus Operators into the Dar es Salaam City BRT System,,C_global_south,MAYBE,2.7,Minibus integration into BRT Dar es Salaam,
openalex,S0815,https://doi.org/10.2495/ut000351,2000,The use of environment friendly public transport system in historical urban areas,WIT transactions on the built environment,C_global_south,EXCLUDE,,Historic area traffic measures,
openalex,S0816,https://doi.org/10.3390/su17177606,2025,"Multi-Dimensional Accessibility Framework for Nursing Home Planning: Insights from Kunming, China",Sustainability,C_global_south,EXCLUDE,,Nursing home accessibility,
openalex,S0817,https://doi.org/10.1108/wjstsd-06-2015-0033,2015,Study on the separated bus lanes effectiveness in city centres,World Journal of Science Technology and Sustainable Development,C_global_south,EXCLUDE,,Bus lane effectiveness,
openalex,S0818,,2005,Transport planning for congestion in Sydney,,B_equity,EXCLUDE,,Congestion planning Sydney,
openalex,S0819,https://doi.org/10.1177/0020720920985039,2021,RETRACTED: Accessibility analysis of distance education resources based on multiple constraint model,International Journal of Electrical Engineering Education,B_equity,EXCLUDE,,"Education accessibility, retracted",
openalex,S0820,https://doi.org/10.1061/(asce)up.1943-5444.0000604,2020,Two-Phase Modeling of Metro Network Layouts Based on a Hybrid Path Searching Algorithm,Journal of Urban Planning and Development,A_core_design;AB_demand_data,EXCLUDE,,Metro layout,
openalex,S0821,https://doi.org/10.1890/0012-9623-92.3.281,2011,Carpe Diem and Slow Down,Bulletin of the Ecological Society of America,C_india,EXCLUDE,,Banquet address,
openalex,S0822,https://doi.org/10.1213/ane.0000000000005764,2021,Improving Anesthesia Capacity for Ambulatory Surgery in Low- and Middle-Income Countries: Current Scenario and Future Prospects,Anesthesia & Analgesia,C_india,EXCLUDE,,Anaesthesia capacity,
openalex,S0823,https://doi.org/10.35718/specta.v5i3.373,2021,Peran Kebijakan dalam Peningkatan Performa Layanan BRT Transjakarta,SPECTA Journal of Technology,C_global_south,MAYBE,2.7,Transjakarta BRT policy performance,
openalex,S0824,https://doi.org/10.1155/2024/5947433,2024,Intelligent Route Planning Recommendation for Electric Bus Transport,International Journal of Intelligent Systems,C_global_south,EXCLUDE,,Electric bus route recommendation,
openalex,S0825,,2014,Bus Network Modification Problem: A New Approach to Bus Network Design,Transportation Research Board 93rd Annual MeetingTransportation Research Board,A_core_design,INCLUDE,2.2,Bus network modification via GA and goal programming,
openalex,S0826,https://doi.org/10.7763/ijcte.2023.v15.1328,2023,Research of Security and Reliability for In-Vehicle FlexRay Bus Network Based on Message Perception Method,International Journal of Computer Theory and Engineering,A_core_design,EXCLUDE,,"In-vehicle FlexRay network, not transit",
openalex,S0827,https://doi.org/10.4314/fuoyejet.v9i3.23,2024,"Optimization of Bus Routes Network in Federal Capital City Abuja, Nigeria",FUOYE Journal of Engineering and Technology,B_accessibility,INCLUDE,2.7,Bus route optimisation Abuja,
openalex,S0828,https://doi.org/10.21837/pm.v20i24.1186,2022,A SPATIAL ANALYSIS OF SUBSIDISED BUS ROUTE CATCHMENT FEASIBILITY IN AN URBAN AREA IN MALAYSIA,PLANNING MALAYSIA,B_accessibility,INCLUDE,2.4,"Catchment feasibility of subsidised bus route, GIS",
openalex,S0829,https://doi.org/10.3390/su151612566,2023,"Vulnerability Analysis of Bus Network Based on Land-Use Type of Bus Stops: The Case of Xi’an, China",Sustainability,B_demand_proxy,MAYBE,2.6,Bus network vulnerability indicators Xian,
openalex,S0830,https://doi.org/10.7782/jksr.2018.21.11.1155,2018,Bus OD Matrix Estimation Using Smart Card Data,Journal of the Korean society for railway,B_od_estimation,INCLUDE,2.3,Bus OD estimation from smart card data,
openalex,S0831,https://doi.org/10.1016/j.trc.2026.105852,2026,"Semi-on-demand off-peak transit services with shared autonomous vehicles — service planning, simulation, and analysis in Munich, Germany",Transportation Research Part C Emerging Technologies,A_freq_fleet,EXCLUDE,,SAV semi-on-demand service simulation,
openalex,S0832,https://doi.org/10.3141/1791-06,2002,Design of Bus Routes: Methodology and the Santo Domingo Case,Transportation Research Record Journal of the Transportation Research Board,A_core_design,INCLUDE,2.7,Bus route design methodology Santo Domingo,
openalex,S0833,https://doi.org/10.1155/2021/6940263,2021,Discussion on Optimization of Public Transportation Network Setting considering Three-State Reliability,Journal of Advanced Transportation,B_demand_proxy,MAYBE,2.2,Network setting optimisation with reliability; abstract vague,
openalex,S0834,https://doi.org/10.1155/2023/6629507,2023,What Affects Bus Passengers’ Travel Time? A View from the Built Environment and Weather Condition,Journal of Advanced Transportation,B_demand_proxy,EXCLUDE,,Bus travel time determinants,
openalex,S0835,https://doi.org/10.3390/su16167172,2024,Bus Route Sketching: A Multimetric Analysis from the User’s and Operator’s Perspectives,Sustainability,A_core_design,INCLUDE,2.2,"Bus route search algorithm, user and operator metrics",
openalex,S0836,https://doi.org/10.1155/2022/6369217,2022,An Urban Bus Network Generation Algorithm Based on Particle Swarm Optimization and Force Field Properties,Journal of Advanced Transportation,A_core_design;B_accessibility,INCLUDE,2.2,Bus network generation via PSO,
openalex,S0837,,2007,Research on Bi-level Model and Solution Algorithm for Dynamic Transit Design Problem,Systems Engineering - Theory & Practice,A_core_design,INCLUDE,2.2,Bilevel dynamic transit network design,
openalex,S0838,https://doi.org/10.1093/ije/dyp331,2009,Quasi-experimental evidence on the causal effects of physical health on mental health,International Journal of Epidemiology,C_india,EXCLUDE,,"Health economics, not transit",
openalex,S0839,https://doi.org/10.1109/tits.2024.3395050,2024,Robust Transit Frequency Setting Problem With Demand Uncertainty,IEEE Transactions on Intelligent Transportation Systems,AB_demand_data,INCLUDE,2.2,Robust frequency setting under demand uncertainty,
openalex,S0840,https://doi.org/10.11916/j.issn.1005-9113.2018007,2020,Route Temporal-Spatial Information Based Residual Neural Networks for Bus Arrival Time Prediction,,A_freq_fleet,EXCLUDE,,Arrival time prediction,
openalex,S0841,,2013,"Sarima Modelling of Passenger Flow at Cross Line Limited, Nigeria",Journal of Emerging Trends in Economics and Management Science,C_global_south,EXCLUDE,,"Passenger flow time-series forecasting, not planning",
openalex,S0842,https://doi.org/10.5120/9738-4289,2012,Smartcard based Android Application for Public Transport Ticketing System,International Journal of Computer Applications,C_india,EXCLUDE,,Ticketing app,
openalex,S0843,https://doi.org/10.1002/sd.71017,2026,Machine Learning‐Based Spatial Clustering and Urban Infrastructure Sustainability Indexing Using SDG Indicators for a Developing City in India,Sustainable Development,C_india,EXCLUDE,,"Infrastructure sustainability indexing, not transit",
openalex,S0844,https://doi.org/10.1080/09720529.2016.1190564,2017,Transit network models with rectangular service zone revisit,Journal of Discrete Mathematical Sciences and Cryptography,A_core_design,INCLUDE,2.2,"Transit network model with service zones, headway and route",
openalex,S0845,,2018,Bus Network Coverage Analysis of Dhaka City Along with its Service Quality,,A_rationalisation;B_accessibility,INCLUDE,2.6,Dhaka bus network coverage and service quality,
openalex,S0846,https://doi.org/10.1061/jtepbs.0000096,2017,Bus Model with a Rectangular Service Zone Revisit,Journal of Transportation Engineering Part A Systems,A_core_design,INCLUDE,2.2,"Bus model with service zones, headway optimisation",
openalex,S0847,https://doi.org/10.1016/j.trpro.2020.08.008,2020,A study of Mumbai and Hyderabad’s intermodal transportation hubs and their potential in the future railway-led urban development in India,Transportation research procedia,C_india,EXCLUDE,,Rail-led intermodal hubs,
openalex,S0848,https://doi.org/10.1177/03611981231172939,2023,"Framework for the Analysis and Enhancement of the Accessibility of Large-Scale Urban Transit Networks: A Data-Driven Study for the City of Lyon, France",Transportation Research Record Journal of the Transportation Research Board,B_open_data,INCLUDE,2.6,Data-driven transit accessibility framework,
openalex,S0849,https://doi.org/10.30892/gtg.454spl01-972,2022,ANALYSIS OF THE STATE OF PUBLIC TRANSPORT IN ALMATY,GeoJournal of Tourism and Geosites,B_open_data,MAYBE,2.7,Almaty public transport state analysis,
openalex,S0850,https://doi.org/10.5194/isprs-archives-xlviii-4-w12-2024-113-2024,2024,City Transport Analyzer: A Powerful Qgis Plugin For Public Transport Accessibility And Intermodality Analysis,"The international archives of the photogrammetry, remote sensing and spatial information sciences/International archives of the photogrammetry, remote sensing and spatial information sciences",B_open_data,INCLUDE,2.5,QGIS plugin GTFS accessibility analysis,
openalex,S0851,https://doi.org/10.1049/joe.2014.0190,2014,Shortest route finding by ant system algorithm in web geographical information system‐based advanced traveller information system,The Journal of Engineering,C_india,EXCLUDE,,Traveller information routing,
openalex,S0852,https://doi.org/10.13052/jwe1540-9589.2045,2021,Geospatially Partitioning Public Transit Networks for Open Data Publishing,Journal of Web Engineering,B_open_data,MAYBE,2.5,GTFS open data partitioning,
openalex,S0853,https://doi.org/10.1140/epjds/s13688-025-00559-5,2025,Designing transit routes based on vehicle routing behavior determined through location-based services data,EPJ Data Science,B_open_data,INCLUDE,2.3,Transit routes from location-based services data,
openalex,S0854,https://doi.org/10.3390/su14010193,2021,Optimization Model of Transit Route Fleet Size Considering Multi Vehicle Type,Sustainability,A_freq_fleet,INCLUDE,2.2,Route fleet size optimisation multi vehicle type,
openalex,S0855,https://doi.org/10.1080/12265934.2025.2553714,2025,"Spatial, mobility, or socio-economic inequity? A district level job accessibility evaluation in Jakarta, Indonesia",International Journal of Urban Sciences,C_global_south,INCLUDE,2.6,Job accessibility equity Jakarta incl. transit,
openalex,S0856,https://doi.org/10.3311/pptr.15864,2022,A New Route Choice Model for Urban Public Transit with Headway-based Service,Periodica Polytechnica Transportation Engineering,A_freq_fleet,EXCLUDE,,Route choice model,
openalex,S0857,,2010,Development and Deployment of GIS Tools to Facilitate Transit Network Design and Operational Evaluation,Journal of the Urban and Regional Information Systems Association,A_core_design;A_freq_fleet;AB_demand_data;B_demand_proxy,INCLUDE,2.5,GIS tools for transit network design,
openalex,S0858,,2012,Bus-Network Design Considering High Seasonal Demand Variations,Transportation Research Board 91st Annual MeetingTransportation Research Board,A_core_design,INCLUDE,2.2,Bus network design under seasonal demand,
openalex,S0859,https://doi.org/10.12733/jics20105667,2015,An Effective Intelligent Method for Optimal Urban Transit Network Design,Journal of Information and Computational Science,A_core_design,INCLUDE,2.2,Transit network design intelligent algorithm,
openalex,S0860,https://doi.org/10.1080/21680566.2025.2561863,2025,Learning heuristics for transit network design and improvement with deep reinforcement learning,Transportmetrica B Transport Dynamics,A_core_design,INCLUDE,2.2,Deep RL heuristics for transit network design,
openalex,S0861,,2007,Research on transit routes network design based on improved genetic algorithm,Computer Engineering and Applications Journal,A_core_design,INCLUDE,2.2,Transit network design improved GA,
openalex,S0862,https://doi.org/10.1016/j.cstp.2025.101545,2025,Measuring the integration of micromobility and public transport – the development of a new network analysis tool,Case Studies on Transport Policy,B_open_data,EXCLUDE,,Micromobility integration tool,
openalex,S0863,https://doi.org/10.1080/17477778.2020.1800421,2020,Simulation-based design of multi-period bus headways under the influence of electronic bus station boards,Journal of Simulation,A_freq_fleet,INCLUDE,2.2,Multi-period headway setting optimisation,
openalex,S0864,https://doi.org/10.1080/03081060.2016.1238575,2016,Using GIS to assess the potential for centralised planning of bus networks,Transportation Planning and Technology,A_freq_fleet,INCLUDE,2.2,GIS assessment of centralised bus network planning,
openalex,S0865,,2014,Optimal Model for Using of Transit Unit Based on Shared-path Rail Transit Route,Journal of Tongji University,A_freq_fleet,EXCLUDE,,Rail transit unit sizing,
openalex,S0866,https://doi.org/10.1080/19427867.2020.1852495,2020,Railway transit network design based on fuzzy plant growth simulation algorithm,Transportation Letters,A_core_design,EXCLUDE,,Railway network design,
openalex,S0867,https://doi.org/10.1016/j.jrurstud.2025.103887,2025,Public transport supply in rural Sweden: Examining distribution through the lens of equity,Journal of Rural Studies,B_open_data,MAYBE,2.6,Rural PT supply equity Sweden,
openalex,S0868,https://doi.org/10.1177/23998083251398660,2025,Assessing equitable access in X-minute cities through open spatial data,Environment and Planning B Urban Analytics and City Science,B_open_data,MAYBE,2.5,Open spatial data equitable access,
openalex,S0869,https://doi.org/10.24294/jipd.v8i8.5744,2024,Smart cities in Lima: A transformative model for a sustainable future,Journal of Infrastructure Policy and Development,B_open_data,EXCLUDE,,"Smart cities evaluation, not transit design",
openalex,S0870,https://doi.org/10.1553/giscience2015s579,2015,Quality Assessment of Open Realtime Data for Public Transportation in the Netherlands,GI_Forum,B_open_data,MAYBE,2.5,Open realtime transit data quality,
openalex,S0871,https://doi.org/10.1177/03611981211044455,2021,Deadhead Minimization with a Flexible Facility Locator Tool,Transportation Research Record Journal of the Transportation Research Board,B_open_data,EXCLUDE,,Depot facility location deadhead,
openalex,S0872,https://doi.org/10.1016/j.trc.2026.105578,2026,Semi-on-demand hybrid transit route design with shared autonomous mobility services,Transportation Research Part C Emerging Technologies,A_core_design;A_freq_fleet,EXCLUDE,,SAV semi-on-demand hybrid route,
openalex,S0873,https://doi.org/10.3390/en13225963,2020,Energy Saving and CO2 Reduction Potential from Partial Bus Routes Reduction Model in Bangkok Urban Fringe,Energies,C_permit_regulation,INCLUDE,2.2,Bus route reduction model for overlapping routes Bangkok,
openalex,S0874,https://doi.org/10.11175/easts.11.507,2015,Validating an Improved Model for Feeder Bus Network Design Using Genetic Algorithm (GA) and Particle Swarm Optimization (PSO),Journal of the Eastern Asia Society for transportation studies/Journal of the Eastern Asia Society for Transportation Studies,A_core_design,INCLUDE,2.2,Feeder bus network design GA and PSO,
openalex,S0875,https://doi.org/10.3141/2651-02,2017,Automated Tool for Geographic Information Systems That Supports Transit Network Design by Identifying Urban Activity Centers,Transportation Research Record Journal of the Transportation Research Board,A_core_design;AB_demand_data,INCLUDE,2.5,Automated GIS tool for network design,
openalex,S0876,https://doi.org/10.1061/(asce)up.1943-5444.0000359,2016,"Two-Phase Approach for Designing Bus-Based Park-and-Ride System: Case Study of Isfahan, Iran",Journal of Urban Planning and Development,A_core_design,MAYBE,2.2,Bus-based park-and-ride design Isfahan,
openalex,S0877,https://doi.org/10.1051/ro/2011116,2011,On designing connected rapid transit networks reducing the number of transfers,RAIRO - Operations Research,A_core_design,EXCLUDE,,Rapid transit network design,
openalex,S0878,,2001,Regulating for Improved Accessibility to Buses,,C_permit_regulation,EXCLUDE,,Vehicle accessibility regulation,
openalex,S0879,https://doi.org/10.1080/15568318.2025.2524475,2025,Bus regulation and the net-zero transition dynamics in Great Britain,International Journal of Sustainable Transportation,C_permit_regulation,MAYBE,2.7,Bus regulation institutional; zero-emission focus,
openalex,S0880,,2013,Marknadsöppning – och sen?: samhällsekonomisk analys av förutsättningarna för en stärkt kollektivtrafik,VTI Rapport,C_permit_regulation,MAYBE,2.7,Bus market deregulation Sweden analysis,
openalex,S0881,https://doi.org/10.3390/vehicles7040125,2025,Defining the Optimal Characteristics of Autonomous Vehicles for Public Passenger Transport in European Cities with Constrained Urban Spaces,Vehicles,B_accessibility,EXCLUDE,,Autonomous vehicle characteristics,
openalex,S0882,https://doi.org/10.30932/1992-3252-2024-22-2-7,2025,Methodology for Providing Priority to Urban Passenger Transport Traffic,World of Transport and Transportation,B_accessibility,EXCLUDE,,Bus lane priority modelling,
openalex,S0883,https://doi.org/10.9734/air/2025/v26i61530,2025,Infrastructure and Accessibility Barriers in Public Bus Transportation for Persons with Disabilities: A Systematic Review,Advances in Research,C_global_south,EXCLUDE,,Disability barriers review,
openalex,S0884,https://doi.org/10.1016/j.tbs.2025.101096,2025,How to ensure sufficient access to public transport in rural areas? A comparative analysis of institutional designs for multimodal integration,Travel Behaviour and Society,C_global_south,MAYBE,2.6,Rural access institutional designs,
openalex,S0885,https://doi.org/10.7708/ijtte.2020.10(1).09,2020,COMPARATIVE ASSESSMENT OF DYNAMIC TRAVEL TIME PREDICTION MODELS IN THE DEVELOPING COUNTRIES CITIES,International Journal for Traffic and Transport Engineering,C_global_south,EXCLUDE,,Travel time prediction,
openalex,S0886,,2015,Investigating the transit-orientation of existing urban development around Melbourne trams compared to other public transport modes,Transport Research Forum,B_demand_proxy,EXCLUDE,,TOD around trams,
openalex,S0887,https://doi.org/10.1016/j.trb.2025.103286,2025,Hierarchical bus transit network design in coordination with an existing metro system,Transportation Research Part B Methodological,A_core_design,INCLUDE,2.2,Hierarchical bus network design with metro,
openalex,S0888,https://doi.org/10.3390/futuretransp6010045,2026,A Literature Review of Public Transport OD Matrix Estimation,Future Transportation,B_od_estimation,INCLUDE,2.3,Review of PT OD matrix estimation,
openalex,S0889,,2018,Estimation of Origin-Destination Matrix and Identification of User Activities Using Public Transit Smart Card Data,,B_od_estimation,INCLUDE,2.3,OD estimation from smart card data,
openalex,S0890,https://doi.org/10.1080/23270012.2024.2371518,2024,"Using smart card data to develop origin-destination matrix-based business analytics for bus rapid transit systems: case study of Jakarta, Indonesia",Journal of Management Analytics,B_od_estimation,INCLUDE,2.3,Smart card OD analytics for BRT,
openalex,S0891,,2012,Origin-destination Matrix Estimation Method Based On Bus Smart Card Records,Journal of Transport Information and Safety,B_od_estimation,INCLUDE,2.3,Bus smart card OD estimation,
openalex,S0892,https://doi.org/10.1681/asn.2009040425,2009,How Long Can We Afford to Wait for Equity in the Renal Transplant Waiting List?,Journal of the American Society of Nephrology,B_accessibility,EXCLUDE,,Medical topic,
openalex,S0893,https://doi.org/10.3390/su17219889,2025,Bridging the Accessibility Gap in Green Tourism: A Framework for Sustainable Integration of Specialised Off-Road Wheelchair Services with Public Transport Networks,Sustainability,B_equity,EXCLUDE,,Accessible tourism wheelchair,
openalex,S0894,https://doi.org/10.35741/issn.0258-2724.58.1.60,2023,MULTI-OBJECTIVE OPTIMIZATION FOR BRT ROUTES USING GENETIC ALGORITHM: NEW CAIRO CASE STUDY,Journal of Southwest Jiaotong University,B_demand_proxy,INCLUDE,2.2,BRT route optimisation GA Cairo,
openalex,S0895,https://doi.org/10.3390/su18115339,2026,Policy Evolution of Sustainable Urban Transport in Saudi Arabia (2000–2025),Sustainability,B_demand_proxy,EXCLUDE,,"Policy narrative, no method",
openalex,S0896,https://doi.org/10.3141/1992-05,2007,Maturity of Key Technologies Provides More Options for Transit and Paratransit Planners,Transportation Research Record Journal of the Transportation Research Board,C_global_south,EXCLUDE,,Technology overview,
openalex,S0897,,2003,ASIAN CITIES SWITCH TO CONTACTLESS SMART CARDS,,A_core_design;AB_demand_data,EXCLUDE,,Smart card adoption commentary,
openalex,S0898,https://doi.org/10.11648/j.sjee.20251303.11,2025,Optimization of a Medium-Voltage Distribution Network via Photovoltaic Integration: A Case Study of the Liouesso MT Grid,Science Journal of Energy Engineering,C_global_south,EXCLUDE,,Power distribution,
openalex,S0899,,2015,TECHNICAL AND ECONOMIC ASSESSMENT OF INTEGRATING DG RESOURCES INTO A REALISTIC EGYPTIAN DISTRIBUTION NETWORK,,C_global_south,EXCLUDE,,Power distribution,
openalex,S0900,https://doi.org/10.54030/2788-564x/2022/cp1v2a9,2022,ADOPTION OF INTEGRATED TRANSPORT SYSTEM FOR SUSTAINABLE TRANSPORT PLANNING AND DEVELOPMENT,Journal of inclusive cities and built environment,C_global_south,EXCLUDE,,General integrated transport concept,
openalex,S0901,https://doi.org/10.1504/ijtpm.2020.10026599,2020,The use of mobile phone data in transport planning,International Journal of Technology Policy and Management,C_global_south,MAYBE,2.3,Mobile phone data for planning review,
openalex,S0902,https://doi.org/10.1016/j.apgeog.2026.104031,2026,Public transit accessibility equity in a transit-oriented development context: A spatial and socioeconomic assessment in shenzhen,Applied Geography,B_equity,INCLUDE,2.6,Transit accessibility equity Shenzhen,
openalex,S0903,https://doi.org/10.3390/su172310505,2025,Do New Light Rail Stations Enhance Property Values in Mature Cities? Evidence from UK Cities,Sustainability,B_equity,EXCLUDE,,Light rail property values,
openalex,S0904,https://doi.org/10.1177/23998083241254567,2024,"Inequality and spatial mismatch in the urban labor market: Evidence for the Curitiba metropolitan region, Brazil",Environment and Planning B Urban Analytics and City Science,B_equity,MAYBE,2.7,Accessibility inequality Curitiba,
openalex,S0905,https://doi.org/10.3389/frsc.2025.1468601,2025,For whom the trains roll? An equity analysis of rail enhancement in Israel,Frontiers in Sustainable Cities,B_accessibility,EXCLUDE,,Rail equity,
openalex,S0906,,2001,DEVELOPMENT OF BUS STOP ACCESS IMPROVEMENT PLANS: SELECTED BUS STOPS ON THE KIRKWOOD HIGHWAY CORRIDOR,,B_accessibility,EXCLUDE,,"Bus stop access improvements, pedestrian",
openalex,S0907,https://doi.org/10.22161/ijeab.92.5,2024,"Evaluation of Land Use and Road System for Urban Planning in Luohu District, Shenzhen, Based on GIS",International Journal of Environment Agriculture and Biotechnology,B_accessibility;B_demand_proxy,EXCLUDE,,Land use GIS evaluation,
openalex,S0908,https://doi.org/10.1080/19427867.2024.2320499,2024,Joint optimization of fixed route bus networks and complementary paratransit service areas,Transportation Letters,B_accessibility;B_equity;C_global_south,INCLUDE,2.2,Joint fixed route and paratransit area design,
openalex,S0909,https://doi.org/10.30564/jmser.v2i1.996,2019,Research on Planning and Model Design of Micro-cycle Bus Line Based on Metro Station Connection,Journal of Management Science & Engineering research,B_accessibility,INCLUDE,2.2,Micro-circulation bus line planning,
openalex,S0910,https://doi.org/10.13140/rg.2.1.3206.5128,2010,Passenger Origin-Destination Matrix Estimation Employing the Path-Based Formulation of Transit Assignment Problem,,B_od_estimation,INCLUDE,2.3,Transit OD estimation via assignment,
openalex,S0911,https://doi.org/10.1155/2022/4329943,2022,Modeling Limited-Stop Bus Corridor Services with Fare Payment Mode Choice and Trip Purpose Consideration,Computational Intelligence and Neuroscience,B_od_estimation,MAYBE,2.2,Limited-stop service optimisation,
openalex,S0912,https://doi.org/10.1177/0361198118797218,2018,Applying Spatial Aggregation Methods to Identify Opportunities for New Bus Services in London,Transportation Research Record Journal of the Transportation Research Board,B_od_estimation,INCLUDE,2.3,OD data to identify new bus services London,
openalex,S0913,https://doi.org/10.21837/pmjournal.v17.i10.630,2019,SERVICE CATCHMENT OF MASS RAPID TRANSIT (MRT) FEEDER BUS: A PRELIMINARY STUDY OF T461 ROUTE TAMAN KAJANG UTAMA,PLANNING MALAYSIA,B_od_estimation,MAYBE,2.4,Feeder bus catchment Malaysia,
openalex,S0914,https://doi.org/10.1177/03611981211026302,2021,Evaluation of an Advanced Driver-Assistance System to Reduce Pedestrian and Rear-End Crashes of Transit Vehicles,Transportation Research Record Journal of the Transportation Research Board,A_freq_fleet,EXCLUDE,,Safety,
openalex,S0915,https://doi.org/10.1109/access.2020.2996659,2020,Estimating Travel Times of Mid-Volume Buses Considering Right-of-Way Variation,IEEE Access,A_freq_fleet,EXCLUDE,,Travel time estimation,
openalex,S0916,,2013,A Web Portal for Reliability Diagnosis of Bus Regularity.,,A_freq_fleet,EXCLUDE,,Reliability diagnosis,
openalex,S0917,,2010,Simulating Bus Service Reliability: Another Use for Automatically Collected Data,Transportation Research Board 89th Annual MeetingTransportation Research Board,A_freq_fleet,EXCLUDE,,Reliability simulation,
openalex,S0918,https://doi.org/10.1016/j.urbmob.2026.100250,2026,FlexBSS: A flexible multi-objective framework for bike-sharing station optimization,Journal of Urban Mobility,B_open_data,EXCLUDE,,Bike-sharing,
openalex,S0919,https://doi.org/10.1016/j.trip.2025.101347,2025,Estimating uncertainty and Misery (Index) of the paratransit experience,Transportation Research Interdisciplinary Perspectives,C_global_south,EXCLUDE,,Paratransit reliability,
openalex,S0920,https://doi.org/10.1016/j.trpro.2025.05.048,2025,Understanding the Conditions for Passengers to Consider Accepting Transfers between MyCiTi and Minibus Taxi,Transportation research procedia,C_global_south,MAYBE,2.7,Minibus taxi and BRT transfers South Africa,
openalex,S0921,https://doi.org/10.1016/j.healthplace.2026.103640,2026,"Spatial and social inequities in access to essential healthcare services: a case study of a fast-growing, diverse Canadian city",Health & Place,B_open_data,EXCLUDE,,"Healthcare access, not transit method",
openalex,S0922,https://doi.org/10.13140/rg.2.2.33793.68962,2020,Analysis of Excessive Cost of Overlapped Bus Route System in Bangkok,,C_global_south,INCLUDE,2.2,Overlapped bus route cost Bangkok,
openalex,S0923,https://doi.org/10.1080/26895269.2026.2666233,2026,Trapped in transit: Public transport as structural stigma and minority stress in the lives of transgender individuals in Pakistan,International Journal of Transgender Health,C_global_south,EXCLUDE,,Stigma qualitative,
openalex,S0924,https://doi.org/10.1016/j.aftran.2024.100022,2025,A framework for assessing the financial sustainability of minibus taxi route typologies by means of onboard trip data cluster analysis,African Transport Studies,C_global_south,INCLUDE,2.7,Minibus taxi route typologies onboard data,
openalex,S0925,https://doi.org/10.1007/s44327-025-00119-6,2025,Evaluating last-mile access in the 15-minute city,Discover Cities,B_equity,EXCLUDE,,Walk/cycle last-mile,
openalex,S0926,https://doi.org/10.1371/journal.pone.0318616,2025,Continuous approximation and GIS-enhanced design optimization of feeder bus networks along rail corridors,PLoS ONE,B_accessibility,INCLUDE,2.2,Feeder bus network optimisation continuum approximation,
openalex,S0927,https://doi.org/10.13140/rg.2.2.25913.06244,2017,Intrapersonal Variation in Destination Choice,,B_od_estimation,EXCLUDE,,Destination choice behaviour,
openalex,S0928,,2016,Effects of bus operations on the traffic capacity of urban networks: A simulation study,Transportation Research Board 95th Annual MeetingTransportation Research Board,A_freq_fleet,EXCLUDE,,Bus operations traffic simulation,
openalex,S0929,https://doi.org/10.5281/zenodo.1485705,2018,The HARMONY project – Study for the harmonization of data in the public transport network and road network,Zenodo (CERN European Organization for Nuclear Research),B_open_data,MAYBE,2.5,Transport data harmonisation,
openalex,S0930,,2015,Indoor Positioning and Navigation for Pedestrian Guidance in Public Transport Facilities,,B_open_data,EXCLUDE,,Indoor navigation,
openalex,S0931,https://doi.org/10.9734/acri/2024/v24i5708,2024,Geographic Accessibility of General Practitioners by Car and Public Transport - A Study Using the Minimum Travel Time Method in a Rural Area in the North-East of Germany,Archives of Current Research International,B_open_data,EXCLUDE,,Healthcare accessibility,
openalex,S0932,https://doi.org/10.1002/net.70021,2026,"Robustness Assessment of Public Transport Networks in Various Graph Representations: Systematic Review, Decision Support, and Case Study",Networks,B_open_data,MAYBE,2.6,PT network robustness graph review,
openalex,S0933,https://doi.org/10.4103/ipj.ipj_89_24,2024,"Assessment of depression, anxiety, stress, and insomnia among government school teachers in the rural catchment areas of Nandyal district: A cross-sectional study",Industrial Psychiatry Journal,C_india,EXCLUDE,,Mental health,
openalex,S0934,https://doi.org/10.1080/17457300.2019.1704790,2019,Opportunities to reduce road traffic injury: new insights from the study of urban areas,International Journal of Injury Control and Safety Promotion,C_india,EXCLUDE,,Road injury,
openalex,S0935,,2019,Leveraging Twitter and Machine Learning for Real-Time Transit Network Evaluation,PDXScholar  (Portland State University),B_open_data,MAYBE,2.5,Twitter open data transit evaluation,
openalex,S0936,,2014,Towards emergency vehicle routing using Geolinked Open Data: the case study of the Municipality of Catania,,B_open_data,EXCLUDE,,Emergency routing,
openalex,S0937,,2015,Development of Highly Resolved Spatial and Temporal Metrics of Public Transit Accessibility and Their Application to Service Equity Analysis,Transportation Research Board 94th Annual MeetingTransportation Research Board,B_open_data;B_equity,INCLUDE,2.6,Transit accessibility metrics and equity,
openalex,S0938,https://doi.org/10.1007/s44327-025-00154-3,2025,Automated planning model for estimating and benchmarking road traffic carbon emissions in global cities,Discover Cities,B_open_data,EXCLUDE,,Emissions,
openalex,S0939,https://doi.org/10.3390/su162310710,2024,Optimizing Bus Bridging Service Considering Passenger Transfer and Reneging Behavior,Sustainability,A_freq_fleet,EXCLUDE,,Rail bridging service,
openalex,S0940,https://doi.org/10.3311/pptr.37809,2025,Urban Mobility Modeling in PTV Visum with Various Options for Bus Fare Structure,Periodica Polytechnica Transportation Engineering,A_freq_fleet,EXCLUDE,,Fare structure,
openalex,S0941,https://doi.org/10.22116/jiems.2018.66506,2018,"A statistical analysis framework for bus reliability evaluation based on AVL data: A case study of Qazvin, Iran",Industrial Engineering and Management,A_freq_fleet,EXCLUDE,,Reliability evaluation,
openalex,S0942,https://doi.org/10.1007/s11116-023-10440-x,2023,Dynamic interlining in bus operations,Transportation,A_freq_fleet,EXCLUDE,,Operational interlining,
openalex,S0943,,2004,"URBAN PUBLIC TRANSPORT IN INDIA: TRENDS, CHALLENGES AND INNOVATIONS",Public transport international,C_india,MAYBE,2.7,Indian urban public transport overview,
openalex,S0944,https://doi.org/10.12068/j.issn.1005-3026.2016.04.002,2016,Optimization Model for Bus Network Timetabling with Uneven Headway,Journal of Northeastern University,A_freq_fleet,EXCLUDE,,Timetabling,
openalex,S0945,,2013,APPLICATION OF MULTIPLE CRITERIA DECISION MAKING (MCDM) ON HIGH POTENTIAL CITY BUS ROUTES IN TAIWAN,Journal of Society for Transportation and Traffic Studies (JSIS),A_freq_fleet,MAYBE,2.2,MCDM intercity bus route potential Taiwan,
openalex,S0946,,2015,Transit network design for areas with low and/or heterogeneous demand,Illinois Digital Environment for Access to Learning and Scholarship (University of Illinois at Urbana-Champaign),A_core_design;A_freq_fleet;B_accessibility,INCLUDE,2.2,Transit network design low heterogeneous demand,
openalex,S0947,https://doi.org/10.1016/j.cstp.2025.101385,2025,Transit network design: A sustainability-oriented methodology for the management of large bus networks and low emission zones,Case Studies on Transport Policy,A_core_design,INCLUDE,2.2,Routes and frequencies with electric buses,
openalex,S0948,https://doi.org/10.1080/09720502.2016.1240929,2017,Study transit network design for Rivera of Uruguay,Journal of Interdisciplinary Mathematics,A_core_design,INCLUDE,2.2,Route set construction Rivera Uruguay,
openalex,S0949,,2016,Transit Network Design with Exclusive Bus Lanes,Transportation Research Board 95th Annual MeetingTransportation Research Board,A_core_design,INCLUDE,2.2,Network design with exclusive bus lanes,
openalex,S0950,,2011,Equity Analysis of Feeder Bus Routes in Seoul using DEA(Data Envelopment Analysis) Model,Journal of the Eastern Asia Society for transportation studies/Journal of the Eastern Asia Society for Transportation Studies,B_accessibility,INCLUDE,2.6,DEA equity of feeder routes Seoul,
openalex,S0951,https://doi.org/10.1109/tits.2025.3553156,2025,Designing Feeder Bus Routes: A Two-Stage Programming Model Using Existing Bus Stops,IEEE Transactions on Intelligent Transportation Systems,B_accessibility,INCLUDE,2.2,Feeder route design two-stage model,
openalex,S0952,https://doi.org/10.15587/2706-5448.2022.260488,2022,Assessment of the impact of traffic conditions on the availability of transport services of the city bus route,Technology audit and production reserves,B_accessibility,EXCLUDE,,Traffic conditions on route availability,
openalex,S0953,https://doi.org/10.53502/rail-176332,2023,Modeling the accessibility of public transport to people with disabilities in the GTFS standard,Rail Vehicles,B_open_data,MAYBE,2.5,GTFS extension for accessibility,
openalex,S0954,https://doi.org/10.5194/isprs-archives-xlviii-4-w5-2022-37-2022,2022,A LARGE SCALE METHOD FOR EXTRACTING GEOGRAPHICAL FEATURES ON BUS ROUTES FROM OPENSTREETMAP AND ASSESSMENT OF THEIR IMPACT ON BUS SPEED AND RELIABILITY,"The international archives of the photogrammetry, remote sensing and spatial information sciences/International archives of the photogrammetry, remote sensing and spatial information sciences",B_open_data,MAYBE,2.5,OSM features on bus routes,
openalex,S0955,https://doi.org/10.1016/j.trpro.2020.08.197,2020,"Travel Probability Fields – An approach to understand travel behavior: Case study of slum dwellers in Kolkata, India",Transportation research procedia,C_india,MAYBE,2.7,Slum dwellers travel Kolkata,
openalex,S0956,https://doi.org/10.4103/ijhas.ijhas_168_16,2017,Study of commuter problems and opinions in a fast developing coastal city of Mangalore in India: A gender perspective analysis,International Journal of Health & Allied Sciences,C_india,EXCLUDE,,Commuter survey,
openalex,S0957,https://doi.org/10.1016/j.trip.2025.101698,2025,Be Open or Competitive? Exploring the differences in the adoption of (open) data sharing in European railway public transport,Transportation Research Interdisciplinary Perspectives,B_open_data,EXCLUDE,,Rail open data adoption,
openalex,S0958,https://doi.org/10.25130/tjes.28.3.06,2021,Performance Measures and Level of Transit Service Assessment of Public Transport Bus Network in Baghdad City during 2002-2003,Tikrit Journal of Engineering Sciences,A_freq_fleet,INCLUDE,2.6,Baghdad bus network performance measures,
openalex,S0959,,2015,A bus headway optimization model based on genetic taboo algorithm,Journal of Transport Science and Engineering,A_freq_fleet,INCLUDE,2.2,Bus headway optimisation GA tabu,
openalex,S0960,,2011,Optimizing Integrated Bus Service for Minimum Cost Operation with Genetic Algorithm – A Case Study in New Jersey,Transportation Research Board 90th Annual MeetingTransportation Research Board,A_freq_fleet,INCLUDE,2.2,Integrated bus service optimisation New Jersey,
openalex,S0961,,2010,Rapid Transit Network Design: A New Model and Solution Algorithm,Transportation Research Board 89th Annual MeetingTransportation Research Board,A_core_design;B_accessibility,MAYBE,2.2,Rapid transit route design model,
openalex,S0962,https://doi.org/10.37628/jtpm.v6i2.646,2020,IMPORTANCE OF TRAFFIC AND TRANSPORTATION PLAN IN THE CONTEXT OF LAND USE PLANNING FOR INDIAN CITIES,INTERNATIONAL JOURNAL OF TOWN PLANNING AND MANAGEMENT,C_india,EXCLUDE,,Land use general,
openalex,S0963,https://doi.org/10.48295/et.2022.89.3,2022,"Walkability to public transport: prioritization of parameters for walkability assessment in the urban areas of Kerala, India",European Transport/Trasporti Europei,C_india,EXCLUDE,,Walkability,
openalex,S0964,https://doi.org/10.4018/ijupsc.2021010106,2021,Impact of Automated Vehicles on Optimal Demand-Responsive Feeder Transit Network Design,International Journal of Urban Planning and Smart Cities,A_core_design,EXCLUDE,,Demand-responsive feeder automation,
openalex,S0965,,2013,Bus Network Design by Considering the Location of Depots: A Case Study of Mashhad,Transportation Research Board 92nd Annual MeetingTransportation Research Board,A_core_design,INCLUDE,2.2,Bus network design with depots Mashhad,
openalex,S0966,https://doi.org/10.4236/jgis.2020.126037,2020,Transit Network Design Using GIS and Ant Colony Optimization in Sanandaj,Journal of Geographic Information System,A_core_design,INCLUDE,2.2,Transit network design GIS ant colony,
openalex,S0967,https://doi.org/10.36348/sjbms.2022.v07i07.001,2022,Acceleration of Integrated Public Transport Management: Study on Bus Rapid Transit Management in DKI Jakarta,Saudi Journal of Business and Management Studies,A_rationalisation,MAYBE,2.7,BRT management Jakarta,
openalex,S0968,https://doi.org/10.48295/et.2021.84.2,2021,"User Perception towards Ride hail Service: A case of Nagpur city, India",European Transport/Trasporti Europei,C_india,EXCLUDE,,Ride-hail perception,
openalex,S0969,,2017,"A Study on Implementation of Intelligent Transport System to Bus Rapid Transit System (BRTS), Bengaluru - A Framework To Improve Present Public Transport",International Journal of New Technology and Research,C_india,EXCLUDE,,ITS for BRTS,
openalex,S0970,https://doi.org/10.17086/jts.2018.42.2.209.223,2018,Analysis of Accessibility of Individual Tourists to Destination Using Social Network Analysis: Focused on the Ulsan Metropolitan City Public Transit Network,,B_accessibility,MAYBE,2.6,Bus route network centrality Ulsan,
openalex,S0971,,2001,Design and Operational Concepts of a High Coverage Point-to-Point Transit System,,B_accessibility;C_global_south,EXCLUDE,,Flexible point-to-point system,
openalex,S0972,https://doi.org/10.3390/en17164091,2024,Voltage-Triggered Flexibility Provision in a Distribution Network with Limited Observability,Energies,B_data_scarce,EXCLUDE,,Power grid,
openalex,S0973,https://doi.org/10.17632/gstfpzg339.1,2020,"High-volume public transport vehicle locations (rail, bus, ferry and light rail) and performance metrics for Sydney dated from March 2018 to April 2019 (GTFS Real-time)",Data Archiving and Networked Services (DANS),B_open_data,EXCLUDE,,Dataset description only,
openalex,S0974,https://doi.org/10.3390/su14042406,2022,Assessment of the Bus Transit Network: A Perspective from the Daily Activity-Travel Organization of Travelers,Sustainability,B_open_data,INCLUDE,2.6,Bus network assessment via activity-travel,
openalex,S0975,https://doi.org/10.21831/jnp.v8i1.31103,2020,CITY TOURISM TRANSPORTATION SERVICES: A CASE STUDY OF DOUBLE-DECKER BUS ROUTE 5 IN SPECIAL CAPITAL REGION OF JAKARTA,NATAPRAJA,B_accessibility,EXCLUDE,,Tourism bus,
openalex,S0976,https://doi.org/10.1007/s12061-025-09639-5,2025,Modal Accessibility Gap in Curitiba (Brazil). Dynamic Analysis Considering Time and Spatial Variations,Applied Spatial Analysis and Policy,B_open_data,INCLUDE,2.6,Accessibility gap Curitiba GTFS,
openalex,S0977,https://doi.org/10.1109/access.2025.3570126,2025,Transport Mode Choice for Disaggregated Mobility Demand Generation,IEEE Access,B_open_data,MAYBE,2.5,OSM-based demand generator,
openalex,S0978,,2008,"Transit network design in large urban areas”, International Conference “Transportation Decision Making: issues, tools, models and case studies",,A_core_design,INCLUDE,2.2,Transit network design large urban areas,
openalex,S0979,https://doi.org/10.1109/mcg.2024.3454645,2024,BRPVis: Visual Analytics for Bus Route Planning Based on Perception of Passenger Travel Demand,IEEE Computer Graphics and Applications,B_demand_proxy,INCLUDE,2.2,Visual analytics bus route planning demand,
openalex,S0980,,2001,CHOOSING THE FUTURE OF TRANSPORTATION,The Futurist,C_global_south,EXCLUDE,,Policy commentary,
openalex,S0981,https://doi.org/10.1016/j.trpro.2024.12.117,2025,Sustainable public bus transit systems: Proof-of-concept,Transportation research procedia,A_core_design,MAYBE,2.2,Sustainable bus transit proof-of-concept,
openalex,S0982,https://doi.org/10.4028/www.scientific.net/amr.869-870.256,2013,Research on Optimization of Feeder Bus Network Joint for Urban Rail Transit,Advanced materials research,A_core_design,INCLUDE,2.2,Feeder bus network for rail,
openalex,S0983,https://doi.org/10.1504/ijbir.2015.071598,2015,A bi-level approach to frequency optimisation of public transport systems,International Journal of Business Innovation and Research,A_core_design;C_india,INCLUDE,2.2,Bilevel frequency optimisation,
openalex,S0984,https://doi.org/10.5281/zenodo.1124963,2016,Urban Corridor Management Strategy Based On Intelligent Transportation System,Zenodo (CERN European Organization for Nuclear Research),C_global_south,EXCLUDE,,ITS corridor management,
openalex,S0985,,2014,"Investigation of Mode Choice Behavior for School Trips in Dhaka City, Bangladesh: A Random Parameter Logit Model Application",Transportation Research Board 93rd Annual MeetingTransportation Research Board,C_global_south,EXCLUDE,,Mode choice,
openalex,S0986,https://doi.org/10.1002/cpe.3627,2015,"Semantics, knowledge and grids",Concurrency and Computation Practice and Experience,C_global_south,EXCLUDE,,Semantic web,
openalex,S0987,,2001,A Comprehensive Review of ADA Complementary Service,,C_global_south,EXCLUDE,,ADA paratransit review,
openalex,S0988,https://doi.org/10.1080/21680566.2026.2683399,2026,Customized bus network for efficient service: design of modular vehicle transfer scheme,Transportmetrica B Transport Dynamics,A_core_design,EXCLUDE,,"Customized modular bus, demand-responsive",
openalex,S0989,,2011,Designing Rapid Transit Network Design with Alternative routes,Hispana,A_core_design;AB_demand_data;B_accessibility,EXCLUDE,,Rapid transit robustness,
openalex,S0990,,2020,"Transit Network Design using GIS and Metaheuristics in Sanandaj, IRAN",Scholarship@Western (Western University),A_core_design,INCLUDE,2.2,Transit network design GIS metaheuristics,
openalex,S0991,,2018,A Hierarchical Public Transit Network Design Method for Large Networks,Transportation Research Board 97th Annual MeetingTransportation Research Board,A_core_design,INCLUDE,2.2,Hierarchical transit network design,
openalex,S0992,,2009,Bus network design: procedure and application in large urban areas,,A_core_design,INCLUDE,2.2,Bus network design procedure large areas,
openalex,S0993,https://doi.org/10.1007/s13177-025-00513-9,2025,Improved Public Transport OD Matrix Estimation Using an Enhanced Trip Chain Model with Smart Card Data,International Journal of Intelligent Transportation Systems Research,B_od_estimation,INCLUDE,2.3,Smart card trip chain OD,
openalex,S0994,,2006,Approach to Collection of Bus OD Matrix Based on GPS and Bus Intelligent Card,Computer Communications,B_od_estimation,INCLUDE,2.3,Bus OD from GPS and card,
openalex,S0995,,2018,An Initial Route Set Generation Algorithm for the Transit Network Design Problem,Transportation Research Board 97th Annual MeetingTransportation Research Board,A_core_design,INCLUDE,2.2,Initial route set generation,
openalex,S0996,https://doi.org/10.1109/tits.2025.3573284,2025,"Joint Optimization of Transit Network Design, Timetable, and Passenger Assignment With Exact Transfer Behavior Modeling",IEEE Transactions on Intelligent Transportation Systems,A_core_design;A_freq_fleet,INCLUDE,2.2,Joint network design and passenger assignment,
openalex,S0997,https://doi.org/10.4236/jgis.2020.126041,2020,"Analysis of Transit Network Design Using GIS and Honeybee Algorithm in the City of Sanandaj, Iran",Journal of Geographic Information System,A_core_design,INCLUDE,2.2,Transit network design honeybee GIS,
openalex,S0998,https://doi.org/10.1016/j.tranpol.2026.104121,2026,Unveiling the impact of bus network design on route choice: An empirical review from smartcard data,Transport Policy,A_core_design;B_accessibility,MAYBE,2.2,Network design effect on route choice smartcard,
openalex,S0999,https://doi.org/10.12783/dtetr/icvme2016/4865,2016,Model and Solution Algorithm of Bus Network Design Problem under Clusters Urban Structure,DEStech Transactions on Engineering and Technology Research,A_core_design,INCLUDE,2.2,Bus network design clustered urban structure,
openalex,S1000,,2015,Robust Transit Network Design With Stochastic Demand,,A_core_design,INCLUDE,2.2,Robust transit network design stochastic demand,
openalex,S1001,,2009,A bus network design procedure with elastic demand,,A_core_design,INCLUDE,2.2,Bus network design elastic demand,
openalex,S1002,https://doi.org/10.1016/j.swevo.2025.102264,2025,A parallel evolutionary approach for multi-objective bus transit network design in multi-modal transit systems integrating with timetable synchronization,Swarm and Evolutionary Computation,A_core_design,INCLUDE,2.2,Evolutionary bus network design multimodal,
openalex,S1003,https://doi.org/10.1016/j.aap.2025.108362,2025,Identifying environmental factors related to motorcyclist crash rates: variable selection using spatial Random Forest with network distance and barriers,Accident Analysis & Prevention,B_open_data,EXCLUDE,,Motorcycle crashes,
openalex,S1004,https://doi.org/10.61186/jist.36842.11.43.260,2023,Trip Timing Algorithm for GTFS Data with Redis Model to Improve the Performance,Journal of Information Systems and Telecommunication (JIST),B_open_data,MAYBE,2.5,GTFS trip timing algorithm,
openalex,S1005,https://doi.org/10.1016/j.josat.2025.209755,2025,"Accessibility of methadone treatment via public transit for syringe services program participants in Miami-Dade County, Florida",Journal of Substance Use and Addiction Treatment,B_open_data,EXCLUDE,,Healthcare access,
openalex,S1006,https://doi.org/10.5937/gp26-36423,2022,GIS based methodology to analyse the public transport supply: Hungarian case studies,Geographica Pannonica,B_open_data,INCLUDE,2.5,GIS PT supply analysis from public data,
openalex,S1007,https://doi.org/10.1016/j.jth.2026.102334,2026,The uneven geographies of care: Transport disadvantage and healthcare accessibility in Melbourne,Journal of Transport & Health,B_open_data,MAYBE,2.6,Transport disadvantage and healthcare access,
openalex,S1008,https://doi.org/10.46792/fuoyejet.v8i4.1024,2023,"Assessment of the Current Bus Route Network in the Federal Capital City Abuja, Nigeria",FUOYE Journal of Engineering and Technology,B_accessibility,INCLUDE,2.7,Bus route network assessment Abuja,
openalex,S1009,https://doi.org/10.3724/sp.j.1249.2023.04443,2023,Evaluation of bus service accessibility considering travel origin destination,JOURNAL OF SHENZHEN UNIVERSITY SCIENCE AND ENGINEERING,B_accessibility,INCLUDE,2.4,Bus accessibility between OD grids,
openalex,S1010,https://doi.org/10.17208/jkpa.2019.11.54.6.68,2019,Analysis of Jeju Public Transit System Reorganization Effect Based on Accessibility of Public Transit Networks : Considering the Temporal Variability of Public Transit Travel Time,국토계획,B_open_data,INCLUDE,2.6,Jeju reorganisation accessibility GTFS,
openalex,S1011,https://doi.org/10.3390/computers15010058,2026,An Open-Source System for Public Transport Route Data Curation Using OpenTripPlanner in Australia,Computers,B_open_data,INCLUDE,2.5,Open-source OpenTripPlanner data curation,
openalex,S1012,https://doi.org/10.1080/12265934.2025.2503727,2025,Dynamic public transit accessibility analysis using actual transit operation data,International Journal of Urban Sciences,B_open_data,INCLUDE,2.6,Dynamic transit accessibility operation data,
openalex,S1013,https://doi.org/10.1016/j.trpro.2025.10.056,2025,Predicting public transport delay times from Real-Time GTFS data,Transportation research procedia,B_open_data,EXCLUDE,,Delay prediction,
openalex,S1014,https://doi.org/10.14445/23488352/ijce-v12i5p117,2025,Performance of Inter-City Transport within the Province in Improving Regional Accessibility,International Journal of Civil Engineering,B_accessibility,MAYBE,2.6,Intercity accessibility performance,
openalex,S1015,https://doi.org/10.1016/j.trpro.2025.02.012,2025,Transforming public transport: the implementation of new lines for enhanced connectivity and accessibility,Transportation research procedia,B_accessibility,MAYBE,2.2,New lines small cities development,
openalex,S1016,https://doi.org/10.30684/etj.36.11a.3,2018,"Geomatics Techniques to Evaluate Bus Service Coverage A Case Study on Nasiriyah, Iraq",Engineering and Technology Journal,B_accessibility,INCLUDE,2.4,Bus coverage GIS Nasiriyah,
openalex,S1017,https://doi.org/10.1371/journal.pone.0350130,2026,Spatial analysis of accessibility to healthcare-related facilities in Tokyo Metropolis using geographic information systems,PLoS ONE,B_accessibility,EXCLUDE,,Healthcare accessibility,
openalex,S1018,https://doi.org/10.52783/anvi.v24.5723,2023,Optimization and Simulation of Public Transportation Systems to Reduce Inequality in Urban Mobility Access,Advances in Nonlinear Variational Inequalities,A_rationalisation,INCLUDE,2.6,Optimisation reducing mobility access inequality,
openalex,S1019,https://doi.org/10.55766/sujst-2023-03-e0113,2023,DEVELOPMENT OF MODE CHOICE BEHAVIOR MODEL FOR INTER-REGIONAL PUBLIC TRANSPORT– A CASE STUDY OF INDIA,Suranaree Journal of Science and Technology,C_india;C_global_south,EXCLUDE,,Mode choice,
openalex,S1020,https://doi.org/10.46300/9101.2022.16.25,2022,"Analysis and Visulization of Public Transport for Integrated monitoring dashboard : Case Study of Thane, Maharashtra, India",International Journal of Mathematical Models and Methods in Applied Sciences,C_india,MAYBE,2.7,Public transport dashboard Thane,
openalex,S1021,,2010,"Non-motorised public transport : the past, the present, the future",QUT ePrints (Queensland University of Technology),C_india,EXCLUDE,,Non-motorised transport,
openalex,S1022,https://doi.org/10.1016/j.cstp.2025.101448,2025,Design and implementation of a network-aware automated bus scheduling system for optimizing operational efficiency and financial performance,Case Studies on Transport Policy,C_india,MAYBE,2.5,Bus service data toolkit; scheduling focus,
openalex,S1023,https://doi.org/10.5555/3320516.3320537,2018,"Generic bus route simulation model and its application to a new bus network development for Caieiras City, Brazil",,A_rationalisation,INCLUDE,2.2,Bus route simulation network Caieiras,
openalex,S1024,https://doi.org/10.15862/124tvn614,2014,Urban transit network design formalization,On-line Journal Naukovedenie,A_core_design,INCLUDE,2.2,Transit network design formalisation,
openalex,S1025,https://doi.org/10.5038/2375-0901.13.2.4,2010,Effect of Variable Bus Speeds on Bus Network Design,Journal of Public Transportation,A_core_design;A_freq_fleet,INCLUDE,2.2,Bus network design variable speeds,
openalex,S1026,,2007,An Integrated Transit Network Design Model and Algorithm,,A_core_design;A_freq_fleet,INCLUDE,2.2,Integrated transit network design model,
openalex,S1027,https://doi.org/10.3390/su17031212,2025,Transport-Related Synthetic Time Series: Developing and Applying a Quality Assessment Framework,Sustainability,B_data_scarce;B_accessibility,EXCLUDE,,Synthetic time series,
openalex,S1028,,2009,"Assessing the effects of new public transportation routes : an equity analysis on the changing accessibility of Albuquerque, New Mexico",UNM’s Digital Repository (University of New Mexico),B_accessibility,INCLUDE,2.6,Accessibility equity new routes Albuquerque,
openalex,S1029,https://doi.org/10.62225/2583049x.2025.5.4.4821,2025,The Illusion of Inclusion: Examining the Failure of Accessibility Implementation of Public Transport Systems in India,International Journal of Advanced Multidisciplinary Research and Studies,C_india,MAYBE,2.7,Disability accessibility India,
openalex,S1030,https://doi.org/10.1108/ijoem-05-2021-0793,2022,Do commuters intend to avail electric street cars as public transport? Evidence from urban India,International Journal of Emerging Markets,C_india,EXCLUDE,,Electric street car intention,
openalex,S1031,https://doi.org/10.25912/rdf_1610082294436,2020,Transit Network Design dataset,,A_core_design,MAYBE,2.2,"TND dataset, no abstract",
openalex,S1032,https://doi.org/10.1007/s12469-024-00391-6,2025,Assessing time savings as bus rapid transit is introduced in Barcelona: a bus network design approach,Public Transport,A_core_design,INCLUDE,2.2,BRT introduction bus network design Barcelona,
openalex,S1033,,2005,Develpment of Analysis and Evaluation Model for a bus Transit Route Network Design,Journal of the Eastern Asia Society for transportation studies/Journal of the Eastern Asia Society for Transportation Studies,A_core_design,INCLUDE,2.6,Bus route network evaluation model,
openalex,S1034,https://doi.org/10.1145/3292390.3292392,2018,Introduction to this special issue,SIGSPATIAL Special,B_od_estimation,EXCLUDE,,Editorial,
openalex,S1035,https://doi.org/10.1016/j.trpro.2021.01.087,2021,Mining passenger’s regional intermodal mobility from smartcard data,Transportation research procedia,B_od_estimation;B_open_data,EXCLUDE,,"Park and ride rail, smartcard intermodal",
openalex,S1036,,2002,DYNAMIC SCHEDULING OF BUSES ON A CORRIDOR AND SENSITIVITY ANALYSIS FOR GENERATION OF PRIMARY BUS ROUTES,,A_freq_fleet,MAYBE,2.2,Corridor bus scheduling and primary route generation,
openalex,S1037,,2009,Improvement of Optimal Bus Headway for Intermodal Transfer Station,,A_freq_fleet,INCLUDE,2.2,Bus headway optimisation at transfer station,
openalex,S1038,https://doi.org/10.31075/pis.67.04.07,2021,"Measuring regional accessibility with public transport – case of Koroška region, Slovenia",Put i saobraćaj,B_open_data,INCLUDE,2.6,Regional PT accessibility measurement Slovenia,
openalex,S1039,https://doi.org/10.36106/ijar/1417974,2020,CREATING A SUSTAINABLE CITY THROUGH URBAN DEVELOPMENT AND SUSTAINABLE DEVELOPMENT OF THE INDIAN CONTEXT,Indian Journal Of Applied Research,C_india,EXCLUDE,,General urban development,
openalex,S1040,https://doi.org/10.5281/zenodo.18631213,2021,"A Sustainable Model of Urbanization for Indian Cities, A Case Study of New Delhi",Zenodo (CERN European Organization for Nuclear Research),C_india,EXCLUDE,,General urbanisation,
openalex,S1041,https://doi.org/10.1680/jmuen.25.00015,2025,Performance evaluation and design of multi-modal transport system for integrated transit hubs,Proceedings of the Institution of Civil Engineers - Municipal Engineer,C_india,MAYBE,2.7,Indian bus hubs performance evaluation,
openalex,S1042,https://doi.org/10.33564/ijeast.2020.v04i11.037,2020,COMPARATIVE STUDY AND ANALYSIS OF PUNE BRTS AND HUBBALLI DHARWAD BRTS IN INDIA (2018-2019),International Journal of Engineering Applied Sciences and Technology,C_india,MAYBE,2.7,Indian BRTS comparative study,
openalex,S1043,https://doi.org/10.3390/ijgi14120479,2025,Comparative Framework for Multi-Modal Accessibility Assessment Within the 15-Minute City Concept: Application to Parks and Playgrounds in an Indian Urban Neighborhood,ISPRS International Journal of Geo-Information,C_india,EXCLUDE,,Parks accessibility,
openalex,S1044,https://doi.org/10.5194/ica-adv-1-7-2019,2019,Network-based Visualisation of Accessibility for a Public Transport System,Advances in Cartography and GIScience of the ICA,B_open_data,INCLUDE,2.6,Network-based PT accessibility visualisation,
openalex,S1045,,2005,Reviews of Bus Transit Route Network Design Problem,Journal of the Eastern Asia Society for transportation studies/Journal of the Eastern Asia Society for Transportation Studies,A_core_design;A_freq_fleet,INCLUDE,2.2,Review of bus route network design,
openalex,S1046,https://doi.org/10.3390/inventions11010009,2026,Optimization of Electric Bus Charging and Fleet Sizing Incorporating Traffic Congestion Based on Deep Reinforcement Learning,Inventions,A_freq_fleet,EXCLUDE,,"Electric bus charging, fleet sizing energy-focused",
openalex,S1047,https://doi.org/10.1177/0361198118780834,2018,Measuring Spontaneous Accessibility for Iterative Transit Planning,Transportation Research Record Journal of the Transportation Research Board,B_data_scarce,INCLUDE,2.6,Accessibility measure for iterative transit planning,
openalex,S1048,,2011,Techniques to Visualize and Monitor Transit Fleet Operations Performance in Urban Areas,Transportation Research Board 90th Annual MeetingTransportation Research Board,A_freq_fleet,MAYBE,2.5,"Fleet performance monitoring, underperforming routes",
openalex,S1049,https://doi.org/10.1080/03081060.2024.2440733,2024,Integrating on-demand transport into the public transport network: assessing the value for money of replacing fixed routes,Transportation Planning and Technology,A_freq_fleet,MAYBE,2.2,On-demand replacing fixed routes value assessment,
openalex,S1050,https://doi.org/10.1080/21680566.2025.2536840,2025,Autonomous electric minibus scheduling with departure-time-shifting strategy under random conditions,Transportmetrica B Transport Dynamics,A_freq_fleet,EXCLUDE,,Autonomous minibus scheduling,
openalex,S1051,https://doi.org/10.1016/j.jtrangeo.2025.104208,2025,Optimizing maternal health facility locations in Ethiopia: A geospatial approach for upgrading to emergency obstetric and newborn care,Journal of Transport Geography,B_open_data,EXCLUDE,,Health facility siting,
openalex,S1052,https://doi.org/10.1016/j.jtrangeo.2025.104526,2025,Understanding the interplay between public transport travel time variability and jobs competition on accessibility inequalities,Journal of Transport Geography,B_open_data,MAYBE,2.6,Travel time variability and accessibility inequality,
openalex,S1053,https://doi.org/10.5958/2321-2136.2020.00005.3,2020,"Assessing impact of occupancy, revenue and expenditure patterns on public bus transit system",Public Affairs And Governance,C_india,MAYBE,2.7,Indian bus occupancy and revenue patterns,
openalex,S1054,https://doi.org/10.1177/03611981231180202,2023,Leveraging Location-Based Services Data to Optimize Generation of High-Demand and Equitable Bus Network Options,Transportation Research Record Journal of the Transportation Research Board,A_rationalisation;B_equity,INCLUDE,2.3,Location-based data for MBTA bus network redesign,
openalex,S1055,https://doi.org/10.3390/smartcities9020020,2026,Mapping Service Accessibility Through Urban Analytics: A Linked Open Data Approach in the Lazio Region (Italy),Smart Cities,B_open_data,MAYBE,2.5,Linked open data accessibility framework,
openalex,S1056,https://doi.org/10.1016/j.trpro.2025.04.051,2025,Enhancing rail transit accessibility: a data-centric approach to Park and Ride,Transportation research procedia,B_open_data,EXCLUDE,,Rail park and ride,
openalex,S1057,,2006,Development of Optimal Bus Scheduling Algorithm with Multi-constraints,Journal of the Eastern Asia Society for transportation studies/Journal of the Eastern Asia Society for Transportation Studies,A_freq_fleet,EXCLUDE,,Bus scheduling algorithm,
openalex,S1058,https://doi.org/10.1016/j.tre.2026.104771,2026,Game theoretic Markov decision process for service scheduling in stochastic railway-based multi-modal transit network,Transportation Research Part E Logistics and Transportation Review,A_freq_fleet,EXCLUDE,,Railway service scheduling,
openalex,S1059,https://doi.org/10.21949/1527214,2013,Minneapolis-St. Paul Transit Service Reliability Demonstration,ROSA P,A_freq_fleet,EXCLUDE,,Reliability demonstration,
openalex,S1060,https://doi.org/10.3389/fenvs.2022.962410,2022,Multisource data integration for targeted bus exterior advertising,Frontiers in Environmental Science,B_accessibility,EXCLUDE,,Bus advertising,
openalex,S1061,https://doi.org/10.1177/1687814019898357,2019,A data-driven estimation method for potential passenger demand of last trains in metro based on external traffic data,Advances in Mechanical Engineering,B_od_estimation,EXCLUDE,,Metro last train demand,
openalex,S1062,https://doi.org/10.1177/03611981251359282,2025,Integrating Multiple Data Sources for Enhanced Urban Commuter Traffic Monitoring: A Cordon-Based Data Fusion Approach,Transportation Research Record Journal of the Transportation Research Board,B_od_estimation,EXCLUDE,,Cordon traffic monitoring,
openalex,S1063,https://doi.org/10.1109/jsen.2024.3518093,2024,Mobile Calibration for Bus-Based Urban Sensing,IEEE Sensors Journal,B_accessibility,EXCLUDE,,Bus-based sensing calibration,
openalex,S1064,https://doi.org/10.1016/j.trb.2026.103527,2026,A generalizable hierarchical Bayesian framework for estimating network-level transit OD from heterogeneous data sources,Transportation Research Part B Methodological,B_od_estimation,INCLUDE,2.3,Bayesian transit OD from heterogeneous data,
openalex,S1065,https://doi.org/10.3390/s26051418,2026,A Study on Bus Passenger Boarding and Alighting Detection and Recognition Based on Video Images and YOLO Algorithm,Sensors,B_od_estimation,INCLUDE,2.3,Video-based boarding alighting detection,
openalex,S1066,https://doi.org/10.4028/www.scientific.net/amm.401-403.2151,2013,Public Transportation OD Calculation Based on Trip Chain,Applied Mechanics and Materials,B_od_estimation,INCLUDE,2.3,Transit OD from trip chain,
openalex,S1067,https://doi.org/10.36948/ijfmr.2025.v07i01.37881,2025,The Economics of Public Transport in Mumbai: A Critical Analysis of Inefficiencies and Policy Failures,International Journal For Multidisciplinary Research,B_equity,MAYBE,2.7,Mumbai public transport inefficiencies,
openalex,S1068,https://doi.org/10.1016/j.urbmob.2026.100188,2026,"Beyond residential: Measuring experienced segregation with mobile-device data and built-environment determinants, evidence from Dallas, Texas",Journal of Urban Mobility,B_equity,EXCLUDE,,Segregation mobile data,
openalex,S1069,,2001,TECHNOLOGY INTEGRATION OF FIXED-ROUTE AND PARATRANSIT SERVICE,,C_global_south,EXCLUDE,,Paratransit integration technology,
openalex,S1070,https://doi.org/10.1504/writr.2018.10010625,2018,Bus stop network catchment analysis of integrated feeder service for public bus transit system - a case study of Ahmedabad City,World Review of Intermodal Transportation Research,C_global_south,INCLUDE,2.4,Bus stop catchment analysis Ahmedabad feeder,
openalex,S1071,https://doi.org/10.3389/fsoc.2026.1695191,2026,"Social capital in South Africa’s minibus taxi industry: networks, trust, and challenges",Frontiers in Sociology,C_global_south,EXCLUDE,,Minibus taxi social capital,
openalex,S1072,,2005,Traveller information system in GIS : a case study of Hyderabad city,Indian highways,C_india,MAYBE,2.7,"GIS traveller information Hyderabad, planning use",
openalex,S1073,https://doi.org/10.7759/s44389-025-07783-0,2025,An AI Framework for Generating and Simulating Public Transportation,Cureus Journal of Computer Science.,A_core_design;B_data_scarce,INCLUDE,2.2,AI framework generating transit networks,
openalex,S1074,https://doi.org/10.30932/1992-3252-2019-17-5-254-267,2020,ISSUES OF DESIGNING AND RESTRUCTURING THE ROUTE NETWORKS OF PUBLIC PASSENGER URBAN GROUND TRANSPORT,World of Transport and Transportation,A_core_design,INCLUDE,2.2,Route network restructuring issues,
openalex,S1075,,2014,Impact of Personal Rapid Transit on Accessibility Index,Transportation Research Board 93rd Annual MeetingTransportation Research Board,C_india,EXCLUDE,,Personal rapid transit,
openalex,S1076,https://doi.org/10.1080/29941849.2026.2643104,2026,"Who decides, who pays: Evaluating equity in financial decision making in Bengaluru’s public bus system",Sustainable Transport and Livability,C_india,MAYBE,2.7,Bengaluru bus financing equity,
openalex,S1077,https://doi.org/10.3390/urbansci10040180,2026,"Assessing Urban Functionality Through the 15-Minutes City Lens: A GIS-Based Spatial Analysis Comparative Study of Two Central European Cities, Cluj–Napoca (Romania) and Pecs (Hungary)",Urban Science,B_open_data,EXCLUDE,,15-minute city GIS,
openalex,S1078,https://doi.org/10.17615/pwfc-8w68,2019,Vision Dissonance in Latin American Transit Reform,Carolina Digital Repository (University of North Carolina at Chapel Hill),B_equity,MAYBE,2.7,Latin American transit reform user needs,
openalex,S1079,https://doi.org/10.1016/j.eswa.2025.127647,2025,Optimal on-demand bus operation with passenger split and time window flexibility under fare incentives,Expert Systems with Applications,A_freq_fleet,EXCLUDE,,On-demand bus operation,
openalex,S1080,https://doi.org/10.11113/jt.v74.4562,2015,Development of Simulation Model to Improve Bus Service Reliability at High-Frequency Operation,Jurnal Teknologi,A_freq_fleet,EXCLUDE,,Reliability simulation,
openalex,S1081,,2009,A Development of Evaluation Index for Bus Demand-Elastic Schedule Management,The Journal of The Korea Institute of Intelligent Transport Systems,A_freq_fleet,EXCLUDE,,Schedule management index,
openalex,S1082,https://doi.org/10.1016/j.ifacol.2020.12.1999,2020,Network-level optimal control for public bus operation,IFAC-PapersOnLine,A_freq_fleet,EXCLUDE,,Bus operation control,
openalex,S1083,https://doi.org/10.4028/www.scientific.net/amr.779-780.878,2013,"Bus Passenger Origin-Destination Matrix Estimation Using Available Information from Automatic Data Collection Systems in Chongqing, China",Advanced materials research,B_od_estimation,INCLUDE,2.3,Bus OD from ADC Chongqing,
openalex,S1084,,2011,Passenger flow distribution in rail transit no-barrier transfer mode,Journal of Computer Applications,B_od_estimation,EXCLUDE,,Rail passenger flow,
openalex,S1085,https://doi.org/10.5194/isprs-archives-xlii-4-w9-283-2018,2018,ORIGIN-DESTINATION-BASED PUBLIC TRANSPORT SERVICE GAP,"The international archives of the photogrammetry, remote sensing and spatial information sciences/International archives of the photogrammetry, remote sensing and spatial information sciences",B_od_estimation,INCLUDE,2.3,OD-based service gap analysis,
openalex,S1086,https://doi.org/10.1016/j.apgeog.2025.103864,2025,Mobility matters: Effects of campus location on travel burden and educational equity in a regional city,Applied Geography,B_equity,EXCLUDE,,Campus location equity,
openalex,S1087,https://doi.org/10.1016/j.tranpol.2025.04.018,2025,Examining the effect of public transit accessibility on recidivism among underage driving offenders: A multilevel zero-inflated model approach,Transport Policy,B_equity,EXCLUDE,,Recidivism,
openalex,S1088,https://doi.org/10.4090/juee.2021.v15n2.126138,2021,THE IMPACT OF BUS TRANS SEMARANG ROUTE TO LAND PRICES AND URBAN LAND SUSTAINABILITY,Journal of Urban and Environmental Engineering,B_accessibility,EXCLUDE,,Land prices BRT,
openalex,S1089,https://doi.org/10.4038/jsalt.v1i2.34,2021,Bus Service Improvement Plan for Battaramulla along with Location Analysis for a Transport Hub,Journal of South Asian Logistics and Transport,B_accessibility,MAYBE,2.7,Bus service improvement plan Sri Lanka,
openalex,S1090,https://doi.org/10.5194/isprs-archives-xlviii-m-3-2023-21-2023,2023,SPATIAL MAPPING OF TRAVEL INFORMATION AND ASSESSMENT OF ROAD CONNECTIVITY,"The international archives of the photogrammetry, remote sensing and spatial information sciences/International archives of the photogrammetry, remote sensing and spatial information sciences",B_accessibility,EXCLUDE,,Road connectivity,
openalex,S1091,https://doi.org/10.12962/j20861206.v38i1.16127,2023,MICROBUS STOP OPTIMIZATION BASED ON GIS FOR BUS FEEDER ON THE GUNUNG ANYAR – KENJERAN ROUTE,Journal of Civil Engineering,B_accessibility,MAYBE,2.2,Microbus stop optimisation GIS Surabaya,
openalex,S1092,https://doi.org/10.58970/ijsb.2203,2023,Web-based Bus Tracking System in the Internet of Things IoT,International Journal of Science and Business,B_accessibility,EXCLUDE,,Bus tracking IoT,
openalex,S1093,https://doi.org/10.3390/app122211778,2022,Identifying Spatial–Temporal Characteristics and Significant Factors of Bus Bunching Based on an eGA and DT Model,Applied Sciences,A_freq_fleet,EXCLUDE,,Bus bunching analysis,
openalex,S1094,https://doi.org/10.1007/s44327-026-00340-x,2026,Typology of transit-oriented development to promote sustainable urban structure,Discover Cities,C_global_south,EXCLUDE,,TOD typology,
openalex,S1095,https://doi.org/10.32832/astonjadro.v12i2.4320,2023,Types of financing from land value capture in Transit Oriented Areas in Terminal Baranangsiang,ASTONJADRO,C_global_south,EXCLUDE,,Land value capture,
openalex,S1096,https://doi.org/10.30574/wjarr.2023.17.1.0129,2023,AI-driven predictive maintenance in autonomous public transit systems for smart cities,World Journal of Advanced Research and Reviews,C_global_south,EXCLUDE,,Predictive maintenance,
openalex,S1097,https://doi.org/10.18517/ijaseit.12.2.14905,2022,The Effect of Public Transportation Management to the City Planning in Medan,International Journal on Advanced Science Engineering and Information Technology,C_global_south,EXCLUDE,,Public transport management planning Medan,
openalex,S1098,,2004,Urban road design in Africa : the role of traffic calming facilities,,C_global_south,EXCLUDE,,Traffic calming,
openalex,S1099,,2011,Attitudinal and trade-off studies on mode choice in a multi-modal environment,Indian highways,C_india,EXCLUDE,,Mode choice attitudes,
openalex,S1100,https://doi.org/10.3390/futuretransp5020070,2025,"Detecting Transit Deserts Through a Blend of Machine Learning (ML) Approaches, Including Decision Trees (DTs), Logistic Regression (LR), and Random Forest (RF) in Lucknow",Future Transportation,C_india,INCLUDE,2.6,ML detection of transit deserts,
openalex,S1101,,2016,Mission and challenge: A case study on supporting the non-Chinese speaking students integrate into the local education system in an aided multiethnic school in Hong Kong,Hong Kong Education Bibliographic Database,C_india,EXCLUDE,,Education integration,
openalex,S1102,https://doi.org/10.15680/ijirset.2015.0404024,2015,The Easy Accessibility and Reliability to Passengers: A Case Study of Anand City,International Journal of Innovative Research in Science Engineering and Technology,A_core_design;B_accessibility,INCLUDE,2.7,TRND Anand city accessibility reliability,
openalex,S1103,https://doi.org/10.1177/03611981251324204,2025,Impacts of Bus Rapid Transit Introduction on Local Economy in a Developing City: A Case Study in Brasília,Transportation Research Record Journal of the Transportation Research Board,C_global_south,EXCLUDE,,BRT economic impact,
openalex,S1104,https://doi.org/10.1080/23249935.2025.2550399,2025,Retracting and rescheduling of operational buses for bus bridging service under metro disruptions,Transportmetrica A Transport Science,A_freq_fleet,EXCLUDE,,Bus bridging metro disruption,
openalex,S1105,https://doi.org/10.1080/23249935.2024.2342034,2024,Accounting for passenger loss in bus bunching reduction: a robust real-time speed control method,Transportmetrica A Transport Science,A_freq_fleet,EXCLUDE,,Bus bunching control,
openalex,S1106,https://doi.org/10.1177/0361198120937310,2020,Existing Problems of Transit Signal Priority on Streetcar Routes,Transportation Research Record Journal of the Transportation Research Board,A_freq_fleet,EXCLUDE,,Signal priority,
openalex,S1107,https://doi.org/10.1061/(asce)te.1943-5436.0000688,2014,Modeling Variations in Bus Schedule Adherence at the Stop Level on an Urban Arterial Road,Journal of Transportation Engineering,A_freq_fleet,EXCLUDE,,Schedule adherence,
openalex,S1108,https://doi.org/10.1016/j.trip.2025.101610,2025,Analyzing the travel impacts of an optimal congestion charge with a multimodal network equilibrium model for Bangkok,Transportation Research Interdisciplinary Perspectives,A_freq_fleet,EXCLUDE,,Congestion charge,
openalex,S1109,https://doi.org/10.51662/jiae.v4i1.131,2024,A study on the operational performance of the Trans Padang bus Corridor VI (City center - Andalas University),Journal of Integrated and Advanced Engineering (JIAE),A_freq_fleet,MAYBE,2.7,Trans Padang corridor operational performance,
openalex,S1110,,2016,Regression Models for Real-Time Bus Occupancy Prediction,Transportation Research Board 95th Annual MeetingTransportation Research Board,A_freq_fleet,EXCLUDE,,Occupancy prediction,
openalex,S1111,,2013,Intermediate Timepoint Removal on Limited-Stop Routes at New York City Transit,Transportation Research Board 92nd Annual MeetingTransportation Research Board,A_freq_fleet,MAYBE,2.2,Limited-stop route timepoint removal NYCT,
openalex,S1112,https://doi.org/10.1109/access.2026.3672633,2026,Bus OD Identification From Incomplete Smart Card Data: A Two-Layer Heterogeneous Decision Tree Approach,IEEE Access,B_od_estimation,INCLUDE,2.3,Bus OD from incomplete smart card data,
openalex,S1113,https://doi.org/10.20858/tp.2022.17.1.03,2022,EQUITY OF TRANSIT NEED IN BAGHDAD CITY,Transport Problems,B_demand_proxy,INCLUDE,2.6,Transit need equity Baghdad supply-demand,
openalex,S1114,https://doi.org/10.1109/tsc.2025.3619675,2025,An Effective UAV Scheduling Algorithm for Public Transportation-Assisted Urban Surveillance System,IEEE Transactions on Services Computing,B_demand_proxy,EXCLUDE,,UAV scheduling,
openalex,S1115,,2014,How Accessible Are The Public Transport Networks Of Berlin And London,World Transport Policy and Practice,B_equity,MAYBE,2.6,Network accessibility Berlin London,
openalex,S1116,https://doi.org/10.54097/de4h5204,2024,"Research on Demand Responsive Transit Route Optimization, Scheduling Models, and Solution Algorithms",Highlights in Science Engineering and Technology,B_demand_proxy,EXCLUDE,,Demand responsive transit routing,
openalex,S1117,,2010,Estimating Passenger Origin-Destination Matrix of Fixed-Fare Bus Routes with Smart Card Usage Information,17th ITS World CongressITS JapanITS AmericaERTICO,B_od_estimation,INCLUDE,2.3,OD estimation fixed-fare bus smart card,
openalex,S1118,https://doi.org/10.1080/02513625.2001.10556783,2001,Transport and Urban Planning in Curitiba,disP - The Planning Review,B_demand_proxy;B_equity,MAYBE,2.7,Curitiba bus-based transit planning,
openalex,S1119,,2013,INTELLIGENT PUBLIC TRANSPORT PREDICTION SYSTEM using WIRELESS SENSOR NETWORK,,C_global_south,EXCLUDE,,Wireless sensor prediction system,
openalex,S1120,,2014,Effects of Road Design and Built Environment on Road Safety in Developing Countries: The Case of Eskisehir (Turkey),Transportation Research Board 93rd Annual MeetingTransportation Research Board,C_global_south,EXCLUDE,,Road safety,
openalex,S1121,,2011,Vehicle Dynamics Study of Smaller Public Transportation Vehicles Used as Paratransit or Shuttle Vehicles,Transportation Research Board 90th Annual MeetingTransportation Research Board,C_global_south,EXCLUDE,,Vehicle dynamics,
openalex,S1122,https://doi.org/10.1080/23754931.2026.2657351,2026,Topographic friction and spatial equity: a fuzzy RS–GIS accessibility assessment of metropolitan Tehran,Papers in Applied Geography,B_open_data,MAYBE,2.6,Accessibility equity Tehran topography,
openalex,S1123,,2016,"Urban Public Bus Adequacy Evaluation Analysis: A Johor Bahru, Johor, Malaysia Case Study",DergiPark (Istanbul University),B_accessibility,INCLUDE,2.6,Bus adequacy evaluation Johor Bahru,
openalex,S1124,,2008,Research on Network Distribution Optimization of Town Public Transit,Journal of Chongqing Jiaotong University,B_accessibility,INCLUDE,2.2,Town bus network distribution optimisation,
openalex,S1125,,2011,Comprehensive Development for Bus Interchange Terminal:A Case Study in Wusheng Road Bus Terminal Improvement in Wuhan,Urban Transport of China,B_accessibility,MAYBE,2.2,Bus terminal improvement reducing redundant routes,
openalex,S1126,,2004,HOW TO ENSURE THAT BUSES RUN ON TIME IN A BUSY URBAN ENVIRONMENT,Traffic engineering & control,B_accessibility,EXCLUDE,,Bus punctuality measures,
openalex,S1127,https://doi.org/10.1061/(asce)up.1943-5444.0000494,2018,"Location and Scale Optimization of a Bus Depot Based on Asymmetric Information of the Transit Operator and Landowner in Dalian, China",Journal of Urban Planning and Development,B_accessibility,EXCLUDE,,Bus depot location,
openalex,S1128,https://doi.org/10.4467/21995923gp.18.007.9637,2018,"Using GIS for public transport analysis – the case study of Hanoi, Vietnam",Geoinformatica Polonica,B_accessibility,INCLUDE,2.7,GIS public transport analysis Hanoi,
openalex,S1129,https://doi.org/10.59256/indjcst.20250403003,2025,Online Chatbot-Based Ticketing System for Bus Transportation,Indian Journal of Computer Science and Technology,B_accessibility,EXCLUDE,,Chatbot ticketing,
openalex,S1130,,2001,A Stochastic Equilibrium Network Design Model and Its Solution Algorithm for Transit System,Zhongguo guanli kexue,A_core_design,INCLUDE,2.2,Stochastic equilibrium transit network design,
openalex,S1131,https://doi.org/10.3390/aerospace11080690,2024,Enabling High-Power Conditioning and High-Voltage Bus Integration Using Series-Connected DC Transformers in Spacecrafts,Aerospace,C_permit_regulation,EXCLUDE,,Power electronics,
openalex,S1132,https://doi.org/10.1115/1.2133803,2005,Discussion and Analysis of Flue Gas Utilization in a Phosphoric Acid Fuel Cell Engine During Idle Operation,Journal of Electrochemical Energy Conversion and Storage,C_permit_regulation,EXCLUDE,,Fuel cell,
openalex,S1133,https://doi.org/10.1002/atr.115,2010,Current transportation issues in Asian countries,Journal of Advanced Transportation,C_permit_regulation,EXCLUDE,,General Asian transport issues,
openalex,S1134,https://doi.org/10.4467/2543859xpkg.22.010.16268,2022,Accessibility to various destinations by public and private transport in Szczecin,Prace Komisji Geografii Komunikacji PTG,B_open_data,MAYBE,2.6,Accessibility disparities Szczecin car vs PT,
openalex,S1135,,2018,Consuming Web Data in a Guiding App for Public Bus Users,Hispana,B_open_data,EXCLUDE,,Traveller app open data,
openalex,S1136,https://doi.org/10.54014/g3jy-8wvh,2014,Bus stop usage evaluation and BRT station selection strategy by machine learning methods,"Scholars Archive - University at Albany (University at Albany, State University of New York)",B_open_data,MAYBE,2.2,Bus stop usage and BRT station selection ML,
openalex,S1137,https://doi.org/10.20965/jdr.2022.p0487,2022,Calculating the Coverage Rate of a Transportation-Based Flood Warning Dissemination System in Brisbane,Journal of Disaster Research,B_open_data,EXCLUDE,,Flood warning,
openalex,S1138,,2009,Literature Review on the Optimism of Transit Network and Scheduling,Transport Standardization,A_core_design,INCLUDE,2.2,Review of transit network and scheduling,
openalex,S1139,,2014,INTERACTIVE MAP ROUTES FOR PUBLIC TRANSPORTATION IN SURABAYA RUNNING ON SMARTPHONES AND TABLETS,,B_open_data,EXCLUDE,,Interactive route map app,
openalex,S1140,https://doi.org/10.20858/tp.2022.17.1.02,2022,DETERMINATION OF OPTIMISED PICK-UP AND DROP-OFF LOCATIONS IN TRANSPORT ROUTING – A COST DISTANCE APPROACH,Transport Problems,B_open_data,EXCLUDE,,DRT pick-up locations,
openalex,S1141,https://doi.org/10.17586/2226-1494-2023-23-2-340-351,2023,Role discovery in node-attributed public transportation networks: the model description,Scientific and technical journal of information technologies mechanics and optics,B_open_data,MAYBE,2.6,Network science roles in PT networks,
openalex,S1142,https://doi.org/10.1109/access.2022.3222824,2022,An Efficient Algorithm for Reliability Evaluation of the Bus Network,IEEE Access,A_core_design,EXCLUDE,,Electronic bus network reliability,
openalex,S1143,https://doi.org/10.2478/pead-2026-0027,2026,Design and Development of Boost PFC Converter for Medium-Power High-Voltage Power Supply,Power Electronics and Drives,C_permit_regulation,EXCLUDE,,Power converter,
openalex,S1144,,2006,Three issues dominate 'third way' bus regulation,Local transport today,C_permit_regulation,MAYBE,2.7,UK bus regulation issues,
openalex,S1145,https://doi.org/10.15575/jpan.v13i2.12267,2021,Service Innovation for Route Permits and Public Transport Operations Permits through Si Pintar Solo at the Surakarta City Department of Transportation,Publica Jurnal Pemikiran Administrasi Negara,C_permit_regulation,MAYBE,2.7,Route permits service innovation Surakarta,
openalex,S1146,https://doi.org/10.5281/zenodo.5883462,2022,Analysis of Rapid Transit (Brt) Bus Network Development in Ternate City,Zenodo (CERN European Organization for Nuclear Research),C_permit_regulation,MAYBE,2.7,BRT bus network development Ternate,
openalex,S1147,https://doi.org/10.17323/1999-5431-2025-0-2-137-160,2025,INDICATORS OF THE ADOPTION OF A CONTRACTING SYSTEM FOR REGULAR PUBLIC TRANSPORT SERVICES IN RUSSIA,Public Administration Issues,C_permit_regulation,MAYBE,2.7,Contracting system indicators Russia,
openalex,S1148,,2007,Competitive Tendering in Local Bus Services. Effects on Rural Service Levels and on Administrative Costs,,C_permit_regulation,MAYBE,2.7,Competitive tendering rural bus service levels,
openalex,S1149,https://doi.org/10.24247/ijcseierdec20182,2018,Review of Sustainability of Use Effectiveness City Bus Stopin Surakarta Region,"International journal of civil, structural, environmental and infrastructure engineering research and development",C_permit_regulation,MAYBE,2.7,Bus stop effectiveness Surakarta,
openalex,S1150,,2007,Study on Urban Traffic Jams in Chinese Cities,Communications Standardization,C_global_south,EXCLUDE,,Traffic jams general,
openalex,S1151,https://doi.org/10.3126/josem.v2i3.59311,2023,"Trip Generation Model for Gboko Town, Benue State, Nigeria",Journal of sustainability and environmental management,C_global_south,EXCLUDE,,Trip generation model,
openalex,S1152,,2000,CONTROLLING THE CHAOS,Traffic Technology International,C_global_south,EXCLUDE,,Beirut traffic programme,
openalex,S1153,https://doi.org/10.1051/e3sconf/202566409015/pdf,2025,"Comparative parameters of travel behavior in medium-sized cities (Case study: Bandung, Indonesia, and Kuantan, Malaysia)",Springer Link (Chiba Institute of Technology),C_global_south,EXCLUDE,,Travel behaviour,
openalex,S1154,https://doi.org/10.1080/24694452.2025.2589316,2025,Multicriteria Assessment of Transit Accessibility: Accounting for Criterion and Spatial Interdependence,Annals of the American Association of Geographers,B_open_data;B_accessibility,INCLUDE,2.6,Multicriteria transit accessibility assessment,
openalex,S1155,,2018,Developing a new job accessibility measurement based on crowdsourced traffic data and GTFS,Illinois Digital Environment for Access to Learning and Scholarship (University of Illinois at Urbana-Champaign),B_open_data,INCLUDE,2.6,Job accessibility from crowdsourced data and GTFS,
openalex,S1156,,2023,Planning for accessibility by transit for older adults,eScholarship@McGill (McGill),B_open_data,INCLUDE,2.6,Transit accessibility planning for older adults,
openalex,S1157,https://doi.org/10.31075/67.04.07,2021,"Measuring regional accessibility with public transport – case of Koroška region, Slovenia",Put i saobraćaj,B_open_data,INCLUDE,2.6,Regional PT accessibility Slovenia,
openalex,S1158,https://doi.org/10.24136/tren.2025.002,2025,Coverage of digital public transport information in Poland,Journal of Civil Engineering and Transport,B_open_data,MAYBE,2.5,Digital PT information coverage Poland,
openalex,S1159,https://doi.org/10.7470/jkst.2026.44.3.482,2026,GTFS-Based Changes and Spatial Inequality in Interregional Public Transport Mobility-Based Accessibility : A Counterfactual Analysis of Rail and Intercity Bus Removal (2019-2024),대한교통학회지,B_open_data,INCLUDE,2.6,GTFS accessibility inequality counterfactual,
openalex,S1160,,2018,Decentralized open data publishing for the public transport route planning ecosystem,,B_open_data,MAYBE,2.5,Decentralised open data publishing,
openalex,S1161,https://doi.org/10.32866/001c.159284,2026,A GTFS-Based Dataset for the US Intercity Bus Network,Findings,B_open_data,MAYBE,2.5,GTFS intercity bus dataset,
openalex,S1162,https://doi.org/10.3390/su18094506,2026,"Equity-Oriented Public Transport Accessibility Analysis Using GTFS, Spatial Proximity, and Demographic Sensitivity",Sustainability,B_open_data,INCLUDE,2.6,Equity accessibility analysis using GTFS,
openalex,S1163,,2021,Self-Evaluation of AIS Station Coverage Area for GTFS Realtime of Maritime Public Transport,IEICE Technical Report; IEICE Tech. Rep.,B_open_data,EXCLUDE,,Maritime GTFS,
openalex,S1164,https://doi.org/10.1080/23754931.2026.2646852,2026,Quantifying the Accessibility to Public Transit in Rural Areas Using ArcGIS and GTFS,Papers in Applied Geography,B_open_data,INCLUDE,2.6,Rural transit accessibility ArcGIS GTFS,
openalex,S1165,,2017,Using the GTFS format to improve public transport data accessibility in Gauteng,,B_open_data,MAYBE,2.7,GTFS for Gauteng data accessibility,
openalex,S1166,,2001,WHY BOTHER WITH BUS ROUTES,,B_demand_proxy,MAYBE,2.2,Bus route design principles,
openalex,S1167,,2013,SEQ Bus Network Review: the network planning approach,,B_demand_proxy,INCLUDE,2.2,SEQ bus network review planning approach,
openalex,S1168,,2010,Planning Method of Public Transit Route and Station in New Urban Area,Transport Standardization,B_demand_proxy,INCLUDE,2.2,Route and station planning new urban area,
openalex,S1169,,2014,The Research and Design Bus Route of Points of Interest Query System based on GIS,Modern Surveying and Mapping,B_demand_proxy,EXCLUDE,,Route query system,
openalex,S1170,https://doi.org/10.1051/e3sconf/202668301011/pdf,2026,Influence of built environment on transit trips with different purposes: A case study of the central urban area in Jinan,Springer Link (Chiba Institute of Technology),B_accessibility,EXCLUDE,,Built environment transit trips,
openalex,S1171,,2007,Poster: Developing low-cost AVL and Web Mapping for Real-Time Intermodal Customer Information Using a GPS Cell Phones and Google Maps,Journal of international women's studies,B_accessibility,EXCLUDE,,Low-cost AVL information,
openalex,S1172,https://doi.org/10.3390/su17177943,2025,Integrated Clock-Face Timetable as a Tool for Optimizing the Municipal Public Transport System in the City of Ludbreg and Surrounding Municipalities,Sustainability,B_accessibility,EXCLUDE,,Clock-face timetable,
openalex,S1173,,2012,"""Transportation: the regulation and funding of Metropolitan Atlanta Rapid Transit Authority and Transportation Equity""",Atlanta University Center Robert W. Woodruff Library (Atlanta University Center Robert W. Woodruff Library),B_accessibility,MAYBE,2.7,MARTA bus line cuts and equity,
openalex,S1174,,2006,"Transportation Issues for Women in Developing Countries: Case Study of Karachi, Pakistan",Transportation Research Board 85th Annual MeetingTransportation Research Board,B_accessibility;C_global_south,EXCLUDE,,Women transport issues Karachi,
openalex,S1175,https://doi.org/10.3724/sp.j.1249.2025.01113,2025,Evaluation of subway station and conventional bus transfer connectivity based on cloud model,JOURNAL OF SHENZHEN UNIVERSITY SCIENCE AND ENGINEERING,B_accessibility,EXCLUDE,,Subway bus transfer evaluation,
openalex,S1176,,2009,Toward Sustainable Transit Operations and Performance Enhancement Using Archived Automatic Vehicle Location Data,16th ITS World Congress and Exhibition on Intelligent Transport Systems and ServicesITS AmericaERTICOITS Japan,B_accessibility,MAYBE,2.5,Archived AVL data for performance enhancement,
openalex,S1177,,2022,Оцінка впливу умов руху на доступність транспортної послуги автобусного міського маршруту,The Scientific Issues of Ternopil Volodymyr Hnatiuk National Pedagogical University Series pedagogy,B_accessibility,EXCLUDE,,Traffic conditions route availability,
openalex,S1178,,2015,Greater Christchurch metro bus network review,,B_accessibility,INCLUDE,2.2,Christchurch bus network review hubs spokes,
openalex,S1179,https://doi.org/10.30829/zero.v9i2.25392,2025,Designing an Optimal Route Network for the Synchronized Trans Gadjah Mada Electric Bus (TGMEB) using Max-Plus Algebra,ZERO Jurnal Sains Matematika dan Terapan,B_accessibility,MAYBE,2.2,Campus electric bus route network; synchronised timetable,
openalex,S1180,https://doi.org/10.3390/architecture6030117,2026,Spatial Mismatch and Educational Spatial Injustice: Enhancing Urban Resilience in a Mexican Intermediate City,Architecture,B_accessibility,EXCLUDE,,Spatial mismatch education,
openalex,S1181,https://doi.org/10.1002/bult.2007.1720330510,2007,Information architecture: Information commons: Service to the community starts with solid IA,Bulletin of the American Society for Information Science and Technology,B_accessibility,EXCLUDE,,Information architecture,
openalex,S1182,https://doi.org/10.30977/at.2219-8342.2018.43.0.71,2018,RATIONAL AREAS OF USING BUSES OF DIFFERENT CLASSES OF CAPACITY,Automobile Transport,A_freq_fleet,MAYBE,2.2,Bus capacity class choice,
openalex,S1183,https://doi.org/10.1016/j.jpubtr.2026.100166,2026,Improving the performance of a Bus Rapid Transit (BRT) station using local measurements and microsimulation,Journal of Public Transportation,A_freq_fleet,EXCLUDE,,BRT station microsimulation,
openalex,S1184,https://doi.org/10.3389/fbuil.2026.1894212,2026,Real-time bus arrival prediction and bus bunching prevention using a multi-agent LSTM approach,Frontiers in Built Environment,A_freq_fleet,EXCLUDE,,Arrival prediction bunching,
openalex,S1185,,2016,Modeling Bus Travel Times and Travel Time Uncertainty: Comparison of Linear and Survival Model Frameworks,Transportation Research Board 95th Annual MeetingTransportation Research Board,A_freq_fleet,EXCLUDE,,Travel time modelling,
openalex,S1186,https://doi.org/10.1093/iti/liag001,2026,Integrated V2X communications and reinforcement learning for bus operational control strategy and passenger experience,Intelligent Transportation Infrastructure,A_freq_fleet,EXCLUDE,,Bus bunching control,
openalex,S1187,,2010,"Development of Potential Ferry Routes and Analysis of Connectivity in Auckland, New Zealand",Transportation Research Board 89th Annual MeetingTransportation Research Board,A_freq_fleet,EXCLUDE,,Ferry routes,
openalex,S1188,,2005,A study on Component & Prototype Design of Transfer Informatiion for the Multi-modal Tranfer Center,Journal of the Korean Society of Civil Engineers,A_freq_fleet,EXCLUDE,,Transfer information prototype,
openalex,S1189,,2008,Public transport provision for new developments and growth areas,,B_demand_proxy,EXCLUDE,,Growth area PT provision policy,
openalex,S1190,,2003,Steering the development control process to support public transport,,B_demand_proxy,EXCLUDE,,Development control,
openalex,S1191,,2017,Improvement Assessment of Bus Serviceability by Proposing Route Revision,Digital Commons - University of South Florida (University of South Florida),B_demand_proxy,INCLUDE,2.2,Bus route revision to improve serviceability,
openalex,S1192,https://doi.org/10.2174/0123520965443029260318041758,2026,Urban Rail Transit Line Design Scheme Based on a 3D GIS-Integrated Building Information Model,Recent Advances in Electrical & Electronic Engineering (Formerly Recent Patents on Electrical & Electronic Engineering),B_demand_proxy,EXCLUDE,,Rail line design,
openalex,S1193,,2002,Transit-Oriented Design For Small Cities,,B_demand_proxy,EXCLUDE,,TOD small cities,
openalex,S1194,,2016,Towards an Agent-based Approach to Integrated Transit-Land Use PLannig for Small and Rural Communities (SRC) - Presentation,,B_demand_proxy,MAYBE,2.2,Agent-based transit route design small communities,
openalex,S1195,https://doi.org/10.1108/jtas-05-2025-0035,2026,Bus network reform in Barcelona during the 2010s: did it improve transit accessibility and network performance in the Catalan capital?,Journal of Transport and Sustainability,B_demand_proxy,INCLUDE,2.6,Barcelona bus network reform accessibility indicators,
openalex,S1196,,2005,Norfolk Light Rail System Alternative Land Use Forecast,,B_demand_proxy,EXCLUDE,,Light rail forecast,
openalex,S1197,,2005,The land use and the potential traffic risk,,B_demand_proxy,EXCLUDE,,Traffic risk,
openalex,S1198,,2015,Are we witnessing light rail establishing a new form of linear transit oriented development for Australian cities,,B_demand_proxy,EXCLUDE,,Light rail TOD,
openalex,S1199,,2015,Transforming Adelaide into a city of networked TODs using buses: case study of the Adelaide OBahn,Transport Research Forum,B_demand_proxy,MAYBE,2.2,Adelaide bus network planning O-Bahn,
openalex,S1200,https://doi.org/10.55041/ijsrem28008,2024,Urban Mobility Analysis Using Geospatial Analysis,INTERANTIONAL JOURNAL OF SCIENTIFIC RESEARCH IN ENGINEERING AND MANAGEMENT,B_demand_proxy,EXCLUDE,,General geospatial mobility analysis,
openalex,S1201,,2004,INTDAS: An Integrated National Transit Database Analysis System,,B_demand_proxy,MAYBE,2.5,Transit database analysis system,
openalex,S1202,,2007,The challenges of expanding Perth's rail system,,B_demand_proxy,EXCLUDE,,Perth rail,
openalex,S1203,https://doi.org/10.7282/t3-70vc-bd14,2019,Heterogeneous mobile data analytics for smart living,Rutgers University Community Repository (Rutgers University),B_demand_proxy,EXCLUDE,,Mobile data analytics,
openalex,S1204,https://doi.org/10.3390/su142013694,2022,The Optimal Urban Scale from Different Perspectives and under Different Development Goals Based on the CES Utility Function,Sustainability,B_demand_proxy,EXCLUDE,,Urban scale economics,
openalex,S1205,https://doi.org/10.26262/heal.auth.ir.368557,2025,Stochastic Optimization of Urban Bus Schedules Using Graph Neural Networks-Based Traffic Predictions,Aristotle University of Thessaloniki,B_demand_proxy,EXCLUDE,,Bus scheduling,
openalex,S1206,,2009,OD Matrix Estimation of Pubic Transportation Flow,Journal of Transportation Engineering and Information,B_demand_proxy,INCLUDE,2.3,Public transport OD matrix estimation,
openalex,S1207,,2016,Is There a Modal Bias to the Transit-Orientation of Urban Development?,Transportation Research Board 95th Annual MeetingTransportation Research Board,B_demand_proxy,EXCLUDE,,TOD score,
openalex,S1208,,2021,The demand for public transport: analysis of mobility patterns and bus stops,,AB_demand_data,INCLUDE,2.3,Smart card demand at bus stops,
openalex,S1209,https://doi.org/10.7708/ijtte2022.12(3).06,2022,DETERMINATION OF POTENTIAL FEEDER BUS STOPS FROM SMART CARD DATA AND CAPACITATED CLUSTERING ALGORITHM,International Journal for Traffic and Transport Engineering,AB_demand_data,INCLUDE,2.2,Feeder stops from smart card and clustering,
openalex,S1210,https://doi.org/10.5281/zenodo.20508881,2026,A GeoAI framework for remote-sensing-driven traffic activity and Emission Intensity in a data-scarce megacity,Zenodo (CERN European Organization for Nuclear Research),A_freq_fleet;B_data_scarce;B_open_data;B_demand_proxy,EXCLUDE,,Traffic emissions,
openalex,S1211,https://doi.org/10.5281/zenodo.20508882,2026,A GeoAI framework for remote-sensing-driven traffic activity and Emission Intensity in a data-scarce megacity,Zenodo (CERN European Organization for Nuclear Research),A_freq_fleet;B_data_scarce;B_open_data;B_demand_proxy,EXCLUDE,,Traffic emissions,
openalex,S1212,https://doi.org/10.7470/jkst.2015.33.2.170,2015,A Study on Passengers' Travel Characteristics at Bus Stops on Seoul Ring Expressway,대한교통학회지,A_freq_fleet,MAYBE,2.3,Smart card stop usage analysis Seoul,
openalex,S1213,https://doi.org/10.30977/ат.2219-8342.2018.43.0.71,2018,Rational areas of using buses of different classes of passenger capacity,DOAJ (DOAJ: Directory of Open Access Journals),A_freq_fleet,MAYBE,2.2,Bus capacity class choice,
openalex,S1214,,2000,NONTRADITIONAL RAIL FEEDER SERVICES,,B_accessibility,MAYBE,2.2,Rail feeder bus service design,
openalex,S1215,https://doi.org/10.5281/zenodo.7494165,2022,"Community-Based Tourism in Boloc-Boloc, Barili, Cebu, Philippines: A Stakeholders Approach",Zenodo (CERN European Organization for Nuclear Research),B_accessibility,EXCLUDE,,Tourism management,
openalex,S1216,https://doi.org/10.56726/irjmets32557,2023,EXPANSION & FUTURISTIC DEVELOPMENT OF GSRTC BUS TERMINUS – SURAT,International Research Journal of Modernization in Engineering Technology and Science,B_accessibility,EXCLUDE,,Bus terminus design,
openalex,S1217,https://doi.org/10.22271/allresearch.2025.v11.i6c.12663,2025,"Transport connectivity and the evolution of rural service Centres: Analysis of Karnal district, Haryana (2000-2001 Baseline study)",International journal of applied research,B_accessibility,EXCLUDE,,Rural connectivity,
openalex,S1218,https://doi.org/10.3390/systems14080947,2026,Optimization of Multimodal Public Transit Networks Considering Spatial Equity,Systems,B_accessibility;B_equity,INCLUDE,2.6,Equity-oriented multimodal network optimisation,
openalex,S1219,,2000,University Area Transit Service Analysis using a Geographic Information System,,B_accessibility,MAYBE,2.4,GIS transit service analysis university,
openalex,S1220,,2002,SIMPLIFIED PROCEDURE FOR DETERMINING RURAL ROAD IMPROVEMENT PRIORITIES,Indian highways,B_accessibility;C_india,EXCLUDE,,Rural roads,
openalex,S1221,,2015,Making Rotorua's bus network more efficient,,B_accessibility,INCLUDE,2.2,Rotorua bus network efficiency,
openalex,S1222,,2000,MELBOURNE'S SMART BUS PROGRAM,,B_accessibility,EXCLUDE,,Smart bus program,
openalex,S1223,https://doi.org/10.4038/jsalt.v1i1.27,2021,Factors Improving Bus Transferability as the Choice-Mode of Passengers at Bambalapitiya Railway Station,Journal of South Asian Logistics and Transport,B_accessibility,EXCLUDE,,Bus transferability choice,
openalex,S1224,,2013,Pharmacy Access for Diabetes Patients in North St. Louis,Open Scholarship Institutional Repository (Washington University in St. Louis),B_accessibility,EXCLUDE,,Pharmacy access,
openalex,S1225,https://doi.org/10.7166/36-2-3173,2025,Route Optimisation and Expansion of BisKita Depok Service Corridor using Set Covering Problem Approach,The South African Journal of Industrial Engineering,B_accessibility,INCLUDE,2.2,Route expansion set covering Depok,
openalex,S1226,https://doi.org/10.23956/ijarcsse.v8i5.718,2018,Route Searching using Modified k-Nearest Neighbor with Hill Climbing over Trajectories,International Journal of Advanced Research in Computer Science and Software Engineering,B_accessibility,MAYBE,2.3,Route searching from trajectories,
openalex,S1227,,2011,Development of a Transit Decision Support System,OhioLink ETD Center (Ohio Library and Information Network),B_demand_proxy,MAYBE,2.5,Transit decision support system,
openalex,S1228,,2005,From chaos to rationale: building a transport system based in the stakeholders participation - the case of Andorra,,B_demand_proxy,EXCLUDE,,Stakeholder participation Andorra,
openalex,S1229,https://doi.org/10.5194/isprs-archives-xlii-2-w13-1333-2019,2019,RANKING NODES IN COMPLEX NETWORKS: A CASE STUDY OF THE GAUBUS,"The international archives of the photogrammetry, remote sensing and spatial information sciences/International archives of the photogrammetry, remote sensing and spatial information sciences",B_demand_proxy,MAYBE,2.6,Node ranking bus network South Africa,
openalex,S1230,https://doi.org/10.3390/su18094193,2026,Regional Balance of Urban Multimodal Public Transport Network Based on Path Diversity,Sustainability,B_equity,MAYBE,2.6,Multimodal network balance path diversity,
openalex,S1231,https://doi.org/10.1016/j.urbmob.2026.100245,2026,Inclusion and equity from accessibility lens: A study of public transit planning practice in mid-sized urban contexts in developing countries,Journal of Urban Mobility,B_equity;C_global_south,INCLUDE,2.7,Transit planning equity practice developing mid-sized cities,
openalex,S1232,,2019,"PREDICTION OF BUS TRAVEL TIME ON URBAN ROUTES WITHOUT DESIGNATED BUS STOPS IN MAKURDI TOWN, BENUE STATE, NIGERIA",DOAJ (DOAJ: Directory of Open Access Journals),A_freq_fleet,EXCLUDE,,Bus travel time prediction,
openalex,S1233,https://doi.org/10.1049/smc2.70004,2025,Bus‐Based Sensor Deployment for Intelligent Sensing Coverage and k‐Hop Calibration,IET Smart Cities,B_accessibility,EXCLUDE,,Bus-based sensing,
openalex,S1234,,2016,Methodological Approach to Developing a Comprehensive Transportation Accessibility Index for the Transportation-Disadvantaged,Transportation Research Board 95th Annual MeetingTransportation Research Board,B_accessibility,MAYBE,2.6,Accessibility index transportation-disadvantaged,
openalex,S1235,https://doi.org/10.13140/rg.2.2.25419.66085,2023,Smart Mobility Sensing of Origin-Destination Pairs Using Computer Vision,Journal of International Crisis and Risk Communication Research,B_od_estimation,INCLUDE,2.3,OD sensing computer vision,
openalex,S1236,,2016,A Dynamic Control Model for Managing Bus Bunching Problem with Capacity Constraints,Transportation Research Board 95th Annual MeetingTransportation Research Board,A_freq_fleet,EXCLUDE,,Bus bunching control,
openalex,S1237,,2015,Effects of Bus Operations on Urban Networks,,A_freq_fleet,EXCLUDE,,Bus operations capacity simulation; not network design,
openalex,S1238,,2000,Model for simultaneous routing and scheduling using genetic alghoritm,OpenstarTs (Univeristy of Trieste https://www.units.it/),A_freq_fleet,INCLUDE,2.2,GA joint route and frequency design,
openalex,S1239,https://doi.org/10.1016/j.aftran.2026.100115,2026,Bus timetabling and scheduling optimization under interlining operation and skip stop strategy,African Transport Studies,A_freq_fleet,EXCLUDE,,Timetabling/scheduling only,
openalex,S1240,https://doi.org/10.1109/tits.2025.3567991,2025,Joint Dynamic Bus Platooning Formation and Trajectory Planning Optimization on a Transit Corridor,IEEE Transactions on Intelligent Transportation Systems,A_freq_fleet,EXCLUDE,,Bus platooning trajectory optimisation,
openalex,S1241,,2009,Analysis of Integrated Transit Service for Minimum Cost Operation,Transportation Research Board 88th Annual MeetingTransportation Research Board,A_freq_fleet,MAYBE,2.2,Integrated transit service minimum cost; unclear method,
openalex,S1242,,2020,"Ketersampaian penduduk terhadap perkhidmatan pengangkutan awam di Bandaraya Kota Kinabalu, Sabah (Residents’ accessibility to public transportation services in Kota Kinabalu City, Sabah)",Malaysian Journal of Society and Space,B_accessibility,MAYBE,2.4,Public transport accessibility Kota Kinabalu; abstract unclear,
openalex,S1243,https://doi.org/10.22146/best.v4i1.6887,2023,INVESTIGATING THE PROSPECT OF AUTONOMOUS TRAM (AT) TRANSIT CONSIDERING DAILY MOBILITY PATTERNS AND EXISTING BUS SERVICES COVERAGE IN SURAKARTA,Built Environment Studies,B_accessibility,MAYBE,2.6,Bus coverage vs tram prospects Surakarta,
openalex,S1244,https://doi.org/10.1061/jtepbs.teeng-9743,2026,Prioritizing Urban Bus Electrification with Route-Level Energy Profiling: Two-Stage Decision Framework,Journal of Transportation Engineering Part A Systems,B_accessibility,EXCLUDE,,Electrification prioritisation,
openalex,S1245,https://doi.org/10.56726/irjmets40142,2023,COLLEGE BUS E-PASS SYSTEM USING ANDROID APP,International Research Journal of Modernization in Engineering Technology and Science,B_accessibility,EXCLUDE,,E-pass app,
openalex,S1246,,2012,A Way to Get Bus Regional OD Matrix Based on Mining IC Card Information,Journal of Transport Information and Safety,B_od_estimation,INCLUDE,2.3,Bus OD matrix from IC card mining,
openalex,S1247,https://doi.org/10.1061/jtepbs.teeng-9104,2025,Public Transit Origin–Destination Matrix Determination Using Historical Tracking of Automated Databases,Journal of Transportation Engineering Part A Systems,B_od_estimation,INCLUDE,2.3,Transit OD matrix from automated data,
openalex,S1248,,2016,Trip Based Inference Using Automated Fare Collection And Navigating Bus,IJITR International Journal of Innovative Technology and Research - IJITR International Journal of Innovative Technology and Research,B_od_estimation,INCLUDE,2.3,Trip inference from AFC data,
openalex,S1249,https://doi.org/10.4028/www.scientific.net/amr.655-657.1373,2013,Applying Automatic Fare Collection System to Estimate a Transit Passenger Trip Origin-Destination Matrix,Advanced materials research,B_od_estimation,INCLUDE,2.3,AFC-based transit OD matrix estimation,
openalex,S1250,,2021,"Impact of Ethnic Markets on Food Accessibility in Lincoln, NE",Lincoln (University of Nebraska),B_accessibility,EXCLUDE,,Food accessibility; not transit,
openalex,S1251,,2004,Accessibility for all: a case study of Pune City in India.,,B_accessibility,MAYBE,2.7,Pune accessibility project; Indian context,
openalex,S1252,,2016,Disentangling Accessibility Impacts of Bus and Rail Transit Improvements,Transportation Research Board 95th Annual MeetingTransportation Research Board,B_accessibility,MAYBE,2.6,Bus and LRT accessibility impact evaluation,
openalex,S1253,,2005,Demand responsive transport and its role in rural accessibility,,B_accessibility,EXCLUDE,,Demand responsive transport rural,
openalex,S1254,,2020,The Bay Area Rail System: A Sustainable Network or a Social Equity Phenomenon?,USF Scholarship Repository (University of San Francisco),B_equity,EXCLUDE,,Rail equity,
openalex,S1255,https://doi.org/10.70731/vq3pe241,2025,Multi-level Tourism Spatial Structure and Its Coupling with Transportation Accessibility in Wuhan,Journal of Sustainable Built Environment,B_equity,EXCLUDE,,Tourism spatial structure,
openalex,S1256,,2017,Advancing accessibility : public transport and urbanspace; Public transport and urban space,,B_equity,MAYBE,2.4,Public transport accessibility and urban space,
openalex,S1257,https://doi.org/10.1038/s41598-026-47646-9,2026,Modeling and optimizing mileage homogeneity in public transportation using Gini index,Scientific Reports,B_equity,EXCLUDE,,Fleet mileage homogeneity maintenance,
openalex,S1258,https://doi.org/10.1016/j.rtbm.2026.101709,2026,Impact of metro networks on the accessibility and equity of Intradestination tourist public transport: A generalised travel cost perspective,Research in Transportation Business & Management,B_equity,EXCLUDE,,Metro accessibility,
openalex,S1259,,2005,Public Transport Services Tackling Social Exclusion: The West Midlands Approach,Public transport international,B_equity,MAYBE,2.6,Public transport and social exclusion approach,
openalex,S1260,,2017,Planning For Transit Equity: A Comparative Study Of Warsaw And Toronto,York University Digital Library (York University),B_equity,MAYBE,2.6,Transit equity comparative planning,
openalex,S1261,https://doi.org/10.1016/j.trpro.2023.11.298,2023,A new approach to transport-related social exclusion in rural Hungary,Transportation research procedia,B_equity,MAYBE,2.4,Rural public transport accessibility social exclusion,
openalex,S1262,https://doi.org/10.3390/app16136371,2026,Research on Bus-Integrated Planning Based on Taxi Trajectory Data,Applied Sciences,B_od_estimation,INCLUDE,2.3,Bus planning from taxi trajectory data,
openalex,S1263,,2011,An Analysis of Spatial OD Patterns of Bus Users using ICCard Data,18th ITS World CongressTransCoreITS AmericaERTICO - ITS EuropeITS Asia-Pacific,B_od_estimation,INCLUDE,2.3,Bus OD patterns from IC card,
openalex,S1264,https://doi.org/10.1155/atr/5954156,2026,Reinforcement Learning–Based Timetabling of Bus Routes Subject to Oversaturation,Journal of Advanced Transportation,A_freq_fleet,EXCLUDE,,Timetabling,
openalex,S1265,,2008,Holding and slack in a deterministic bus-route model,,A_freq_fleet,EXCLUDE,,Holding/bunching control,
openalex,S1266,https://doi.org/10.3759/ttea.v1i3.2833,2019,Evaluation of Impacts of Dispatch Headway Variability in Bus Transit Systems in a Simulated Route,Trends in Transport Engineering and Applications,A_freq_fleet,EXCLUDE,,Headway reliability simulation,
openalex,S1267,https://doi.org/10.37394/232018.2021.9.16,2021,Timetable and Headway Adherence Assessment using the Gini Coefficient and the Lorenz Curve,WSEAS TRANSACTIONS ON COMPUTER RESEARCH,A_freq_fleet,EXCLUDE,,Schedule adherence measure,
openalex,S1268,https://doi.org/10.17576/jkukm-2022-34(4)-16,2022,Implementation of Some Remedial Actions to Improve the Performance and Level of Transit Service for Public Transport Bus Routes in Baghdad City,Jurnal Kejuruteraan,A_freq_fleet,MAYBE,2.7,Baghdad bus route service improvements,
openalex,S1269,https://doi.org/10.1177/0361198118790132,2018,"Does Roadway Performance Affect Transit Headway Unreliability? Evidence from Mixed-Traffic Transit Corridors in Toronto, Canada",Transportation Research Record Journal of the Transportation Research Board,A_freq_fleet,EXCLUDE,,Headway unreliability and roadway performance,
openalex,S1270,https://doi.org/10.3390/su18168504,2026,Spatial and Statistical Analysis of the Route Network of Public Transport in Almaty and Suburban Areas,Sustainability,B_equity,INCLUDE,2.6,Spatial analysis of Almaty route network,
openalex,S1271,https://doi.org/10.1177/00420980251359941,2025,A multi-faceted concept of safety in the public transport system: The case of Gran Valparaiso in Chile,Urban Studies,B_equity,EXCLUDE,,Safety,
openalex,S1272,https://doi.org/10.1016/j.trpro.2026.02.052,2026,Network Optimization for Mixed-Use Transit: Accounting for Vulnerable Users,Transportation research procedia,B_equity,INCLUDE,2.2,Network optimisation mixed frequency/schedule services,
openalex,S1273,https://doi.org/10.47297/wspdecwsp2515-797313.20240802,2024,Analyzing Walking Accessibility of Rail Transit Stations Using Space Syntax: A Case Study of Beijing's Urban Area,DEVELOPMENT ECONOMICS OF CHINA,B_equity,EXCLUDE,,Rail station walkability,
openalex,S1274,https://doi.org/10.1166/asl.2017.9216,2017,Gap Detection of Bus Stops Using GIS/GPS,Advanced Science Letters,B_od_estimation;B_accessibility,INCLUDE,2.4,Bus stop coverage gap detection GIS/GPS,
openalex,S1275,https://doi.org/10.1016/j.cie.2025.111623,2025,A multi-resolution spatiotemporal semantic learning approach for origin-destination demand prediction in urban rail transit network,Computers & Industrial Engineering,B_od_estimation,EXCLUDE,,Rail OD prediction,
openalex,S1276,https://doi.org/10.3390/s25082351,2025,Leveraging Bluetooth and GPS Sensors for Route-Level Passenger Origin–Destination Flow Estimation,Sensors,B_od_estimation,INCLUDE,2.3,Bluetooth/GPS route-level OD estimation,
openalex,S1277,,2009,Public transport demand estimation by calibrating the combined trip distribution-mode choice (TDMC) Model from passenger count,,B_od_estimation,INCLUDE,2.3,Transit OD estimation from passenger counts,
openalex,S1278,https://doi.org/10.21923/jesd.724949,2020,A BI-LEVEL ALGORITHM PROPOSAL FOR THE INITIAL PLANNING OF FEEDER BUS ROUTES,Mühendislik Bilimleri ve Tasarım Dergisi,B_accessibility,INCLUDE,2.2,Bi-level feeder bus route design,
openalex,S1279,https://doi.org/10.3390/a18100616,2025,Enhancing Mobility for the Blind: An AI-Powered Bus Route Recognition System,Algorithms,B_accessibility,EXCLUDE,,Assistive route recognition,
openalex,S1280,https://doi.org/10.1016/j.parco.2026.103212,2026,Parallel Simulated Annealing metaheuristic for the Heterogenous On-Demand Bus Routing Problem,Parallel Computing,B_accessibility,EXCLUDE,,On-demand bus routing,
openalex,S1281,https://doi.org/10.7454/jid.v8.i1.1168,2025,A Model of Trips Route Planning to Improve The Accessibility of Public Transportation In Bengkalis City Using Geographic Information System (GIS),CSID Journal of Infrastructure Development,B_accessibility,INCLUDE,2.4,GIS route planning for accessibility Bengkalis,
openalex,S1282,,2019,Data-driven Tool for Planning Metro Feeder Bus Routes,International Journal for Traffic and Transport Engineering,B_accessibility,INCLUDE,2.2,Data-driven feeder bus route planning tool,
openalex,S1283,https://doi.org/10.9790/1684-0251219,2012,Measuring Transit Accessibility Potential: A Corridor Case Study,IOSR Journal of Mechanical and Civil Engineering,B_accessibility,INCLUDE,2.4,Transit accessibility potential for bus route,
openalex,S1284,https://doi.org/10.1016/j.trip.2026.102163,2026,Personalised urban tourist bus routing via multi-objective deep reinforcement learning: A hybrid PCA-double DQN approach,Transportation Research Interdisciplinary Perspectives,B_accessibility,EXCLUDE,,Tourist bus routing RL,
openalex,S1285,https://doi.org/10.1016/j.cie.2026.112336,2026,A bus bridging method based on fine-tuning and extension of existing bus routes to cope with urban rail transit disruptions,Computers & Industrial Engineering,B_accessibility,EXCLUDE,,Rail disruption bridging,
openalex,S1286,https://doi.org/10.1080/23789689.2025.2562023,2025,Developing software to assess the quality of urban traffic infrastructure using real-time data from the bus route network,Sustainable and Resilient Infrastructure,B_accessibility,EXCLUDE,,Infrastructure quality from bus data,
openalex,S1287,,2013,Optimal Route Planning Model of Feeder Bus for Urban Rail Transit,Journal of Highway and Transportation Research and Development,B_accessibility,INCLUDE,2.2,Feeder bus route optimisation model,
openalex,S1288,,2015,Nantucket Accessibility Survey,Digital WPI,B_accessibility,EXCLUDE,,Sidewalk accessibility,
openalex,S1289,https://doi.org/10.11108/kagis.2015.18.2.161,2015,A Study on the Low-Floor Bus Route Selection Considering a Residential Distribution and Traffic Characteristics of the Transportation Vulnerable,Journal of the Korean Association of Geographic Information Studies,B_accessibility,MAYBE,2.2,Low-floor bus route selection by residential distribution,
openalex,S1290,https://doi.org/10.3390/vehicles8070164,2026,Optimization of Conventional Bus Routes in Overlapping Bus–Rail Corridors with Urban Rail Transit,Vehicles,B_accessibility,INCLUDE,2.2,Bus route optimisation in bus-rail corridors,
openalex,S1291,,2016,A PATH-BASED CHARGE COLLECTION TECHNIQUE TO TRACK EACH PASSENGER,IJITR International Journal of Innovative Technology and Research - IJITR International Journal of Innovative Technology and Research,B_od_estimation,INCLUDE,2.3,AFC destination inference,
openalex,S1292,https://doi.org/10.36629/2686-7788-2026-1-195-199,2026,PROBABILISTIC ALGORITHM FOR ESTIMATION OF INDIVIDUAL TRAJECTORIES IN OPEN TRANSPORT SYSTEMS BASED ON SMART CARDS,Scientific Papers Collection of the Angarsk State Technical University,B_od_estimation,INCLUDE,2.3,Smart card trajectory estimation for OD,
openalex,S1293,,2016,AUTOMATED CUSTOMER TRAVELLING INFORMATION & PRICING METHODS,IJITR International Journal of Innovative Technology and Research - IJITR International Journal of Innovative Technology and Research,B_od_estimation,MAYBE,2.3,Porto bus data travel information; unclear,
openalex,S1294,https://doi.org/10.1587/transinf.2025fcp0007,2025,Minimum Target Coverage for Air Quality Monitoring Using Bus Routes,IEICE Transactions on Information and Systems,B_accessibility,EXCLUDE,,Air quality monitoring coverage,
openalex,S1295,https://doi.org/10.3390/app16073153,2026,"Urban Bus Route Planning Method Integrating Heuristic and Non-Dominated Sorting Algorithms—A Case Study of Kunming, Yunnan Province, China, Bus Route 119",Applied Sciences,B_accessibility;B_demand_proxy,INCLUDE,2.2,Bus route planning heuristic multi-objective,
openalex,S1296,,2010,Typical Colony Route of Urban Traffic Based on Spatial Analysis——The Case of Hangzhou City,,B_od_estimation,EXCLUDE,,Vehicle colony routes,
openalex,S1297,https://doi.org/10.26262/heal.auth.ir.304986,2019,Multiple data analytics for improvement of public transportation services,Aristotle University of Thessaloniki,B_od_estimation,MAYBE,2.3,Multiple data analytics for transport services,
openalex,S1298,https://doi.org/10.1016/j.trpro.2026.04.193,2026,Travel behaviour Data Fusion Model based on APP-based survey and floating phone data,Transportation research procedia,B_od_estimation,MAYBE,2.3,Phone data OD fusion; not bus specific,
openalex,S1299,https://doi.org/10.1016/j.ait.2026.100063,2026,Sensitivity analysis of computational graph-based dynamic multi-modal O–D estimation under data and behavioral uncertainties,Artificial Intelligence for Transportation,B_od_estimation,EXCLUDE,,Multimodal dynamic OD sensitivity,
openalex,S1300,,2013,Optimizing Stop Spacing and Headway for A Feeder Bus Route Considering Stochastic Vehicle Arrivals,Transportation Research Board 92nd Annual MeetingTransportation Research Board,A_freq_fleet;B_accessibility,INCLUDE,2.2,Stop spacing and headway optimisation,
openalex,S1301,https://doi.org/10.1007/s12469-025-00406-w,2025,Frequency-setting models: a literature review of costs and sustainability on bus routes,Public Transport,A_freq_fleet,INCLUDE,2.2,Frequency-setting models review,
openalex,S1302,,2012,Study on Headway of Optimization Model of Bus Route Based on Game,Traffic & Transportation,A_freq_fleet,INCLUDE,2.2,Bus headway optimisation model,
openalex,S1303,https://doi.org/10.1109/access.2026.3722362,2026,Physics-Informed Generative Modeling for Sparse OD Matrix Forecasting: A Dual-Head VAE-GMM Approach With a Single Time Step Input,IEEE Access,B_od_estimation,EXCLUDE,,OD forecasting deep learning,
openalex,S1304,,2016,Link Between Crowding Pricing and Seat Supply in Public Transport,Transportation Research Board 95th Annual MeetingTransportation Research Board,B_od_estimation,EXCLUDE,,Crowding pricing,
openalex,S1305,https://doi.org/10.37396/jsc.v2i2.31,2019,Estimasi Tujuan Penumpang Menggunakan Predictive Model dengan Data Smart Card,Jurnal Sistem Cerdas,B_od_estimation,INCLUDE,2.3,Smart card destination estimation BRT,
openalex,S1306,,2019,"Inferring passenger destinations from Smart Card validation records in the Oise department, France",,B_od_estimation,INCLUDE,2.3,Smart card destination inference,
openalex,S1307,,2017,A Basic Framework for Performance Evaluation of City Bus Routes for Sustainable Transport System,Journal of Advanced Research in Construction & Urban Architecture,B_accessibility,MAYBE,2.6,City bus route performance evaluation framework,
openalex,S1308,,2008,Prediction of Passenger Volume for Bus Routes Based on Passenger Loads Per kilometer,Computer Communications,B_accessibility,INCLUDE,2.3,Bus route passenger volume estimation for network design,
openalex,S1309,https://doi.org/10.1016/j.jtrangeo.2026.104816,2026,Identifying detour patterns of rail feeder bus routes: A city-scale analysis,Journal of Transport Geography,B_accessibility;B_demand_proxy;B_equity,MAYBE,2.2,Feeder bus route detour analysis,
openalex,S1310,,2003,"Challenges, management and innovations in geographic information systems (GIS) for transportation & institutional and technological challenges for the road centerline update problems",PDXScholar  (Portland State University),B_data_scarce,EXCLUDE,,GIS road centerline challenges,
openalex,S1311,https://doi.org/10.1142/s2972426025500023,2025,A Spatial Framework for Estimating Transport Emissions at the District Scale: A Case Study of Singapore’s Integrated Urban Typologies,International Journal on Smart and Sustainable Cities,B_od_estimation,EXCLUDE,,Emissions,
openalex,S1312,https://doi.org/10.15866/iremos.v15i5.21632,2022,Constrained Fuzzy Power Flow Applied to Transmission Congestion,International Review on Modelling and Simulations (IREMOS),B_data_scarce,EXCLUDE,,Power systems,
openalex,S1313,,2019,QUALITATIVE OVERVIEW FOR HIGH-SPEED DATA-OVER-CABLE COMMUNICATION TO INTRA-VEHICLE NETWORK APPLICATIONS,DOAJ (DOAJ: Directory of Open Access Journals),B_data_scarce,EXCLUDE,,Vehicle networking,
openalex,S1314,https://doi.org/10.48494/realcorp2026.2090,2026,"Plan Now, Ride Later: Simulation-Based Fleet Optimisation and Inclusive Service Design for Cities",REAL CORP Repository (University of Southampton),B_data_scarce,MAYBE,2.2,Fleet optimisation with flexible service; unclear fixed-route,
openalex,S1315,https://doi.org/10.1016/j.jer.2025.10.014,2025,"Development of a GPS-based driving cycle for intra-city buses in Chattogram City, Bangladesh",Journal of Engineering Research,B_data_scarce,EXCLUDE,,Driving cycle,
openalex,S1316,https://doi.org/10.1007/s44327-026-00287-z,2026,Spatial optimization of bus stop locations using gis and an integrated accessibility index in addis ababa Ethiopia,Discover Cities,B_data_scarce,INCLUDE,2.4,Bus stop location accessibility index Addis Ababa,
openalex,S1317,https://doi.org/10.1680/jmuen.26.00031,2026,"Assessing bus stop accessibility for persons with reduced mobility in Durban, South Africa",Proceedings of the Institution of Civil Engineers - Municipal Engineer,B_data_scarce,MAYBE,2.7,Bus stop accessibility Durban,
openalex,S1318,,2011,Expanding a Multi-agent Transport Model with Limited Data: A South African Case Study,Transportation Research Board 90th Annual MeetingTransportation Research Board,B_data_scarce,MAYBE,2.5,Transport model with limited data South Africa,
openalex,S1319,https://doi.org/10.55041/isjem02198,2025,BUS PASS GENERATION (BLOCKCHAIN),International Scientific Journal of Engineering and Management,B_data_scarce,EXCLUDE,,Blockchain bus pass,
openalex,S1320,https://doi.org/10.30572/2018/kje/170322,2026,"EVALUATING THE QUALITY OF PUBLIC TRANSPORT SERVICE IN AL-RASHEED MUNICIPALITY, BAGHDAD",Kufa Journal of Engineering,B_data_scarce,MAYBE,2.6,Public transport service quality Baghdad,
openalex,S1321,,2004,Delivering travel news to the end-user,Traffic engineering & control,B_data_scarce,EXCLUDE,,Travel news,
openalex,S1322,https://doi.org/10.1016/j.aftran.2026.100123,2026,"Urban mobility and CO₂ reduction in Maiduguri, Nigeria: Integrating random utility mode choice modelling with SUMO traffic simulation",African Transport Studies,B_data_scarce,EXCLUDE,,Mode choice CO2,
openalex,S1323,https://doi.org/10.5038/2375-0901.16.1.7,2013,Maintaining Key Services While Retaining Core Values: NYC Transit’s Environmental Justice Strategies,Journal of Public Transportation,A_rationalisation,MAYBE,2.6,Transit service change equity NYC,
openalex,S1324,,2012,Maintaining Key Transit Services While Retaining National Core Values: New York City Transit’s Title VI and Environmental Justice Strategies in a Recession,Transportation Research Board 91st Annual MeetingTransportation Research Board,A_rationalisation,MAYBE,2.6,Transit service change equity NYC,
openalex,S1325,,2012,Evaluation of Bus Routes Network Considering Accessibility and Equity - The Case of the Metropolitan Daejeon -,,B_accessibility,INCLUDE,2.6,Bus network accessibility and equity evaluation,
openalex,S1326,https://doi.org/10.1007/s11116-025-10710-w,2025,Vibrancy of the space around and between metro stations: Life between Stations and its determinants in Hong Kong,Transportation,B_open_data,EXCLUDE,,Metro station vibrancy,
openalex,S1327,,2010,Are transport users taking matters into their own hands,Local transport today,B_open_data,EXCLUDE,,User initiatives,
openalex,S1328,https://doi.org/10.18374/ijbs-15-1.5,2015,MARKET ANALYSIS OF PARKING INFORMATION,International Journal of Business Strategy,B_open_data,EXCLUDE,,Parking information,
openalex,S1329,https://doi.org/10.3390/app16062837,2026,Evaluating Urban Mobility Transitions: A Dual-Track Framework for City-Scale and Local Assessment,Applied Sciences,B_open_data,EXCLUDE,,Mobility transition assessment,
openalex,S1330,,2013,A TRAVEL DEMAND MANAGEMENT DIGITAL SAFARI,,B_open_data,EXCLUDE,,TDM tools,
openalex,S1331,,2014,Development of a tool for determining speed and road directions using GPS vehicle devices and free resources,,B_open_data,MAYBE,2.5,"GPS and free resources tool, Ecuador",
openalex,S1332,https://doi.org/10.1016/j.trip.2025.101827,2026,The road divides: When funding shapes form – Assessing the connectivity impacts of China-financed light rail in Addis Ababa,Transportation Research Interdisciplinary Perspectives,B_open_data;C_global_south,EXCLUDE,,Light rail,
openalex,S1333,,2020,CampusPartner: An assistive technology for pedestrians with mobility impairments,JMU Scholoraly Commons (James Madison University),B_open_data,EXCLUDE,,Pedestrian routing,
openalex,S1334,https://doi.org/10.21949/1526687,2013,Evaluation of the Denver RTD Route Restructuring Project,ROSA P,A_rationalisation,INCLUDE,2.2,Route restructuring evaluation Denver,
openalex,S1335,https://doi.org/10.2208/jscejj.22-00201,2024,ANALYSIS OF BUS DELAY TIME AND THE IMPACT OF BUS ROUTE NETWORK REDESIGN IN MITO CITY USING PASSENGER OD DATA,Japanese Journal of JSCE,A_rationalisation,INCLUDE,2.2,Bus network redesign with OD data,
openalex,S1336,,2015,Study on Bus Route Restructuring in rural core cities : from the case of Oita City,福岡大學商學論叢,A_rationalisation,MAYBE,2.2,Bus route restructuring; no abstract,
openalex,S1337,https://doi.org/10.1016/j.jtrangeo.2026.104748,2026,Maximal demand coverage transit network redesign with resource reutilization,Journal of Transport Geography,A_rationalisation,INCLUDE,2.2,Transit network redesign maximal demand coverage,
openalex,S1338,https://doi.org/10.2208/jscejipm.75.6_i_555,2020,A STUDY ON SOCIAL IMPACT ASSESSMENT OF LOCAL PUBLIC TRANSPORT POLICIES WITH FOCUS ON BUS NETWORK REDESIGN IN REGIONAL CITIES,Journal of Japan Society of Civil Engineers Ser D3 (Infrastructure Planning and Management),A_rationalisation,MAYBE,2.2,"Bus network redesign social impact, regional Japan",
openalex,S1339,,2021,Transit in transition: insights into large-scale public transport network redesigns,,A_rationalisation,INCLUDE,2.2,Large-scale public transport network redesigns thesis,
openalex,S1340,https://doi.org/10.1080/14942119.2026.2697639,2026,A new detailed fuel and travel time estimation model for heavy trucks in forestry,International Journal of Forest Engineering,B_data_scarce,EXCLUDE,,Forestry trucks,
openalex,S1341,https://doi.org/10.37660/pjti.2025.25.1.4,2025,Analysis of the boarding and disembarking process time on the example of the Pesa 122NaB tram operated in the city of Bydgoszcz,Polish Journal of Technical Issue,B_data_scarce,EXCLUDE,,Tram boarding times,
openalex,S1342,https://doi.org/10.1155/atr/1311015,2026,Multiobjective Transit‐Oriented Multimodal Network Design Incorporating Parking Fees,Journal of Advanced Transportation,A_core_design,MAYBE,2.2,Multimodal network design with parking fees,
openalex,S1343,,2009,Solving Urban Bus Terminal Location Problem Using Genetic Algorithm,International Journal of Industrial Engineering & Production Research,A_core_design,INCLUDE,2.2,Bus terminal location GA in network design,
openalex,S1344,,2011,Transit efficiency network design model based on the restriction of station capacity,Journal of Jilin University,A_core_design,INCLUDE,2.2,Transit network design with station capacity,
openalex,S1345,,2002,TRANSIT ROUTE PLANNING USING OPTIMIZATION TECHNIQUE FOR A CORRIDOR IN HYDERABAD CITY,Indian highways,C_india,INCLUDE,2.7,Transit route planning Hyderabad corridor optimisation,
openalex,S1346,,2011,Transport Management in Emerging Cities - The Integration of ITS in Public Transport,18th ITS World CongressTransCoreITS AmericaERTICO - ITS EuropeITS Asia-Pacific,C_india,MAYBE,2.7,ITS in emerging city public transport,
openalex,S1347,https://doi.org/10.35940/ijitee.k1086.09811s19,2019,Rationalizing Urban Transportation using Smart Card Data,International Journal of Innovative Technology and Exploring Engineering,C_india,INCLUDE,2.3,Rationalising transport using smart card data,
openalex,S1348,https://doi.org/10.48175/ijarsct-26283,2025,Nagpur Metro Rail Service as a Public Transport System: Purpose and Usefulness,International Journal of Advanced Research in Science Communication and Technology,C_india,EXCLUDE,,Metro rail,
openalex,S1349,,2011,Ptx2 Awards: The Ambition to Boost Public Transport Rewarded,Public transport international,C_india,EXCLUDE,,Awards,
openalex,S1350,https://doi.org/10.14419/77ajfs03,2025,Continuity Analysis of Passenger-Centric Metrics and Economic Outcomes in TNSTC (Town Bus) Services,International Journal of Accounting and Economics Studies,C_india,MAYBE,2.7,TNSTC town bus performance India,
openalex,S1351,,2009,Sustainable Urban Transport Planning Initiatives in India,Transportation Research Board 88th Annual MeetingTransportation Research Board,C_india,MAYBE,2.7,Indian urban transport planning initiatives,
openalex,S1352,https://doi.org/10.9734/ajgr/2026/v9i4465,2026,"Who Can Reach a Service? Zone-Level Measurement of Convenient Access to Public Transport in Bhopal, India",Asian Journal of Geographical Research,C_india,INCLUDE,2.6,SDG 11.2.1 zone-level access indicator Bhopal,
openalex,S1353,,2017,PUBLIC TRANSPORT TRACKING SYSTEM,International Education and Research Journal,C_india,EXCLUDE,,Tracking system,
openalex,S1354,https://doi.org/10.1016/j.cstp.2025.101455,2025,Micro-public transport accessibility mapping to enhance local area planning (LAP) in Ahmedabad,Case Studies on Transport Policy,C_india,MAYBE,2.7,Transit accessibility mapping Ahmedabad; no abstract,
openalex,S1355,,2000,"POLICY FORMULATION FOR AN INTEGRATED MULTI-MODAL PUBLIC TRANSPORT PLAN CASE STUDY: CALCUTTA, INDIA",,C_india,MAYBE,2.7,Calcutta multimodal public transport policy,
openalex,S1356,https://doi.org/10.1016/j.trip.2026.101859,2026,"Reorganization of public transport systems in Global South cities and its relation with quality of life: A case study of Mexicali, Mexico",Transportation Research Interdisciplinary Perspectives,A_rationalisation;C_global_south,INCLUDE,2.7,Method restructuring public transport Mexicali Global South,
openalex,S1357,https://doi.org/10.32782/easterneurope.40-9,2023,MULTIMODAL PUBLIC TRANSPORT IN UKRAINE: DEVELOPMENT PROSPECTS,Eastern Europe economy business and management,A_rationalisation;C_global_south,EXCLUDE,,Ukraine electric transport,
openalex,S1358,,2021,A Detail Analysis of Transit Oriented Development for Sustainable Mobility in Indian Cities,EFFLATOUNIA - Multidisciplinary Journal,C_india,EXCLUDE,,TOD,
openalex,S1359,https://doi.org/10.1108/xjm-03-2025-0025,2025,Vande Bharat Express: new face of Indian railways,Vilakshan – XIMB Journal of Management,C_india,EXCLUDE,,Railways,
openalex,S1360,https://doi.org/10.22271/allresearch.2016.v2.i8g.10456,2016,Urbanization in India: Challenges and solutions,International journal of applied research,C_india,EXCLUDE,,Urbanisation general,
openalex,S1361,,2018,PLANNING FOR A FORMULATED GROWTH OF URBAN TRANSPORTATION IN JALANDHAR CITY,Journal of Emerging Technologies and Innovative Research,C_india,MAYBE,2.7,Jalandhar urban transport planning,
openalex,S1362,https://doi.org/10.24321/2456.9925.202002,2020,"Selection of Parameters and Parametric Design of Smart Bus Stops to Improve the Socio-temporal Landscape in Bhubaneswar, Odisha, India",Journal of Advanced Research in Construction & Urban Architecture,C_india,EXCLUDE,,Bus stop design,
openalex,S1363,https://doi.org/10.1177/03611981261424241,2026,"Stops, Stares, and Safety: Interview-Based Study on Women’s Public Transport Use in the Himalayan Region",Transportation Research Record Journal of the Transportation Research Board,C_india,EXCLUDE,,Women safety interviews,
openalex,S1364,https://doi.org/10.1109/access.2026.3702549,2026,AI Driven Multimodal Arrival Time Prediction for Urban Autorickshaw and Bus Networks Using GPS Telemetry and Demand–Supply Analytics,IEEE Access,C_india,EXCLUDE,,Arrival time prediction,
openalex,S1365,https://doi.org/10.55041/ijsrem25628,2023,Smart E-Ticketing and Payment System using Wi-Fi for Public Transport Bus,INTERANTIONAL JOURNAL OF SCIENTIFIC RESEARCH IN ENGINEERING AND MANAGEMENT,C_india,EXCLUDE,,E-ticketing,
openalex,S1366,https://doi.org/10.1287/trsc.34.1.125,2000,TSS Dissertation Abstracts—Abstracts for the 1999 Transportation Science Section Dissertation Prize Competition,Transportation Science,A_core_design,EXCLUDE,,Dissertation abstracts,
openalex,S1367,https://doi.org/10.1287/inte.2021.1094,2021,Introduction: 2020 Daniel H. Wagner Prize for Excellence in the Practice of Advanced Analytics and Operations Research,INFORMS Journal on Applied Analytics,A_core_design,EXCLUDE,,Prize introduction,
openalex,S1368,,2018,SOMETHING COMPLETELY NEW: THE STUDIO AT SIU,OpenSIUC (Southern Illinois University Carbondale),A_core_design,EXCLUDE,,Studio design,
openalex,S1369,,2015,Automation of Process to Load Database from OSM for the Design of Public Routes.,,A_core_design;B_open_data,INCLUDE,2.5,OSM automated database for public route design,
openalex,S1370,,2017,A Heuristic Method for Public Transportation Network Design using Route Generation Algorithm,,A_core_design,INCLUDE,2.2,Heuristic route generation network design,
openalex,S1371,,2018,The Design of Feeder Network Rail Line and Determine Frequency Using a Heuristic Method,,A_core_design;B_accessibility,MAYBE,2.2,Feeder network and frequency heuristic; rail-linked,
openalex,S1372,https://doi.org/10.1108/ijicc-12-2025-0857,2026,From taxi trajectories to transit networks: a two-stage DQN-GNN framework for large-scale urban routing,International Journal of Intelligent Computing and Cybernetics,A_core_design;B_accessibility,INCLUDE,2.2,Taxi GPS data-driven transit network design,
openalex,S1373,,2012,Optimal design on urban public transit skeleton-network based on genetic algorithm,Jisuanji yingyong yanjiu,A_core_design;B_accessibility,INCLUDE,2.2,Transit skeleton-network design GA,
openalex,S1374,https://doi.org/10.24404/6160707e066476000850012f,2021,"How can we plan a city with people, for the people ? New Questions and reflections on “Urban Activism”: Reinforcing Claims in the 21st Century planning of the City""",The Evolving Scholar,C_india,EXCLUDE,,Urban activism,
openalex,S1375,https://doi.org/10.1177/23197145241232185,2024,AICTSL: Sustainable Capacity Planning by Cash Flow Management,FIIB Business Review,C_india,MAYBE,2.7,Indore city bus operator capacity planning,
openalex,S1376,https://doi.org/10.21817/ijet/2017/v9i2/170902083,2017,A Micro-Analysis of Accessibility and Travel Behavior of a Small Sized Indian City: A Case Study of Agartala,International Journal of Engineering and Technology,C_india,MAYBE,2.7,Accessibility small Indian city Agartala,
openalex,S1377,https://doi.org/10.53550/eec.2022.v28i04s.074,2022,"The extent of traffic congestion in Guwahati, India: A multi index analysis",Ecology Environment and Conservation,C_india,EXCLUDE,,Congestion indices,
openalex,S1378,https://doi.org/10.32782/2520-2200/2025-2-6,2025,MODELING OF SOCIO-ECONOMIC STRUCTURES OF TERRITORIAL COMMUNITIES,PROBLEMS OF SYSTEMIC APPROACH IN THE ECONOMY,B_open_data,MAYBE,2.5,OSM population density modelling for transport,
openalex,S1379,,2025,"Environmental Protection Agency (EPA), Smart Location Mapping Tools and Data",Knowledge@UChicago (University of Chicago),B_open_data,MAYBE,2.6,EPA transit accessibility data products,
openalex,S1380,https://doi.org/10.3390/su18020556,2026,"Measuring Inter-Stop Distances to Improve Scheduling, Costing, and Enhance Sustainable Urban Mobility",Sustainability,B_open_data,MAYBE,2.5,Inter-stop distance measurement standardisation,
openalex,S1381,https://doi.org/10.7163/gpol.0315,2026,Assessment of spatial equity of school and workplace locations from the perspective of source and destination: a case study in Poland,Geographia Polonica,B_open_data;B_equity,MAYBE,2.6,Spatial equity of transport accessibility Poland,
openalex,S1382,https://doi.org/10.48346/imist.prsm/ajlp-gs.v9i1.61367,2025,"Bridging the gap: Transport accessibility challenges and inclusive mobility outcomes for vulnerable groups in Dar es Salaam City, Tanzania",African Journal on Land Policy and Geospatial Sciences,B_open_data,MAYBE,2.7,Transport accessibility vulnerable groups Dar es Salaam,
openalex,S1383,https://doi.org/10.1016/j.sysarc.2026.103811,2026,Scalable transit delay prediction at city scale: A systematic approach with multi-resolution feature engineering and deep learning,Journal of Systems Architecture,B_open_data,EXCLUDE,,Delay prediction,
openalex,S1384,https://doi.org/10.12673/jant.2016.20.6.588,2016,Development of Bus Notification Systems Based on IoT for Vulnerable Pedestrians,The Journal of Advanced Navigation Technology,B_open_data,EXCLUDE,,IoT notification,
openalex,S1385,https://doi.org/10.1016/j.trip.2026.102240,2026,Active navigation with reinforcement learning for bus stop amenity auditing in street view imagery,Transportation Research Interdisciplinary Perspectives,B_open_data,EXCLUDE,,Stop amenity auditing,
openalex,S1386,https://doi.org/10.9734/jgeesi/2026/v30i11005,2026,"Geoinformatics-Based Assessment of Urban Sprawl in Berhampur, Odisha, India",Journal of Geography Environment and Earth Science International,C_india,EXCLUDE,,Urban sprawl,
openalex,S1387,,2019,Smart Growth and Transit-Oriented Development:Overcoming the Financing and Execution Challenges in India,,C_india,EXCLUDE,,TOD financing,
openalex,S1388,,2016,Beyond Engineering: Political Economy in BRT Planning,Transportation Research Board 95th Annual MeetingTransportation Research Board,C_india,MAYBE,2.7,BRT planning political economy,
openalex,S1389,https://doi.org/10.26634/jce.9.1.14633,2019,Optimization Of Rural Roads Network Of Vikarabad Bus Depot Transportation Operation,i-manager’s Journal on Civil Engineering,C_india,MAYBE,2.2,Rural road network for bus depot operation India,
openalex,S1390,,2014,Chennai Walks Again,Sustainable transport,C_india,EXCLUDE,,Walking,
openalex,S1391,,2018,Sustainable Transport for a Central Business District,Edinburgh Napier Research Repository (Edinburgh Napier University),C_india,EXCLUDE,,CBD sustainable transport general,
openalex,S1392,https://doi.org/10.3828/tpr.2010.16,2010,"Conference report: The 4th Conference of the International Academic Association on Planning, Law and Property Rights, Dortmund, 2010",Town Planning Review,C_india,EXCLUDE,,Conference report,
openalex,S1393,https://doi.org/10.5281/zenodo.22166069,2026,"From Climate Plans to Transportation Performance: Evaluating Urban Mobility Commitments in Delhi, Portland, and Berlin",Zenodo (CERN European Organization for Nuclear Research),C_india,EXCLUDE,,Climate plans,
openalex,S1394,https://doi.org/10.5281/zenodo.22166070,2026,"From Climate Plans to Transportation Performance: Evaluating Urban Mobility Commitments in Delhi, Portland, and Berlin",Zenodo (CERN European Organization for Nuclear Research),C_india,EXCLUDE,,Climate plans,
openalex,S1395,https://doi.org/10.5281/zenodo.19508856,2026,Ferry Cab For Women: An Integrated Gender-Sensitive Urban Mobility Model for Enhancing Safety and Crime Reduction in India,Zenodo (CERN European Organization for Nuclear Research),C_india,EXCLUDE,,Women safety cab,
openalex,S1396,https://doi.org/10.5281/zenodo.19508855,2026,Ferry Cab For Women: An Integrated Gender-Sensitive Urban Mobility Model for Enhancing Safety and Crime Reduction in India,Zenodo (CERN European Organization for Nuclear Research),C_india,EXCLUDE,,Women safety cab,
openalex,S1397,https://doi.org/10.56975/tijer.v13i4.161696,2026,"Enhanced Multi-Criteria Accessibility Modelling for Rural Transport Systems: Evidence from a Pilgrimage Village in Gujarat, India",Technix International Journal for Engineering Research,C_india,MAYBE,2.7,Rural accessibility modelling Gujarat,
openalex,S1398,https://doi.org/10.1353/prv.2004.0019,2004,"Men's Understanding of Women's Health Issues in Kanpur City, India: A Preliminary Research Report",Population review,C_india,EXCLUDE,,Health survey,
openalex,S1399,,2011,"Mumbai : the bicycle friendly city, bicycle masterplan & design guidelines for central mumbai",,C_india;C_global_south,EXCLUDE,,Cycling,
openalex,S1400,https://doi.org/10.4103/ijcm.ijcm_72_24,2025,Work-Related Musculoskeletal Disorders and Some Related Risk Factors among City Bus Drivers: A Cross-Sectional Study in Central India,Indian Journal of Community Medicine,C_india,EXCLUDE,,Driver health,
openalex,S1401,https://doi.org/10.1007/s44327-026-00337-6,2026,Socioeconomic determinants of per capita household carbon dioxide emissions: evidence from Lucknow India,Discover Cities,C_india,EXCLUDE,,Household emissions,
openalex,S1402,https://doi.org/10.5281/zenodo.18831333,2025,A Comparative Analysis of Urbanization Patterns in Major Indian Metropolises Using Remote Sensing and GIS,Zenodo (CERN European Organization for Nuclear Research),C_india;C_global_south,EXCLUDE,,Urbanisation remote sensing,
openalex,S1403,https://doi.org/10.5281/zenodo.18831334,2025,A Comparative Analysis of Urbanization Patterns in Major Indian Metropolises Using Remote Sensing and GIS,Zenodo (CERN European Organization for Nuclear Research),C_india;C_global_south,EXCLUDE,,Urbanisation remote sensing,
openalex,S1404,https://doi.org/10.1504/ijpm.2025.145908,2025,Scheduling of bus rapid transit station construction project using dependency structure matrix in India,International Journal of Procurement Management,C_india,EXCLUDE,,Construction scheduling,
openalex,S1405,,2012,Ergonomic analysis of a traditional vehicle plying in rural and semi-urban areas in western India.,PubMed,C_india,EXCLUDE,,Ergonomics,
openalex,S1406,,2009,The Success Story of Transport Authority in Delhi,Public transport international,C_india,MAYBE,2.7,Delhi transport authority institutional reform,
openalex,S1407,https://doi.org/10.37648/ijrssh.v15i03.007,2025,Shakti Yojane in Karnataka: Empowering Women through Free Bus Travel – A Field-Based Assessment,International Journal of Research in Social Sciences and Humanities,C_india,EXCLUDE,,Free fare scheme impact,
openalex,S1408,,2014,Managing urban traffic congestions by reducing private car use - a behavioural approach to change,EXCEL International Journal of Multidisciplinary Management Studies,C_india,EXCLUDE,,Behaviour change,
openalex,S1409,https://doi.org/10.1080/24724718.2021.1930946,2019,How do NDC and UN’s sustainable development goals introduce new meaning of sustainability within mega transport project appraisals?,Journal of Mega Infrastructure & Sustainable Development,C_india,EXCLUDE,,Metro appraisal,
openalex,S1410,,2012,Introduction of ITS Technology to Hyderabad Metropolitan Area,19th ITS World CongressERTICO - ITS EuropeEuropean CommissionITS AmericaITS Asia-Pacific,C_india,EXCLUDE,,ITS introduction,
openalex,S1411,,2004,COMPREHENSIVE TRAFFIC MANAGEMENT IN URBAN AREAS,Indian highways,C_india,EXCLUDE,,Traffic management,
openalex,S1412,https://doi.org/10.32628/ijsrst218548,2021,Survey Analysis for Quality Enhancement of MSRTC Bus Station - A Review Research,International Journal of Scientific Research in Science and Technology,C_india,EXCLUDE,,Bus station QFD survey,
openalex,S1413,https://doi.org/10.47893/ijess.2012.1039,2012,Simulation of a Real-Time Bus Arrival Predictor using RFID and LabVIEW,International Journal of Electronics Signals and Systems,C_india,EXCLUDE,,Arrival predictor,
openalex,S1414,https://doi.org/10.48175/ijarsct-30011,2025,QR Code Based Bus Pass Authentication System,International Journal of Advanced Research in Science Communication and Technology,C_india,EXCLUDE,,QR pass,
openalex,S1415,https://doi.org/10.5281/zenodo.20580028,2026,A Study on the Economic and Operational Performance of Maharashtra State Road Transport Corporation (MSRTC),Zenodo (CERN European Organization for Nuclear Research),C_india,MAYBE,2.7,MSRTC operational performance analysis,
openalex,S1416,https://doi.org/10.5281/zenodo.20580029,2026,A Study on the Economic and Operational Performance of Maharashtra State Road Transport Corporation (MSRTC),Zenodo (CERN European Organization for Nuclear Research),C_india,MAYBE,2.7,MSRTC operational performance analysis,
openalex,S1417,https://doi.org/10.1016/j.geogeo.2026.100529,2026,Urban roadside air pollution and human health: Real-time insights into fine particle exposure,Geosystems and Geoenvironment,C_india;C_global_south,EXCLUDE,,Air pollution,
openalex,S1418,https://doi.org/10.34256/ijohs1111,2024,A Study on Passenger Satisfaction on Bus Transport with Reference to Coimbatore District,International Journal of Humanities and Sciences,C_india,EXCLUDE,,Satisfaction survey,
openalex,S1419,,2015,Review on road safety aspect in transportation,Indian Journal Of Applied Research,C_india,EXCLUDE,,Safety,
openalex,S1420,,2021,“Feasibility Study of Green Building in Metro’s Operation”,Journal of Emerging Technologies and Innovative Research,C_india,EXCLUDE,,Metro green building,
openalex,S1421,https://doi.org/10.1007/s44290-025-00395-6,2026,Travel mode choice and time valuation differences between commuters and non-commuters in Bhopal,Discover Civil Engineering,C_india,EXCLUDE,,Mode choice,
openalex,S1422,https://doi.org/10.3390/app16189071,2026,Multi-Criteria MILP Model Integrating Kirchhoff’s Current Law for Optimal Green Feeder Bus Network Design: A Case Study of Ho Chi Minh City Metro Line 1,Applied Sciences,A_core_design;A_freq_fleet,INCLUDE,2.2,MILP feeder bus network design,
openalex,S1423,,2004,AGENDA: Energy Field Tour 2004,Colorado Law Scholarly Commons (University of Colorado Colorado Springs),C_india,EXCLUDE,,Tour agenda,
openalex,S1424,,2004,Practical solutions for transport access of urban residents with disabilities,,C_india,EXCLUDE,,Disability access,
openalex,S1425,https://doi.org/10.63665/eijmr.v01i01.3,2025,Sustainable Urban Mobility and Smart Infrastructure: Evaluating Policy Impact in Emerging Economies,Edulogic International Journal for Multi Disciplinary Research,C_india,EXCLUDE,,Policy impact general,
openalex,S1426,https://doi.org/10.38193/ijrcms.2025.7421,2025,AI DRIVEN INNOVATIONS OF BRT MODE IN TRANSPORTATION SYSTEM,International Journal of Research In Commerce and Management Studies,C_india,EXCLUDE,,AI BRT general,
openalex,S1427,,2020,Vehicular air pollution and its Legislation control,Journal of Emerging Technologies and Innovative Research,C_india,EXCLUDE,,Air pollution law,
openalex,S1428,https://doi.org/10.1080/21650020.2026.2658212,2026,Is fare-free urban transport a path to women's empowerment? evaluating safety and mobility outcomes: evidence from Delhi’s pink pass policy,Urban Planning and Transport Research,C_india,EXCLUDE,,Fare-free pink pass,
openalex,S1429,https://doi.org/10.5281/zenodo.20021949,2026,To Study the Financial Impact of Rising Fuel Prices on Public,Zenodo (CERN European Organization for Nuclear Research),C_india,EXCLUDE,,Fuel prices finance,
openalex,S1430,https://doi.org/10.5281/zenodo.20021950,2026,To Study the Financial Impact of Rising Fuel Prices on Public,Zenodo (CERN European Organization for Nuclear Research),C_india,EXCLUDE,,Fuel prices finance,
openalex,S1431,https://doi.org/10.56975/jaafr.v3i12.501808,2025,PARKING VOLUME ANALYSIS AT MAJOR TRANSPORT HUBS IN RAICHUR CITY: A COMPREHENSIVE STUDY,JOURNAL OF ADVANCE AND FUTURE RESEARCH,C_india,EXCLUDE,,Parking,
openalex,S1432,,2013,Urban transport system : issues and challenges,National Geographical Journal of India,C_india,EXCLUDE,,General transport issues,
openalex,S1433,https://doi.org/10.22214/ijraset.2019.4223,2019,Impact Assessment of Taxi Services in Nagpur City: A Review,International Journal for Research in Applied Science and Engineering Technology,C_india,EXCLUDE,,Taxi impacts,
openalex,S1434,,2011,Can Standardisation only Bring the Sustainability in Mobility Sector,Invertis Journal of Science & Technology,C_india,EXCLUDE,,Standardisation,
openalex,S1435,https://doi.org/10.34293/acsjse.v3i2.84,2023,Crack in Railway Track Detection and Alerting,ACS Journal for Science and Engineering,C_india,EXCLUDE,,Railway,
openalex,S1436,https://doi.org/10.20961/sp.v20i2.103755,2025,A Bibliometric Analysis of Public Transportation Management-Based Sustainable Development,Spirit Publik Jurnal Administrasi Publik,C_india,EXCLUDE,,Bibliometric,
openalex,S1437,https://doi.org/10.5281/zenodo.18655711,2020,Mode Shift Behavior Study with Respect to Introduction of Metro Rail System in Indore City,Zenodo (CERN European Organization for Nuclear Research),C_india,EXCLUDE,,Metro mode shift,
openalex,S1438,https://doi.org/10.1016/j.cie.2026.112322,2026,A decision-support framework for evaluating bus network design: Machine learning classification and two-stage network DEA,Computers & Industrial Engineering,A_core_design;A_rationalisation;B_accessibility,INCLUDE,2.6,Bus network design evaluation ML and DEA,
openalex,S1439,https://doi.org/10.1016/j.trb.2026.103542,2026,A bilevel model and a column generation heuristic for the transit network design and frequency setting problem with capacity constraints,Transportation Research Part B Methodological,A_core_design,INCLUDE,2.2,Bilevel transit network design and frequency setting,
openalex,S1440,https://doi.org/10.1016/j.trb.2026.103448,2026,Rapid transit network design via convex optimization: The role of sparsity and entropy-based regularizers,Transportation Research Part B Methodological,A_core_design,EXCLUDE,,Rapid transit network design; rail-oriented,
openalex,S1441,,2017,Identifying Urban Activity Centers to Support Transit Network Design Using an Automated GIS Tool,Transportation Research Board 96th Annual MeetingTransportation Research Board,A_core_design,INCLUDE,2.5,GIS tool for activity centres in network design,
openalex,S1442,,2010,Solving the bus network design problem for the suburban area in Hong Kong by a hybrid genetic algorithm,,A_core_design,INCLUDE,2.2,Bus network design GA Hong Kong,
openalex,S1443,https://doi.org/10.7319/kogsis.2026.34.2.003,2026,Reinforcement Learning-Based Transit Network Design: Using RAPTOR-Based Travel Cost Evaluation,Journal of Korean Society for Geospatial Information Science,A_core_design,INCLUDE,2.2,RL transit network design,
openalex,S1444,,2016,Where desparation planning meets reparations planning :transit as an agent of equity in the shaping of Detroit'sfuture; Where desperation planning meets reparations planning :transit as an agent of equity in the shaping of Detroit'sfuture; Transit as an agent of equity in the shaping ofDetroit's future,,A_core_design;B_equity,MAYBE,2.6,Transit equity planning Detroit,
openalex,S1445,,2010,Analysis on Topology Frame of Multi-level Transit System Network,Journal of Highway and Transportation Research and Development,A_core_design,INCLUDE,2.2,Multi-level transit network topology,
openalex,S1446,https://doi.org/10.11175/easts.11.155,2015,Bi-level Transit Subsidy Optimization Models under Ecological Footprint Constraints,Journal of the Eastern Asia Society for transportation studies/Journal of the Eastern Asia Society for Transportation Studies,A_core_design,EXCLUDE,,Subsidy allocation,
openalex,S1447,,2015,New approach to calculation of a transfer matrix in a transit network,Transport Research Forum,A_core_design,INCLUDE,2.6,Transfer matrix metric for transit network evaluation,
openalex,S1448,,2017,Optimization of service frequencies in bus networks with harmony search algorithm: An application on Mandl’s test network,DergiPark (Istanbul University),A_core_design,INCLUDE,2.2,Bus frequency optimisation harmony search,
openalex,S1449,https://doi.org/10.5937/tehnika1503495n,2015,A model of choice a public transit network by data envelopment analysis,Tehnika,A_core_design,INCLUDE,2.2,Transit network choice via DEA,
openalex,S1450,https://doi.org/10.1007/s11067-026-09765-8,2026,"A Modified Genetic Algorithm for Solving the Joint Regular Bus Route Design, Express Bus Service Design, and Frequency Setting Problem",Networks and Spatial Economics,A_core_design;A_freq_fleet,INCLUDE,2.2,"Joint route, express and frequency design GA",
openalex,S1451,,2008,Urban Rapid Transit Network Capacity Expansion,Hispana,A_core_design,EXCLUDE,,Rapid transit expansion,
openalex,S1452,,2007,Development of Integrated Design Model for Transit Network,Transportation Research Board 86th Annual MeetingTransportation Research Board,A_core_design;A_freq_fleet,INCLUDE,2.2,Integrated transit network design model,
openalex,S1453,https://doi.org/10.1016/j.trpro.2026.02.086,2026,A two-stage linear programming model for efficient optimization of public transport network design,Transportation research procedia,A_core_design,INCLUDE,2.2,Two-stage LP public transport network design,
openalex,S1454,,2015,Multi-level and Multi-mode Optimization Model for Transit Route Network Design,Transportation Research Board 94th Annual MeetingTransportation Research Board,A_core_design,INCLUDE,2.2,Multi-level multi-mode route network design,
openalex,S1455,,2011,Integrated Inter-city Transit Network Design Model and Algorithm for Urban Agglomerations,Systems Engineering,A_core_design,MAYBE,2.2,Inter-city transit network design,
openalex,S1456,https://doi.org/10.48550/arxiv.2502.19430,2025,A systematic literature review on the application of analytical approaches and mathematical programming in public bus transit network design and operations planning: Part II,arXiv (Cornell University),A_core_design,INCLUDE,2.2,Review of bus network design mathematical programming,
openalex,S1457,,2015,Flexible transit network design with and without branching under spatially heterogeneous demand,Illinois Digital Environment for Access to Learning and Scholarship (University of Illinois at Urbana-Champaign),A_core_design,MAYBE,2.2,Flexible-route transit network design,
openalex,S1458,,2007,Model Structure and its Solution of Analytical Research on Transit Network Design,Journal of the Eastern Asia Society for transportation studies/Journal of the Eastern Asia Society for Transportation Studies,A_core_design,INCLUDE,2.2,Analytical transit network design model structure,
openalex,S1459,,2014,Non-branching hybrid transit network design under heterogeneous demand,,A_core_design,INCLUDE,2.2,Hybrid transit network design,
openalex,S1460,https://doi.org/10.11175/easts.12.1299,2018,Schematic Transit Network Design using Minimum Spanning Tree Algorithm,Journal of the Eastern Asia Society for transportation studies/Journal of the Eastern Asia Society for Transportation Studies,A_core_design,INCLUDE,2.2,Schematic transit network design algorithm,
openalex,S1461,https://doi.org/10.1177/03611981251374996,2025,Optimal Design of a Hub-and-Spoke Transit Network with Autonomous Buses Considering Platooning,Transportation Research Record Journal of the Transportation Research Board,A_core_design,INCLUDE,2.2,Hub-and-spoke bus network design,
openalex,S1462,https://doi.org/10.23919/csms.2025.0021,2026,Optimal Design of Bus Transit Networks Incorporating BRT-Lane-Sharing,Complex System Modeling and Simulation,A_core_design,INCLUDE,2.2,Bus network design with BRT lane sharing,
openalex,S1463,https://doi.org/10.7166/32-4-2483,2021,WALK MODELLING WHEN DESIGNING SMALL BUS TRANSIT NETWORKS,The South African Journal of Industrial Engineering,A_core_design,INCLUDE,2.4,Walk modelling in small bus network design,
openalex,S1464,https://doi.org/10.1016/j.multra.2026.100351,2026,Integrating routing preferences into transit route network design via Inverse Reinforcement Learning: A case study in Hong Kong,Multimodal Transportation,A_core_design;B_accessibility,INCLUDE,2.2,Transit route network design via inverse RL,
openalex,S1465,https://doi.org/10.2208/jscejipm.77.5_i_823,2022,BUS NETWORK DESIGN PROBLEM FOR MINIMIZING SOCIAL COSTS: A TWO-STAGE APPROACH UNDER CONSTRAINT OF SPANNING TREE STRUCTURE,Journal of Japan Society of Civil Engineers Ser D3 (Infrastructure Planning and Management),A_core_design,INCLUDE,2.2,Bus network design minimising social costs,
openalex,S1466,https://doi.org/10.1016/j.tbs.2025.101145,2025,Accelerate transit network design problem-solving based on large-scale smart card data and graph-clustering decomposition,Travel Behaviour and Society,A_core_design;AB_demand_data,INCLUDE,2.2,TNDP with smart card data decomposition,
openalex,S1467,https://doi.org/10.4230/oasics.atmos.2015.95,2015,A Mixed Integer Linear Program for the Rapid Transit Network Design Problem with Static Modal Competition (Short Paper),DROPS (Schloss Dagstuhl – Leibniz Center for Informatics),A_core_design,EXCLUDE,,Rapid transit network design,
openalex,S1468,,2018,Pareto Optimal Solutions for the Multi-objective Transit Network Design Problem with Variable Route Set Size,Transportation Research Board 97th Annual MeetingTransportation Research Board,A_core_design,INCLUDE,2.2,Multi-objective TNDP route set size,
openalex,S1469,https://doi.org/10.46501/ijmtst061109,2020,A Study Report of performed on Feeder Bus Network Design and Scheduling Problem (FNDSP): in Chennai Metro Rail Stations (CMRL),International Journal for Modern Trends in Science and Technology,A_core_design,INCLUDE,2.7,Feeder bus network Chennai metro stations,
openalex,S1470,https://doi.org/10.5194/agile-giss-7-24-2026,2026,Linking Public Transport Provision to Functional Regions: Evaluating Transport–Commuting Alignment in Estonia,AGILE GIScience Series,B_open_data,INCLUDE,2.6,PT network alignment with functional regions,
openalex,S1471,https://doi.org/10.1016/j.jpubtr.2026.100149,2026,Open source Digital Twin development pipeline for Public Transport: A case study in Stockholm,Journal of Public Transportation,B_open_data,MAYBE,2.5,Open-source public transport digital twin pipeline,
openalex,S1472,,2009,Optimization of Transit Network Design Using Immune Genetic Algorithm,Journal of Transport Information and Safety,A_core_design,INCLUDE,2.2,TNDP immune genetic algorithm,
openalex,S1473,https://doi.org/10.1007/s10288-021-00491-0,2021,Transit network design: narrowing the gap between theory and practice,4OR,A_core_design,INCLUDE,2.2,Transit network design theory-practice gap,
openalex,S1474,,2011,Stochastic Perspective in Urban Rail Transit Assessment: Consequences for Transit Network Design,Transportation Research Board 90th Annual MeetingTransportation Research Board,A_core_design,EXCLUDE,,Urban rail assessment,
openalex,S1475,,2013,AN APPROCH TO BUS NETWORK DESIGN PROBLEM BY GENETIC ALGORITHM,,A_core_design,INCLUDE,2.2,Bus network design GA,
openalex,S1476,,2013,Reliability Based Transit Network Design with Stochastic Demand,,A_core_design,INCLUDE,2.2,Reliability-based TND stochastic demand,
openalex,S1477,,2014,Robust Dynamic Transit Network Design with Stochastic Demand,,A_core_design,INCLUDE,2.2,Robust dynamic TND stochastic demand,
openalex,S1478,https://doi.org/10.1016/j.tra.2026.105156,2026,Transit network design and frequency setting with elastic demand: a mixed-integer linear programming approach,Transportation Research Part A Policy and Practice,A_core_design;B_accessibility,INCLUDE,2.2,TND and frequency setting elastic demand,
openalex,S1479,,2017,Multi-Technology Rapid Transit Network Design to Maximize Coverage of Acceptable Transit Services (Case Study: The Greater Isfahan),Transportation Research Board 96th Annual MeetingTransportation Research Board,A_core_design;B_accessibility,MAYBE,2.2,Multi-technology rapid transit coverage design Isfahan,
openalex,S1480,,2021,Transit Network Design with Multi-Agent Simulation to Capture Activity-Based Mode Competition,Transportation Research Board 100th Annual MeetingTransportation Research BoardTransportation Research Board,A_core_design,INCLUDE,2.2,TND with multi-agent simulation,
openalex,S1481,,2013,Feeder bus network design problem: a new solving procedure and real size applications,,A_core_design,INCLUDE,2.2,Feeder bus network design procedure,
openalex,S1482,,2019,MULTI-OBJECTIVE TRANSIT NETWORK DESIGN AND FREQUENCY SETTING WITH TWO-STAGE GENETIC ALGORITHM,,A_core_design,INCLUDE,2.2,TND and frequency setting two-stage GA,
openalex,S1483,https://doi.org/10.1016/j.trpro.2019.09.014,2019,Can travel time variability be ignored when solving the transit network design problem?,Transportation research procedia,A_core_design,INCLUDE,2.2,Travel time variability in TNDP,
openalex,S1484,https://doi.org/10.1007/s11067-025-09698-8,2025,Transformation of Bi-level Transit Network Design Problem into Single-objective Unconstrained Optimization,Networks and Spatial Economics,A_core_design,INCLUDE,2.2,Bi-level TNDP transformation,
openalex,S1485,https://doi.org/10.1016/j.apm.2025.116669,2025,A multi-objective optimization approach for the electric transit network design and frequency setting problem,Applied Mathematical Modelling,A_core_design,INCLUDE,2.2,Electric transit network design and frequency,
openalex,S1486,,2017,Campus Bus Network Design and Evaluation Based on the Route Property,Acta Scientiarum Naturalium Universitatis Sunyatseni,A_core_design,INCLUDE,2.2,Campus bus network design,
openalex,S1487,,2015,Solution of community bus network design problem in Nonoichi city,IEICE Technical Report; IEICE Tech. Rep.,A_core_design,INCLUDE,2.2,Community bus network design Nonoichi,
openalex,S1488,,2018,A hierarchical public transit network design method for large networks,mediaTUM – the media and publications repository of the Technical University Munich (Technical University Munich),A_core_design,INCLUDE,2.2,Hierarchical transit network design large networks,
openalex,S1489,https://doi.org/10.5194/isprs-archives-l-4-w1-2026-35-2026,2026,"An Open Geospatial Framework for Proximity-Based Community Planning: Integrating Mobility-Based Community Detection, Multimodal Accessibility and Facility Allocation Optimisation","The international archives of the photogrammetry, remote sensing and spatial information sciences/International archives of the photogrammetry, remote sensing and spatial information sciences",B_open_data,MAYBE,2.5,Open geospatial framework accessibility planning,
openalex,S1490,https://doi.org/10.3390/urbansci10040208,2026,Estimating the Impact of High-Frequency Public Transit on Employment Outcomes in Chicago Neighborhoods,Urban Science,B_open_data,EXCLUDE,,Employment causal impact,
openalex,S1491,https://doi.org/10.1016/j.apgeog.2026.104088,2026,Multimodal accessibility to healthy food in Stockholm: Identifying food deserts and urban inequalities across travel modes,Applied Geography,B_open_data,EXCLUDE,,Food accessibility,
openalex,S1492,https://doi.org/10.1016/j.urbmob.2026.100283,2026,Beyond the standardization trap: A critical quantitative perspective on disabilities across transit and public spaces,Journal of Urban Mobility,B_open_data,EXCLUDE,,Disability perception accessibility,
openalex,S1493,,2016,2016 (May) Mass Transit Spatial Layers for New York City Geodatabase,Faculty Digital Archive (New York University Florence),B_open_data,MAYBE,2.5,GTFS-derived transit layers NYC,
openalex,S1494,,2012,Estimating Individual Travel Times for Public Transit Passengers,,B_open_data,INCLUDE,2.3,Passenger travel times from farecard data,
openalex,S1495,https://doi.org/10.3390/world7070126,2026,Beyond Proximity: Multimodal Job Accessibility Within 15–30 Min and Urban Inequality,World,B_open_data,MAYBE,2.6,Multimodal job accessibility inequality Porto Alegre,
openalex,S1496,https://doi.org/10.5194/isprs-annals-xii-4-w1-2026-41-2026,2026,Dynamic 3D Solar Irradiation Modelling for Vehicle-Integrated Photovoltaics. High-Resolution Route-Based Assessment of Electric Bus Fleets Using CityGML and Distributed PostGIS Processing,"ISPRS annals of the photogrammetry, remote sensing and spatial information sciences",B_open_data,EXCLUDE,,Solar PV electric buses,
openalex,S1497,,2019,Measurement of effective transit supply index between OD pairs,QUT ePrints (Queensland University of Technology),B_open_data,INCLUDE,2.6,Transit supply index between OD pairs,
openalex,S1498,,2011,Bicycle Route Planners Promoting Sustainable Commuting,18th ITS World CongressTransCoreITS AmericaERTICO - ITS EuropeITS Asia-Pacific,B_open_data,EXCLUDE,,Bicycle planners,
openalex,S1499,,2012,Using open source transit timetable databases in transport model development,,B_open_data,INCLUDE,2.5,Open transit timetable data in models,
openalex,S1500,https://doi.org/10.55905/revconv.18n.1-197,2025,Gtfswizard: a set of tools for exploring and manipulating general transit feed specification in R language,Contribuciones a las Ciencias Sociales,B_open_data,MAYBE,2.5,GTFS manipulation tools in R,
openalex,S1501,https://doi.org/10.1016/j.trip.2025.101516,2025,Introducing PtAC – an open source tool to assess SDG 11.2 using open data,Transportation Research Interdisciplinary Perspectives,B_open_data,INCLUDE,2.5,Open-source SDG 11.2 tool using open data,
openalex,S1502,,2016,Combining robustness and recovery in rapid transit network design,Hispana,A_core_design,EXCLUDE,,Rapid transit robustness,
openalex,S1503,https://doi.org/10.12783/dtem/icem2017/13144,2017,Transit Network Design Based on the Bi-Level Programming,DEStech Transactions on Economics Business and Management,A_core_design,INCLUDE,2.2,Bi-level programming transit network design,
openalex,S1504,,2007,Review on the Analytic Research of Transit Network Design,,A_core_design,INCLUDE,2.2,Review of transit network design research,
openalex,S1505,,2007,Stochastic Urban Rapid Transit Network Design.,,A_core_design,EXCLUDE,,Rapid transit network design,
openalex,S1506,https://doi.org/10.1007/s12469-024-00386-3,2025,Integrating vulnerability analysis in transit network design,Public Transport,A_core_design,INCLUDE,2.2,Vulnerability in transit network design,
openalex,S1507,https://doi.org/10.1201/9781315368986-16,2017,Transit Network Design with Stochastic Demand,,A_core_design,INCLUDE,2.2,TND stochastic demand,
openalex,S1508,,2014,Reliability-based transit network design,,A_core_design,INCLUDE,2.2,Reliability-based TND,
openalex,S1509,,2018,Clustering Algorithms for Transit Network Design,,A_core_design,INCLUDE,2.2,Clustering algorithms for TND,
openalex,S1510,,2003,INTEGRATED TRANSIT NETWORK DESIGN,,A_core_design,INCLUDE,2.2,Integrated transit network design,
openalex,S1511,,2011,Research on Transit Routes Network Design Based on Improved Genetic Algorithm,Jisuanji fangzhen,A_core_design,INCLUDE,2.2,Bus route network improved GA,
openalex,S1512,,2014,Solving the feeder bus network design problem by partition cluster approaches,Journal of Northwest Normal University,A_core_design,INCLUDE,2.2,Feeder bus network design clustering,
openalex,S1513,https://doi.org/10.4230/oasics.atmos.2021.18,2021,An Integrated Model for Rapid and Slow Transit Network Design (Short Paper),DROPS (Schloss Dagstuhl – Leibniz Center for Informatics),A_core_design,MAYBE,2.2,Rapid and slow transit integrated design,
openalex,S1514,https://doi.org/10.1016/j.ejor.2026.04.020,2026,An exact approach for the transit route network design problem,European Journal of Operational Research,A_core_design,INCLUDE,2.2,Exact approach transit route network design,
openalex,S1515,https://doi.org/10.1080/03081060.2025.2465552,2025,Sustainable transit network design considering photovoltaic-storage-charging depot,Transportation Planning and Technology,A_core_design,EXCLUDE,,Electric bus charging depot focus,
openalex,S1516,,2013,HEURISTIC BUS NETWORK DESIGN METHOD USING GRAPH THEORY,,A_core_design,INCLUDE,2.2,Heuristic bus network design graph theory,
openalex,S1517,,2012,Process Bus Network Design and LAN-Switch Configuration and Management,Northeast Electric Power Technology,A_core_design,EXCLUDE,,Electrical process bus,
openalex,S1518,https://doi.org/10.46852/0424-2513.2s.2023.36,2023,The Impact of Open Data on Economic Growth and Development in Ukraine,Economic Affairs,B_open_data,EXCLUDE,,Open data economy,
openalex,S1519,https://doi.org/10.3390/math14091503,2026,Mathematical Modeling of Transit Network Spatiotemporal Dynamics: A Data-Efficient Graph-BiLSTM Architecture for Segment-Level Travel Time Forecasting,Mathematics,B_open_data,EXCLUDE,,Travel time forecasting,
openalex,S1520,,2014,"A Recipe for an Online, Geospatial Transit Performance Archive",PDXScholar  (Portland State University),B_open_data,MAYBE,2.5,Transit performance archive from open data,
openalex,S1521,https://doi.org/10.31202/ecjse.1835852,2026,Design of a GNSS-Based Bus Stop Positioning and Real-Time Bus Tracking System with Web Map Integration,El-Cezeri Fen ve Mühendislik Dergisi,B_open_data,EXCLUDE,,Bus stop positioning tracking,
openalex,S1522,https://doi.org/10.54740/ros.2024.060,2024,The Essence of Multimodal Travel and Key Standards for Data Exchange in Public Transport,Rocznik Ochrona Środowiska,B_open_data,EXCLUDE,,Multimodal data exchange standards,
openalex,S1523,https://doi.org/10.17586/2226-1494-2023-23-3-553-563,2023,Role discovery in node-attributed public transportation networks: the study of Saint Petersburg city open data,Scientific and technical journal of information technologies mechanics and optics,B_open_data,MAYBE,2.6,Public transport network roles from open data,
openalex,S1524,https://doi.org/10.3390/su172210012,2025,Impact of Traffic Calming Zones (TCZs) in Cities on Public Transport Operations,Sustainability,B_open_data,EXCLUDE,,Traffic calming impacts,
openalex,S1525,https://doi.org/10.18452/37466,2026,Modelling Temporal Public Transport Systems in Wikidata,,B_open_data,EXCLUDE,,Wikidata history,
openalex,S1526,https://doi.org/10.1016/j.aej.2026.03.006,2026,"Assessing public transport equity: The case of Alexandria, Egypt",Alexandria Engineering Journal,B_open_data,INCLUDE,2.6,Public transport equity assessment Alexandria,
openalex,S1527,,2019,Webinar: Social Transportation Analytic Toolbox (STAT) for Transit Networks,PDXScholar  (Portland State University),B_open_data,MAYBE,2.5,Open-source toolbox for transit planning,
openalex,S1528,https://doi.org/10.1177/07349149261465369,2026,Does Public Transit Serve People Experiencing Homelessness? A National Assessment of Homeless Shelter Accessibility in the US,Public Administration Quarterly,B_open_data;B_equity,MAYBE,2.6,Transit accessibility equity homeless shelters,
openalex,S1529,,2011,“Go_Sync- A Framework To Synchronize Mapping Contributions From Online Communities And Transit Agency Bus Stop Inventories”,,B_open_data,MAYBE,2.5,Syncing OSM with bus stop inventories,
openalex,S1530,,2008,Bus Network Design Based on Ant Colony Optimization,Communications Standardization,A_core_design,INCLUDE,2.2,Bus network design ant colony,
openalex,S1531,,2010,RAIL TRANSIT NETWORK DESIGN WITH THE SUPPORT OF A SIMULATION LIBRARY,,A_core_design,EXCLUDE,,Rail network design,
openalex,S1532,,2017,Analyzing Transit Network Design versus Urban Dispersion,"World Academy of Science, Engineering and Technology, International Journal of Transport and Vehicle Engineering",A_core_design,INCLUDE,2.2,Transit network design vs dispersion,
openalex,S1533,,2018,Data-Driven Optimization Models for Feeder Bus Network Design,UWM Digital Commons (University of Wisconsin–Milwaukee),A_core_design,INCLUDE,2.2,Data-driven feeder bus network design,
openalex,S1534,https://doi.org/10.21949/1526636,2013,Paratransit and Transit Integration Areawide Demand Responsive Transportation System - Program Synopsis,ROSA P,C_global_south,EXCLUDE,,Demand responsive program synopsis,
openalex,S1535,,2001,TRANSITIONING FROM PARATRANSIT TO FIXED ROUTE: A CONSUMER EDUCATION MODEL,,C_global_south,EXCLUDE,,Paratransit consumer education,
openalex,S1536,https://doi.org/10.5281/zenodo.17766819,2025,BusFlow: A Smart Transit System for Real-Time Bus Tracking and Crowd Management in Bengaluru,Zenodo (CERN European Organization for Nuclear Research),B_open_data,EXCLUDE,,Bus tracking crowd prediction,
openalex,S1537,https://doi.org/10.5281/zenodo.17766820,2025,BusFlow: A Smart Transit System for Real-Time Bus Tracking and Crowd Management in Bengaluru,Zenodo (CERN European Organization for Nuclear Research),B_open_data,EXCLUDE,,Bus tracking crowd prediction,
openalex,S1538,https://doi.org/10.1177/18761364261426758,2026,Analysis of walkability surrounding the future bus rapid transit lines in the city of Coimbra,Journal of Ambient Intelligence and Smart Environments,B_open_data,EXCLUDE,,Walkability around BRT,
openalex,S1539,https://doi.org/10.3390/futuretransp5030125,2025,Prediction of Passenger Load at Key BRT (Bus Rapid Transit) Stations,Future Transportation,B_open_data,EXCLUDE,,Passenger load prediction,
openalex,S1540,https://doi.org/10.1016/j.trpro.2026.02.041,2026,Assessment of transit stop accessibility and usage potential using detailed synthetic populations,Transportation research procedia,B_open_data,INCLUDE,2.4,Stop catchment accessibility with synthetic populations,
openalex,S1541,https://doi.org/10.14398/urpr.9.122,2022,Conceptual Framework of Environmentally Sustainable Transportation in Local Public Transport Route Planning,Urban and Regional Planning Review,C_global_south,MAYBE,2.2,Sustainability framework for route planning,
openalex,S1542,,2004,A citizen consensus framework for planning neighbourhood bus routes,,C_global_south,MAYBE,2.2,Citizen consensus planning neighbourhood bus routes,
openalex,S1543,https://doi.org/10.14500/aro.12185,2025,Formalizing Public Transit in Mid-Sized Developing Cities,ARO-The Scientific Journal of Koya University,C_global_south,INCLUDE,2.7,Formalising transit in developing mid-sized cities,
openalex,S1544,,2013,A metaheuristics methodology for feeder bus network design problem,,A_core_design,INCLUDE,2.2,Metaheuristic feeder bus network design,
openalex,S1545,,2014,Vertical Equity in a Transit Network Design Problem Model,Transportation Research Board 93rd Annual MeetingTransportation Research Board,A_core_design;B_accessibility;B_equity,INCLUDE,2.6,Vertical equity in transit network design,
openalex,S1546,https://doi.org/10.4028/www.scientific.net/amm.505-506.840,2014,Transit Network Design Model Based on Transport Efficiency,Applied Mechanics and Materials,A_core_design,INCLUDE,2.2,Transit network design on transport efficiency,
openalex,S1547,https://doi.org/10.5334/johd.458,2026,Modelling Temporal Public Transport Systems in Wikidata: A Workflow for Integrating Historical Infrastructure Data,Journal of Open Humanities Data,B_open_data,EXCLUDE,,Wikidata history,
openalex,S1548,https://doi.org/10.48295/et.2024.97.4,2024,Level of Propensity: a zonal metric for evaluating the multimodal option Electric Micromobility and Public Transport,European Transport/Trasporti Europei,B_open_data,EXCLUDE,,Micromobility metric,
openalex,S1549,,2021,Assessing the spatial impacts of unreliable public transport systems: A quasi real-time data-driven approach,mediaTUM  (Technical University of Munich),B_open_data,MAYBE,2.6,Data-driven unreliability performance indicators,
openalex,S1550,,2017,SMART PUBLIC TRANSPORT TRACKING SYSTEM,International Education and Research Journal,C_global_south,EXCLUDE,,Tracking system,
openalex,S1551,,2004,WHY WAIT FOR THE TRAIN? BUS RAPID TRANSIT AS A FIRST OR (MAYBE) FINAL STEP,,C_global_south,EXCLUDE,,BRT policy commentary,
openalex,S1552,https://doi.org/10.3126/jist.v21i1.16033,2016,A Brief Note on Bus Based Evacuation Planning,Journal of Institute of Science and Technology,C_global_south,EXCLUDE,,Evacuation planning,
openalex,S1553,https://doi.org/10.1016/j.trip.2025.101824,2026,Dar es Salaam’s Bus-Rapid-Transit system in view of systemic criticality,Transportation Research Interdisciplinary Perspectives,C_global_south,MAYBE,2.6,Dar es Salaam BRT network criticality analysis,
openalex,S1554,,2007,Bus Rapid Transit in Asia: How Does It Work in a Motorcycle Environment?,,C_global_south,EXCLUDE,,BRT motorcycle environment,
openalex,S1555,https://doi.org/10.3126/injet.v2i2.78657,2025,An Optimized Graph Based Implementation for Efficient Journey Planning with Public Transport in Kathmandu Valley,International Journal on Engineering Technology,C_global_south,MAYBE,2.7,Kathmandu journey planning graph public transport,
openalex,S1556,,2015,Transit network design for columbarium trips: insights of public transport policy measures,,A_core_design,INCLUDE,2.2,Transit network design for specific trips,
openalex,S1557,,2001,BUS TRANSIT NETWORK DESIGN ALLOWING FOR BEHAVIOURAL RESPONSE,,A_core_design;A_freq_fleet;AB_demand_data,INCLUDE,2.2,Bus network design GA behavioural response,
openalex,S1558,,2009,MARTA/CCT Joint Paratransit Service Plan and Implementation- Shared Responsibility/Reciprocity,,C_global_south,EXCLUDE,,Paratransit service plan,
openalex,S1559,https://doi.org/10.1016/j.cstp.2026.101959,2026,A data-light GIS framework for initiating bus stop formalization in mid-sized developing cities,Case Studies on Transport Policy,C_global_south,INCLUDE,2.5,Data-light GIS bus stop formalisation developing cities,
openalex,S1560,,2007,Emerging Wireless Technologies for Coordinating Transit and Paratransit Services - A Final Report on the Cape Cod WiFi Project,,C_global_south,EXCLUDE,,Paratransit wireless project,
openalex,S1561,https://doi.org/10.5281/zenodo.21881206,2026,The Dichotomous Coverage Model: When Formal Networks and Informal Paratransit Collide in A Megacity,Zenodo (CERN European Organization for Nuclear Research),C_global_south;C_permit_regulation,INCLUDE,2.7,Formal network vs informal paratransit coverage model,
openalex,S1562,https://doi.org/10.5281/zenodo.21881205,2026,The Dichotomous Coverage Model: When Formal Networks and Informal Paratransit Collide in A Megacity,Zenodo (CERN European Organization for Nuclear Research),C_global_south;C_permit_regulation,INCLUDE,2.7,Formal network vs informal paratransit coverage model,
openalex,S1563,,2021,Understanding The Reform Of Public Transit In India,Turkish Journal of Computer and Mathematics Education (TURCOMAT),C_global_south,MAYBE,2.7,Indian public transit reform,
openalex,S1564,https://doi.org/10.1504/writr.2018.089534,2018,Bus stop network catchment analysis of integrated feeder service for public bus transit system - a case study of Ahmedabad City,World Review of Intermodal Transportation Research,C_global_south,INCLUDE,2.4,Bus stop catchment analysis Ahmedabad,
openalex,S1565,https://doi.org/10.1016/j.retrec.2026.101792,2026,Paratransit networks inefficiencies and future directions: Case of Nairobi metropolitan area,Research in Transportation Economics,C_global_south,INCLUDE,2.7,Paratransit network inefficiencies Nairobi,
openalex,S1566,,2005,Where the Bus Meets the Customer - An Inventory and Assessment of Bus Stops,,C_global_south,EXCLUDE,,Bus stop inventory safety,
openalex,S1567,,2014,"Modifying traffic routes and bus stations down town ""Hamedan"" using geographically informational systems(GIS)",Journals & Books Hosting (International Knowledge Sharing Platform),C_global_south,MAYBE,2.2,GIS modification of bus routes Hamedan,
openalex,S1568,,2001,ADA Complementary Paratransit Service: Exemplary Practices - 10 Years Later,,C_global_south,EXCLUDE,,ADA paratransit,
openalex,S1569,https://doi.org/10.18034/abcjar.v10i1.571,2021,Optimization of Bike Routes for Sustainable Urban Road Network,ABC Journal of Advanced Research,C_global_south,EXCLUDE,,Bike routes,
openalex,S1570,https://doi.org/10.20372/nadre/10465,2015,Integrated Urban Drainage System; the Case of Ayat to Megenagna Light Rail Transit Route,National Academic Digital Repository of Ethiopia,C_global_south,EXCLUDE,,Drainage,
openalex,S1571,,2005,The Application of Advanced Technologies in an Emergency Paratransit Start-Up: The Baltimore Experience,,C_global_south,EXCLUDE,,Emergency paratransit,
openalex,S1572,https://doi.org/10.1007/s42452-026-09635-5,2026,Review of sustainable public transport alternatives in low- and middle income cities,Discover Applied Sciences,C_global_south,MAYBE,2.7,Review sustainable transport low-middle income cities,
openalex,S1573,https://doi.org/10.32996/jmcie.2023.4.3.2,2023,"Study of Paratransit Transport Tragel Model as a Feeder in Tamalanrea District, Makassar City",Journal of Mechanical Civil and Industrial Engineering,C_global_south,MAYBE,2.7,Paratransit feeder model Makassar,
openalex,S1574,https://doi.org/10.2495/ut030691,2003,MASS TRANSIT SYSTEM (LRT) PLANNING FOR URBAN COMMUTERS ALONG A BUSIEST CORRIDOR,WIT transactions on the built environment,C_global_south,EXCLUDE,,LRT planning,
openalex,S1575,https://doi.org/10.1016/j.trpro.2026.02.074,2026,Feasibility and Impact of Automated Vehicles in Peri Urban Public Transport,Transportation research procedia,C_global_south,EXCLUDE,,Automated vehicles,
openalex,S1576,,2016,Deliberation of Providing Dial-a-Ride Service for Vulnerable Groups in Urban Transit Planning,Transportation Research Board 95th Annual MeetingTransportation Research Board,C_global_south,EXCLUDE,,Dial-a-ride,
openalex,S1577,https://doi.org/10.29121/shodhkosh.v5.iicomabe.2024.2256,2024,EVALUATING THE TIME AND COST EFFICIENCY OF PUBLIC TRANSPORT SYSTEM IN DELHI,ShodhKosh Journal of Visual and Performing Arts,C_global_south,MAYBE,2.7,Delhi public transport efficiency evaluation,
openalex,S1578,,2002,"Planning And Implementing The First Public Transit System In Charlotte County, FL",,C_global_south,EXCLUDE,,First transit system implementation,
openalex,S1579,,2007,"Despite Challenges, Paratransit Providers Find Ways to Improve Service",Metrologia,C_global_south,EXCLUDE,,Paratransit,
openalex,S1580,,2001,ASSESSING THE IMPACT OF ITS ON PERSONALIZED PUBLIC TRANSPORT,,C_global_south,EXCLUDE,,ITS architectures,
openalex,S1581,https://doi.org/10.55645/jtriste.v10i1.477,2023,WEB-BASED MINIBUS CAR BOOKING APPLICATION,JTRISTE,C_global_south,EXCLUDE,,Booking app,
openalex,S1582,,2001,DEFINING THE MTA ROLE IN COORDINATING COMMUNITY-BASED SERVICE IN LOS ANGELES COUNTY,,C_global_south,EXCLUDE,,Community services coordination,
openalex,S1583,https://doi.org/10.21949/1526692,2013,"Transportation Brokerage Demonstration - Bridgeport, Connecticut",ROSA P,C_global_south,EXCLUDE,,Brokerage demonstration,
openalex,S1584,https://doi.org/10.5281/zenodo.5760002,2017,Design and Development of an Amphibian Ambulance for Riverine Areas,Zenodo (CERN European Organization for Nuclear Research),C_global_south,EXCLUDE,,Ambulance,
openalex,S1585,https://doi.org/10.1155/cplx/4292477,2026,Dynamic Road‐Network Hybrid Optimization for Vehicle‐Based Emergency Evacuation (Case Study: Qom),Complexity,C_global_south,EXCLUDE,,Evacuation,
openalex,S1586,,2002,GETTING THE WORD OUT: A PRESENTATION FORMAT DESIGNED TO EDUCATE PEOPLE ABOUT PUBLIC TRANSPORTATION OPTIONS FOR PEOPLE WITH DISABILITIES,,C_global_south,EXCLUDE,,Disability education,
openalex,S1587,https://doi.org/10.1016/j.asej.2026.104328,2026,Spatial planning of sustainable transportation with an emphasis on climate change (Case Study: Tehran Province),Ain Shams Engineering Journal,C_global_south,EXCLUDE,,Climate spatial planning,
openalex,S1588,,2013,Workforce Challenges in the Transit Industry in Pennsylvania: Trends and Implications for Human Resource Practitioners,Competition Forum,C_global_south,EXCLUDE,,Workforce,
openalex,S1589,https://doi.org/10.3126/kuset.v15i2.63356,2021,Study and Optimization of Existing Ventilation System of Public Buses Using Computational Fluid Dynamics,Kathmandu University Journal of Science Engineering and Technology,C_global_south,EXCLUDE,,Ventilation,
openalex,S1590,https://doi.org/10.1080/03081060.2026.2675480,2026,Improving urban mobility through a chartered bus policy for large employers: a public policy and optimization-based approach,Transportation Planning and Technology,C_global_south,MAYBE,2.7,Chartered bus policy optimisation developing country,
openalex,S1591,https://doi.org/10.12731/2227-930x-2021-11-3-45-56,2021,STUDY OF THE MOVEMENT INTENSITY OF URBAN PASSENGER TRANSPORT THROUGH BUS STOP POINTS,International Journal of Advanced Studies,C_global_south,MAYBE,2.3,Passenger movement intensity at bus stops,
openalex,S1592,https://doi.org/10.37500/ijessr.2024.7304,2024,"ECONOMIC IMPACT OF COMMUTERS AND DRIVERS’ PERCEPTION OF MINIBUS (KOROPE) AS A MEANS OF PUBLIC TRANSPORTATION IN OSOGBO, OSUN STATE, NIGERIA",International Journal of Education and Social Science Research,C_global_south,MAYBE,2.7,Minibus perception survey Nigeria,
openalex,S1593,https://doi.org/10.7916/d8-dr9j-hk87,2019,"Governance and Transportation in Nairobi, Kenya: Understanding How Policy, Planning, and Levels of Governance Alter Mobility through a Multi-Modal Network Analysis",,C_global_south,MAYBE,2.7,Nairobi matatu network governance analysis,
openalex,S1594,,2006,"OCTA's Art Leahy Balances Buses, Rail and Freeways",Metrologia,C_global_south,EXCLUDE,,Interview,
openalex,S1595,https://doi.org/10.14419/ijet.v7i3.24.22524,2026,Exploring a Last-Mile Solution in High Density Residential Neighborhood for Transit-Oriented Development,International Journal of Engineering & Technology,C_global_south,EXCLUDE,,Last-mile,
openalex,S1596,,2000,TRANSIT-ASSIGNMENT MODELS. IN: HANDBOOK OF TRANSPORT MODELLING,,C_global_south,MAYBE,2.3,Transit assignment models,
openalex,S1597,https://doi.org/10.1016/j.retrec.2026.101815,2026,"We are not all the same: Preference-based market segmentation among public transport users in Soweto, South Africa",Research in Transportation Economics,C_global_south,EXCLUDE,,Market segmentation survey,
openalex,S1598,https://doi.org/10.1016/j.aeae.2009.08.018,2009,MYTHS AND LEGENDS BY LI FUQING B.L. Riftin – 75 years,Archaeology Ethnology and Anthropology of Eurasia,C_permit_regulation,MAYBE,2.7,Sydney bus reform impact,
openalex,S1599,,2003,Telecommunications for Sustainable Transportation,University of Minnesota Digital Conservancy (University of Minnesota),C_global_south,EXCLUDE,,Telecommunications,
openalex,S1600,,2004,An integration proposal to the transport system of the city of Rio de Janiero,,C_global_south,EXCLUDE,,Rio integration proposal,
openalex,S1601,https://doi.org/10.14569/ijacsa.2026.01705100,2026,MILP for Multimodal Urban Transport: Formal and Informal Sectors,International Journal of Advanced Computer Science and Applications,C_global_south,INCLUDE,2.7,MILP multimodal formal and informal transport,
openalex,S1602,https://doi.org/10.24940/theijhss/2025/v13/i6/hs2506-004,2025,"Modeling the Influence of Transport and Accessibility on Residential Location Choice Using Multinomial Logistic Regression in Kisumu City, Kenya",The International Journal of Humanities & Social Studies,C_global_south,EXCLUDE,,Residential location choice,
openalex,S1603,,2011,Communications Systems. From the Challenges of Legacy Systems to the Uncertainties of Implementing New Technology,,C_global_south,EXCLUDE,,Communications systems,
openalex,S1604,,2011,How very Brighton,BUSES,C_global_south,EXCLUDE,,Bus service anecdote,
openalex,S1605,,2008,Metro Moves to the Left,,C_global_south,EXCLUDE,,Transit agency article,
openalex,S1606,,2013,Analysis of BRT Priority Signal Control System Implementation in Major Intersections of Khon Kaen City,20th ITS World CongressITS Japan,C_global_south,EXCLUDE,,BRT signal priority,
openalex,S1607,https://doi.org/10.58578/yasin.v5i5.6915,2025,Eksternalitas Keberadaan Trans Padang Koridor III sebagai Transportasi Publik,YASIN,C_global_south,EXCLUDE,,Externalities of corridor,
openalex,S1608,,2012,Car Sharing: The flexible subsystem of public passenger transport and element of combined mobility service,Tehnika,C_global_south,EXCLUDE,,Car sharing,
openalex,S1609,,2015,Articulated density - a study of its potential effects on the financial sustainability of South African BRT corridors : transportation engineering,Civil Engineering = Siviele Ingenieurswese,C_global_south,EXCLUDE,,BRT financial density,
openalex,S1610,,2002,PROGRESSIVE DRIVER ASSIGNMENT IN THE ADA ENVIRONMENT,,C_global_south,EXCLUDE,,Driver assignment,
openalex,S1611,,2015,Rogue Valley Transportation District: Making the Impossible...Possible,Community Transportation,C_global_south,EXCLUDE,,Agency case,
openalex,S1612,https://doi.org/10.61799/2216-0388.791,2020,Aplicación móvil para gestionar las rutas del transporte público,Mundo FESC,C_global_south,EXCLUDE,,Mobile app,
openalex,S1613,https://doi.org/10.24084/repqj16.210,2018,Multi-Energy Management System for Chungming Island in China,Renewable Energy and Power Quality Journal,C_global_south,EXCLUDE,,Energy system,
openalex,S1614,https://doi.org/10.23919/pcmp.2024.000072,2025,Bipolar Direct AC/AC Conversion-based Dual-bus Parallel Supply System and Its Flexible Regulation Characteristics,Protection and Control of Modern Power Systems,C_permit_regulation,EXCLUDE,,Electrical,
openalex,S1615,,2006,15 Things You Need to Know About SAFETEA-LU,Metrologia,C_permit_regulation,EXCLUDE,,Legislation,
openalex,S1616,,2016,Ninth Circuit Panel Holds Arbitration Clause Unconscionable,,C_permit_regulation,EXCLUDE,,Legal,
openalex,S1617,https://doi.org/10.15740/has/ijcbm/12.2/46-51,2019,A study on passengers preference towards KSRTC in Thrissur district,INTERNATIONAL JOURNAL OF COMMERCE AND BUSINESS MANAGEMENT,C_permit_regulation,EXCLUDE,,Passenger preference survey,
openalex,S1618,https://doi.org/10.5281/zenodo.51026,2016,Optimising The Traffic Mobility For Sustainable Development For Salem City,INFM-OAR (INFN Catania),C_permit_regulation,EXCLUDE,,Congestion general,
openalex,S1619,https://doi.org/10.47324/ilkominfo.v3i1.95,2020,Design of Operational Management Information Systems for Route Licenses at the Ternate City Transportation Agency based on Android,Jurnal Ilmiah ILKOMINFO - Ilmu Komputer & Informatika,C_permit_regulation,MAYBE,2.7,Route licence management information system Indonesia,
openalex,S1620,,2015,Study on Variation in Accident with Population and Deaths Variation with Registered Vehicles,,C_global_south,EXCLUDE,,Accidents,
openalex,S1621,https://doi.org/10.5281/zenodo.1124962,2016,Urban Corridor Management Strategy Based On Intelligent Transportation System,Zenodo (CERN European Organization for Nuclear Research),C_global_south,EXCLUDE,,ITS corridor,
openalex,S1622,https://doi.org/10.1080/21650020.2026.2664936,2026,School travel mode choice in a secondary city of Pakistan: a comparison of multinomial logit and multilayer perceptron models,Urban Planning and Transport Research,C_global_south,EXCLUDE,,School mode choice,
openalex,S1623,https://doi.org/10.1155/2023/9915905,2023,"Economic, Technical, and Environmental Benefits of Occupants’ Thermal Comfort-Based Heat Loads Participation in Demand Response Program",International Transactions on Electrical Energy Systems,C_global_south,EXCLUDE,,Demand response energy,
openalex,S1624,,2003,2030: A TRANSPORT ODYSSEY,Routes/Roads,C_global_south,EXCLUDE,,Policy scenario,
openalex,S1625,,2004,"ONE SYSTEM FOR ALL TRAVEL TRAINING. . . FREEDOM, FLEXIBILITY, AND CHOICE",,C_global_south,EXCLUDE,,Travel training,
openalex,S1626,,2001,Accessible Transport: Key Issues for Less-Wealthy Countries,,C_global_south,EXCLUDE,,Accessible transport issues,
openalex,S1627,,2000,"PERSPECTIVES OF USING INTELLIGENT TRANSPORTATION SYSTEMS (ITS) IN BELO HORIZONTE, BRAZIL",PROCEEDINGS OF THE 7TH WORLD CONGRESS ON INTELLIGENT SYSTEMS,C_global_south,EXCLUDE,,ITS Brazil,
openalex,S1628,https://doi.org/10.1093/geroni/igaf122.3864,2025,Transportation Use And Accessibility Among Persons with Dementia who Reside Alone In The Community,Innovation in Aging,C_global_south,EXCLUDE,,Dementia transport,
openalex,S1629,https://doi.org/10.1177/00420980251398997,2026,Navigating the urban fringe: Socially embedded adaptation of informal transportation amid Bogotá’s urban gondola investment,Urban Studies,C_global_south,MAYBE,2.7,Informal transport adaptation Bogota,
openalex,S1630,,2012,Design of Adaptive User Interface (AUI) for the Bus Information Terminal,19th ITS World CongressERTICO - ITS EuropeEuropean CommissionITS AmericaITS Asia-Pacific,B_accessibility,EXCLUDE,,Interface design,
openalex,S1631,https://doi.org/10.7282/t3-vt3d-3955,2020,Mechanism design for first-mile ridesharing,,B_accessibility,EXCLUDE,,Ridesharing mechanism design,
openalex,S1632,,2026,A Multi-Objective Optimization Framework for a Schedule-Aware Transit System with Dynamic Bus Assignment,SHAREOK (University of Oklahoma; Oklahoma State University; Central Oklahoma University),B_accessibility,EXCLUDE,,Dynamic bus assignment schedule,
openalex,S1633,https://doi.org/10.1080/12265934.2026.2704819,2026,Heterogeneous impacts of MaaS adoption on travel-time redistribution: implications for sustainable urban mobility planning,International Journal of Urban Sciences,B_accessibility,EXCLUDE,,MaaS,
openalex,S1634,,2017,"The influence of paratransit – informal transportation on public bus policy implementation in Phnom Penh, Cambodia",,B_accessibility,MAYBE,2.7,Paratransit and bus policy Phnom Penh,
openalex,S1635,,2009,Multimodal Travel Information Based on International Ferry Data,16th ITS World Congress and Exhibition on Intelligent Transport Systems and ServicesITS AmericaERTICOITS Japan,B_accessibility,EXCLUDE,,Ferry data,
openalex,S1636,,2001,Transport Co-Ordination Centre Hackney,,B_accessibility,EXCLUDE,,Coordination centre,
openalex,S1637,https://doi.org/10.22214/ijraset.2024.61345,2024,BUS KARO!: Live Bus Tracking System,International Journal for Research in Applied Science and Engineering Technology,B_accessibility,EXCLUDE,,Live tracking,
openalex,S1638,https://doi.org/10.1080/2373566x.2026.2722258,2026,"A Revisit by Bus, Foot, & Armchair: On the Fading Practices of the Vernacular Mapping of American Cities",GeoHumanities,B_accessibility,EXCLUDE,,Vernacular mapping,
openalex,S1639,https://doi.org/10.54249/iwj.v6i1.204,2024,Transaction Analysis for Operational Optimization in Transjakarta Public Transportation System,IWJ Inland Waterways Journal,B_accessibility,INCLUDE,2.3,Transjakarta transaction data analysis for operations,
openalex,S1640,https://doi.org/10.21949/1527190,2013,"DART [Direct Access to Regional Transit]: Taxi Feeder Service in San Diego, California",ROSA P,B_accessibility,EXCLUDE,,Taxi feeder demo,
openalex,S1641,https://doi.org/10.1890/1540-9295-12.9.484,2014,Dispatches,Frontiers in Ecology and the Environment,C_global_south,EXCLUDE,,Fair trade plastic,
openalex,S1642,https://doi.org/10.1111/erev.12096,2014,F ear and J oy on the Pilgrimage,The Ecumenical Review,C_global_south,EXCLUDE,,Pilgrimage essay,
openalex,S1643,https://doi.org/10.21181/kjpc.2016.25.1.163,2016,A Study of the Public Safety Policy on Vehicle s Operation in Tunnel - Focussing Gas Vehicle s Operation -,Korean Association of Public Safety and Criminal Justice,C_global_south,EXCLUDE,,Tunnel gas vehicles,
openalex,S1644,,2016,Comparison of Functions Performed of Transport Authorities: Similarities and Differences,,C_permit_regulation,MAYBE,2.7,Transport authority functions comparison,
openalex,S1645,https://doi.org/10.22225/jkh.2.3.3634.515-519,2021,Penegakan Hukum Terhadap Pelanggaran Izin Trayekd di Kabupaten Manggarai Tengah,Jurnal Konstruksi Hukum,C_permit_regulation,MAYBE,2.7,Route permit violation enforcement Indonesia,
scopus-only,P0001,10.1007/978-981-95-1872-2_24,2026,Design of a Foldable Bus Staircase for Disabled People,Lecture Notes in Mechanical Engineering,,EXCLUDE,,"vehicle design, not planning",N
scopus-only,P0002,10.1145/3748522.3779825,2026,From Static Data to Dynamic Mobility: A Spatio-Temporal Method for Student Mobility Estimation,Proceedings of the ACM Symposium on Applied Computing,,EXCLUDE,,"student mobility estimation, not transit planning",N
scopus-only,P0003,10.11159/iccste26.271,2026,Detection and Cleaning of Anomalies in Electronic Fare Collection Data to Strengthen Mobility Analysis and Origin-Destination Inference in Intermediate Cities,"International Conference on Civil, Structural and Transportation Engineering",,INCLUDE,2.3,"EFC anomaly cleaning and OD inference, intermediate cities",N
scopus-only,P0004,10.1109/TSG.2026.3720584,2026,Adaptive Liquid Time-Constant Equivalent Dynamic Model with Transfer Learning for Active Distribution Networks with Grid-Forming IBRs,IEEE Transactions on Smart Grid,,EXCLUDE,,power systems,N
scopus-only,P0005,10.4271/2026-26-0657,2026,Powertrain Optimization of Indian City Electric Bus Using Active Learning Simulation Methodology,SAE Technical Papers,,EXCLUDE,,e-bus powertrain,N
scopus-only,P0006,10.1016/j.trb.2026.103402,2026,Real-time bus control of urban transit networks with overtaking and passenger transfers: A decomposition solution method combined with spatial branch-and-bound,Transportation Research Part B: Methodological,,EXCLUDE,,real-time control/timetable adjustment,N
scopus-only,P0007,10.1109/CISCE69494.2026.11505000,2026,Real-time Perception and Decision Support System for Public Service Satisfaction Based on Multimodal Sentiment Analysis,"2026 IEEE 8th International Conference on Communications, Information System and Computer Engineering, CISCE 2026",,EXCLUDE,,sentiment analysis,N
scopus-only,P0008,10.1007/978-3-032-16695-1_59,2026,From City to Neighbourhood: The Role of Walkability Analysis in Enhancing Public Space Quality and Promoting Active Mobility,Lecture Notes in Civil Engineering,,EXCLUDE,,"walkability, not transit",N
scopus-only,P0009,10.1016/j.jtrangeo.2025.104510,2026,Determinants of violence on public transportation from the perspective of a small city in the global south,Journal of Transport Geography,,EXCLUDE,,violence/safety survey,N
scopus-only,P0010,10.1007/s40030-026-00961-w,2026,Modeling Behavioral Determinants of Commuters’ Transition to Sustainable Mobility Using an Explainable Machine Learning Approach in Indian Cities,Journal of The Institution of Engineers (India): Series A,,EXCLUDE,,behavioural survey,N
scopus-only,P0011,10.1007/978-981-96-8444-1_30,2026,Bus Route Travel Time Variability Analysis Using GPS Data: A Case Study of Nagpur City,Lecture Notes in Civil Engineering,,EXCLUDE,,travel time variability only,N
scopus-only,P0012,10.1016/j.aftran.2026.100103,2026,Usage intensity and passenger satisfaction in mixed formal-informal public transport systems: Evidence from Dar es Salaam,African Transport Studies,,EXCLUDE,,satisfaction survey,N
scopus-only,P0013,10.59543/jidmis.v3.1325,2026,From Fragmented Routes to Integrated Governance: Balancing Affordability and Operator Viability in Bogor’s Urban Public Transport,Journal of Intelligent Decision Making and Information Science,,MAYBE,2.7,"Global South fragmented routes, fleet ownership, governance",N
scopus-only,P0014,10.1109/TITS.2026.3652742,2026,A Data-Driven Path Choice Estimation Method Based on Passengers' Time-Dependent Travel Characteristics,IEEE Transactions on Intelligent Transportation Systems,,EXCLUDE,,metro,N
scopus-only,P0015,10.1049/icp.2026.2241,2026,Bus OD Matrix Estimation by IPF with LSTM-Generated Seed Matrix,IET Conference Proceedings,,INCLUDE,2.3,bus OD estimation from smart card IPF-LSTM,N
scopus-only,P0016,10.19961/j.cnki.1672-4747.2025.04.023,2026,Commuter bus accessibility evaluation in metropolitan area considering social equity; [考虑社会公平性的都市圈通勤公交可达性评价],Journal of Transportation Engineering and Information,,INCLUDE,2.6,commuter bus accessibility equity evaluation,N
scopus-only,P0017,10.1109/JIOT.2025.3640016,2026,Delay-Tolerant Networking to Extend Connectivity in Rural Areas Using Public Transport Systems: Design and Analysis,IEEE Internet of Things Journal,,EXCLUDE,,DTN networking,N
scopus-only,P0018,10.1061/JTEPBS.TEENG-9393,2026,Accounting for Mode Choice Heterogeneity under Travel Demand Management Strategies in a Developing Country,Journal of Transportation Engineering Part A: Systems,,EXCLUDE,,mode choice,N
scopus-only,P0019,10.1016/j.trc.2026.105687,2026,Coordinated scheduling and pricing for public transport-oriented MaaS systems: A passenger-centric approach,Transportation Research Part C: Emerging Technologies,,EXCLUDE,,MaaS scheduling and pricing,N
scopus-only,P0020,10.1016/j.cities.2025.106503,2026,A multidimensional urban transport equity assessment framework: A case of Mumbai,Cities,,MAYBE,2.6,Mumbai transport equity framework,N
scopus-only,P0021,10.1007/978-3-032-12767-9_5,2026,Navibus-Enhancing the Accessibility of Bus Rapid Transit System for Visually Impaired Through Multimodal Interactions,Communications in Computer and Information Science,,EXCLUDE,,assistive app design,N
scopus-only,P0022,10.1016/j.urbmob.2026.100210,2026,Disability-specific transport disadvantage in Indian cities: Barriers and enablers beyond universal design,Journal of Urban Mobility,,EXCLUDE,,disability survey,N
scopus-only,P0023,10.1080/23800127.2026.2662155,2026,Vernacular governance of public transport: contesting formalisation from below,Applied Mobilities,,MAYBE,2.7,Indian shared taxi governance informal transport,N
scopus-only,P0024,10.1109/CCDC69976.2026.11559800,2026,Integrated Design of Bus Networks and Timetable Synchronization for Multi-Modal Transit Systems,"38th Chinese Control and Decision Conference, CCDC 2026",,INCLUDE,2.2,bus network design and timetable synchronization,N
scopus-only,P0025,10.1080/19427867.2025.2610229,2026,"Formulating the express railway network design for relieving in-vehicle crowding, incorporating a bi-level modeling approach",Transportation Letters,,EXCLUDE,,rail network design,N
scopus-only,P0026,10.1016/j.cstp.2026.101768,2026,Connecting or dividing London? Evaluating the impact of the Elizabeth Line on job accessibility and spatial equity,Case Studies on Transport Policy,,EXCLUDE,,rail line accessibility,N
scopus-only,P0027,10.1109/RTCSA71153.2026.00017,2026,Computing Headway Bounds under Worst-Case Bunching in Fixed-Line Transit Systems,"Proceedings - 2026 IEEE 32nd International Conference on Embedded and Real-Time Computing Systems and Applications, RTCSA 2026",,EXCLUDE,,"bunching headway bounds, operations",N
scopus-only,P0028,10.1007/978-3-032-25314-9_20,2026,Estimating Physical Activity During Travel to School in Urban Area,Communications in Computer and Information Science,,EXCLUDE,,school travel physical activity,N
scopus-only,P0029,10.1016/j.tre.2026.105095,2026,Behaviorally informed optimization of mobility-as-a-service bundle and fleet design for car users,Transportation Research Part E: Logistics and Transportation Review,,EXCLUDE,,MaaS demand-responsive,N
scopus-only,P0030,10.1109/TVT.2026.3728182,2026,Data-Driven Design of Bus-VANETs: Mobility Generation and Data Dissemination,IEEE Transactions on Vehicular Technology,,EXCLUDE,,vehicular networks,N
scopus-only,P0031,10.1016/j.urbmob.2026.100213,2026,Mapping service disruptions and transit user adaptive behaviour: A systematic literature review,Journal of Urban Mobility,,EXCLUDE,,disruption behaviour review,N
scopus-only,P0032,10.13052/spee1048-5236.4527,2026,Research on Distribution Transformer Layout Planning Model of Distribution Networks Considering the Impact of Distributed Generation and Electric Vehicles,Strategic Planning for Energy and the Environment,,EXCLUDE,,power systems,N
scopus-only,P0033,10.1109/MMAR70562.2026.11667959,2026,"Schedule-Based Urban Accessibility Relative to a Railway Node Using GTFS, OpenStreetMap, and Triangulated Travel-Time Isochrones","International Conference on Methods and Models in Automation and Robotics, MMAR",,MAYBE,2.5,"open GTFS+OSM accessibility workflow, rail-node focus",N
scopus-only,P0034,10.1109/TITS.2026.3727538,2026,Optimized Modular Customized Bus Network Design for Metro Connections With In-Bus Transfers,IEEE Transactions on Intelligent Transportation Systems,,MAYBE,2.2,"customized bus network design, demand-driven",N
scopus-only,P0035,10.1016/j.eswa.2025.129480,2026,Optimizing customized bus routes with integrated passenger guidance under stochastic travel times,Expert Systems with Applications,,MAYBE,2.2,"customized bus route design, stochastic times",N
scopus-only,P0036,10.1007/978-3-032-00972-2_44,2026,Digitalizing Public Transit: A Smart Mobile Application for Optimizing Vietnam’s MRT System,Lecture Notes in Networks and Systems,,EXCLUDE,,metro app,N
scopus-only,P0037,10.1007/978-3-032-01723-9_8,2026,Predictive Model for Identifying High-Risk Areas in the Public Transport Network of Mexico City,Lecture Notes in Computer Science,,EXCLUDE,,safety,N
scopus-only,P0038,10.1177/10591478261472202,2026,Platform competition and adoption heterogeneity: How dockless bike sharing shapes urban air quality,Production and Operations Management,,EXCLUDE,,bike sharing,N
scopus-only,P0039,10.1061/9780784487013.024,2026,Assessing the Impact of Robotaxi Fleet Penetration on Urban Traffic Dynamics through Simulation-Based Analysis,International Conference on Transportation and Development 2026: Transportation Safety and Emerging Technologies - Selected papers from the International Conference on Transportation and Development 2026,,EXCLUDE,,robotaxi simulation,N
scopus-only,P0040,10.1016/j.procs.2026.07.184,2026,Baltimore Public Transport System Resilience Planning Based on Graph Theory-Clustering Fusion and Multi-objective Optimization,Procedia Computer Science,,INCLUDE,2.2,bus network optimization accessibility fairness,N
scopus-only,P0041,10.1007/978-3-032-30826-9_57,2026,Human-Centered Data Analysis and Visualization of Performance of Public Transit Before and After Its Network Redesign,Communications in Computer and Information Science,,MAYBE,2.6,before/after bus network redesign performance evaluation,N
scopus-only,P0042,10.1007/978-3-032-20963-4_13,2026,Evaluating the Attractiveness of On-Demand Bus Services in Suburban Areas: A Survey from Gothenburg,"Smart Innovation, Systems and Technologies",,EXCLUDE,,on-demand survey,N
scopus-only,P0043,10.1109/MISSF68264.2026.11522196,2026,A Design Framework for an AI-Enabled Solar-Powered Smart Bus Stop System for Women's Safety,"International Conference on Multidisciplinary Innovations for Smart and Sustainable Future, MISSF 2026: Innovations Driving a Sustainable and Intelligent Future",,EXCLUDE,,safety bus stop,N
scopus-only,P0044,10.1007/s00520-026-10836-2,2026,“You lose a day for every appointment”: A qualitative study of how rural versus urban residence shapes cancer care experiences in Northeast Scotland,Supportive Care in Cancer,,EXCLUDE,,healthcare,N
scopus-only,P0045,10.1016/j.dib.2026.113190,2026,"Citywide traffic sensor network in Nova Gorica, Slovenia: 2025-2026 telraam S2 dataset",Data in Brief,,EXCLUDE,,traffic sensors,N
scopus-only,P0046,10.56578/mits050205,2026,An Intelligent Design Framework for Customized Bus Networks Integrating Capacity-Constrained Clustering and Route Optimization,Mechatronics and Intelligent Transportation Systems,,MAYBE,2.2,customized bus network design clustering,N
scopus-only,P0047,10.3389/fphy.2026.1897232,2026,Nonlinear responses of station-area functional vitality to the built environment in urban rail transit networks: an interpretable machine learning approach,Frontiers in Physics,,EXCLUDE,,rail station vitality,N
scopus-only,P0048,10.3390/engproc2025121006,2026,Optimization of Feeder Buses Route to Connect High-Speed Railway Stations with Urban Areas †,Engineering Proceedings,,INCLUDE,2.2,"feeder bus route design, Egypt case",N
scopus-only,P0049,10.1088/1755-1315/1595/1/012010,2026,GIS-Based Accessibility Analysis for Optimizing Feeder Public Transportation Routes in Surabaya,IOP Conference Series: Earth and Environmental Science,,INCLUDE,2.4,GIS coverage evaluation of existing feeder routes vs population,Y
scopus-only,P0050,10.1109/PESIM67009.2026.11438596,2026,Federated Multi-Agent Reinforcement and Physics-Informed Control for Real-Time Frequency Stability,"2026 IEEE PES International Meeting, PES IM 2026",,EXCLUDE,,power systems,N
scopus-only,P0051,10.1080/23249935.2026.2650136,2026,Data-driven assessment for the predictability of demand responsive transit,Transportmetrica A: Transport Science,,EXCLUDE,,DRT predictability,N
scopus-only,P0052,10.1109/RAITS68656.2026.11580157,2026,Uncovering Spatiotemporal Patterns and Determinants of Urban Bus Delays: A Big Data Analysis of Sydney's GTFS Records,"Proceedings - 2026 International Conference on Robotics, Automation and Intelligent Transportation Systems, RAITS 2026",,EXCLUDE,,delay analysis,N
scopus-only,P0053,,2026,Buses for All Bridging Equity Gaps in Public Bus Systems in Indian Cities,Economic and Political Weekly,,MAYBE,2.7,"Indian bus equity, fleet size shortfall, reform",N
scopus-only,P0054,10.1109/SIST61674.2026.11596528,2026,Iterative Timetable Coordination for Overlapping Transit Routes with Discrete-Event Simulation,"SIST 2026 - 2026 IEEE 6th International Conference on Smart Information Systems and Technologies, Conference Proceedings",,EXCLUDE,,timetable coordination,N
scopus-only,P0055,10.1109/SIST61674.2026.11596523,2026,"Tourist Route Optimization with Bus Connectivity Constraints Using Genetic Algorithms: Crossover, Mutation, and Selection Analysis","SIST 2026 - 2026 IEEE 6th International Conference on Smart Information Systems and Technologies, Conference Proceedings",,EXCLUDE,,tourist routing GA,N
scopus-only,P0056,10.1016/j.cstp.2026.101816,2026,"An in-depth investigation of time and space-based accessibility inequities in the public transport system of Athens, Greece",Case Studies on Transport Policy,,INCLUDE,2.6,spatiotemporal PT accessibility equity Gini Athens,N
scopus-only,P0057,10.1109/SoutheastCon63549.2026.11476226,2026,Multi-Agent LLM Closed-Loop Optimization for NP-Hard Problems,Conference Proceedings - IEEE SOUTHEASTCON,,INCLUDE,2.2,LLM-based transit network redesign,N
scopus-only,P0058,10.1117/12.3101253,2026,An improved genetic algorithm for joint optimization of bus network and frequency in small cities,Proceedings of SPIE - The International Society for Optical Engineering,,INCLUDE,2.2,joint bus network and frequency optimization small cities,N
scopus-only,P0059,10.1109/EVST69093.2026.11660518,2026,BusOptima - Bus Scheduling & Route Management System,"2026 International Conference on Emerging VLSI Semiconductor Technology for AI and Computing Applications, EVST 2026",,INCLUDE,2.3,"static GTFS demand proxy model, Delhi, route classification, scheduling",Y
scopus-only,P0060,10.20858/tp.2026.21.1.01,2026,PROBABILISTIC-STATISTICAL ANALYSIS OF THE CORRESPONDENCE BETWEEN SCHEDULED AND REAL-TIME ARRIVAL TIMES OF PUBLIC TRANSPORT BUSES,Transport Problems,,EXCLUDE,,schedule adherence,N
scopus-only,P0061,10.4230/LIPIcs.CP.2026.31,2026,"Paratransit Optimization with Constraint Programming: A Case Study in Savannah, Georgia","Leibniz International Proceedings in Informatics, LIPIcs",,EXCLUDE,,paratransit DRT scheduling,N
scopus-only,P0062,10.1109/CEEGE70076.2026.11637630,2026,Two-Stage PV Inverter Control with Coordinated AC/DC Dual-Mode Switching,CEEGE 2026 - 2026 9th International Conference on Electrical Engineering and Green Energy,,EXCLUDE,,power electronics,N
scopus-only,P0063,10.56261/jars.v23.278174,2026,"An Analysis for The Establishment of a Public Transportation System for all in Thailand: A case study of Trang Municipality, Trang Province",Journal of Architectural/Planning Research and Studies,,EXCLUDE,,universal design survey,N
scopus-only,P0064,10.1007/978-3-032-18822-9_40,2026,Enhancing Urban Accessibility Through MaaS: Integrating Public Transport and Pedestrian Networks Analysis in the City of Naples,Lecture Notes in Civil Engineering,,EXCLUDE,,MaaS pedestrian accessibility,N
scopus-only,P0065,10.1117/12.3109587,2026,On the uniqueness and duplication of bus routes in the urban transport infrastructure,Proceedings of SPIE - The International Society for Optical Engineering,,INCLUDE,2.2,route duplication metrics on existing network from stop data,Y
scopus-only,P0066,10.1117/12.3101153,2026,Optimization of tourist bus routes using the NSGA-II algorithm,Proceedings of SPIE - The International Society for Optical Engineering,,MAYBE,2.2,tourist bus route optimization NSGA-II,N
scopus-only,P0067,10.1007/978-981-95-9063-6_21,2026,Toward Sustainable Last-Mile Mobility: A Review of E-Rickshaw Feeder Systems and Hybrid Optimization Techniques,Lecture Notes in Civil Engineering,,INCLUDE,2.7,review e-rickshaw feeder route and frequency optimization India,N
scopus-only,P0068,10.1002/rob.70136,2026,"HK-MEMS, a Multi-Sensor Data Set With MEMS LiDAR on Degenerate and Dynamic Urban Scenarios",Journal of Field Robotics,,EXCLUDE,,LiDAR dataset,N
scopus-only,P0069,10.1080/21680566.2026.2667833,2026,Dynamic passenger destination inference with spatio-temporal context and sequential relations,Transportmetrica B,,INCLUDE,2.3,alighting inference for tap-in bus data,N
scopus-only,P0070,10.14512/rur.3095,2026,"Social disadvantage and the public mobility provision: A socio-spatial GIS analysis of mobility-related exclusion risks in Cologne, Germany; [Soziale Ungleichheit und öffentliches Mobilitätsangebot: Eine sozialräumliche Analyse der Risiken mobilitätsbezogener Ungleichheit in Köln]",Raumforschung und Raumordnung,,INCLUDE,2.6,GTFS grid accessibility social disadvantage,N
scopus-only,P0071,10.1109/SCSP69985.2026.11548643,2026,From Metrics to Decisions: Interpreting Route Deviation and Service Quality Indices in Public Transport Planning,"Proceedings. Smart City Symposium Prague, SCSP",,INCLUDE,2.6,"route directness and service quality indices, low demand",N
scopus-only,P0072,10.1109/INFOTEH68759.2026.11477596,2026,Hybrid Energy Storage System for Grid Stability Support through Virtual Synchronous Generator Control,"2026 25th International Symposium INFOTEH-JAHORINA, INFOTEH 2026 - Proceedings",,EXCLUDE,,power systems,N
scopus-only,P0073,10.1007/978-3-031-97606-3_13,2026,Proposal for Japan’s Community Bus Location System Using Blockchain,Lecture Notes in Computer Science,,EXCLUDE,,blockchain bus location,N
scopus-only,P0074,10.1007/978-3-032-14826-1_3,2026,Processing of Public Transport Data from GTFS and OSM for an Up-to-Date Simulation of Trips in SUMO,Lecture Notes in Networks and Systems,,MAYBE,2.5,"GTFS+OSM processing pipeline, simulation-oriented",N
scopus-only,P0075,10.1007/978-3-032-14826-1_12,2026,Multitemporal Isochrone Analysis of Access to Amenities from Rail Transit Stations in Katowice,Lecture Notes in Networks and Systems,,EXCLUDE,,rail station POI access,N
scopus-only,P0076,10.1007/s40031-026-01331-7,2026,Enhancing Public Transport Reliability in Indian Cities Through GPS-Based Trip Validation in Intelligent Transportation Systems,Journal of The Institution of Engineers (India): Series B,,MAYBE,2.7,Indian bus GPS trip validation data pipeline,N
scopus-only,P0077,10.1016/j.tra.2025.104747,2026,A comprehensive analysis of duplication in public transportation,Transportation Research Part A: Policy and Practice,,INCLUDE,2.6,route duplication indicators for transit networks,N
scopus-only,P0078,10.1109/RTCSA71153.2026.00043,2026,Demo: Rapid Optimization of Fixed-Line Transit Holding Policies,"Proceedings - 2026 IEEE 32nd International Conference on Embedded and Real-Time Computing Systems and Applications, RTCSA 2026",,EXCLUDE,,holding policies,N
scopus-only,P0079,10.1016/j.physa.2026.131901,2026,Access graph: A novel graph representation of public transport networks for accessibility analysis,Physica A: Statistical Mechanics and its Applications,,INCLUDE,2.6,access graph for PT accessibility analysis,N
scopus-only,P0080,10.1117/12.3058054,2025,Development of an Entry-Exit Decision Algorithm for Bus Passenger Counting Using Cameras,Proceedings of SPIE - The International Society for Optical Engineering,,INCLUDE,2.3,bus camera passenger counting for OD data,N
scopus-only,P0081,10.1016/j.energy.2025.139024,2025,Stackelberg-Nash bargaining-based low-carbon scheduling for multiple integrated multi-energy systems,Energy,,EXCLUDE,,energy systems,N
scopus-only,P0082,10.1016/j.aftran.2025.100037,2025,Stakeholder insights on enhancing public transport services in sub-Saharan African cities – Perspectives from Accra-Ghana and Dar es Salaam-Tanzania,African Transport Studies,,MAYBE,2.7,SSA public transport stakeholder perspectives,N
scopus-only,P0083,10.1007/978-3-031-82949-9_10,2025,Optimising Public Transport Through the Integration of Micro and Macro-level Simulations,Lecture Notes in Computer Science,,MAYBE,2.5,CAV route design with open data,N
scopus-only,P0084,10.1007/978-3-031-82133-2_25,2025,Challenges and Recommendations in Urban Transportation,Sustainable Civil Infrastructures,,MAYBE,2.7,"Indian urban transport challenges, bus issues",N
scopus-only,P0085,10.1109/HPCC67675.2025.00136,2025,Performance Benchmarking of Tamil Nadu's Intra-State Bus Network: Evidence from Data Envelopment Analysis,"Proceedings - 2025 27th IEEE International Conference on High Performance Computing and Communications, 11th IEEE International Conference on Data Science and Systems, 23rd IEEE International Conference on Smart City, 11th IEEE International Conference on Dependability in Sensor, Cloud, and Big Data Systems and Applications and 21st IEEE International Conference on Embedded Software and Systems, HPCC/DSS/SmartCity/DependSys/ICESS 2025",,MAYBE,2.7,Tamil Nadu bus route DEA benchmarking,N
scopus-only,P0086,10.1109/LA-CCI66231.2025.11270441,2025,Artificial Intelligence for Electric Public Transport Optimization in Smart Cities: A Systematic Review,"2025 IEEE Latin American Conference on Computational Intelligence, LA-CCI 2025 - Conference Proceedings",,EXCLUDE,,electric AI review,N
scopus-only,P0087,10.1016/j.tre.2025.103997,2025,Enhancing feeder bus service coverage with Multi-Agent Reinforcement Learning: A case study in Hong Kong,Transportation Research Part E: Logistics and Transportation Review,,INCLUDE,2.2,feeder bus route and frequency MARL coverage,N
scopus-only,P0088,10.3969/j.issn.1003-7985.2025.02.012,2025,Bus arrival interval prediction model based on gated recurrent unit network; [基于门控循环单元网络的公交到站区间预测模型],Journal of Southeast University (English Edition),,EXCLUDE,,arrival interval prediction,N
scopus-only,P0089,10.32866/001c.132394,2025,Coverage versus Frequency: Exploring Service Variability among Informal Public Transport Operators in South Africa,Transport Findings,,INCLUDE,2.7,"informal operator GPS coverage/frequency Gini, South Africa",N
scopus-only,P0090,10.1016/j.procs.2025.07.165,2025,Towards an AI-based Ensemble Model to Solve a Subset of the Transit Network Design Problem,Procedia Computer Science,,INCLUDE,2.2,transit network design metaheuristics,N
scopus-only,P0091,10.1155/atr/9728885,2025,Optimization of Transit Route and Frequency for Integrated Urban–Rural Transit Network,Journal of Advanced Transportation,,INCLUDE,2.2,bus route and frequency optimization urban-rural,N
scopus-only,P0092,10.23939/mmc2025.04.1199,2025,Simulating Urban Futures: A Digital Twin Framework for Proactive Mobility Management Based on Hybrid Spatio-Temporal Graph Neural Network; [Моделювання мiського майбутнього: фреймворк цифрового двiйника для проактивного управлiння мобiльнiстю на основi гiбридної просторово-часової графової нейронної мережi],Mathematical Modeling and Computing,,MAYBE,2.5,open-data GTFS/OSM digital twin demand forecasting,N
scopus-only,P0093,10.1109/SISCON66686.2025.11409306,2025,Bus Odyssey: The Intelligent College Bus Tracking Companion,"2025 1st International Conference on Smart and Intelligent Systems, SISCON 2025",,EXCLUDE,,bus tracking app,N
scopus-only,P0094,10.1080/12265934.2025.2595988,2025,"Shuttle buses along the subway lines: function of public transport in mitigating road congestion in Kunming, China",International Journal of Urban Sciences,,EXCLUDE,,shuttle congestion regression,N
scopus-only,P0095,10.1016/j.rtbm.2024.101283,2025,Performance assessment of public transport routes: A framework using revealed data,Research in Transportation Business and Management,,INCLUDE,2.6,route performance index from secondary data,N
scopus-only,P0096,10.1016/j.trpro.2024.12.101,2025,"Assessment of Inter-municipal Public Transport Services in Southern Iloilo, Philippines",Transportation Research Procedia,,INCLUDE,2.7,"paratransit route review per LPTRP guidelines, Philippines",Y
scopus-only,P0097,10.1109/EEEIC/ICPSEurope64998.2025.11169242,2025,Reshaping Mobility to Optimize Healthcare Accessibility in Urban Peripheral Areas: A Geospatial Analysis on a Rome District,"Conference Proceedings - 2025 IEEE International Conference on Environment and Electrical Engineering and 2025 IEEE Industrial and Commercial Power Systems Europe, EEEIC / I and CPS Europe 2025",,MAYBE,2.4,GIS bus-stop accessibility to healthcare,N
scopus-only,P0098,10.1109/ACCESS.2025.3615310,2025,Connectivity-Aware Route Design and Frequency Setting for Connected and Automated Shuttles,IEEE Access,,MAYBE,2.2,automated shuttle route and frequency design,N
scopus-only,P0099,10.1109/ITSC60802.2025.11423271,2025,A Hybrid Attention-Enhanced Spatio-Temporal Graph Network for Continuous-Time Multi-Task Urban Human Mobility Forecasting,"IEEE Conference on Intelligent Transportation Systems, Proceedings, ITSC",,EXCLUDE,,mobility forecasting ML,N
scopus-only,P0100,10.4271/2024-28-0178,2024,Reliability Assessment of Audio Generating Devices- Horn,SAE Technical Papers,,EXCLUDE,,horn reliability,N
scopus-only,P0101,10.1016/j.tbs.2024.100963,2025,Coupled design of urban and interurban transit networks with a park-and-ride system: Analytical formulation and case study in Barcelona,Travel Behaviour and Society,,INCLUDE,2.2,coupled urban-interurban transit network design,N
scopus-only,P0102,10.1007/978-3-031-95197-8_27,2025,Multimodal Journey Planners and Micromobility: A Step Toward Seamless Urban Mobility,Lecture Notes in Networks and Systems,,EXCLUDE,,journey planners,N
scopus-only,P0103,10.1016/j.procs.2025.10.194,2025,Assessing the Impact of Route Interlining via Bus Schedule Optimization,Procedia Computer Science,,MAYBE,2.2,"GTFS interlining fleet size minimization, scheduling-oriented",N
scopus-only,P0104,10.18517/ijaseit.15.6.21326,2025,Evaluating Public Transport Networks: A Comparative Analysis Using the Accessibility Index Model,"International Journal on Advanced Science, Engineering and Information Technology",,INCLUDE,2.4,PT accessibility index from demographic/building data,N
scopus-only,P0105,10.1007/s11067-025-09691-1,2025,A Demand-based Methodology for Urban Rail Transit Express Line Problem using Metaheuristic,Networks and Spatial Economics,,EXCLUDE,,rail express lines,N
scopus-only,P0106,10.1007/s40998-024-00762-6,2025,Sustainability and Capacity Estimation of Photovoltaic Based Distribution Network Integrated with Demand Response Using Arithmetic Optimizer Algorithm,Iranian Journal of Science and Technology - Transactions of Electrical Engineering,,EXCLUDE,,power systems,N
scopus-only,P0107,10.1007/978-981-96-6906-6_2,2025,Online Taxi-Booking Application for Sustainable Transport with Cost-Effective Rides,Lecture Notes in Networks and Systems,,EXCLUDE,,taxi app,N
scopus-only,P0108,10.1109/CoDIT66093.2025.11321233,2025,A lexicographic bi-objective approach to fleet sizing and routing for service vehicles in a real-world passenger transport system,"11th 2025 International Conference on Control, Decision and Information Technologies, CoDIT 2025",,EXCLUDE,,service vehicle dispatch,N
scopus-only,P0109,10.1109/ITC-CSCC66376.2025.11137716,2025,Optimizing UI Design for GTFS Data Creation Tools: A User Literacy-Based Approach,"2025 International Technical Conference on Circuits/Systems, Computers, and Communications, ITC-CSCC 2025",,MAYBE,2.5,GTFS creation tools for small operators,N
scopus-only,P0110,10.1177/03611981251382903,2025,Restoring Accessibility during Urban Rail Disruptions via Bus Network Redesign,Transportation Research Record,,INCLUDE,2.2,bus network redesign for accessibility,N
scopus-only,P0111,10.1016/j.procs.2025.03.071,2025,Spatio-Temporal Machine Learning Approaches for Bus Travel Time Prediction,Procedia Computer Science,,EXCLUDE,,travel time prediction,N
scopus-only,P0112,10.1016/bs.hesreg.2025.06.007,2025,Quantitative urban economics ☆,Handbook of Regional and Urban Economics,,EXCLUDE,,urban economics,N
scopus-only,P0113,10.1016/j.trc.2025.105118,2025,Resilient bus services design in a multimodal network with uncertain metro system disruption,Transportation Research Part C: Emerging Technologies,,INCLUDE,2.2,bus services network design under metro disruption,N
scopus-only,P0114,10.1016/j.procs.2025.10.090,2025,A decision-making framework based on multi-criteria decision analysis for evaluating virtual bike-sharing station locations with spatial data,Procedia Computer Science,,EXCLUDE,,bike-sharing,N
scopus-only,P0115,10.1016/j.trip.2025.101450,2025,Assessment of integrated rail and bus transport network design: Equity and efficiency perspectives,Transportation Research Interdisciplinary Perspectives,,INCLUDE,2.2,rail-bus network design equity DEA,N
scopus-only,P0116,10.1109/MedComNet65822.2025.11103535,2025,A Data-Driven 'What-If' Analysis to Foster Mode Shift from Private to Public Transport Services,"2025 23rd Mediterranean Communication and Computer Networking Conference, MedComNet 2025",,MAYBE,2.3,crowdsourced mobility what-if analysis PT routes,N
scopus-only,P0117,10.3233/ATDE251444,2025,"Validation of Origin-Destination Matrices for Public Transport Trips Obtained from Electronic Fare Collection System Data: Case Study of Loja, Ecuador",Advances in Transdisciplinary Engineering,,INCLUDE,2.3,EFC OD matrix validation vs surveys,N
scopus-only,P0118,10.1007/978-981-96-8448-9_4,2025,Performance Evaluation of City Circular Bus Routes of Thiruvananthapuram,Lecture Notes in Civil Engineering,,INCLUDE,2.7,"city circular bus route performance evaluation, India",N
scopus-only,P0119,10.1016/j.jtrangeo.2025.104217,2025,A neuro-fuzzy and deep learning framework for accurate public transport demand forecasting: Leveraging spatial and temporal factors,Journal of Transport Geography,,MAYBE,2.3,zonal PT demand forecasting with spatial variables,N
scopus-only,P0120,10.1109/ISORC65339.2025.00064,2025,A Data-Driven Platform for Visualizing and Analyzing Public Transit Schedule Deviations,"Proceedings - 2025 28th International Symposium on Real-Time Distributed Computing, ISORC 2025",,EXCLUDE,,schedule deviation visualization,N
scopus-only,P0121,10.1177/00420980241282591,2025,Fixing motorisation: The logics of infrastructure solutionism in Bengaluru,Urban Studies,,MAYBE,2.7,Bengaluru bus reshaping policy critique,N
scopus-only,P0122,10.1109/IES67184.2025.11161056,2025,A Social Impact Calculation and Visualization Method for the Discontinuation of Public Transportation,"2025 International Electronics Symposium, IES 2025",,INCLUDE,2.5,open-data GIS impact of service discontinuation using population,Y
scopus-only,P0123,10.1007/978-3-031-87065-1_18,2025,A Practical and Cost-Effective Combination of GPS Data and Machine Learning Tools for Detecting Transportation Modes,Lecture Notes in Networks and Systems,,EXCLUDE,,mode detection,N
scopus-only,P0124,10.1145/3703412.3703417,2025,Towards Forecasting Bus Arrival Thorough A Model Based On GNN+LSTM Using GTFS and Real-time Data,"Proceedings of 4th International Conference on AI-ML Systems, AIMLSystems 2024",,EXCLUDE,,arrival forecasting,N
scopus-only,P0125,10.1016/j.urbmob.2025.100154,2025,Social impacts and road safety in intermodality: Case study of the Ayacucho Tram in Medellín-Colombia,Journal of Urban Mobility,,EXCLUDE,,tram safety survey,N
scopus-only,P0126,10.1109/BigComp64353.2025.00019,2025,Time Sensitive Multiple POIs Route Planning on Bus Networks,"Proceedings of the IEEE International Conference on Big Data and Smart Computing, BIGCOMP",,EXCLUDE,,journey planning query,N
scopus-only,P0127,10.1016/j.ifacol.2025.09.409,2025,A Digital Twin Simulation-Based Framework to the Public Transportation Network in Lisbon,IFAC-PapersOnLine,,MAYBE,2.2,digital twin Lisbon bus ticketing GTFS scenarios,N
scopus-only,P0128,10.1109/ICTIS68762.2025.11214890,2025,Exploring Route Choice Inertia in Bus Passengers: A Nonlinear Measurement Approach and Predictive Modeling with Gradient Boosting Decision Trees,"8th International Conference on Transportation Information and Safety: Transportation + Artificial Intelligence and Green Energy: Making a Sustainable World, ICTIS 2025",,EXCLUDE,,route choice inertia behaviour,N
scopus-only,P0129,10.1016/j.retrec.2025.101638,2025,Driving change: Lessons on electrification within the modernization of jeepneys in the Philippines,Research in Transportation Economics,,MAYBE,2.7,jeepney modernization reform,N
scopus-only,P0130,10.1016/j.treng.2025.100408,2025,"Developing strategies for improving travel time performance in multimodal public transport using ANP, PROMETHEE, network DEA, and optimization algorithms",Transportation Engineering,,MAYBE,2.7,Bhopal multimodal DEA/MCDM optimization,N
scopus-only,P0131,10.1007/s41742-025-00739-1,2025,Comparing Three Transportation Development Scenarios with Sadr Highway in Tehran: A Health Economic Assessment,International Journal of Environmental Research,,EXCLUDE,,health economics,N
scopus-only,P0132,10.1016/j.cstp.2025.101611,2025,"Redesign of public transit in low-demand areas, and integration with shared modes, based on travel preferences: A case study analysis in the province of Utrecht, the Netherlands",Case Studies on Transport Policy,,INCLUDE,2.2,transit redesign low-demand areas with shared modes,N
scopus-only,P0133,10.3390/info16080702,2025,Feeding Urban Rail Transit: Hybrid Microtransit Network Design Based on Parsimonious Continuum Approach,Information (Switzerland),,MAYBE,2.2,hybrid fixed-route and DRT network design,N
scopus-only,P0134,10.1007/s10489-025-06862-y,2025,Estimating bus boarding stops under missing key fields in smart card transaction data,Applied Intelligence,,INCLUDE,2.3,boarding stop inference smart card and GPS,N
scopus-only,P0135,10.3390/pr13072254,2025,Research on an Active Distribution Network Planning Strategy Considering Diversified Flexible Resource Allocation,Processes,,EXCLUDE,,power systems,N
scopus-only,P0136,10.4271/2025-99-0252,2025,Pure Electric Bus of Operational Consulting and Analysis Transit: A Case Study of Wuhu City,SAE Technical Papers,,MAYBE,2.6,"electric bus route performance assessment, passenger flow",N
scopus-only,P0137,10.22616/RRD.31.2025.091,2025,ASSESSMENT OF THE AVAILABILITY OF CITY BUS SERVICES IN JELGAVA IN THE CONTEXT OF A COMPOSITE SERVICE,Research for Rural Development,,INCLUDE,2.4,city bus service availability assessment Jelgava,N
scopus-only,P0138,10.1007/978-981-97-8861-3_4,2025,Integrating GPS Technology and Smart Payment Systems for Enhanced Public Transportation Efficiency in India,Lecture Notes in Networks and Systems,,EXCLUDE,,tracking payment app,N
scopus-only,P0139,10.1049/itr2.12610,2025,Formulation and solution framework for real-time railway traffic management with demand prediction,IET Intelligent Transport Systems,,EXCLUDE,,railway,N
scopus-only,P0140,10.1016/j.tre.2025.104317,2025,Expansion of bi-modal express transit networks − a hybrid optimization approach,Transportation Research Part E: Logistics and Transportation Review,,INCLUDE,2.2,redesign/extension of existing multimodal transit network,N
scopus-only,P0141,10.4271/2025-99-0438,2025,Resilience Evaluation Method for Rail Transit Networks Considering Dynamic Passenger Flows,SAE Technical Papers,,EXCLUDE,,rail resilience,N
scopus-only,P0142,10.1038/s41598-025-27483-y,2025,Measuring the impact of built environment factors on station-level contributions to link-level crowding using a novel crowding contribution index,Scientific Reports,,EXCLUDE,,metro crowding,N
scopus-only,P0143,10.1109/CIEEC64805.2025.11116714,2025,Research on an Enhanced Buck-Buck-Boost Regulator and Multi-Mode Control Strategy,"2025 IEEE 8th International Electrical and Energy Conference, CIEEC 2025",,EXCLUDE,,power electronics,N
scopus-only,P0144,10.1109/ASSIC64892.2025.11158242,2025,Bi-LSTM Approach for Forecasting Passenger Demand in Indian Rural Bus Systems,"3rd International Conference on Advancements in Smart, Secure and Intelligent Computing, ASSIC 2025",,MAYBE,2.7,"rural Indian bus demand forecasting, scarce data",N
scopus-only,P0145,10.1109/I2ITCON65200.2025.11210623,2025,Smart Optimization of Public Transport Routes Using Machine Learning and Conversational AI,"2025 International Conference on Information, Implementation, and Innovation in Technology, I2ITCON 2025",,EXCLUDE,,arrival prediction chatbot,N
scopus-only,P0146,,2025,Linked Urban Data: Leveraging the capabilities of urban data analytics for urban data analytics,Proceedings of the International Conference on Education and Research in Computer Aided Architectural Design in Europe,,EXCLUDE,,linked urban data,N
scopus-only,P0147,10.1089/big.2022.0269,2025,gtfs2net: Extraction of General Transit Feed Specification Data Sets to Abstract Networks and Their Analysis,Big Data,,MAYBE,2.5,GTFS to network extraction tool,N
scopus-only,P0148,10.1080/29941849.2025.2493834,2025,A multidimensional spectrum of passenger travel in Indian cities,Sustainable Transport and Livability,,MAYBE,2.7,Indian city household trip characteristics,N
scopus-only,P0149,10.1109/PowerTech59965.2025.11180712,2025,A Bayesian Hierarchical Model for Generating Synthetic Unbalanced Power Distribution Grids,"2025 IEEE Kiel PowerTech, PowerTech 2025",,EXCLUDE,,power grids,N
scopus-only,P0150,10.32604/cmes.2025.067992,2025,"A Data-Driven Systematic Review of the Metaverse in Transportation: Current Research, Computational Modeling, and Future Trends",CMES - Computer Modeling in Engineering and Sciences,,EXCLUDE,,metaverse review,N
scopus-only,P0151,10.1016/j.ijtst.2024.04.006,2025,Electric bus fleets during urban flash floods: A mixed bus fleet strategy,International Journal of Transportation Science and Technology,,EXCLUDE,,electric bus flood scheduling,N
scopus-only,P0152,10.1177/0193841X241233669,2025,Evaluating Sustainable Mobility: Motorized and Non-motorized Modes in Suburban Areas of Thailand,Evaluation Review,,EXCLUDE,,perception survey,N
scopus-only,P0153,10.1109/ICoCSETI63724.2025.11019145,2025,Automatic Bus Route Notification System at Bus Stops Using LoRa SX 1278 and WeMos ESP 32 Modules,"ICoCSETI 2025 - International Conference on Computer Sciences, Engineering, and Technology Innovation, Proceeding",,EXCLUDE,,IoT notification device,N
scopus-only,P0154,10.1186/s12544-025-00750-9,2025,Challenges in calibrating multimodal network macroscopic fundamental diagrams: a review and definition of data fusion pipeline,European Transport Research Review,,EXCLUDE,,MFD calibration,N
scopus-only,P0155,10.13053/CyS-29-4-5444,2025,Geospatial Analysis of Public Transportation Accessibility for University Students: A Case Study from Mexico,Computacion y Sistemas,,INCLUDE,2.4,"student home locations vs bus GPS coverage, Mexico",Y
scopus-only,P0156,10.1016/j.trc.2025.105179,2025,Joint design of public transit and autonomous vehicle mobility systems for tourist cities considering private tour trips,Transportation Research Part C: Emerging Technologies,,EXCLUDE,,SAV tourist system,N
scopus-only,P0157,10.1680/jmuen.24.00032,2025,Strategies to optimise feeder services for accessible multimodal transit in Bhopal,Proceedings of the Institution of Civil Engineers: Municipal Engineer,,INCLUDE,2.4,feeder accessibility index Bhopal India,N
scopus-only,P0158,10.1109/WSC68292.2025.11339067,2025,Discrete Event Simulation for Assessing the Impact of Bus Fleet Electrification on Service Reliability,Proceedings - Winter Simulation Conference,,EXCLUDE,,electrification reliability simulation,N
scopus-only,P0159,10.1016/j.seps.2025.102228,2025,Improving transit network resilience against disruptions through path redundancy,Socio-Economic Planning Sciences,,INCLUDE,2.2,route design with path redundancy indicator,N
scopus-only,P0160,10.1061/9780784486269.326,2025,Transit Network Design Using Entry-Only Smartcard Data: A Case Study in China,"CICTP 2025: Transportation, Artificial Intelligence, and Energy - Proceedings of the 25th COTA International Conference of Transportation Professionals",,INCLUDE,2.2,network design from entry-only smartcard OD,N
scopus-only,P0161,10.1007/978-981-96-8448-9_23,2025,Analyzing the Heterogeneity in Public Transit Demand: Impact of Spatial and Temporal Attributes,Lecture Notes in Civil Engineering,,MAYBE,2.7,Indian bus demand heterogeneity spatial temporal,N
scopus-only,P0162,10.1109/ICCIKE67021.2025.11318207,2025,Bus Travel Time Prediction Under Data Constraints: A Lightweight Deep Learning Approach,"2025 International Conference on Computational Intelligence and Knowledge Economy, ICCIKE 2025",,EXCLUDE,,travel time prediction,N
scopus-only,P0163,10.1109/ACCESS.2025.3552007,2025,New Mathematical Modeling to Optimize the Frequency of Bus Routes,IEEE Access,,INCLUDE,2.2,bus frequency optimization model,N
scopus-only,P0164,10.1016/j.ejtl.2025.100164,2025,Solving the line planning problem with service-levels using a column generation-based heuristic algorithm,EURO Journal on Transportation and Logistics,,INCLUDE,2.2,bus line planning with service levels,N
scopus-only,P0165,10.1109/ICAI67591.2025.11324723,2025,Metaheuristic Algorithms for Transport Planning: Simulated Annealing and Ant Colony Optimization,"International Conference Automatics and Informatics, ICAI 2025 - Proceedings",,INCLUDE,2.2,metaheuristic public transport network optimization,N
scopus-only,P0166,10.1007/978-981-97-6710-6_3,2025,Smart Seating: The Smart Seating Solution for Crowded Public Transit,Lecture Notes in Electrical Engineering,,EXCLUDE,,seating device,N
scopus-only,P0167,10.1109/TPWRS.2024.3404472,2025,Multi-Agent Deep Reinforcement Learning for Simulating Centralized Double-Sided Auction Electricity Market,IEEE Transactions on Power Systems,,EXCLUDE,,electricity market,N
scopus-only,P0168,10.17770/etr2025vol1.8622,2025,Critical Considerations for Advancing Sustainable People Mobility in Latvia: from Transport Poverty to Sustainable Mobility,Environment Technology Resources - Proceedings of the 16th International Scientific and Practical Conference,,EXCLUDE,,"transport poverty policy, Latvia",N
scopus-only,P0169,10.1016/j.trc.2025.105149,2025,Comparing skip-stop and all-stop transit network designs,Transportation Research Part C: Emerging Technologies,,INCLUDE,2.2,skip-stop transit network design,N
scopus-only,P0170,10.1109/ICICNCT66124.2025.11233042,2025,Enhancing Bus Performance Analysis Using GPS Data: Insights and Recommendations,"International Conference on Intelligent Communication Networks and Computational Techniques, ICICNCT 2025",,MAYBE,2.6,GPS headway and performance indicators NYC,N
scopus-only,P0171,10.1016/j.apenergy.2024.124978,2025,Optimizing bidding strategy in electricity market based on graph convolutional neural network and deep reinforcement learning,Applied Energy,,EXCLUDE,,electricity market,N
scopus-only,P0172,10.1080/23249935.2023.2258996,2025,Optimal vehicle capacity and dispatching policy considering crowding in public bus transit services,Transportmetrica A: Transport Science,,INCLUDE,2.2,optimal bus capacity and headway,N
scopus-only,P0173,,2025,Enhancing Public Transport Accessibility: Online MTC Bus Booking Reservation System with PHP and MySQL,"16th International Conference on Advances in Computing, Control, and Telecommunication Technologies, ACT 2025",,EXCLUDE,,booking system,N
scopus-only,P0174,10.1016/j.trpro.2024.12.103,2025,Transforming the public transport sector in the Philippines through service contracts: A program evaluation study,Transportation Research Procedia,,MAYBE,2.7,Philippine jeepney service contracting evaluation,N
scopus-only,P0175,10.1007/978-3-031-95115-2_4,2025,Enhancing Passenger-Oriented Public Transport: Integrating Service Quality Dimensions into Network Design,Lecture Notes in Civil Engineering,,INCLUDE,2.2,network design headway and stop spacing with crowding,N
scopus-only,P0176,10.1093/tse/tdaf015,2025,Identifying public transit deserts: A travel demand-independent persistent homology-based method,Transportation Safety and Environment,,INCLUDE,2.4,demand-independent transit desert identification,N
scopus-only,P0177,10.1016/j.tre.2024.103886,2025,A multi-period asymmetric transit frequency design problem,Transportation Research Part E: Logistics and Transportation Review,,INCLUDE,2.2,multi-period bus frequency design,N
scopus-only,P0178,10.1016/j.cie.2025.111448,2025,Agent-based modeling of network-wide metro operations for control strategy evaluation,Computers and Industrial Engineering,,EXCLUDE,,metro ABM,N
scopus-only,P0179,10.1109/ROMA66616.2025.11155732,2025,Optimizing Campus Bus Operations: A Case Study in Sustainable Transport Automation,"2025 IEEE 6th International Conference in Robotics and Manufacturing Automation, ROMA 2025",,INCLUDE,2.2,campus bus fleet downsizing and route redesign,Y
scopus-only,P0180,10.1103/39cy-mztc,2025,Synchronization in bus systems with partially overlapping routes,Physical Review E,,EXCLUDE,,bus synchronization physics,N
scopus-only,P0181,10.1109/ACCESS.2025.3609530,2025,Spatio-Temporal Forecasting of Bus Arrival Times Using Context-Aware Deep Learning Models in Urban Transit Systems,IEEE Access,,EXCLUDE,,arrival time forecasting,N
scopus-only,P0182,10.1016/j.cstp.2024.101200,2024,Urban public transport system accessibility for different groups of residents: Case of Bratislava city,Case Studies on Transport Policy,,INCLUDE,2.6,PT accessibility by resident groups Bratislava,N
scopus-only,P0183,10.1145/3663548.3688548,2024,Accessible Bus Stop Preview for Visually Impaired,ASSETS 2024 - Proceedings of the 26th International ACM SIGACCESS Conference on Computers and Accessibility,,EXCLUDE,,assistive prototype,N
scopus-only,P0184,10.1016/j.procs.2024.06.016,2024,Travel Demand Estimation for a Special Event using Pervasive Data: A Case Study of G20 Summit,Procedia Computer Science,,EXCLUDE,,"event travel demand, road",N
scopus-only,P0185,10.1007/978-981-99-2905-4_17,2024,"Planning Strategies for the Improvement of Intermediate Public Transport in Walled City: Case Study of Walled City, Delhi",Lecture Notes in Civil Engineering,,MAYBE,2.7,Delhi IPT planning strategies,N
scopus-only,P0186,10.1504/IJIEI.2024.138864,2024,Optimising power distribution systems: solar-powered capacitors and cost reduction through meta-heuristic methods,International Journal of Intelligent Engineering Informatics,,EXCLUDE,,power distribution,N
scopus-only,P0187,10.1109/ITC-CSCC62988.2024.10628417,2024,A Support Tool for Converting Community Bus Operation Data to GTFS Format,"2024 International Technical Conference on Circuits/Systems, Computers, and Communications, ITC-CSCC 2024",,MAYBE,2.5,GTFS creation tool for community buses,N
scopus-only,P0188,10.14456/easr.2023.22,2023,Prioritization of sustainable urban land use and transport policy measures for a small-town area in a developing country,Engineering and Applied Science Research,,EXCLUDE,,policy prioritization,N
scopus-only,P0189,,2023,A TRI-LEVEL OPTIMIZATION MODEL TO DESIGN TRANSIT ROUTES FOR PUBLIC BUSES AND PRIVATELY OWNED COMMERCIAL VEHICLES WITH ELASTIC PASSENGER DEMAND,"Proceedings of the 27th International Conference of Hong Kong Society for Transportation Studies, HKSTS 2023: Transport and Equity",,INCLUDE,2.7,"route design buses and private vehicles, developing countries",N
scopus-only,P0190,10.1109/ICRA57147.2024.10611313,2024,A Neural-Evolutionary Algorithm for Autonomous Transit Network Design,Proceedings - IEEE International Conference on Robotics and Automation,,INCLUDE,2.2,neural-evolutionary transit network design,N
scopus-only,P0191,10.21872/2023IISE_3683,2023,Modeling the Impact of Transportation Availability and Travel Distance on Healthcare Outcomes: A Bagged Random Forest Approach,IISE Annual Conference and Expo 2023,,EXCLUDE,,healthcare outcomes,N
scopus-only,P0192,10.1016/j.tra.2023.103643,2023,Adaptive transit design: Optimizing fixed and demand responsive multi-modal transportation via continuous approximation,Transportation Research Part A: Policy and Practice,,INCLUDE,2.2,fixed and DR adaptive transit network redesign,N
scopus-only,P0193,10.1117/12.3024003,2024,Research on Customized Bus Route Planning Considering Multiple Path Selection,Proceedings of SPIE - The International Society for Optical Engineering,,MAYBE,2.2,customized bus route planning,N
scopus-only,P0194,10.1109/GCWOT63882.2024.10805666,2024,"Leveraging Qualitative Analysis and Smart Technologies for Sustainable Transport in Karachi, Pakistan","7th Edition Global Conference on Wireless and Optical Technologies, GCWOT 2024",,EXCLUDE,,attitude survey,N
scopus-only,P0195,10.1016/j.asoc.2024.111446,2024,An artificial fish swarm optimization algorithm for the urban transit routing problem,Applied Soft Computing,,INCLUDE,2.2,urban transit routing problem metaheuristic,N
scopus-only,P0196,10.1117/12.3039462,2024,Research on time control points selection of bus timetable based on weighted K-means,Proceedings of SPIE - The International Society for Optical Engineering,,EXCLUDE,,timetable control points,N
scopus-only,P0197,10.1007/978-3-031-64605-8_25,2024,Generative Methods for Planning Public Transportation Systems,Lecture Notes in Computer Science (including subseries Lecture Notes in Artificial Intelligence and Lecture Notes in Bioinformatics),,INCLUDE,2.2,bus route generation from city block data and accessibility,Y
scopus-only,P0198,10.4324/9781003487890-19,2024,People’s Perception Towards Adaptation of Electric Vehicles as a Smart Mobility Planning: A Case of Vijayawada,"Future is Urban II - Urban Resilience, Capacity Building, Nature Based Solutions",,EXCLUDE,,EV perception,N
scopus-only,P0199,10.1016/j.tbs.2023.100588,2023,Social equity analysis of public transit accessibility to healthcare might be erroneous when travel time uncertainty impacts are overlooked,Travel Behaviour and Society,,INCLUDE,2.6,transit accessibility equity healthcare method,N
scopus-only,P0200,10.1145/3681779.3696834,2024,Transit Planning Support System: A Novel View,SUMob 2024 - Proceedings of the 2nd ACM SIGSPATIAL International Workshop on Sustainable Urban Mobility,,INCLUDE,2.2,planning support system establishing and cancelling lines,N
scopus-only,P0201,10.1007/978-3-031-70431-4_65,2024,Development of Parking Policy for Ernakulam City,Lecture Notes in Civil Engineering,,EXCLUDE,,parking policy,N
scopus-only,P0202,10.1007/978-981-97-8116-4_34,2024,Identifying the Attitude of Users’ Preference Toward Sustainable Transport Modes,Lecture Notes in Civil Engineering,,EXCLUDE,,attitude survey,N
scopus-only,P0203,10.1109/GCCE62371.2024.10760476,2024,A Study on the Design of Transportation Network Based on OD Flow in Utsunomiya City,GCCE 2024 - 2024 IEEE 13th Global Conference on Consumer Electronics,,INCLUDE,2.3,OD flow from population distribution for network design,Y
scopus-only,P0204,10.2196/58761,2024,"Moderation Effects of Streetscape Perceptions on the Associations Between Accessibility, Land Use Mix, and Bike-Sharing Use: Cross-Sectional Study",JMIR Public Health and Surveillance,,EXCLUDE,,bike-sharing,N
scopus-only,P0205,10.3233/ATDE241189,2024,Equity in Public Transportation Systems in Tourist Cities: A Comparative Study of Palma and Málaga (Spain),Advances in Transdisciplinary Engineering,,INCLUDE,2.6,"open GTFS equity with need index, no ridership",Y
scopus-only,P0206,10.1109/HNICEM64917.2024.11258812,2024,"Jeepney Real-Time Paratransit Information Using LoRaWAN, Smartphone APIs, and IoT: An Intelligent Transport System Application","2024 IEEE 16th International Conference on Humanoid, Nanotechnology, Information Technology, Communication and Control, Environment, and Management, HNICEM 2024",,EXCLUDE,,IoT jeepney info,N
scopus-only,P0207,10.1177/03611981231220563,2024,Faster Convergence of Integrated Activity-Based Models in Dynamic Multimodal Transit Assignment Using Macroscopic Road Congestion Estimation,Transportation Research Record,,EXCLUDE,,activity-based assignment,N
scopus-only,P0208,10.1109/ICNGN63705.2024.10871527,2024,Research on Online Bus-Hailing Route Planning Based on a Bi-level Programming Model,"Proceedings of the 3rd International Conference on Intelligent Computing and Next Generation Networks, ICNGN 2024",,EXCLUDE,,online bus-hailing DRT,N
scopus-only,P0209,10.3390/systems12070263,2024,Integrated Optimization of Route and Frequency for Rail Transit Feeder Buses under the Influence of Shared Motorcycles,Systems,,INCLUDE,2.2,feeder bus route and frequency optimization,N
scopus-only,P0210,10.1007/978-3-031-49495-6_26,2024,"Public Involvement in Sustainable Development: Sustainable Mobility Accords Programme (Case Study of Bengaluru, India)","Advances in Science, Technology and Innovation",,EXCLUDE,,public involvement programme,N
scopus-only,P0211,10.1088/1755-1315/1151/1/012003,2023,Mobility planning for urban employee to workplace: an analysis of bus routes network and stop locations,IOP Conference Series: Earth and Environmental Science,,INCLUDE,2.4,bus route coverage and stop location analysis Klang,N
scopus-only,P0212,10.1016/j.jum.2024.04.002,2024,Spatiotemporal impacts of metro network structure on land use change,Journal of Urban Management,,EXCLUDE,,metro land use,N
scopus-only,P0213,10.3390/urbansci8040165,2024,When to Measure Accessibility? Temporal Segmentation and Aggregation in Location-Based Public Transit Accessibility,Urban Science,,INCLUDE,2.4,GTFS temporal accessibility method,N
scopus-only,P0214,10.14445/22315381/IJETT-V71I12P208,2023,Mass Transit Route Network Planning in Makassar City,International Journal of Engineering Trends and Technology,,INCLUDE,2.2,route network planning from spatial analysis and population projections,Y
scopus-only,P0215,10.3390/electronics12153358,2023,An Improved Particle Swarm Optimization Algorithm for the Urban Transit Routing Problem,Electronics (Switzerland),,INCLUDE,2.2,urban transit routing PSO,N
scopus-only,P0216,10.1145/3617023.3617056,2023,Efficient Map-Matching Parallelization over Bus Trajectories Using Spark,ACM International Conference Proceeding Series,,EXCLUDE,,map matching,N
scopus-only,P0217,10.1063/5.0236733,2024,Analysis of potential demand of LRT Jakarta Velodrome - Manggarai route based on public preferences,AIP Conference Proceedings,,EXCLUDE,,LRT stated preference,N
scopus-only,P0218,10.1080/21680566.2024.2389882,2024,Optimal fare and headway for a demand adaptive paired-line hybrid transit system in a rectangular area with elastic demand,Transportmetrica B,,MAYBE,2.2,hybrid fixed/flex headway and fare,N
scopus-only,P0219,10.1145/3555776.3577596,2023,Improving the Quality of Public Transportation by Dynamically Adjusting the Bus Departure Time,Proceedings of the ACM Symposium on Applied Computing,,EXCLUDE,,departure time adjustment,N
scopus-only,P0220,10.1177/03611981231170131,2024,Collaborative Optimization of Company Commuter Bus Stop Selection and Route Programming Considering Stochastic Travel Time and Demand,Transportation Research Record,,MAYBE,2.2,commuter bus stop selection and routing,N
scopus-only,P0221,10.1109/CBASE64041.2024.10824442,2024,Research on the Spatiotemporal Pattern of Bus Interchange based on Travel Big Data,"2024 3rd International Conference on Cloud Computing, Big Data Application and Software Engineering, CBASE 2024",,MAYBE,2.3,smart card bus interchange patterns,N
scopus-only,P0222,10.22098/JOAPE.2023.10221.1725,2023,A Novel Improved HBMO Algorithm Regarding Generation Expansion Planning in Deregulated Energy Networks,Journal of Operation and Automation in Power Engineering,,EXCLUDE,,power systems,N
scopus-only,P0223,10.1016/j.epsr.2023.109780,2023,Bi-objective robust planning model for optimal allocation of soft open points in active distribution network: A flexibility improvement approach,Electric Power Systems Research,,EXCLUDE,,power systems,N
scopus-only,P0224,10.1007/978-3-031-50396-2_8,2024,Deep Reinforcement Learning of Autonomous Control Actions to Improve Bus-Service Regularity,Communications in Computer and Information Science,,EXCLUDE,,bus holding control,N
scopus-only,P0225,10.1109/ITSC58415.2024.10920214,2024,Semi-on-Demand Transit Feeders with Shared Autonomous Vehicles and Reinforcement-Learning-Based Zonal Dispatching Control,"IEEE Conference on Intelligent Transportation Systems, Proceedings, ITSC",,EXCLUDE,,SAV dispatch,N
scopus-only,P0226,10.1177/03611981231159400,2023,"RIDIT-ISA Approach to Investigate Commuter Perceptions of an Existing Regional Transit System: A Case Study in the National Capital Region, India",Transportation Research Record,,EXCLUDE,,perception survey,N
scopus-only,P0227,10.1007/978-3-031-65343-8_6,2024,Evaluating Accessibility Within a Multimodal Transport Network: The Case Study of the City of Catania,Lecture Notes in Computer Science (including subseries Lecture Notes in Artificial Intelligence and Lecture Notes in Bioinformatics),,INCLUDE,2.4,multimodal accessibility with population and service data,N
scopus-only,P0228,10.1007/s42489-024-00167-9,2024,Visualizing the Influence of New Public Transport Infrastructure on Travel Times,KN - Journal of Cartography and Geographic Information,,MAYBE,2.4,GTFS travel-time impact visualization of new lines,N
scopus-only,P0229,10.3390/su16093766,2024,An Assessment of Accessibility from a Socially Sustainable Urban Mobility Approach in Mass Transit Projects: Contributions from the Northern Central American Triangle,Sustainability (Switzerland) ,,INCLUDE,2.7,"BRT accessibility equity indicators, Central America",N
scopus-only,P0230,10.1049/icp.2024.0709,2023,A Nonlinear Optimization-Based Bus OD Matrix Prediction Model under Information Deficiency,IET Conference Proceedings,,INCLUDE,2.3,bus OD estimation from boarding-only data,N
scopus-only,P0231,10.1007/s10109-022-00382-w,2023,Realizable accessibility: evaluating the reliability of public transit accessibility using high-resolution real-time data,Journal of Geographical Systems,,INCLUDE,2.6,transit accessibility reliability with real-time bus data,N
scopus-only,P0232,10.1016/j.tbs.2023.100709,2024,Designing railway transit network with first-mile access via ride-sharing autonomous vehicle service,Travel Behaviour and Society,,EXCLUDE,,rail first-mile AV,N
scopus-only,P0233,10.1016/j.tre.2024.103598,2024,Passenger social rerouting strategies in capacitated public transport systems,Transportation Research Part E: Logistics and Transportation Review,,EXCLUDE,,passenger rerouting operations,N
scopus-only,P0234,10.1109/ICITE59717.2023.10733869,2023,Headway-Based Bus Bunching Prediction Using LSTM with Attention,"2023 IEEE 8th International Conference on Intelligent Transportation Engineering, ICITE 2023",,EXCLUDE,,bunching prediction,N
scopus-only,P0235,10.1177/03611981231165769,2023,Women’s Vulnerability on Public Transport,Transportation Research Record,,EXCLUDE,,harassment survey,N
scopus-only,P0236,10.1016/j.trc.2024.104822,2024,A seamless bus network without external transfers using autonomous modular vehicles,Transportation Research Part C: Emerging Technologies,,MAYBE,2.2,autonomous modular bus network concept,N
scopus-only,P0237,10.1007/978-981-97-9218-4_4,2024,"Urban Transport Challenges and Their Implications for Accessibility, Affordability, and Efficiency in India: A Systematic Review",Springer Proceedings in Business and Economics,,MAYBE,2.7,Indian urban transport systematic review,N
scopus-only,P0238,10.1016/j.tra.2023.103615,2023,A novel modelling approach of integrated taxi and transit mode and route choice using city-scale emerging mobility data,Transportation Research Part A: Policy and Practice,,EXCLUDE,,mode/route choice model,N
scopus-only,P0239,10.1088/1755-1315/1395/1/012026,2024,Sustainability Challenges: How Public Transport Supports Eco-Tourism Industries,IOP Conference Series: Earth and Environmental Science,,EXCLUDE,,eco-tourism routing,N
scopus-only,P0240,10.1007/978-981-19-3505-3_22,2023,Potential of Electronic Ticketing Machine Data in Public Transport Planning,Lecture Notes in Civil Engineering,,INCLUDE,2.3,"ETM ticket data for bus planning, Kerala",N
scopus-only,P0241,10.1016/j.scs.2022.104384,2023,Popularity influence mechanism of creative industry parks: A semantic analysis based on social media data,Sustainable Cities and Society,,EXCLUDE,,social media popularity,N
scopus-only,P0242,10.25175/jrd/2024/v43/i4/173086,2024,DEVELOPING RURAL TRANSPORT IN MADHYA PRADESH (INDIA) – SEARCH FOR A STRATEGY,Journal of Rural Development,,MAYBE,2.7,rural transport reform Madhya Pradesh,N
scopus-only,P0243,10.1063/5.0236183,2024,"Evaluation of bus service in Al-Najaf old city ""city center"" as sustable indictors)",AIP Conference Proceedings,,MAYBE,2.7,bus service evaluation Al-Najaf field data,N
scopus-only,P0244,10.1007/s12469-024-00361-y,2024,Origin–destination matrices from smartphone apps for bus networks,Public Transport,,INCLUDE,2.3,bus OD matrices from smartphone app data,N
scopus-only,P0245,10.1117/12.3023919,2024,Analysis of passenger flow changes during urban rail transit emergencies based on big data,Proceedings of SPIE - The International Society for Optical Engineering,,EXCLUDE,,rail passenger flow,N
scopus-only,P0246,10.1007/978-981-97-1972-3_163,2024,Integrating On-Demand Transport into an Existing Transport Network: A Data-Driven Simulation Approach,Lecture Notes in Civil Engineering,,EXCLUDE,,on-demand transport simulation,N
scopus-only,P0247,10.1016/j.trc.2023.104285,2023,A data fusion approach with mobile phone data for updating travel survey-based mode split estimates,Transportation Research Part C: Emerging Technologies,,EXCLUDE,,mode split estimation,N
scopus-only,P0248,10.46488/NEPT.2023.v22i02.015,2023,Investigating the Implications of Transit-Oriented Land Use Development for a Potential Node in an Urban Metro for Sustainability,Nature Environment and Pollution Technology,,EXCLUDE,,TOD metro,N
scopus-only,P0249,10.1063/5.0170012,2023,Design and Implementation of Advanced Public Transportation System for Developing Countries,AIP Conference Proceedings,,EXCLUDE,,APTS tooling,N
scopus-only,P0250,10.1016/j.scs.2023.104630,2023,Designing and planning sustainable customized bus service for departing attendees of planned special events: A two-phase methodology integrating data-driven and demand-responsive,Sustainable Cities and Society,,EXCLUDE,,special event customized bus,N
scopus-only,P0251,,2024,Towards a Configurational Multimodal Urban Network Model: A Data-Driven Approach to Public Transport Modelling,"14th International Space Syntax Symposium, SSS 2024",,MAYBE,2.5,data-driven multimodal network model from GTFS,N
scopus-only,P0252,10.1088/1742-6596/2421/1/012031,2023,Mapping the overlapping paratransit route in Medan City using GIS,Journal of Physics: Conference Series,,INCLUDE,2.2,"GIS mapping of overlapping paratransit routes, Medan",Y
scopus-only,P0253,10.1016/j.trpro.2024.02.068,2024,Use of comprehensive datasets to estimate the Slovak National Transportation Model,Transportation Research Procedia,,EXCLUDE,,national four-step model,N
scopus-only,P0254,10.3390/math11194185,2023,A Multilayer Network Approach for the Bimodal Bus–Pedestrian Line Planning Problem,Mathematics,,INCLUDE,2.2,bus line planning multilayer network,N
scopus-only,P0255,10.24200/sci.2022.59565.6310,2023,A new binary genetic programming approach to designing public transportation systems according to transit-oriented development criteria,Scientia Iranica,,EXCLUDE,,TOD classification,N
scopus-only,P0256,10.1016/j.geoforum.2023.103878,2023,Shrinking labour geographies: Transport access for paid work in later ages,Geoforum,,EXCLUDE,,qualitative labour geography,N
scopus-only,P0257,10.1016/j.tra.2024.104214,2024,Feeder bus service design under spatially heterogeneous demand,Transportation Research Part A: Policy and Practice,,INCLUDE,2.2,feeder bus design heterogeneous demand,N
scopus-only,P0258,,2023,"ALLEVIATION OF PASSENGER QUEUES IN A RESOURCE-CONSTRAINED BUS NETWORK WITH A CASE STUDY IN KIGALI, RWANDA","Proceedings of the 27th International Conference of Hong Kong Society for Transportation Studies, HKSTS 2023: Transport and Equity",,INCLUDE,2.7,"resource-constrained bus fleet allocation, Kigali",N
scopus-only,P0259,10.22098/joape.2023.11565.1861,2024,Solution to Objectives of Supply Side Energy Management by Integrating Enhanced Demand Response Strategy,Journal of Operation and Automation in Power Engineering,,EXCLUDE,,power systems,N
scopus-only,P0260,10.1007/978-981-19-5615-7_42,2023,Research on OD Estimation of Public Transit Passenger Flow Based on Multi-source Data,Lecture Notes in Electrical Engineering,,INCLUDE,2.3,bus OD estimation from GPS and IC card,N
scopus-only,P0261,,2024,"A Review of Public Road Transport in India: Challenges, Innovations and Policy Recommendations","15th International Conference on Advances in Computing, Control, and Telecommunication Technologies, ACT 2024",,MAYBE,2.7,review Indian public road transport,N
scopus-only,P0262,10.1016/j.jtrangeo.2024.104007,2024,Equity of access to rail services by complementary motorized and active modes,Journal of Transport Geography,,EXCLUDE,,rail access equity,N
scopus-only,P0263,10.3390/su16062414,2024,Rethinking Public Transit Networks Using Climate Change Mitigation and Social Justice Lenses: Great Victoria Area Case Study,Sustainability (Switzerland) ,,INCLUDE,2.2,"transit network scenarios justice lens, Victoria",N
scopus-only,P0264,10.1016/j.ejor.2022.05.040,2023,Strategy-based transit stochastic user equilibrium model with capacity and number-of-transfers constraints,European Journal of Operational Research,,EXCLUDE,,transit assignment equilibrium,N
scopus-only,P0265,10.1109/ICaMaL62577.2024.10919621,2024,Commuting Customized Bus Network Design Considering Price-Elastic Demand,"2024 International Conference on Automation in Manufacturing, Transportation and Logistics, ICaMaL 2024",,MAYBE,2.2,customized bus network design,N
scopus-only,P0266,10.1016/j.physa.2024.129583,2024,A scenario model for enhancing the resilience of an urban rail transit network by adding new links,Physica A: Statistical Mechanics and its Applications,,EXCLUDE,,rail network,N
scopus-only,P0267,10.1007/978-981-99-8842-6_11,2024,Urban Public Services Delivery and Sustainable Development: A Survey of User Opinion in Four Major Metropolitan Cities in India,Lecture Notes in Civil Engineering,,EXCLUDE,,public services survey,N
scopus-only,P0268,10.1007/978-981-97-3994-3_43,2024,Transit-Oriented Development TOD as Innovation Tool for Smart and Sustainable Infrastructure,Lecture Notes in Civil Engineering,,EXCLUDE,,TOD,N
scopus-only,P0269,10.1109/ICET59753.2023.10374962,2023,Public Transport Network Data; A Case-Study of Islamabad,"18th IEEE International Conference on Emerging Technologies, ICET 2023",,INCLUDE,2.5,public transport network dataset for Islamabad,N
scopus-only,P0270,10.1109/ICISSGT58904.2024.00030,2024,Demand Response Based Techno-Socio-Economic Improvements with Time-Varying Incentives at DN using Cuckoo Search Algorithm,"Proceedings - 2024 IEEE International Conference on Intelligent Systems, Smart and Green Technologies, ICISSGT 2024",,EXCLUDE,,power systems,N
scopus-only,P0271,10.1016/j.jtrangeo.2024.103892,2024,The everyday struggles of accessing public transport for women in the first- and last-mile stretches in Kolkata,Journal of Transport Geography,,EXCLUDE,,qualitative first-last mile,N
scopus-only,P0272,,2023,Analyzing Travel Time Reliability of a Bus Route in a Limited Data Set Scenario: A Case Study,International Journal of Intelligent Systems and Applications in Engineering,,MAYBE,2.7,"Indian bus reliability benchmarks, limited data",N
scopus-only,P0273,10.1117/12.2668562,2023,A method for the selection of bus route time control points incorporating APTS and POI data,Proceedings of SPIE - The International Society for Optical Engineering,,EXCLUDE,,time control points,N
scopus-only,P0274,10.1109/MNE3SD63831.2024.10812154,2024,Identification and Mitigation of Weak Points in an Electrical Network for Optimal Solar PV Power Integration,"2024 IEEE Multi-Conference on Natural and Engineering Sciences for Sahel's Sustainable Development, MNE3SD 2024",,EXCLUDE,,power grid,N
scopus-only,P0275,10.1061/JUPDDM.UPENG-4516,2023,Decision Support System for Measuring Pedestrian Accessibility to Public Transit Nodes,Journal of Urban Planning and Development,,EXCLUDE,,metro pedestrian access,N
scopus-only,P0276,10.1190/iceg2023-085.1,2024,"P22: Studying the demographic characteristics of shared e-scooter users in Abu Dhabi, utilizing OpenStreetMap data: A Geoinformatics Study","7th International Conference on Engineering Geophysics, ICEG 2023",,EXCLUDE,,e-scooter demographics,N
scopus-only,P0277,10.1016/j.cor.2023.106481,2024,An improved solution methodology for the urban transit routing problem,Computers and Operations Research,,INCLUDE,2.2,urban transit routing problem methodology,N
scopus-only,P0278,10.1007/s11116-022-10270-3,2023,Mitigating bus bunching with real-time crowding information,Transportation,,EXCLUDE,,bunching crowding info,N
scopus-only,P0279,10.1063/5.0146186,2023,Investigation of the Major Causes of Pavement Distress in Different Level of Grades,AIP Conference Proceedings,,EXCLUDE,,pavement,N
scopus-only,P0280,10.1016/j.prime.2023.100343,2023,Reliability evaluation of distribution network for educational purpose: An analytical approach to results analysis,"e-Prime - Advances in Electrical Engineering, Electronics and Energy",,EXCLUDE,,power systems,N
scopus-only,P0281,10.1007/978-981-99-2676-3_59,2024,Threshold Enabled Measure to Evaluate the Travel Time Reliability Performance,Lecture Notes in Civil Engineering,,EXCLUDE,,reliability measure,N
scopus-only,P0282,10.1109/ICREST57604.2023.10070092,2023,IoT Based Seat Reservation System for University Bus with Wireless Network,"International Conference on Robotics, Electrical and Signal Processing Techniques",,EXCLUDE,,seat reservation IoT,N
scopus-only,P0283,10.1016/j.tranpol.2021.06.013,2021,Car users’ attitudes towards an enhanced bus system to mitigate urban congestion in a developing country,Transport Policy,,EXCLUDE,,mode shift attitudes,N
scopus-only,P0284,10.1155/2022/6034369,2022,Modeling Network Capacity for Urban Multimodal Transportation Applications,Journal of Advanced Transportation,,EXCLUDE,,network capacity,N
scopus-only,P0285,10.3390/urbansci5040087,2021,"Structural Analysis in Transit System Using Network Theory Case of Guadalajara, Mexico",Urban Science,,INCLUDE,2.6,network-theory structural indicators of transit network,N
scopus-only,P0286,10.1109/TSTE.2022.3179837,2022,A Novel Shared Energy Storage Planning Method Considering the Correlation of Renewable Uncertainties on the Supply Side,IEEE Transactions on Sustainable Energy,,EXCLUDE,,energy storage,N
scopus-only,P0287,10.1145/3465416.3483288,2021,A Public Transit Network Optimization Model for Equitable Access to Social Services,ACM International Conference Proceeding Series,,INCLUDE,2.2,modify existing bus network frequencies for equitable access,N
scopus-only,P0288,10.1109/ICCPCT58313.2023.10245254,2023,Innovation in Public Transportation and Improving Accessibility for the Blind,"Proceedings of the International Conference on Circuit Power and Computing Technologies, ICCPCT 2023",,EXCLUDE,,assistive tech,N
scopus-only,P0289,10.1109/ICICyTA57421.2022.10037934,2022,Performance Evaluation of LoRaWAN for Smart Shuttle Bus System Support in Campus Area,"2022 2nd International Conference on Intelligent Cybernetics Technology and Applications, ICICyTA 2022",,EXCLUDE,,LoRaWAN tracking,N
scopus-only,P0290,10.1145/3565387.3565437,2022,A Method of Customized Bus Route Design,ACM International Conference Proceeding Series,,MAYBE,2.2,customized bus route design,N
scopus-only,P0291,10.1016/j.compeleceng.2021.107302,2021,Market power assessment in electricity markets based on social network analysis,Computers and Electrical Engineering,,EXCLUDE,,electricity market,N
scopus-only,P0292,10.1109/ITSC55140.2022.9922525,2022,Insights on exploring a small-scale electric bicycle sharing data set,"IEEE Conference on Intelligent Transportation Systems, Proceedings, ITSC",,EXCLUDE,,bike sharing OD,N
scopus-only,P0293,10.1186/s12544-021-00507-0,2021,A data-driven analysis of the potential of public transport for German commuters using accessibility indicators,European Transport Research Review,,MAYBE,2.4,open-data PT accessibility Germany; not bus-specific,N
scopus-only,P0294,10.1145/3557991.3567798,2022,A graph-database approach to assess the impact of demand-responsive services on public transit accessibility,"Proceedings of the 15th ACM SIGSPATIAL International Workshop on Computational Transportation Science, IWCTS 2022",,MAYBE,2.6,GTFS accessibility equity with DRT fleet allocation,N
scopus-only,P0295,10.1109/ICC45855.2022.9838450,2022,On the Design of Bus-Based Vehicular Networks: Mobility Generation and Data Dissemination,IEEE International Conference on Communications,,EXCLUDE,,vehicular networking,N
scopus-only,P0296,10.1016/j.tranpol.2021.10.017,2021,Analyzing significant variables for choosing different modes by female travelers,Transport Policy,,EXCLUDE,,mode choice women,N
scopus-only,P0297,10.1016/j.simpat.2021.102398,2022,Building the road network for city-scale active transport simulation models,Simulation Modelling Practice and Theory,,EXCLUDE,,active transport road network,N
scopus-only,P0298,10.1109/R10-HTC57504.2023.10461879,2023,"Innovative Discrete Event Simulation With GPS Assistance for Bus Route 45 Scheduling in Seattle, WA","IEEE Region 10 Humanitarian Technology Conference, R10-HTC",,EXCLUDE,,bus scheduling simulation single route,N
scopus-only,P0299,10.1117/12.3010216,2023,Research on Bus Transit Route Network Design Problem Considering Actual Road Network and Depot Scale,Proceedings of SPIE - The International Society for Optical Engineering,,INCLUDE,2.2,bus route network design GA on real road network,N
scopus-only,P0300,10.1007/978-3-030-80312-4_9,2022,Development of a Spreadsheet Solver for Regional Bus Timetabling,Lecture Notes in Civil Engineering,,EXCLUDE,,timetable synchronisation only,N
scopus-only,P0301,10.1186/s12544-022-00565-y,2022,Sustainable development assessment of incentive-driven shared on-demand mobility systems in rural settings,European Transport Research Review,,EXCLUDE,,shared on-demand rural indicators,N
scopus-only,P0302,10.5220/0011080700003197,2022,Extracting Mass Transportation Networks from General Transit Feed Specification Datasets,"International Conference on Complexity, Future Information Systems and Risk, COMPLEXIS - Proceedings",,MAYBE,2.5,GTFS network extraction tool,N
scopus-only,P0303,10.1109/COMPSAC51774.2021.00054,2021,A Bayesian framework for supporting predictive analytics over big transportation data,"Proceedings - 2021 IEEE 45th Annual Computers, Software, and Applications Conference, COMPSAC 2021",,EXCLUDE,,bus delay predictive analytics,N
scopus-only,P0304,10.1007/s10288-021-00490-1,2022,"The grid based approach, a fast local evaluation technique for line planning",4OR,,INCLUDE,2.2,transit line planning evaluation technique,N
scopus-only,P0305,10.3233/FAIA220235,2022,Interactive Bus Route Search System on Query-by-Object with Open Data,Frontiers in Artificial Intelligence and Applications,,EXCLUDE,,route search application,N
scopus-only,P0306,10.1109/ICITE59717.2023.10733901,2023,A Multi-Trip Customized Bus Network Design Model,"2023 IEEE 8th International Conference on Intelligent Transportation Engineering, ICITE 2023",,MAYBE,2.2,customized bus network design MILP,N
scopus-only,P0307,10.1016/j.cities.2021.103543,2022,Spatial and social inequities for educational services accessibility - A case study for schools in Greater Mumbai,Cities,,MAYBE,2.7,Mumbai school accessibility equity multimodal,N
scopus-only,P0308,10.1061/9780784484869.061,2023,Passenger Flow Characteristic Analysis of Public Transportation in Urban Agglomerations by Big Data,"CICTP 2023: Innovation-Empowered Technology for Sustainable, Intelligent, Decarbonized, and Connected Transportation - Proceedings of the 23rd COTA International Conference of Transportation Professionals",,INCLUDE,2.3,smart card OD analysis intercity bus,N
scopus-only,P0309,10.1088/1755-1315/988/2/022005,2022,Assessment of the Quality of Transport Service for Vladivostok City Population,IOP Conference Series: Earth and Environmental Science,,MAYBE,2.6,Vladivostok transport accessibility survey assessment,N
scopus-only,P0310,10.1109/ICDE55515.2023.00279,2023,MetroWatch: A Predictive System to Estimate Travel Attributes Using Smart Card Data,Proceedings - International Conference on Data Engineering,,EXCLUDE,,metro smart card,N
scopus-only,P0311,10.1109/BigData55660.2022.10021073,2022,Systematic Analysis of Public Transit Data Availability in Canada,"Proceedings - 2022 IEEE International Conference on Big Data, Big Data 2022",,MAYBE,2.5,GTFS availability inventory Canada,N
scopus-only,P0312,10.3233/ATDE220773,2022,Application of Public Transport Accessibility Level (PTAL) Study for Accessing Service Gap in Upcoming Metro Services: A Case Study of Jammu City,Advances in Transdisciplinary Engineering,,MAYBE,2.7,PTAL Jammu Kashmir transit gap,N
scopus-only,P0313,10.1007/978-981-19-3494-0_16,2023,Socio-Demographic Variations in Mode Choice Preferences of Peri-Urban and Urban Areas—A Case Study of Bangalore,Lecture Notes in Civil Engineering,,EXCLUDE,,mode choice,N
scopus-only,P0314,10.1080/23249935.2021.1902420,2022,Reliability-based equitable transit frequency design,Transportmetrica A: Transport Science,,INCLUDE,2.2,equitable transit frequency design bilevel,N
scopus-only,P0315,10.1016/j.tra.2022.11.008,2022,How do pandemics affect intercity air travel? Implications for traffic and environment,Transportation Research Part A: Policy and Practice,,EXCLUDE,,air travel pandemic,N
scopus-only,P0316,10.1016/j.trd.2021.102889,2021,Flood impacts on urban transit and accessibility—A case study of Kinshasa,Transportation Research Part D: Transport and Environment,,MAYBE,2.7,Kinshasa GTFS flood accessibility Global South,N
scopus-only,P0317,10.1177/03611981221098660,2023,Autonomous Minibus Service With Semi-on-Demand Routes in Grid Networks,Transportation Research Record,,MAYBE,2.2,minibus semi-on-demand conversion of bus routes,N
scopus-only,P0318,10.1007/s12469-019-00214-z,2021,Before-and-after evaluation of a bus network improvement using performance indicators from historical smart card data,Public Transport,,INCLUDE,2.6,bus network indicators smart card accessibility Sao Paulo,N
scopus-only,P0319,10.1061/9780784484265.128,2022,Research on Customized Bus Demand Identification and Route Layout,"CICTP 2022: Intelligent, Green, and Connected Transportation - Proceedings of the 22nd COTA International Conference of Transportation Professionals",,MAYBE,2.3,customized bus demand from phone signalling,N
scopus-only,P0320,10.1109/ITSC57777.2023.10422363,2023,Augmenting Transit Network Design Algorithms with Deep Learning,"IEEE Conference on Intelligent Transportation Systems, Proceedings, ITSC",,INCLUDE,2.2,transit network design deep learning,N
scopus-only,P0321,10.1080/23249935.2021.1931549,2022,A bimodal transit system for large cities: cost efficiency and environment friendliness,Transportmetrica A: Transport Science,,MAYBE,2.2,bimodal transit design continuum model,N
scopus-only,P0322,10.7307/PTT.V34I3.3980,2022,DESIGNING CUSTOMISED BUS ROUTES FOR URBAN COMMUTERS WITH THE EXISTENCE OF MULTIMODAL NETWORK – A BI-LEVEL PROGRAMMING APPROACH,Promet - Traffic and Transportation,,MAYBE,2.2,customised bus route design bilevel,N
scopus-only,P0323,10.1007/978-3-030-95470-3_36,2022,Public Transport Arrival Time Prediction Based on GTFS Data,Lecture Notes in Computer Science (including subseries Lecture Notes in Artificial Intelligence and Lecture Notes in Bioinformatics),,EXCLUDE,,arrival time prediction,N
scopus-only,P0324,10.1109/BigData55660.2022.10020973,2022,BTE-Sim: Fast Simulation Environment For Public Transportation,"Proceedings - 2022 IEEE International Conference on Big Data, Big Data 2022",,MAYBE,2.5,transit simulation from population and road data,N
scopus-only,P0325,10.1016/j.jag.2021.102666,2022,Applying Ollivier-Ricci curvature to indicate the mismatch of travel demand and supply in urban transit network,International Journal of Applied Earth Observation and Geoinformation,,INCLUDE,2.6,transit network upgrade priority demand-supply mismatch,N
scopus-only,P0326,10.1007/978-3-030-93413-2_64,2022,CityChrone: an Interactive Platform for Transport Network Analysis and Planning in Urban Systems,Studies in Computational Intelligence,,INCLUDE,2.5,open-source transit accessibility platform GTFS,N
scopus-only,P0327,10.1016/j.trb.2022.04.006,2022,Bayesian origin-destination estimation in networked transit systems using nodal in- and outflow counts,Transportation Research Part B: Methodological,,INCLUDE,2.3,Bayesian transit OD estimation from counts,N
scopus-only,P0328,10.1007/978-981-19-3505-3_23,2023,Departure Time Planner for Multimodal Public Transport Network Using Dynamic Programming,Lecture Notes in Civil Engineering,,EXCLUDE,,trip planner,N
scopus-only,P0329,10.1109/ICAEE53772.2022.9962072,2022,Standalone power Plant based on PEMFC,"2022 2nd International Conference on Advanced Electrical Engineering, ICAEE 2022",,EXCLUDE,,electrical bus,N
scopus-only,P0330,10.1111/grow.12588,2022,Assessing the performance of public transport services in a developing country: A case study using data envelopment analysis,Growth and Change,,MAYBE,2.7,DEA bus route performance Bangladesh data scarcity,N
scopus-only,P0331,,2021,Redesigning Transit for the New Mobility Future,TR News,,MAYBE,2.2,bus network redesign practice TCRP,N
scopus-only,P0332,10.1007/978-3-031-21438-7_77,2023,Evaluation of the Public Transport Route Network of the City of Kursk and Recommendations for Its Improvement,Lecture Notes in Networks and Systems,,INCLUDE,2.2,route network evaluation and improvement Kursk,N
scopus-only,P0333,10.1007/978-3-030-96753-6_16,2022,Using Open Data to Analyze Public Bus Service from an Age Perspective: Melilla Case,Communications in Computer and Information Science,,INCLUDE,2.6,open data bus service equity age Melilla,N
scopus-only,P0334,10.3390/ijerph192113746,2022,"Key Factors, Planning Strategy and Policy for Low-Carbon Transport Development in Developing Cities of China",International Journal of Environmental Research and Public Health,,EXCLUDE,,carbon emissions,N
scopus-only,P0335,10.1016/j.esd.2021.08.003,2021,Ray of hope for sub-Saharan Africa's paratransit: Solar charging of urban electric minibus taxis in South Africa,Energy for Sustainable Development,,EXCLUDE,,electrification minibus taxis,N
scopus-only,P0336,10.1109/COMSNETS53615.2022.9668410,2022,GPS Crowdsensing for Public Stoppage Planning of City Buses: A Perspective of Developing Economies,"2022 14th International Conference on COMmunication Systems and NETworkS, COMSNETS 2022",,MAYBE,2.7,GPS bus stop identification developing cities,N
scopus-only,P0337,10.1109/DASC/PiCom/CBDCom/Cy55231.2022.9927788,2022,Effectively and Efficiently Supporting Predictive Big Data Analytics over Open Big Data in the Transportation Sector: A Bayesian Network Framework,"Proceedings of the 2022 IEEE International Conference on Dependable, Autonomic and Secure Computing, International Conference on Pervasive Intelligence and Computing, International Conference on Cloud and Big Data Computing, International Conference on Cyber Science and Technology Congress, DASC/PiCom/CBDCom/CyberSciTech 2022",,EXCLUDE,,bus delay analytics,N
scopus-only,P0338,10.3390/ijgi10070439,2021,Exploring equity in healthcare services: Spatial accessibility changes during subway expansion,ISPRS International Journal of Geo-Information,,EXCLUDE,,subway healthcare access,N
scopus-only,P0339,,2022,Urban Grid and Accessibility of Proposed Metro Stations in an Organic City: Using Space Syntax as an Analytical Tool,"Proceedings 13th International Space Syntax Symposium, SSS 2022",,EXCLUDE,,metro station space syntax,N
scopus-only,P0340,10.1109/ICCCMLA58983.2023.10346218,2023,Advancements in Public Transport: Design and Implementation of an Android-Based Real-Time Bus Tracking System,"5th IEEE International Conference on Cybernetics, Cognition and Machine Learning Applications, ICCCMLA 2023",,EXCLUDE,,bus tracking app,N
scopus-only,P0341,10.1145/3512576.3512658,2021,Research on Layered Planning of Tourism Bus Network Based on TOD Concepte: A Case of the Tourism Bus of Guilin City,ACM International Conference Proceeding Series,,INCLUDE,2.4,tourism bus network from POI-based TOD index,Y
scopus-only,P0342,10.1145/3508397.3564852,2022,Multi-Line Customized Bus Planner for On-Demand Origin-Destination Travel Requests,ACM International Conference Proceeding Series,,MAYBE,2.2,customized bus line generation from requests,N
scopus-only,P0343,10.1007/978-981-16-7924-7_88,2022,Impact of Proposed Bus Rapid Transit (BRT) Peshawar on Modal Shares of Private Modes,Lecture Notes in Civil Engineering,,EXCLUDE,,BRT mode share,N
scopus-only,P0344,10.1553/giscience2022_01_s17,2022,Identification of Transit Service Gaps through Accessibility and Social Vulnerability Mapping in Miami-Dade County,GI_Forum,,INCLUDE,2.6,transit accessibility and vulnerability gaps,N
scopus-only,P0345,10.1016/j.ajogmf.2021.100442,2021,Geographic barriers to prenatal care access and their consequences,American Journal of Obstetrics and Gynecology MFM,,EXCLUDE,,prenatal care,N
scopus-only,P0346,,2023,RESILIENT BUS SERVICES DESIGN IN A MULTIMODAL NETWORK CATERING TO METRO SYSTEM DISRUPTION,"Proceedings of the 27th International Conference of Hong Kong Society for Transportation Studies, HKSTS 2023: Transport and Equity",,INCLUDE,2.2,bus routing and frequency design for metro disruption,N
scopus-only,P0347,10.1007/978-3-030-91738-8_19,2022,Applying Advanced IoT Network Topologies to Enhance Intelligent City Transportation Cost Based on a Constrained and Secured Applicative IoT CoAP Protocol,Lecture Notes in Networks and Systems,,EXCLUDE,,IoT platform,N
scopus-only,P0348,10.1109/TITS.2020.2991834,2021,A Data Driven Approach to Match Demand and Supply for Public Transport Planning,IEEE Transactions on Intelligent Transportation Systems,,INCLUDE,2.3,phone/GPS OD vs transit supply mismatch,N
scopus-only,P0349,10.3390/su13168706,2021,Optimal urban transit investment model and its application,Sustainability (Switzerland),,MAYBE,2.2,transit investment network design model,N
scopus-only,P0350,10.1109/IIHC55949.2022.10059995,2022,Visual Analysis of Thane Intelligent Transport System,"International Interdisciplinary Humanitarian Conference for Sustainability, IIHC 2022 - Proceedings",,MAYBE,2.7,Thane India bus ITS data analysis fleet,N
scopus-only,P0351,10.1080/15472450.2020.1859375,2022,Passenger satisfaction evaluation of public transport using alternative queuing method under hesitant linguistic environment,"Journal of Intelligent Transportation Systems: Technology, Planning, and Operations",,EXCLUDE,,rail satisfaction,N
scopus-only,P0352,10.1088/1742-6596/1994/1/012007,2021,Comprehensive Analysis Based on Massive Taxi Trajectory Data,Journal of Physics: Conference Series,,EXCLUDE,,taxi trajectories,N
scopus-only,P0353,10.1016/j.tra.2022.05.005,2022,An optimization model to assign seats in long distance trains to minimize SARS-CoV-2 diffusion,Transportation Research Part A: Policy and Practice,,EXCLUDE,,train seats,N
scopus-only,P0354,10.1109/CEEPE55110.2022.9783307,2022,A Black Start Simulation Method with Energy Storage Assistance Systems in Wind Power Consumption,"2022 5th International Conference on Energy, Electrical and Power Engineering, CEEPE 2022",,EXCLUDE,,power systems,N
scopus-only,P0355,10.1109/ISC255366.2022.9922280,2022,"Public Transport Guiding System for Visually Impaired Users Easy to Deploy, Maintain and Extend",ISC2 2022 - 8th IEEE International Smart Cities Conference,,EXCLUDE,,assistive app,N
scopus-only,P0356,10.1177/03611981221086931,2022,Multimodal Urban Transportation Network Capacity Model Considering Intermodal Transportation,Transportation Research Record,,EXCLUDE,,network capacity multimodal,N
scopus-only,P0357,10.1016/j.compenvurbsys.2022.101885,2022,Measuring the impacts of dockless micro-mobility services on public transit accessibility,"Computers, Environment and Urban Systems",,EXCLUDE,,micromobility access,N
scopus-only,P0358,10.1145/3449726.3459476,2021,Optimising the introduction of connected and autonomous vehicles in a public transport system using macro-level mobility simulations and evolutionary algorithms,GECCO 2021 Companion - Proceedings of the 2021 Genetic and Evolutionary Computation Conference Companion,,MAYBE,2.4,CAV route optimisation via open-data accessibility,N
scopus-only,P0359,10.1007/978-981-16-9925-2_6,2022,Bus Bunching Control Strategies: A Case Study of Delhi,Lecture Notes in Civil Engineering,,EXCLUDE,,bus bunching control,N
scopus-only,P0360,10.1016/j.procs.2023.09.033,2023,Transit Network Design Problem - Impact on Network Travel Time Using a Transportation Planning Model,Procedia Computer Science,,INCLUDE,2.2,transit network design problem,N
scopus-only,P0361,10.1109/SUMMA57301.2022.9974076,2022,Optimization of the Public Transport System Using Data Analysis Methods,"Proceedings - 2022 4th International Conference on Control Systems, Mathematical Modeling, Automation and Energy Efficiency, SUMMA 2022",,INCLUDE,2.2,duplicate route identification and consolidation via graph methods,Y
scopus-only,P0362,10.1007/s12469-021-00282-0,2022,The value of additional data for public transport origin–destination matrix estimation,Public Transport,,EXCLUDE,,underground OD estimation,N
scopus-only,P0363,10.3390/futuretransp1020015,2021,Public Transportation Network Design and Frequency Setting: Pareto Optimality through Alternating-Objective Genetic Algorithms,Future Transportation,,INCLUDE,2.2,network design and frequency setting GA,N
scopus-only,P0364,10.1080/23249935.2021.1987580,2023,Joint optimisation of regular and demand-responsive transit services,Transportmetrica A: Transport Science,,INCLUDE,2.2,regular bus and DRT fleet size optimisation,N
scopus-only,P0365,10.1080/23249935.2021.2005180,2023,Perception of overlap in multi-modal urban transit route choice,Transportmetrica A: Transport Science,,EXCLUDE,,route choice modelling,N
scopus-only,P0366,10.2478/mgrsd-2020-0069,2022,The potential accessibility to workplaces and working-age population by means of public and private car transport in Szczecin,Miscellanea Geographica,,INCLUDE,2.4,workplace accessibility by public transport Szczecin,N
scopus-only,P0367,10.1080/13552074.2022.2066266,2022,Devising gender-responsive transport policies in South Asia,Gender and Development,,EXCLUDE,,gender policy interviews,N
scopus-only,P0368,10.1117/12.3003828,2023,A transit network design and frequency setting model with graph neural network and deep reinforcement learning,Proceedings of SPIE - The International Society for Optical Engineering,,INCLUDE,2.2,transit network design and frequency setting RL,N
scopus-only,P0369,10.1108/IJIUS-09-2020-0040,2022,Integrated mode of transport: a predictive model for route guidance,International Journal of Intelligent Unmanned Systems,,EXCLUDE,,route guidance mode choice,N
scopus-only,P0370,10.1016/j.tre.2022.102937,2022,Modeling the capacity of multimodal and intermodal urban transportation networks that incorporate emerging travel modes,Transportation Research Part E: Logistics and Transportation Review,,EXCLUDE,,network capacity modelling,N
scopus-only,P0371,10.1088/1742-6596/1973/1/012243,2021,The Use of Geographic Information System to Analyze Stations Locating for Proposed Rapid Bus Route in AL KUT City.,Journal of Physics: Conference Series,,MAYBE,2.7,GIS BRT station siting Al Kut,N
scopus-only,P0372,10.1109/TITS.2020.2990719,2021,A Methodology to Attain Public Transit Origin-Destination Mobility Patterns Using Multi-Layered Mesoscopic Analysis,IEEE Transactions on Intelligent Transportation Systems,,INCLUDE,2.3,transit OD mobility pattern extraction,N
scopus-only,P0373,10.1007/s10479-019-03378-w,2021,Multi-objective simulation optimization for complex urban mass rapid transit systems,Annals of Operations Research,,EXCLUDE,,rapid transit headway rail,N
scopus-only,P0374,10.1007/s12205-022-1157-3,2022,A Planning Model for Flexible-Route Bus Operations with Financial Constraints,KSCE Journal of Civil Engineering,,MAYBE,2.2,flexible-route bus headway and zone optimisation,N
scopus-only,P0375,10.1088/1755-1315/832/1/012031,2021,"Performance Evaluation of Bus Network in Yogyakarta, Indonesia Using Macroscopic Simulation Model (VISUM)",IOP Conference Series: Earth and Environmental Science,,INCLUDE,2.7,bus network performance evaluation Yogyakarta OD,N
scopus-only,P0376,10.1016/j.trb.2019.11.003,2020,Optimal design of transit networks fed by shared bikes,Transportation Research Part B: Methodological,,MAYBE,2.2,transit network design with bike feeders,N
scopus-only,P0377,10.2495/TDI-V5-N1-15-27,2021,Extracting Information from Wi-Fi Traffic on Public Transport,International Journal of Transport Development and Integration,,INCLUDE,2.3,WiFi-based bus passenger counts and OD,N
scopus-only,P0378,10.1109/ITSC45102.2020.9294292,2020,Scheduling bus holding times in time horizons considering transfer synchronization and service regularity,"2020 IEEE 23rd International Conference on Intelligent Transportation Systems, ITSC 2020",,EXCLUDE,,bus holding control,N
scopus-only,P0379,10.1109/MT-ITS49943.2021.9529328,2021,Bus journey and arrival time prediction based on archived AVL/GPS data using machine learning,"2021 7th International Conference on Models and Technologies for Intelligent Transportation Systems, MT-ITS 2021",,EXCLUDE,,arrival time prediction,N
scopus-only,P0380,10.1109/ICRITO51393.2021.9596156,2021,Affordable Housing and its Sustainability-A review of Critical Success Factors (CSFs),"2021 9th International Conference on Reliability, Infocom Technologies and Optimization (Trends and Future Directions), ICRITO 2021",,EXCLUDE,,housing review,N
scopus-only,P0381,10.1109/ICIC48496.2019.8966681,2019,An Android based ERP System for Karachi Bus Route Management,"3rd International Conference on Innovative Computing, ICIC 2019",,MAYBE,2.7,Karachi bus route management system,N
scopus-only,P0382,10.1155/2020/5402620,2020,Using Open Big Data to Build and Analyze Urban Bus Network Models within and across Administrations,Complexity,,INCLUDE,2.5,open data bus network model and line optimisation,Y
scopus-only,P0383,10.1109/ICCVW54120.2021.00437,2021,An Algorithmic Approach to Quantifying GPS Trajectory Error,Proceedings of the IEEE International Conference on Computer Vision,,EXCLUDE,,GPS error,N
scopus-only,P0384,10.1155/2020/8868602,2020,Design of a Secure Wireless Home Automation System with an Open Home Automation Bus (OpenHAB 2) Framework,Journal of Sensors,,EXCLUDE,,home automation,N
scopus-only,P0385,10.1109/MT-ITS49943.2021.9529286,2021,Fusion of General Transit Feed Specification (GTFS) and passenger count data: Α case study on Cyprus transit system,"2021 7th International Conference on Models and Technologies for Intelligent Transportation Systems, MT-ITS 2021",,INCLUDE,2.3,GTFS fused with passenger counts Cyprus,N
scopus-only,P0386,10.1109/ACCESS.2021.3060816,2021,Agent-Based Optimizing Match between Passenger Demand and Service Supply for Urban Rail Transit Network with NetLogo,IEEE Access,,EXCLUDE,,rail transit,N
scopus-only,P0387,,2020,"Developing public transport accessibility model for Nashik City, Maharashtra, India",International Journal of Scientific and Technology Research,,INCLUDE,2.7,PT accessibility model Nashik India,N
scopus-only,P0388,10.1061/9780784482858.044,2020,An optimization model for bus route redesign considering accessibility improvement for seniors,Construction Research Congress 2020: Infrastructure Systems and Sustainability - Selected Papers from the Construction Research Congress 2020,,INCLUDE,2.2,bus route redesign optimisation for accessibility,N
scopus-only,P0389,10.1007/s12469-019-00218-9,2020,Improving alighting stop inference accuracy in the trip chaining method using neural networks,Public Transport,,INCLUDE,2.3,smart card alighting inference OD,N
scopus-only,P0390,10.1145/3407982.3408007,2020,Traffic flow city index based on public transportation vehicles data,ACM International Conference Proceeding Series,,EXCLUDE,,traffic index from bus data,N
scopus-only,P0391,10.1007/978-3-030-60149-2_54,2020,"Security, Privacy and Trust for a Crowd-Sourced Semantic Accessibility Database for Public Transport",Lecture Notes in Computer Science (including subseries Lecture Notes in Artificial Intelligence and Lecture Notes in Bioinformatics),,EXCLUDE,,crowdsourcing security,N
scopus-only,P0392,10.1109/GLOBECOM42002.2020.9348031,2020,4G LTE Network Data Collection and Analysis along Public Transportation Routes,"Proceedings - IEEE Global Communications Conference, GLOBECOM",,EXCLUDE,,LTE measurement,N
scopus-only,P0393,,2020,Prediction for Public Transit Trip Frequency Using Ordinal Logistic Regression,CICTP 2020: Transportation Evolution Impacting Future Mobility - Selected Papers from the 20th COTA International Conference of Transportation Professionals,,MAYBE,2.3,transit trip frequency model from limited survey,N
scopus-only,P0394,10.1061/(ASCE)UP.1943-5444.0000538,2020,"Travelers' Potential Demand toward Flex-Route Transit: Nanjing, China, Case Study",Journal of Urban Planning and Development,,EXCLUDE,,stated preference flex-route,N
scopus-only,P0395,10.1117/12.2620234,2021,Measuring transit job accessibility considering the matching between jobs and workers in Beijing,Proceedings of SPIE - The International Society for Optical Engineering,,INCLUDE,2.6,transit job accessibility 2SFCA open data,N
scopus-only,P0396,10.1016/j.tra.2021.02.015,2021,Navigability assessment of large-scale redesigns in nine public transport networks: Open timetable data approach,Transportation Research Part A: Policy and Practice,,INCLUDE,2.6,network redesign assessment from open timetable data,N
scopus-only,P0397,10.1109/VPPC53923.2021.9699260,2021,High Bandwidth On-Board DC Voltage and Current Measurements of the Main Inverter of an Electric Vehicle,"2021 IEEE Vehicle Power and Propulsion Conference, VPPC 2021 - ProceedingS",,EXCLUDE,,electrical DC bus,N
scopus-only,P0398,10.1109/GLOBECOM42002.2020.9322079,2020,A 1/2-Approximation Algorithm for Target Coverage Problem in Mobile Air Quality Monitoring Systems,"Proceedings - IEEE Global Communications Conference, GLOBECOM",,EXCLUDE,,air quality sensing,N
scopus-only,P0399,10.1109/ACPEE48638.2020.9136172,2020,Overvoltage simulation and analysis of switching-off shunt reactor with 12kV vacuum circuit breaker,"Proceedings - 2020 5th Asia Conference on Power and Electrical Engineering, ACPEE 2020",,EXCLUDE,,power systems,N
scopus-only,P0400,10.1109/ITSC45102.2020.9294710,2020,Optimising Public Bus Transit Networks Using Deep Reinforcement Learning,"2020 IEEE 23rd International Conference on Intelligent Transportation Systems, ITSC 2020",,INCLUDE,2.2,bus network design and frequency via deep RL,N
scopus-only,P0401,10.1080/23249935.2020.1719547,2020,A network design problem formulation and solution procedure for intercity transit services,Transportmetrica A: Transport Science,,INCLUDE,2.2,intercity transit network design frequencies fleet size,N
scopus-only,P0402,10.1016/j.physa.2019.123498,2020,Weighted complex networks in urban public transportation: Modeling and testing,Physica A: Statistical Mechanics and its Applications,,MAYBE,2.6,complex network analysis of bus network,N
scopus-only,P0403,10.1109/ICTIS54573.2021.9798510,2021,Algorithm for Headway of Fixed Route Buses in Bus Stations Based on Bus Big Data,"6th International Conference on Transportation Information and Safety: New Infrastructure Construction for Better Transportation, ICTIS 2021",,MAYBE,2.6,headway algorithm from bus GPS,N
scopus-only,P0404,10.1108/SASBE-06-2019-0073,2020,A novel simulation-annealing enabled ranking and scaling statistical simulation constrained optimization algorithm for Internet-of-things (IoTs),Smart and Sustainable Built Environment,,EXCLUDE,,IoT optimisation,N
scopus-only,P0405,10.3390/SU12155907,2020,Examining the social outcomes from urban transport infrastructure: Long-term consequences of spatial changes and varied interests at multiple levels,Sustainability (Switzerland),,EXCLUDE,,metro social outcomes,N
scopus-only,P0406,10.1177/0308518X19860539,2020,"Visualizing disparities in park access for the elderly in Shanghai, China",Environment and Planning A,,EXCLUDE,,park access,N
scopus-only,P0407,,2021,"Investigating the travel mode choice of female students: Evidence from dehradun, India",International Conference on Transportation and Development 2021: Transportation Planning and Development - Selected Papers from the International Conference on Transportation and Development 2021,,EXCLUDE,,mode choice,N
scopus-only,P0408,10.3390/ijgi8080319,2019,Internet GIS-based multimodal public transport trip planning information system for travelers in Lithuania,ISPRS International Journal of Geo-Information,,EXCLUDE,,trip planner,N
scopus-only,P0409,10.1109/CEC45853.2021.9504756,2021,Designing Urban Transit Network using Memetic Algorithm,"2021 IEEE Congress on Evolutionary Computation, CEC 2021 - Proceedings",,INCLUDE,2.2,urban transit network design memetic algorithm,N
scopus-only,P0410,10.1109/ITSC45102.2020.9294606,2020,Dynamic Train Demand Estimation and Passenger Assignment,"2020 IEEE 23rd International Conference on Intelligent Transportation Systems, ITSC 2020",,EXCLUDE,,train occupancy,N
scopus-only,P0411,10.3390/su13063052,2021,Using combined bus rapid transit and buses in a dedicated bus lane to enhance urban transportation sustainability,Sustainability (Switzerland),,MAYBE,2.2,overlapping BRT and bus route consolidation,N
scopus-only,P0412,10.1061/9780784482933.241,2020,Flexible Bus Routes Design in Surburban Subway Radiation Area,CICTP 2020: Advanced Transportation Technologies and Development-Enhancing Connections - Proceedings of the 20th COTA International Conference of Transportation Professionals,,MAYBE,2.2,flexible bus routes using POI data,N
scopus-only,P0413,10.1061/9780784483053.239,2020,Research on Bus Route Layout of Regional Microcirculation Based on Large Data,CICTP 2020: Transportation Evolution Impacting Future Mobility - Selected Papers from the 20th COTA International Conference of Transportation Professionals,,INCLUDE,2.2,microcirculation bus routes from IC card GPS,N
scopus-only,P0414,10.1016/j.enpol.2020.111583,2020,Welfare impacts of transport fuel price changes on Indian households: An application of LA-AIDS model,Energy Policy,,EXCLUDE,,fuel price welfare,N
scopus-only,P0415,10.1088/1757-899X/771/1/012052,2020,The planning of campus bus in Islamic University of Indonesia with geographic system information,IOP Conference Series: Materials Science and Engineering,,INCLUDE,2.2,campus bus route and fleet number planning,N
scopus-only,P0416,10.22616/ERDev2020.19.TF471,2020,Assessment of alternative mobility opportunities for connecting jelgava and riga,Engineering for Rural Development,,MAYBE,2.3,PT sufficiency and demand Jelgava-Riga,N
scopus-only,P0417,10.1007/978-981-15-3250-4_14,2020,Travel Route Recommendation via Location-Based Social Network and Skyline Query,Lecture Notes in Electrical Engineering,,EXCLUDE,,tourist route recommendation,N
scopus-only,P0418,10.1007/s10696-019-09352-9,2020,Population-based simulation optimization for urban mass rapid transit networks,Flexible Services and Manufacturing Journal,,EXCLUDE,,rapid transit headway,N
scopus-only,P0419,10.1109/NCA51143.2020.9306692,2020,An e-1/2e-1-Approximation Algorithm for Maximizing Coverage Capability in Mobile Air Quality Monitoring Systems,"2020 IEEE 19th International Symposium on Network Computing and Applications, NCA 2020",,EXCLUDE,,air quality sensing,N
scopus-only,P0420,10.1016/j.physa.2020.124683,2020,Topological properties of bus transit networks considering demand and service utilization weight measures,Physica A: Statistical Mechanics and its Applications,,INCLUDE,2.6,bus network topology with demand weights from tickets,N
scopus-only,P0421,10.1007/978-3-030-50578-3_21,2020,Geospatial partitioning of open transit data,Lecture Notes in Computer Science,,EXCLUDE,,open data fragmentation,N
scopus-only,P0422,10.1109/ACCESS.2021.3102497,2021,Co-Optimization of Supply and Demand Resources for Load Restoration of Distribution System under Extreme Weather,IEEE Access,,EXCLUDE,,power systems,N
scopus-only,P0423,10.1007/978-981-15-2780-7_18,2020,Developing a smart and sustainable transportation plan for a large-sized city: An approach to smart city modeling,Advances in Intelligent Systems and Computing,,MAYBE,2.7,Kolkata transport plan,N
scopus-only,P0424,10.1016/j.jtrangeo.2020.102663,2020,Investigating the impacts of built environment on traffic states incorporating spatial heterogeneity,Journal of Transport Geography,,EXCLUDE,,traffic states,N
scopus-only,P0425,10.3390/ijerph17145198,2020,The study on spatial elements of health-supportive environment in residential streets promoting residents’ walking trips,International Journal of Environmental Research and Public Health,,EXCLUDE,,walking,N
scopus-only,P0426,10.1007/978-3-030-50578-3_22,2020,Efficient live public transport data sharing for route planning on the web,Lecture Notes in Computer Science,,EXCLUDE,,live data sharing,N
scopus-only,P0427,10.1177/03611981211018463,2021,Design of zonal express bus services to reduce user travel time and transfers considering demand diversion,Transportation Research Record,,INCLUDE,2.2,zonal express bus route design,N
scopus-only,P0428,10.1007/s00779-020-01363-w,2021,Integrated agent-based microsimulation framework for examining impacts of mobility-oriented policies,Personal and Ubiquitous Computing,,EXCLUDE,,microsimulation policy,N
scopus-only,P0429,10.1109/ICUEMS52408.2021.00048,2021,Customized Bus Routes Layout Method Based on Interactive Auxiliary System Analysis,"Proceedings - 2021 2nd International Conference on Urban Engineering and Management Science, ICUEMS 2021",,MAYBE,2.2,customized bus routes review,N
scopus-only,P0430,10.1016/j.rtbm.2019.100390,2019,Where did Kutsuplus drive us? Ex post evaluation of on-demand micro-transit pilot in the Helsinki capital region,Research in Transportation Business and Management,,EXCLUDE,,DRT pilot evaluation,N
scopus-only,P0431,10.1007/978-3-030-71454-3_5,2021,An Individual-Based Simulation Approach to Demand Responsive Transport,"Lecture Notes of the Institute for Computer Sciences, Social-Informatics and Telecommunications Engineering, LNICST",,EXCLUDE,,DRT simulation,N
scopus-only,P0432,10.2495/UT200061,2020,"Public transport network as a defining part in a metropolitan system of open spaces: Metro line 2 of lima metropolitana, peru",WIT Transactions on the Built Environment,,EXCLUDE,,metro open space,N
scopus-only,P0433,10.1080/19427867.2019.1595356,2020,Development of new reliability measure for bus routes using trajectory data,Transportation Letters,,EXCLUDE,,travel time reliability,N
scopus-only,P0434,10.1109/ACCESS.2020.3007322,2020,"Improving Bus Transit Services for Disabled Individuals: Demand Clustering, Bus Assignment, and Route Optimization",IEEE Access,,EXCLUDE,,special transit routing,N
scopus-only,P0435,10.1016/j.jtrangeo.2021.103075,2021,Short-term forecasts on individual accessibility in bus system based on neural network model,Journal of Transport Geography,,MAYBE,2.6,bus accessibility forecast,N
scopus-only,P0436,10.1016/j.trb.2021.01.010,2021,Mathematical formulations for the bimodal bus-pedestrian social welfare network design problem,Transportation Research Part B: Methodological,,INCLUDE,2.2,bus network and stop location design,N
scopus-only,P0437,10.18757/ejtir.2020.20.4.5429,2020,Modelling cellphone trace travel mode with neural networks using transit smartcard and home interview survey data,European Journal of Transport and Infrastructure Research,,EXCLUDE,,mode imputation,N
scopus-only,P0438,10.1680/jtran.20.00029,2021,A methodology for measuring a local index of public transport accessibility,Proceedings of the Institution of Civil Engineers: Transport,,INCLUDE,2.6,local PT accessibility index Nablus developing,N
scopus-only,P0439,10.1088/1755-1315/313/1/012016,2019,"Mapping of Road Network, Land Use, and Pedestrian Ways in CBD of Semarang",IOP Conference Series: Earth and Environmental Science,,EXCLUDE,,pedestrian mapping,N
scopus-only,P0440,,2021,Evaluating transportation equity: Focusing on transit deserts and transit-dependent population,International Conference on Transportation and Development 2021: Transportation Planning and Development - Selected Papers from the International Conference on Transportation and Development 2021,,INCLUDE,2.6,transit deserts equity Chicago,N
scopus-only,P0441,10.1109/ACCESS.2019.2961930,2020,Bus Scheduling of Overlapping Routes with Multi-Vehicle Types Based on Passenger OD Data,IEEE Access,,INCLUDE,2.2,overlapping routes departure interval vehicle type OD,N
scopus-only,P0442,10.1007/978-981-15-3742-4_19,2020,Addressing Informal Public Transport Vehicle Problem in Kolkata,Lecture Notes in Civil Engineering,,MAYBE,2.7,informal public transport control Kolkata,N
scopus-only,P0443,,2021,A COST EFFECTIVE DATA COLLECTION APPROACH TO INVESTIGATING DRIVING PATTERNS FOR FRANCHISED BUS SERVICES IN HONG KONG,"Proceedings of the 25th International Conference of Hong Kong Society for Transportation Studies, HKSTS 2021: Sustainable Mobility",,EXCLUDE,,driving cycles,N
scopus-only,P0444,10.1109/ISCSIC54682.2021.00021,2021,Scaling Time-Dependent Origin-Destination Matrix Using Growth Factor Model,"Proceedings - 2021 International Symposium on Computer Science and Intelligent Controls, ISCSIC 2021",,INCLUDE,2.3,smart card OD matrix scaling growth factor,N
scopus-only,P0445,10.1016/j.physa.2021.125839,2021,Interactions between buses and cars in a two-lane mixed traffic system,Physica A: Statistical Mechanics and its Applications,,EXCLUDE,,traffic simulation,N
scopus-only,P0446,10.1016/j.cstp.2020.11.002,2020,A new method to measure the rationalities of transit route layouts,Case Studies on Transport Policy,,INCLUDE,2.2,bus route rationalisation measure using route geometry Istanbul,Y
scopus-only,P0447,10.1016/j.procs.2020.03.039,2020,Frequency optimization-based approach for reducing crowding discomfort in Delhi bus system,Procedia Computer Science,,INCLUDE,2.7,bus frequency optimisation Delhi,N
scopus-only,P0448,10.1109/IESM45758.2019.8948119,2019,A bi-objective model for bus transit network and lane reservation integrated optimization,"Proceedings of the 2019 International Conference on Industrial Engineering and Systems Management, IESM 2019",,INCLUDE,2.2,bus network design with lane reservation,N
scopus-only,P0449,10.35940/ijrte.C4148.098319,2019,Effect of improper bus stop locations on capacity and speed-flow relations on urban roads,International Journal of Recent Technology and Engineering,,EXCLUDE,,bus stop friction capacity,N
scopus-only,P0450,10.1088/1757-899X/875/1/012027,2020,An Estimation of Origin-Destination Matrices for a Public Transport Network in Makassar using Macrosimulation Visum,IOP Conference Series: Materials Science and Engineering,,INCLUDE,2.3,low-cost PT OD estimation Makassar,N
scopus-only,P0451,10.1007/s11116-018-9926-z,2019,Shared taxis: modelling the choice of a paratransit mode in Santiago de Chile,Transportation,,MAYBE,2.7,shared taxi paratransit demand Santiago,N
scopus-only,P0452,10.1016/j.procs.2021.10.034,2021,Forecasting railway ticket dynamic price with Google Trends open data,Procedia Computer Science,,EXCLUDE,,rail pricing,N
scopus-only,P0453,10.1007/978-981-15-1468-5_3,2020,Optimization of Urban Transportation Network Path,Advances in Intelligent Systems and Computing,,EXCLUDE,,road path optimisation,N
scopus-only,P0454,10.1088/1742-6596/1349/1/012049,2019,Bus service indicator: The different sight of performance index development,Journal of Physics: Conference Series,,EXCLUDE,,satisfaction index,N
scopus-only,P0455,10.1016/j.future.2017.12.051,2020,Integrating public transport into mobiTopp,Future Generation Computer Systems,,EXCLUDE,,demand model integration,N
scopus-only,P0456,10.1016/j.procs.2021.03.061,2021,Synthesizing the evolution of multimodal transportation planning milestones in Indian cities,Procedia Computer Science,,MAYBE,2.7,Indian multimodal planning history,N
scopus-only,P0457,10.1007/978-981-16-1303-6_8,2021,Decongesting Urban Roads: An Investigation into Causes and Challenges,Lecture Notes in Civil Engineering,,EXCLUDE,,congestion causes,N
scopus-only,P0458,10.1108/SASBE-11-2019-0153,2020,Spatial accessibility measures to educational facilities from public transit: a case of Indian cities,Smart and Sustainable Built Environment,,INCLUDE,2.7,PT accessibility to schools Indian cities open tools,N
scopus-only,P0459,10.1186/s12978-019-0828-0,2019,Access to public transportation and health facilities offering long-acting reversible contraceptives among residents of formal and informal settlements in two cities in Kenya,Reproductive Health,,MAYBE,2.7,matatu access Kenya health facilities,N
scopus-only,P0460,,2020,Edge solution with machine learning and open data to interpret signs for people with visual disability,CEUR Workshop Proceedings,,EXCLUDE,,assistive app,N
scopus-only,P0461,10.1016/j.tra.2020.09.008,2020,Fare evasion correction for smartcard-based origin-destination matrices,Transportation Research Part A: Policy and Practice,,INCLUDE,2.3,smart card OD fare evasion correction,N
scopus-only,P0462,10.1016/j.tra.2020.03.035,2020,A multi-modal network equilibrium model with captive mode choice and path size logit route choice,Transportation Research Part A: Policy and Practice,,EXCLUDE,,network equilibrium model,N
scopus-only,P0463,10.1109/BigData52589.2021.9671866,2021,Placement of DNN Models on Mobile Edge Devices for Effective Video Analysis,"Proceedings - 2021 IEEE International Conference on Big Data, Big Data 2021",,EXCLUDE,,edge AI,N
scopus-only,P0464,10.1016/j.trb.2019.04.007,2020,Paired-line hybrid transit design considering spatial heterogeneity,Transportation Research Part B: Methodological,,MAYBE,2.2,hybrid fixed and demand-adaptive transit design,N
scopus-only,P0465,10.1080/15568318.2020.1734886,2021,Estimating bicycle demand in an aggressive environment,International Journal of Sustainable Transportation,,EXCLUDE,,bicycle demand,N
scopus-only,P0466,10.1007/978-3-030-16848-3_85,2020,Design of public transit system for Aurangabad city,Techno-Societal 2018 - Proceedings of the 2nd International Conference on Advanced Technologies for Societal Applications,,MAYBE,2.7,Aurangabad public transit system design,N
scopus-only,P0467,10.1080/23249935.2019.1615578,2019,Alighting stop determination using two-step algorithms in bus transit systems,Transportmetrica A: Transport Science,,INCLUDE,2.3,smart card alighting stop inference bus OD,N
scopus-only,P0468,10.1109/ACCESS.2020.2991154,2020,Evaluating Automated Demand Responsive Transit Using Microsimulation,IEEE Access,,EXCLUDE,,automated DRT simulation,N
scopus-only,P0469,10.1063/5.0000625,2020,Application of demand responsive bus priority traffic signal control at one-way system with contra flow bus lane under mixed traffic,AIP Conference Proceedings,,EXCLUDE,,signal control,N
scopus-only,P0470,10.1007/978-3-030-65665-2_7,2020,How to Prototype a Client-Side Route Planner for Helsinki with Routable Tiles and Linked Connections,Lecture Notes in Computer Science,,EXCLUDE,,route planner,N
scopus-only,P0471,10.1109/REDEC49234.2020.9163597,2020,Enhancing small-signal stability of intermittent hybrid distributed generations,"2020 5th International Conference on Renewable Energies for Developing Countries, REDEC 2020",,EXCLUDE,,power systems,N
scopus-only,P0472,10.1016/j.trb.2019.06.011,2019,Optimal sectional fare and frequency settings for transit networks with elastic demand,Transportation Research Part B: Methodological,,INCLUDE,2.2,fare and frequency setting transit networks,N
scopus-only,P0473,10.1088/1742-6596/1646/1/012145,2020,The impact of information on system operations,Journal of Physics: Conference Series,,EXCLUDE,,information impact theory,N
scopus-only,P0474,10.1016/j.procs.2021.03.027,2021,Agent-based simulation from anonymized data: An application to Lille metropolis,Procedia Computer Science,,EXCLUDE,,mobility simulation,N
scopus-only,P0475,,2020,Assessing the Serviceability Status of Existing Transport Network by Using Geospatial Techniques in Metropolitan City Lahore,Pakistan Journal of Scientific and Industrial Research Series A: Physical Sciences,,INCLUDE,2.7,geospatial PT serviceability and coverage Lahore,N
scopus-only,P0476,10.1109/TITS.2021.3053373,2021,Unavailable Transit Feed Specification: Making It Available with Recurrent Neural Networks,IEEE Transactions on Intelligent Transportation Systems,,MAYBE,2.5,inferring missing GTFS data,N
scopus-only,P0477,10.1109/ICC40277.2020.9149224,2020,Data Forwarding at Intersections in Urban Bus AdHoc Networks,IEEE International Conference on Communications,,EXCLUDE,,bus ad hoc networks,N
scopus-only,P0478,10.1109/IEEECONF48371.2020.9078612,2020,The Use of Various Input Data in the Design of Public Transport Route Networks,2020 Systems of Signals Generating and Processing in the Field of on Board Communications,,INCLUDE,2.2,route network design input data and GA,N
scopus-only,P0479,10.1109/TITS.2018.2875466,2019,Clustering Passenger Trip Data for the Potential Passenger Investigation and Line Design of Customized Commuter Bus,IEEE Transactions on Intelligent Transportation Systems,,INCLUDE,2.3,smart card clustering customized bus line design,N
scopus-only,P0480,10.1016/j.tre.2020.102041,2020,Predicting peak load of bus routes with supply optimization and scaled Shepard interpolation: A newsvendor model,Transportation Research Part E: Logistics and Transportation Review,,INCLUDE,2.2,bus peak load for frequency determination,N
scopus-only,P0481,10.1145/3450267.3450540,2021,Multimodal mobility systems: Joint optimization of transit network design and pricing,ICCPS 2021 - Proceedings of the 2021 ACM/IEEE 12th International Conference on Cyber-Physical Systems (with CPS-IoT Week 2021),,MAYBE,2.2,multimodal network design frequency pricing,N
scopus-only,P0482,10.1109/TITS.2020.3042014,2021,Optimal Routing Design of Feeder Transit with Stop Selection Using Aggregated Cell Phone Data and Open Source GIS Tool,IEEE Transactions on Intelligent Transportation Systems,,INCLUDE,2.2,feeder bus routing from cell phone data open GIS,N
scopus-only,P0483,10.1109/IGSC51522.2020.9291070,2020,Analysis of the Number of Passengers in Consecutive National Holiday Collected with a Practical Management Support System in the Case of Community Bus of Shingu Town in Japan,"2020 11th International Green and Sustainable Computing Workshops, IGSC 2020",,MAYBE,2.5,GTFS-JP community bus passenger analysis,N
scopus-only,P0484,10.1109/ICECCE49384.2020.9179382,2020,Bus Travel Times Prediction based on Real-Time Traffic Data Forecast using Artificial Neural Networks,"2nd International Conference on Electrical, Communication and Computer Engineering, ICECCE 2020",,EXCLUDE,,travel time prediction,N
scopus-only,P0485,10.1109/ACCESS.2020.2974740,2020,Mixed Scheduling Strategy for High Frequency Bus Routes with Common Stops,IEEE Access,,EXCLUDE,,stop-skipping scheduling,N
scopus-only,P0486,10.1016/j.trd.2020.102677,2021,Nonlinear effects of built environment on intermodal transit trips considering spatial heterogeneity,Transportation Research Part D: Transport and Environment,,EXCLUDE,,trip generation built environment,N
scopus-only,P0487,10.1109/EEEIC/ICPSEurope51590.2021.9584698,2021,Providing Flexibility in Distribution Systems by Electric Vehicles and Distributed Energy Resources in the Context of Technical Virtual Power Plants,"21st IEEE International Conference on Environment and Electrical Engineering and 2021 5th IEEE Industrial and Commercial Power System Europe, EEEIC / I and CPS Europe 2021 - Proceedings",,EXCLUDE,,power systems,N
scopus-only,P0488,10.1109/ITSC.2019.8916843,2019,Exploring Potential Travel Demand of Customized Bus Using Smartcard Data,"2019 IEEE Intelligent Transportation Systems Conference, ITSC 2019",,MAYBE,2.3,potential customized bus demand from smart card,N
scopus-only,P0489,10.1109/MTITS.2017.8005612,2017,Modelling multimodal transit networks integration of bus networks with walking and cycling,"5th IEEE International Conference on Models and Technologies for Intelligent Transportation Systems, MT-ITS 2017 - Proceedings",,MAYBE,2.2,multimodal bus network modelling,N
scopus-only,P0490,10.1109/SOLI.2018.8476739,2018,An ϵ-Constraint Multi-objective Algorithm for Transit Route Design with Subsidy Consideration,"Proceedings of the 2018 IEEE International Conference on Service Operations and Logistics, and Informatics, SOLI 2018",,INCLUDE,2.2,bus route design multi-objective with subsidy,N
scopus-only,P0491,10.1088/1748-9326/aa7d3a,2017,Governance of urban transitions: Towards sustainable resource efficient urban infrastructures,Environmental Research Letters,,EXCLUDE,,governance,N
scopus-only,P0492,10.4399/97888255068154,2017,A study on bus passenger travel origin and destination based on Spatio-Temporal data fusión analysis,Advances in Transportation Studies,,INCLUDE,2.3,bus smart card OD alighting estimation,N
scopus-only,P0493,10.1007/978-3-319-68392-8_5,2018,Web architecture of a web portal for reliability diagnosis of bus regularity,Studies in Computational Intelligence,,EXCLUDE,,regularity web portal,N
scopus-only,P0494,10.1016/j.trb.2017.08.026,2017,A new solution framework for the limited-stop bus service design problem,Transportation Research Part B: Methodological,,INCLUDE,2.2,limited-stop bus service design,N
scopus-only,P0495,10.1109/DataCom.2019.00048,2019,An Analysis of the Number of Passengers Collected with A Practical Management Support System for Regional Public Transportation Service,"Proceedings - 2019 IEEE 5th International Conference on Big Data Intelligence and Computing, DataCom 2019",,MAYBE,2.5,GTFS-JP regional transit passenger analysis,N
scopus-only,P0496,,2019,Examining walk access to brt stations: A case study of ahmedabad brts,ITE Journal (Institute of Transportation Engineers),,MAYBE,2.7,walk access to BRT Ahmedabad,N
scopus-only,P0497,10.18520/cs/v116/i10/1706-1714,2019,Evaluation of the decision-making process for urban public transport in India: A Delphi approach,Current Science,,MAYBE,2.7,Indian urban transit decision process Delphi,N
scopus-only,P0498,10.1051/matecconf/201814702001,2018,Performance level analyses of public transportation using importance-performance analysis method,MATEC Web of Conferences,,EXCLUDE,,satisfaction IPA,N
scopus-only,P0499,10.1016/j.iatssr.2017.01.002,2017,Demand variations and evacuation route flexibility in short-notice bus-based evacuation planning,IATSS Research,,EXCLUDE,,evacuation,N
scopus-only,P0500,10.17981/mod.arq.cuc.22.1.2019.06,2019,Multimodality and sustainability in metropolitan urban transport; [Multimodalidad y sostenibilidad en el transporte urbano metropolitano],Modulo Arquitectura CUC,,EXCLUDE,,multimodality proposal,N
scopus-only,P0501,10.1016/j.trpro.2019.05.042,2018,Paired-line hybrid transit design considering spatial heterogeneity,Transportation Research Procedia,,MAYBE,2.2,hybrid fixed and demand-adaptive transit design,N
scopus-only,P0502,10.1186/s40410-017-0071-3,2017,Democracy on the move? Bogotá’s urban transport strategies and the access to the city,"City, Territory and Architecture",,MAYBE,2.7,Bogota BRT access social exclusion,N
scopus-only,P0503,,2017,The tripscore Linked Data client: Calculating specific summaries over large time series,CEUR Workshop Proceedings,,EXCLUDE,,linked data client,N
scopus-only,P0504,10.1109/ICTIS.2019.8883737,2019,Evaluating public transit equity with the concept of dynamic accessibility,ICTIS 2019 - 5th International Conference on Transportation Information and Safety,,INCLUDE,2.6,transit equity dynamic accessibility,N
scopus-only,P0505,10.1051/matecconf/201818110001,2018,A demand and capacity analysis on bus semirapid transit network (Case: Jabodetabek public transport network),MATEC Web of Conferences,,INCLUDE,2.7,bus semi-rapid demand capacity model Jabodetabek,N
scopus-only,P0506,10.1109/ICCCNT45670.2019.8944425,2019,Methodology for Valuation of Shunt Capacitor Bank in Power Grid,"2019 10th International Conference on Computing, Communication and Networking Technologies, ICCCNT 2019",,EXCLUDE,,power grid,N
scopus-only,P0507,10.1109/ISMSIT.2018.8567045,2018,An Analysis of Travelling Salesman Problem Utilizing Hill Climbing Algorithm for a Smart City Touristic Search on OpenStreetMap (OSM),"ISMSIT 2018 - 2nd International Symposium on Multidisciplinary Studies and Innovative Technologies, Proceedings",,EXCLUDE,,TSP OSM,N
scopus-only,P0508,10.1109/ICDM.2017.159,2017,An automatic approach for transit advertising in public transportation systems,"Proceedings - IEEE International Conference on Data Mining, ICDM",,EXCLUDE,,transit advertising,N
scopus-only,P0509,10.1061/9780784481523.106,2018,Modeling of Passenger's Time-Space Path Estimation in Urban Rail Transit Network Based on Mobile Signaling,"CICTP 2018: Intelligence, Connectivity, and Mobility - Proceedings of the 18th COTA International Conference of Transportation Professionals",,EXCLUDE,,rail path estimation,N
scopus-only,P0510,10.1287/opre.2016.1560,2017,Fare evasion in transit networks,Operations Research,,EXCLUDE,,fare evasion,N
scopus-only,P0511,10.1007/978-3-319-60131-1_26,2017,Public transit route planning through lightweight linked data interfaces,Lecture Notes in Computer Science (including subseries Lecture Notes in Artificial Intelligence and Lecture Notes in Bioinformatics),,EXCLUDE,,linked data routing,N
scopus-only,P0512,10.1680/jtran.16.00127,2018,Effect of bus-lane usage by private vehicles on modal shift,Proceedings of the Institution of Civil Engineers: Transport,,EXCLUDE,,BRT modal shift,N
scopus-only,P0513,,2017,Combining smart card data with data from user-mediated mobile platform survey for longitudinal study of travel behaviour,"Transport and Society - Proceeding of the 22nd International Conference of Hong Kong Society for Transportation Studies, HKSTS 2017",,MAYBE,2.3,smart card plus survey with GTFS,N
scopus-only,P0514,10.1016/j.atmosenv.2017.05.004,2017,"Determinants of black carbon, particle mass and number concentrations in London transport microenvironments",Atmospheric Environment,,EXCLUDE,,air pollution exposure,N
scopus-only,P0515,10.1109/COMSNETS.2018.8328282,2018,Bus schedule for optimal bus bunching and waiting times,"2018 10th International Conference on Communication Systems and Networks, COMSNETS 2018",,EXCLUDE,,bus bunching schedule,N
scopus-only,P0516,,2018,Distinguishing transfer from activity using public transport fare data,"ATRF 2018 - Australasian Transport Research Forum 2018, Proceedings",,INCLUDE,2.3,smart card transfer vs activity OD inference,N
scopus-only,P0517,,2019,Maximal market potential of feeder bus route design using particle swarm optimization,IAENG International Journal of Applied Mathematics,,INCLUDE,2.2,feeder route design from residential market potential index no OD,Y
scopus-only,P0518,,2018,Evaluation of public transportation fare systems considering equity concepts,"Transportation Systems in the Connected Era - Proceedings of the 23rd International Conference of Hong Kong Society for Transportation Studies, HKSTS 2018",,EXCLUDE,,fare equity,N
scopus-only,P0519,,2017,Urbanization Challenges in Emerging Economies,Urbanization Challenges in Emerging Economies: Energy and Water Infrastructure; Transportation Infrastructure; and Planning and Financing - Selected Papers from the ASCE India Conference 2017,,MAYBE,2.7,paratransit role Silchar India,N
scopus-only,P0520,10.1016/j.proeng.2017.07.138,2017,The Role of Quality Assessment for Development of Sustainable Bus Service in Mid-sized Cities of India: A Case Study of Patna,Procedia Engineering,,MAYBE,2.7,bus service quality Patna India,N
scopus-only,P0521,10.1016/j.ifacol.2018.07.070,2018,Development of City-Wide Road Grade Profiles Utilising Advanced Bus Transportation Systems,,,EXCLUDE,,road grade,N
scopus-only,P0522,10.1016/j.tranpol.2017.04.005,2017,Rationality of fare increment for improvement of transfer facilities at metro stations: An experience in Kolkata,Transport Policy,,EXCLUDE,,metro fare,N
scopus-only,P0523,10.1016/j.jtrangeo.2017.10.015,2017,Determining intra-urban spatial accessibility disparities in multimodal public transport networks,Journal of Transport Geography,,INCLUDE,2.6,multimodal accessibility disparities grid population,N
scopus-only,P0524,10.1109/iThings-GreenCom-CPSCom-SmartData.2017.172,2017,Defining a NoSQL Document Database of Accessible Transport Routes,"Proceedings - 2017 IEEE International Conference on Internet of Things, IEEE Green Computing and Communications, IEEE Cyber, Physical and Social Computing, IEEE Smart Data, iThings-GreenCom-CPSCom-SmartData 2017",,EXCLUDE,,accessibility database,N
scopus-only,P0525,,2019,Transit oriented development in india: A critical review of policy measures,International Journal of Recent Technology and Engineering,,EXCLUDE,,TOD policy review,N
scopus-only,P0526,10.1109/ICECA.2017.8203650,2017,IoT based passenger information system optimized for Indian metros,"Proceedings of the International Conference on Electronics, Communication and Aerospace Technology, ICECA 2017",,EXCLUDE,,IoT passenger information,N
scopus-only,P0527,10.1109/MTITS.2019.8883314,2019,A New strategy for the diagnosis of the bus headways using avl data,MT-ITS 2019 - 6th International Conference on Models and Technologies for Intelligent Transportation Systems,,EXCLUDE,,headway regularity diagnosis,N
scopus-only,P0528,10.1016/j.trpro.2017.12.158,2017,A Multi-User Integrated Platform for Supporting the Design and Management of Urban Mobility Systems,Transportation Research Procedia,,EXCLUDE,,platform design generic,N
scopus-only,P0529,10.1016/j.procs.2019.04.102,2019,An agent-based evaluation of transit network design,Procedia Computer Science,,INCLUDE,2.2,transit network design route expansion agent-based,N
scopus-only,P0530,10.1016/j.procs.2017.05.401,2017,Integrating public transport into mobiTopp,Procedia Computer Science,,EXCLUDE,,demand model integration,N
scopus-only,P0531,,2017,Issues and design factors concerning outer Melbourne bus vehicle design: A literature review,"ATRF 2017 - Australasian Transport Research Forum 2017, Proceedings",,EXCLUDE,,bus vehicle design review,N
scopus-only,P0532,,2018,Using a NoSQL graph oriented database to store accessible transport routes,CEUR Workshop Proceedings,,EXCLUDE,,accessible routes database,N
scopus-only,P0533,10.1016/j.cor.2017.08.007,2018,Corridor-based metro network design with travel flow capture,Computers and Operations Research,,EXCLUDE,,metro network design,N
scopus-only,P0534,,2018,Optimization of bus stop allocation and time scheduling using mobile CDR and bus GPS trajectory data,"Proceedings - 39th Asian Conference on Remote Sensing: Remote Sensing Enabling Prosperity, ACRS 2018",,INCLUDE,2.7,bus stop allocation and schedule from CDR OD Yangon,N
scopus-only,P0535,10.4399/9788255254727,2019,Alleviating traffic congestion in lebanon with special emphasis on the roadway section: Beirut-jounieh,Advances in Transportation Studies,,EXCLUDE,,congestion policy,N
scopus-only,P0536,10.1109/MTITS.2017.8005662,2017,An isochrones based public transport stops optimization technique,"5th IEEE International Conference on Models and Technologies for Intelligent Transportation Systems, MT-ITS 2017 - Proceedings",,INCLUDE,2.4,isochrone-based bus stop coverage optimisation,N
scopus-only,P0537,10.1016/j.cstp.2016.12.003,2017,Development of hub and spoke model for improving operational efficiency of bus transit network of Bangalore city,Case Studies on Transport Policy,,INCLUDE,2.7,hub-and-spoke bus network Bangalore,N
scopus-only,P0538,,2018,Identification of mode choice using mobile call detail records,"Proceedings - 39th Asian Conference on Remote Sensing: Remote Sensing Enabling Prosperity, ACRS 2018",,EXCLUDE,,mode detection CDR,N
scopus-only,P0539,,2019,The countereffect between link and stop headway deviation,"Proceedings of the 24th International Conference of Hong Kong Society for Transportation Studies, HKSTS 2019: Transport and Smart Cities",,EXCLUDE,,headway deviation analysis,N
scopus-only,P0540,10.1080/09720502.2016.1188465,2017,Study for transportation system of urban area of Rome,Journal of Interdisciplinary Mathematics,,EXCLUDE,,paper commentary,N
scopus-only,P0541,10.1007/978-3-319-71078-5_27,2017,Application of neural network in modeling commuter choice behavior with a novel fuzzy access measure,Lecture Notes in Computer Science (including subseries Lecture Notes in Artificial Intelligence and Lecture Notes in Bioinformatics),,EXCLUDE,,commuter choice model,N
scopus-only,P0542,10.1016/j.trb.2016.10.015,2017,Crowding cost estimation with large scale smart card and vehicle location data,Transportation Research Part B: Methodological,,EXCLUDE,,metro crowding cost,N
scopus-only,P0543,10.1016/j.procs.2018.08.255,2018,An Accessibility Driven Evolutionary Transit Network Design Approach in the Multi-agent Simulation Environment,Procedia Computer Science,,INCLUDE,2.2,accessibility-driven paratransit network design,N
scopus-only,P0544,,2019,Efficiency in planning for surface public transportation,International Journal of Recent Technology and Engineering,,MAYBE,2.2,surface public transport planning efficiency India,N
scopus-only,P0545,10.1016/j.procs.2018.04.139,2018,Multi-agent urban transport simulations using OD matrices from mobile phone data,Procedia Computer Science,,EXCLUDE,,simulation from phone OD,N
scopus-only,P0546,10.1007/978-3-319-93698-7_1,2018,"Optimizing the efficiency, vulnerability and robustness of road-based para-transit networks using genetic algorithm",Lecture Notes in Computer Science (including subseries Lecture Notes in Artificial Intelligence and Lecture Notes in Bioinformatics),,INCLUDE,2.7,para-transit network design optimisation developing world,N
scopus-only,P0547,10.1109/ICICCT.2018.8473127,2018,Smart ATVM Application,"Proceedings of the International Conference on Inventive Communication and Computational Technologies, ICICCT 2018",,EXCLUDE,,ticketing app,N
scopus-only,P0548,10.1109/ITSC.2018.8570009,2018,Statistical Modelling for Estimation of OD Matrices for Public Transport Using Wi-Fi and APC Data,"IEEE Conference on Intelligent Transportation Systems, Proceedings, ITSC",,INCLUDE,2.3,WiFi and APC OD estimation buses,N
scopus-only,P0549,10.1201/9780429424441-551,2019,Comparative analyses of through-running vs. Dead-end tunnel to urban transit network efficiency and design of through-running tunnel in the new york pennsylvania station,"Tunnels and Underground Cities: Engineering and Innovation meet Archaeology, Architecture and Art- Proceedings of the WTC 2019 ITA-AITES World Tunnel Congress",,EXCLUDE,,rail tunnel,N
scopus-only,P0550,10.5220/0006469800830088,2017,Coverage and mobile sensor placement for vehicles on predetermined routes: A greedy heuristic approach,ICETE 2017 - Proceedings of the 14th International Joint Conference on e-Business and Telecommunications,,EXCLUDE,,sensor placement,N
scopus-only,P0551,10.1109/MTITS.2017.8005635,2017,Big data for public transportation: A DSS framework,"5th IEEE International Conference on Models and Technologies for Intelligent Transportation Systems, MT-ITS 2017 - Proceedings",,MAYBE,2.3,big data DSS framework for PT,N
scopus-only,P0552,,2019,Total cost optimization for public transport system in Tumkur city,"Pavement and Asset Management - Proceedings of the World Conference on Pavement and Asset Management, WCPAM 2017",,INCLUDE,2.7,bus total cost optimisation headway Tumkur,N
scopus-only,P0553,10.1080/03155986.2017.1393727,2018,A route efficiency analysis using Shannon entropy-based modified DEA method and route characteristics investigation for urban bus transport in India,INFOR,,MAYBE,2.7,DEA bus route efficiency India,N
scopus-only,P0554,10.1177/0975425318821806,2019,Gender Responsive Budgeting for Indian Cities: The Case of Bhopal and Pune,Environment and Urbanization ASIA,,EXCLUDE,,gender budgeting,N
scopus-only,P0555,10.5220/0006708001680177,2018,Survey of Public Transport Routes using Wi-Fi,VEHITS 2018 - Proceedings of the 4th International Conference on Vehicle Technology and Intelligent Transport Systems,,INCLUDE,2.3,WiFi-based bus OD estimation,N
scopus-only,P0556,10.1088/1755-1315/70/1/012019,2017,Urban development control based on transportation carrying capacity,IOP Conference Series: Earth and Environmental Science,,EXCLUDE,,land-use carrying capacity,N
scopus-only,P0557,10.1109/INFOCOM.2018.8485863,2018,When UAVs Ride A Bus: Towards Energy-efficient City-scale Video Surveillance,Proceedings - IEEE INFOCOM,,EXCLUDE,,UAV surveillance,N
scopus-only,P0558,10.1016/j.rtbm.2018.06.003,2018,User perspectives on emerging mobility services: Ex post analysis of Kutsuplus pilot,Research in Transportation Business and Management,,EXCLUDE,,micro-transit user survey,N
scopus-only,P0559,,2018,Estimation of the OD matrix for bus systems using metrocard data,"Transportation Systems in the Connected Era - Proceedings of the 23rd International Conference of Hong Kong Society for Transportation Studies, HKSTS 2018",,INCLUDE,2.3,bus OD matrix from smart card,N
scopus-only,P0560,10.2495/SC190451,2019,"Planning for accessible jobs: The case of Bangalore metropolitan area, India",WIT Transactions on Ecology and the Environment,,INCLUDE,2.7,job accessibility bus network Bangalore,N
scopus-only,P0561,10.1287/trsc.2017.0802,2018,From physical properties of transportation flows to demand estimation: An optimization approach,Transportation Science,,INCLUDE,2.3,transit OD recovery from aggregated counts,N
scopus-only,P0562,10.1016/j.jtrangeo.2016.12.005,2017,Improving Bus Service Levels and social equity through bus frequency modelling,Journal of Transport Geography,,INCLUDE,2.6,bus frequency from demographic need for equity on existing routes,Y
scopus-only,P0563,10.1109/ICAIIT.2019.8834591,2019,Big data analytics: Estimation of destination for users of bus rapid transit (brt) public transportation in Jakarta,"Proceeding - 2019 International Conference of Artificial Intelligence and Information Technology, ICAIIT 2019",,INCLUDE,2.3,BRT destination estimation big data Jakarta,N
scopus-only,P0564,10.1177/0308518X17702647,2017,"Mapping cities by transit riders’ trajectories: The case of Brisbane, Australia",Environment and Planning A,,MAYBE,2.3,smartcard and GTFS trip trajectories,N
scopus-only,P0565,10.1007/s12469-018-0188-0,2018,"DRT route design for the first/last mile problem: model and application to Athens, Greece",Public Transport,,EXCLUDE,,DRT route design,N
scopus-only,P0566,10.1142/S0217979218501084,2018,Complexity analysis on public transport networks of 97 large- and medium-sized cities in China,International Journal of Modern Physics B,,MAYBE,2.6,structural complexity of bus networks 97 cities,N
scopus-only,P0567,10.1016/j.tra.2017.01.016,2017,Optimal bus transit route packaging in a privatized contracting regime,Transportation Research Part A: Policy and Practice,,INCLUDE,2.2,bus route packaging for tendering,N
scopus-only,P0568,,2017,Improving public transport management through optimizing use of resources: A case study,International Journal for Housing Science and Its Applications,,INCLUDE,2.2,urban bus network optimisation Pombal,N
scopus-only,P0569,10.1061/9780784481547.020,2018,Bus Passenger Flow and Running Status Analyzation System Based on MAC Address,International Conference on Transportation and Development 2018: Traffic and Freight Operations and Rail and Public Transit - Selected Papers from the International Conference on Transportation and Development 2018,,INCLUDE,2.3,MAC address bus passenger flow,N
scopus-only,P0570,10.1007/978-3-030-19424-6_17,2019,Origin-destination estimation of bus users by smart card data,Lecture Notes in Geoinformation and Cartography,,INCLUDE,2.3,smart card OD trip chaining,N
scopus-only,P0571,10.1201/9781315281896-120,2017,A demand based route generation model for transit network design,"Transport Infrastructure and Systems - Proceedings of the AIIT International Congress on Transport Infrastructure and Systems, TIS 2017",,INCLUDE,2.2,demand-based route generation transit design,N
scopus-only,P0572,10.23919/ChiCC.2019.8865735,2019,An extended vehicle scheduling model considering interests of both passengers and bus operators,"Chinese Control Conference, CCC",,EXCLUDE,,vehicle scheduling,N
scopus-only,P0573,10.1109/ISCC.2017.8024498,2017,I want to ride my bicycle: A microservice-based use case for a MaaS architecture,Proceedings - IEEE Symposium on Computers and Communications,,EXCLUDE,,MaaS architecture,N
scopus-only,P0574,10.1007/978-3-030-30712-7_36,2019,"Affordable Rideshare Service for Female Urban Corporates in Developing Countries: A Case Study in Dhaka, Bangladesh",Communications in Computer and Information Science,,EXCLUDE,,rideshare,N
scopus-only,P0575,10.1016/j.procs.2019.04.114,2019,Improving speed and realism of an evolutionary minibus network design process,Procedia Computer Science,,INCLUDE,2.7,minibus network design evolutionary,N
scopus-only,P0576,10.4399/9788255186414,2018,Bi-objective optimization of transit network and frequencies design using pareto genetic algorithm,Advances in Transportation Studies,,INCLUDE,2.2,network and frequency design Pareto GA,N
scopus-only,P0577,10.1016/j.jtrangeo.2017.12.005,2018,Measure dynamic individual spatial-temporal accessibility by public transit: Integrating time-table and passenger departure time,Journal of Transport Geography,,INCLUDE,2.6,dynamic transit accessibility with timetables,N
scopus-only,P0578,10.1109/ICSTC.2017.8011872,2017,Big data analytic for estimation of origin-destination matrix in Bus Rapid Transit system,"Proceeding - 2017 3rd International Conference on Science and Technology-Computer, ICST 2017",,INCLUDE,2.3,BRT OD estimation big data,N
scopus-only,P0579,10.1088/1755-1315/70/1/012024,2017,"Bus network redesign for inner southeast suburbs of Melbourne, Australia",IOP Conference Series: Earth and Environmental Science,,INCLUDE,2.2,bus network redesign Melbourne suburb,N
scopus-only,P0580,10.1109/ICSCET.2018.8537363,2018,Vashi to Kalyan Depot Bus Route Travel Time Reliability,"2018 International Conference on Smart City and Emerging Technology, ICSCET 2018",,EXCLUDE,,travel time reliability,N
scopus-only,P0581,10.5220/0006816306430647,2018,Bus arrival time prediction with limited data set using regression models,VEHITS 2018 - Proceedings of the 4th International Conference on Vehicle Technology and Intelligent Transport Systems,,EXCLUDE,,arrival time prediction,N
scopus-only,P0582,10.1177/0361198118825459,2019,Passenger Travel Time Reliability for Multimodal Public Transport Journeys,Transportation Research Record,,EXCLUDE,,reliability metric,N
scopus-only,P0583,10.1109/ITSC.2018.8569667,2018,Operation and Scheduling of Pure Electric Buses under Regular Charging Mode,"IEEE Conference on Intelligent Transportation Systems, Proceedings, ITSC",,EXCLUDE,,Electric bus charging/scheduling,N
scopus-only,P0584,10.1007/s12469-016-0128-9,2017,The integrated dial-a-ride problem with timetabled fixed route service,Public Transport,,EXCLUDE,,"Dial-a-ride routing, not fixed-route design",N
scopus-only,P0585,,2019,Decentralized route planning across the web of data,CEUR Workshop Proceedings,,EXCLUDE,,"Journey route planning, not network planning",N
scopus-only,P0586,10.1201/9781315281896-90,2017,Public transport resilience during emergency: A simulated case in torino,"Transport Infrastructure and Systems - Proceedings of the AIIT International Congress on Transport Infrastructure and Systems, TIS 2017",,INCLUDE,2.6,GTFS accessibility indicators under disruption scenario,N
scopus-only,P0587,,2018,"A noval approach transmission expansion planning by using different algorithms like GA, BFOA and AIS",Journal of Advanced Research in Dynamical and Control Systems,,EXCLUDE,,Power transmission planning,N
scopus-only,P0588,10.1016/j.compenvurbsys.2016.10.005,2017,Dynamic public transit accessibility using travel time cubes: Comparing the effects of infrastructure (dis)investments over time,"Computers, Environment and Urban Systems",,INCLUDE,2.6,Transit travel-time cubes for accessibility change analysis,N
scopus-only,P0589,10.1145/3123024.3124415,2017,GTFS-VIZ: Tool for preprocessing and visualizing GTFS data,UbiComp/ISWC 2017 - Adjunct Proceedings of the 2017 ACM International Joint Conference on Pervasive and Ubiquitous Computing and Proceedings of the 2017 ACM International Symposium on Wearable Computers,,MAYBE,2.5,GTFS preprocessing/visualisation tool,N
scopus-only,P0590,10.1109/CIT.2016.110,2017,Campus ride: An environment-friendly ride sharing platform for academic institutions,"Proceedings - 2016 16th IEEE International Conference on Computer and Information Technology, CIT 2016, 2016 6th International Symposium on Cloud and Service Computing, IEEE SC2 2016 and 2016 International Symposium on Security and Privacy in Social Networks and Big Data, SocialSec 2016",,EXCLUDE,,Ride-sharing platform,N
scopus-only,P0591,10.1109/HNICEM.2018.8666343,2018,MMARRS: An intelligent route recommendation and road traffic information system for multimodal and unimodal public transportation using text analysis,"2018 IEEE 10th International Conference on Humanoid, Nanotechnology, Information Technology, Communication and Control, Environment and Management, HNICEM 2018",,EXCLUDE,,Route recommendation app,N
scopus-only,P0592,10.1016/j.tra.2018.02.017,2019,Elevating access: Comparing accessibility to jobs by public transport for individuals with and without a physical disability,Transportation Research Part A: Policy and Practice,,INCLUDE,2.6,Transit accessibility to jobs equity analysis,N
scopus-only,P0593,10.1088/1757-899X/245/4/042052,2017,Impact of Transport Zone Number in Simulation Models on Cost-Benefit Analysis Results in Transport Investments,IOP Conference Series: Materials Science and Engineering,,EXCLUDE,,CBA zoning sensitivity,N
scopus-only,P0594,10.1061/9780784480915.183,2018,A headway adjustment method based on bus arrival time prediction,"CICTP 2017: Transportation Reform and Change - Equity, Inclusiveness, Sharing, and Innovation - Proceedings of the 17th COTA International Conference of Transportation Professionals",,EXCLUDE,,Arrival time prediction headway holding,N
scopus-only,P0595,10.1109/VTCSpring.2017.8108624,2017,Achieving Low Carbon Emission Using Smart Grid Technologies,IEEE Vehicular Technology Conference,,EXCLUDE,,Power systems,N
scopus-only,P0596,10.1109/IT-DREPS.2017.8277802,2017,Toward an IoT-enabled adaptive interactive bus transportation system,"Proceedings of 2nd International Conference on the Applications of Information Technology in Developing Renewable Energy Processes and Systems, IT-DREPS 2017",,EXCLUDE,,IoT bus monitoring,N
scopus-only,P0597,10.1016/j.tra.2017.05.030,2017,How network structure can boost and shape the demand for bus transit,Transportation Research Part A: Policy and Practice,,INCLUDE,2.2,Bus network structure design and demand effects,N
scopus-only,P0598,10.1007/978-3-319-62428-0_27,2017,Transit network frequencies-setting problem solved using a new multi-objective global-best harmony search algorithm and discrete event simulation,Lecture Notes in Computer Science (including subseries Lecture Notes in Artificial Intelligence and Lecture Notes in Bioinformatics),,INCLUDE,2.2,Transit network frequency setting metaheuristic,N
scopus-only,P0599,10.1016/j.tra.2017.11.019,2018,Improved understanding of the relative quality of bus public transit using a balanced approach to performance data normalization☆,Transportation Research Part A: Policy and Practice,,MAYBE,2.6,Bus performance benchmarking normalisation indicators,N
scopus-only,P0600,,2017,Performance comparison of data driven and less data demanding techniques for bus travel time prediction,European Transport - Trasporti Europei,,EXCLUDE,,Travel time prediction,N
scopus-only,P0601,10.1007/978-3-319-45123-7_18,2017,Spatio-temporal variation of accessibility by public transport—the equity perspective,Lecture Notes in Geoinformation and Cartography,,INCLUDE,2.6,GTFS temporal accessibility equity,N
scopus-only,P0602,10.1177/0361198118796356,2018,Extended Methodology for the Estimation of a Zonal Origin-Destination Matrix: A Planning Software Application Based on Smartcard Trip Data,Transportation Research Record,,INCLUDE,2.3,Smartcard zonal OD estimation for transit planning,N
scopus-only,P0603,10.3390/en11051038,2018,"A smart grid framework for optimally integrating supply-side, demand-side and transmission line management systems",Energies,,EXCLUDE,,Power systems,N
scopus-only,P0604,10.1145/3274856.3274863,2018,Evolutionary optimization of the public transit network,ACM International Conference Proceeding Series,,INCLUDE,2.2,Evolutionary transit network design with fleet/frequency,N
scopus-only,P0605,,2018,The effective operation method for solving bus bunching problem in city area,"Transportation Systems in the Connected Era - Proceedings of the 23rd International Conference of Hong Kong Society for Transportation Studies, HKSTS 2018",,EXCLUDE,,Bus bunching control,N
scopus-only,P0606,,2018,Optimal fare structure and frequency for transit networks with elastic demand,"Proceedings of the 21st International Conference of Hong Kong Society for Transportation Studies, HKSTS 2016 - Smart Transportation",,INCLUDE,2.2,Fare and frequency setting bi-level transit model,N
scopus-only,P0607,10.1038/sdata.2018.89,2018,Data Descriptor: A collection of public transport network data sets for 25 cities,Scientific Data,,MAYBE,2.5,Open GTFS datasets for 25 cities,N
scopus-only,P0608,,2018,Determination of bus station locations under emission and social cost constraints,IISE Annual Conference and Expo 2018,,EXCLUDE,,Stop location under emissions; no network design,N
scopus-only,P0609,10.1088/1755-1315/126/1/012179,2018,Initial planning of monorail development in Medan,IOP Conference Series: Earth and Environmental Science,,EXCLUDE,,Monorail planning,N
scopus-only,P0610,10.1016/j.cities.2018.03.013,2018,Transport legacy of mega-events and the redistribution of accessibility to urban destinations,Cities,,INCLUDE,2.6,Accessibility redistribution from transit expansion Rio,N
scopus-only,P0611,10.1016/j.tra.2018.08.029,2018,Predicting travel flows with spatially explicit aggregate models: On the benefits of including spatial dependence in travel demand modeling,Transportation Research Part A: Policy and Practice,,MAYBE,2.3,Transit flow prediction for alternative network designs,N
scopus-only,P0612,10.1109/TENCON.2018.8650342,2018,A Successful Approach to Bus Tracking Using RFID and Low Power Wireless Networks,"IEEE Region 10 Annual International Conference, Proceedings/TENCON",,EXCLUDE,,RFID bus tracking,N
scopus-only,P0613,,2019,The superstation representation of metro networks for overcoming data availability issues of station-to-station origin destination pairs – An application on the London underground,"Proceedings of the 24th International Conference of Hong Kong Society for Transportation Studies, HKSTS 2019: Transport and Smart Cities",,EXCLUDE,,Metro OD,N
scopus-only,P0614,,2017,Analysis of mobility patterns and transport supply through the validation data of smart cards,"Transport and Society - Proceeding of the 22nd International Conference of Hong Kong Society for Transportation Studies, HKSTS 2017",,INCLUDE,2.3,Smart-card validation OD matrix for bus supply,N
scopus-only,P0615,,2018,A framework for improving accessibility to transit stops using open data,IISE Annual Conference and Expo 2018,,INCLUDE,2.5,Open data stop location accessibility framework,N
scopus-only,P0616,,2015,Modeling local accessibility networks to optimize the planning of transit oriented developments in adelaide,CUPUM 2015 - 14th International Conference on Computers in Urban Planning and Urban Management,,MAYBE,2.6,Local accessibility networks for TOD planning,N
scopus-only,P0617,,2016,The impact of an extra feature on the scalability of linked connections,CEUR Workshop Proceedings,,EXCLUDE,,Journey planner data interface,N
scopus-only,P0618,,2013,Bus fleet optimization using genetic algorithm a case study of Mashhad,International Journal of Civil Engineering,,INCLUDE,2.2,Bus network design frequency and fleet GA,N
scopus-only,P0619,10.1109/ITSC.2015.403,2015,Pedestrian Guidance for Public Transport Users in Indoor Stations Using Smartphones,"IEEE Conference on Intelligent Transportation Systems, Proceedings, ITSC",,EXCLUDE,,Indoor navigation,N
scopus-only,P0620,,2015,Intermodal public transit routing using Linked Connections,CEUR Workshop Proceedings,,EXCLUDE,,Journey planner data interface,N
scopus-only,P0621,10.1109/ECCE.2014.6953939,2014,DC-Bus voltage regulation strategy for three-phase back-to-back active power conditioners,"2014 IEEE Energy Conversion Congress and Exposition, ECCE 2014",,EXCLUDE,,Power electronics,N
scopus-only,P0622,10.1109/NGMAST.2014.59,2014,"On combining crowdsourcing, sensing and open data for an accessible smart city","Proceedings - 2014 8th International Conference on Next Generation Mobile Applications, Services and Technologies, NGMAST 2014",,EXCLUDE,,Accessible pedestrian routing app,N
scopus-only,P0623,10.3141/2451-05,2014,"Social welfare maximization of multimodal transportation: Theory, metamodel, and application to Tianjin Ecocity, China",Transportation Research Record,,EXCLUDE,,Fare and toll optimisation,N
scopus-only,P0624,10.1007/978-3-642-40063-6__100,2013,Preparation of the public bus schedule based on FCFS,Proceedings of 20th International Conference on Industrial Engineering and Engineering Management: Theory and Apply of Industrial Engineering,,EXCLUDE,,Bus timetable scheduling,N
scopus-only,P0625,10.1145/2737095.2737121,2015,Feeder: Supporting last-mile transit with extreme-scale urban infrastructure data,IPSN 2015 - Proceedings of the 14th International Symposium on Information Processing in Sensor Networks (Part of CPS Week),,INCLUDE,2.3,Demand inference from phone/smartcard data for minibus design,N
scopus-only,P0626,,2016,Correlation analysis of the share ratio of buses and land use-a case study of xiaozhai intersection in Xi’an,International Journal of Earth Sciences and Engineering,,MAYBE,2.4,Land use vs bus share correlation proxy,N
scopus-only,P0627,10.1016/j.ssci.2015.06.006,2015,Robustness assessment of urban rail transit based on complex network theory: A case study of the Beijing Subway,Safety Science,,EXCLUDE,,Rail robustness,N
scopus-only,P0628,10.1109/SASOW.2012.20,2012,Building a self-organizing urban bus route,"Proceedings - 2012 IEEE 6th International Conference on Self-Adaptive and Self-Organizing Systems Workshops, SASOW 2012",,EXCLUDE,,Bus headway control,N
scopus-only,P0629,10.1002/atr.1301,2015,Statistical inference on transit route-level origin-destination flows using automatic passenger counter data,Journal of Advanced Transportation,,INCLUDE,2.3,APC-based route-level OD inference,N
scopus-only,P0630,10.1007/978-81-322-2310-8_6,2015,Urban Transportation Planning and Investment in India: Emerging Challenges,Springer Proceedings in Business and Economics,,MAYBE,2.7,Indian urban transport planning overview,N
scopus-only,P0631,10.1007/978-981-10-2663-8_65,2016,Micro-evolution algorithms for solving the dynamic location problem of customized bus stops,Communications in Computer and Information Science,,EXCLUDE,,Customised bus stops,N
scopus-only,P0632,10.2495/UT140491,2014,Sustainable transport solutions at a crossroads in developing countries: Insights and perspectives,WIT Transactions on the Built Environment,,MAYBE,2.7,Developing-country sustainable transport review,N
scopus-only,P0633,10.1109/ICSESS.2016.7883120,2016,Discrete Wolf pack search algorithm based transit network design,"Proceedings of the IEEE International Conference on Software Engineering and Service Sciences, ICSESS",,INCLUDE,2.2,Transit network design swarm algorithm,N
scopus-only,P0634,,2012,Quantifying financial impacts of new suburban development: A case study,"Proceedings, Annual Conference - Canadian Society for Civil Engineering",,EXCLUDE,,Municipal finance,N
scopus-only,P0635,10.1061/9780784413623.142,2014,Transfer scheduling for metro-bus integration in mega cities,"CICTP 2014: Safe, Smart, and Sustainable Multimodal Transportation Systems - Proceedings of the 14th COTA International Conference of Transportation Professionals",,EXCLUDE,,Feeder timetable metro transfer,N
scopus-only,P0636,10.1061/9780784413623.135,2014,Study on a distribution pattern of passenger waiting time in conventional transit stations,"CICTP 2014: Safe, Smart, and Sustainable Multimodal Transportation Systems - Proceedings of the 14th COTA International Conference of Transportation Professionals",,EXCLUDE,,Waiting time distribution,N
scopus-only,P0637,,2013,Issues and strategies involved in developing agent-based multimodal network simulation model for transportation planning: Lessons from a case study on the Greater Toronto and Hamilton area,"2013 TAC Conference and Exhibition - Transportation: Better - Faster - Safer, TAC/ATC 2013",,EXCLUDE,,Simulation model building,N
scopus-only,P0638,10.1061/9780784413159.062,2013,An approch to bus network design problems by genetic algorithm,ICTE 2013 - Proceedings of the 4th International Conference on Transportation Engineering,,INCLUDE,2.2,Bus network design GA,N
scopus-only,P0639,10.1109/ICIAS.2014.6869556,2014,Route optimization of feeder bus for Electric Train Service,"2014 5th International Conference on Intelligent and Advanced Systems: Technological Convergence for Sustainable Future, ICIAS 2014 - Proceedings",,INCLUDE,2.2,Feeder bus route coverage optimisation,N
scopus-only,P0640,10.1109/CYBER.2013.6705464,2013,A bi-level metaheuristic approach to designing optimal bus transit route network,"2013 IEEE International Conference on Cyber Technology in Automation, Control and Intelligent Systems, IEEE-CYBER 2013",,INCLUDE,2.2,Bi-level bus route network design,N
scopus-only,P0641,10.1061/9780784479896.208,2016,Modeling Capacity and Delay Based on Bus Bay Blockage and the Influence of Traffic Flow,CICTP 2016 - Green and Multimodal Transportation and Logistics - Proceedings of the 16th COTA International Conference of Transportation Professionals,,EXCLUDE,,Bus bay capacity,N
scopus-only,P0642,10.1109/ICPCI.2012.6486315,2012,Origin-destination matrix generation using smart card data: Case study for Izmir,"2012 4th International Conference ""Problems of Cybernetics and Informatics"", PCI 2012 - Proceedings",,INCLUDE,2.3,Smart card OD matrix generation,N
scopus-only,P0643,10.1016/j.procs.2013.06.106,2013,Passenger agent and paratransit operator reaction to changes of service frequency of a fixed train line,Procedia Computer Science,,MAYBE,2.7,Paratransit route evolution simulation,N
scopus-only,P0644,10.1109/ISC2.2016.07580776,2016,Micro-interventions in urban transportation from pattern discovery on the flow of passengers and on the bus network,"IEEE 2nd International Smart Cities Conference: Improving the Citizens Quality of Life, ISC2 2016 - Proceedings",,INCLUDE,2.3,OD from ticket/GPS and bus network analysis,N
scopus-only,P0645,10.1007/s11771-015-2674-8,2015,Simultaneous optimization of transit network and public bicycle station network,Journal of Central South University,,INCLUDE,2.2,Joint bus and bicycle network design,N
scopus-only,P0646,10.1061/(ASCE)CP.1943-5487.0000418,2015,Optimization of a Transit Services Model with a Feeder Bus and Rail System Using Metaheuristic Algorithms,Journal of Computing in Civil Engineering,,INCLUDE,2.2,Feeder bus network design metaheuristics,N
scopus-only,P0647,,2015,"Environmental justice, transit equity and the place for immigrants in Toronto",Canadian Journal of Urban Research,,EXCLUDE,,Qualitative equity interviews,N
scopus-only,P0648,10.1061/9780784479896.062,2016,Optimal Routing Design for Feeder Bus Service Considering Socio-Economic Benefits and the Equalization of Public Traffic Services,CICTP 2016 - Green and Multimodal Transportation and Logistics - Proceedings of the 16th COTA International Conference of Transportation Professionals,,INCLUDE,2.2,Feeder route design with equity,N
scopus-only,P0649,10.1061/9780784479292.102,2015,An Adjustment Method for Bus Routes to Be Split or Shortened Based on the Bus Passenger OD Matrix Analysis,"CICTP 2015 - Efficient, Safe, and Green Multimodal Transportation - Proceedings of the 15th COTA International Conference of Transportation Professionals",,INCLUDE,2.2,Route split/shorten using smartcard OD,N
scopus-only,P0650,10.1016/j.retrec.2012.06.030,2013,"Impact of Transmilenio on density, land use, and land value in Bogotá",Research in Transportation Economics,,EXCLUDE,,BRT land value impacts,N
scopus-only,P0651,,2013,Moving around in Indian cities,Economic and Political Weekly,,MAYBE,2.7,Indian city transport policy and data,N
scopus-only,P0652,10.3846/enviro.2014.114,2014,A new methodology for the public transport network design,"9th International Conference on Environmental Engineering, ICEE 2014",,INCLUDE,2.2,Bus network design routes and frequencies,N
scopus-only,P0653,,2013,Analyzing demands and activities of public transit users from the accesses to the public transit guidance service,Proceedings of the SICE Annual Conference,,MAYBE,2.3,Demand proxy from guidance service logs,N
scopus-only,P0654,10.1680/tran.12.00096,2015,Reassessing the financial and social costs of public transport,Proceedings of the Institution of Civil Engineers: Transport,,EXCLUDE,,Cost model of modes,N
scopus-only,P0655,10.1016/j.jtrangeo.2013.09.015,2013,Assessing public transport systems connectivity based on Google Transit data,Journal of Transport Geography,,INCLUDE,2.5,GTFS-based network connectivity assessment,N
scopus-only,P0656,10.1016/j.jtrangeo.2012.06.014,2012,"Using floating catchment analysis (FCA) techniques to examine intra-urban variations in accessibility to public transport opportunities: The example of Cardiff, Wales",Journal of Transport Geography,,INCLUDE,2.6,Floating catchment transit accessibility,N
scopus-only,P0657,10.1109/ICDE.2015.7113399,2015,CDR-To-MoVis: Developing a Mobility Visualization System from CDR data,Proceedings - International Conference on Data Engineering,,EXCLUDE,,"CDR visualisation, not transit",N
scopus-only,P0658,10.1007/978-3-319-18167-7_39,2015,Transit network design for green vehicles routing,Advances in Intelligent Systems and Computing,,EXCLUDE,,Green vehicle flow assignment,N
scopus-only,P0659,10.1109/ISCIT.2012.6380856,2012,Toward real-time decision making for bus service reliability,"2012 International Symposium on Communications and Information Technologies, ISCIT 2012",,EXCLUDE,,Real-time holding control,N
scopus-only,P0660,10.1061/9780784412480.074,2012,Basis of design for proposed 42-inch reclaimed water main,"Pipelines 2012: Innovations in Design, Construction, Operations, and Maintenance - Doing More with Less - Proceedings of the Pipelines 2012 Conference",,EXCLUDE,,Water pipeline,N
scopus-only,P0661,,2015,Comparative Evaluation of Various Control Techniques for Three Phase Three Switch Three Level Boost Converter,International Journal of Applied Engineering Research,,EXCLUDE,,Power converter,N
scopus-only,P0662,10.3923/jeasci.2016.1925.1930,2016,Dynamically reconfigurable smart traffic system for accident rescue opertaion,Journal of Engineering and Applied Sciences,,EXCLUDE,,Emergency traffic control,N
scopus-only,P0663,10.1109/VAST.2015.7347630,2015,IVizTRANS: Interactive visual learning for home and work place detection from massive public transportation data,"2015 IEEE Conference on Visual Analytics Science and Technology, VAST 2015 - Proceedings",,MAYBE,2.3,Smartcard home/work detection for planning,N
scopus-only,P0664,10.1051/matecconf/20166600043,2016,Theorizing the Concept of Urban Public Transportation Institutional Framework in Malaysia,MATEC Web of Conferences,,MAYBE,2.7,Malaysian public transport institutional framework,N
scopus-only,P0665,10.1007/s11067-013-9201-y,2016,Modeling Mode and Route Similarities in Network Equilibrium Problem with Go-Green Modes,Networks and Spatial Economics,,EXCLUDE,,Mode split assignment equilibrium,N
scopus-only,P0666,10.1016/j.trc.2015.04.017,2015,Flow-based accessibility measurement: The Place Rank approach,Transportation Research Part C: Emerging Technologies,,INCLUDE,2.6,Smartcard flow-based accessibility measurement,N
scopus-only,P0667,10.1061/9780784413036.053,2013,Transit signal priority control for multi-conflicted routes under headway-based service,"ICTIS 2013: Improving Multimodal Transportation Systems - Information, Safety, and Integration - Proceedings of the 2nd International Conference on Transportation Information and Safety",,EXCLUDE,,Signal priority,N
scopus-only,P0668,10.1109/ICDMW.2013.20,2013,The passenger demand prediction model on bus networks,"Proceedings - IEEE 13th International Conference on Data Mining Workshops, ICDMW 2013",,MAYBE,2.3,Bus passenger demand prediction for headway,N
scopus-only,P0669,10.1145/2346496.2346519,2012,Using smart card data to extract passenger's spatio-temporal density and train's trajectory of MRT system,Proceedings of the ACM SIGKDD International Conference on Knowledge Discovery and Data Mining,,EXCLUDE,,MRT only,N
scopus-only,P0670,,2013,The strategy for reduced CO2 emissions in transport sector based on changes of energy consumption structure,International Journal of Applied Environmental Sciences,,EXCLUDE,,Emissions energy,N
scopus-only,P0671,10.1109/MTITS.2015.7223271,2015,Estimation of sample size to forecast travel demand in urban public transport,"2015 International Conference on Models and Technologies for Intelligent Transportation Systems, MT-ITS 2015",,INCLUDE,2.3,Sample size for transit OD estimation,N
scopus-only,P0672,,2016,Design and implementation of mobile app and web-based software for management and monitoring of bicycle routes,"Proceedings of the 13th European, Mediterranean and Middle Eastern Conference on Information Systems, EMCIS 2016",,EXCLUDE,,Cycling app,N
scopus-only,P0673,10.1109/NBiS.2016.36,2016,A Handy Real-Time Location System for Community Bus Service,NBiS 2016 - 19th International Conference on Network-Based Information Systems,,MAYBE,2.5,Low-cost GTFS creation for community bus,N
scopus-only,P0674,,2014,Robust transit network design under demand uncertainty considering development density,"Proceedings of the 19th International Conference of Hong Kong Society for Transportation Studies, HKSTS 2014 - Transportation and Infrastructure",,INCLUDE,2.2,Transit network design under demand uncertainty density,N
scopus-only,P0675,,2013,A hybrid cross entropy algorithm for solving dynamic transit network design problem,Journal of Information Science and Engineering,,INCLUDE,2.2,Transit network frequency optimisation,N
scopus-only,P0676,10.1145/2815347.2826698,2015,Smartphone-based architecture for smart cities,DIVANet 2015 - Proceedings of the 5th ACM Symposium on Development and Analysis of Intelligent Vehicular Networks and Applications,,EXCLUDE,,Smart city smartphone architecture,N
scopus-only,P0677,10.1109/COMSNETS.2016.7439937,2016,T-CSA: A fast and flexible CSA implementation,"2016 8th International Conference on Communication Systems and Networks, COMSNETS 2016",,EXCLUDE,,Journey planning algorithm,N
scopus-only,P0678,10.1061/9780784479292.129,2015,Service Design of Rural Transit Routes in China,"CICTP 2015 - Efficient, Safe, and Green Multimodal Transportation - Proceedings of the 15th COTA International Conference of Transportation Professionals",,INCLUDE,2.7,Rural transit route and frequency design China,N
scopus-only,P0679,10.3141/2276-18,2012,Spatially aware model for optimal site selection,Transportation Research Record,,EXCLUDE,,Mobility centre siting,N
scopus-only,P0680,10.1109/ICCChina.2012.6356968,2012,Multi-modal message dissemination in vehicular ad-hoc networks,"2012 1st IEEE International Conference on Communications in China, ICCC 2012",,EXCLUDE,,VANET messaging,N
scopus-only,P0681,10.1007/978-3-319-26401-1_41,2015,Efficient planning of urban public transportation networks,Lecture Notes in Computer Science (including subseries Lecture Notes in Artificial Intelligence and Lecture Notes in Bioinformatics),,INCLUDE,2.5,Route planning from OSM/Waze proxy demand without OD,Y
scopus-only,P0682,10.1145/2983323.2983378,2016,Bus routes design and optimization via taxi data analytics,"International Conference on Information and Knowledge Management, Proceedings",,INCLUDE,2.2,Bus route design from taxi trip data,N
scopus-only,P0683,10.1007/978-3-319-11955-7_4,2014,Setting the course of emergency vehicle routing using Geolinked open data for the municipality of catania,Lecture Notes in Computer Science,,EXCLUDE,,Emergency vehicle routing,N
scopus-only,P0684,,2015,Characteristics of macro-level pedestrian movement for planning of pedestrian infrastructure,International Journal of Earth Sciences and Engineering,,EXCLUDE,,Pedestrian flow,N
scopus-only,P0685,10.1007/978-3-642-39137-8_32,2013,A log analyzer of public transit guidance service to improve a route bus service,Lecture Notes in Computer Science (including subseries Lecture Notes in Artificial Intelligence and Lecture Notes in Bioinformatics),,MAYBE,2.3,Demand proxy from guidance logs for bus service,N
scopus-only,P0686,10.1109/WCNC.2015.7127639,2015,Evaluating mobile signal and location predictability along public transportation routes,"2015 IEEE Wireless Communications and Networking Conference, WCNC 2015",,EXCLUDE,,Mobile signal prediction,N
scopus-only,P0687,10.1109/ISCAIE.2015.7298335,2015,Ant Colony Optimization of feeder bus routes for electric train service,ISCAIE 2015 - 2015 IEEE Symposium on Computer Applications and Industrial Electronics,,INCLUDE,2.2,Feeder bus route ACO coverage,N
scopus-only,P0688,10.1007/978-3-319-18368-8_12,2015,Leveraging cellphones for wayfinding and journey planning in semi-formal bus systems: Lessons from digital matatus in Nairobi,Lecture Notes in Geoinformation and Cartography,,INCLUDE,2.7,Digital Matatus paratransit data generation Nairobi,N
scopus-only,P0689,10.5013/IJSSST.a.17.32.02,2016,Market based transmission expansion planning for tamilnadu test system,"International Journal of Simulation: Systems, Science and Technology",,EXCLUDE,,Power transmission,N
scopus-only,P0690,10.1007/s12469-013-0067-7,2013,Incremental bus service design: Combining limited-stop and local bus services,Public Transport,,INCLUDE,2.2,Limited-stop service design and frequency,N
scopus-only,P0691,10.1109/WCICA.2014.7052754,2015,Itinerary planning with deadline in headway-based bus networks minimizing lateness level,Proceedings of the World Congress on Intelligent Control and Automation (WCICA),,EXCLUDE,,Itinerary planning,N
scopus-only,P0692,10.2495/UT140071,2014,Replanning public transport services in the case of budget reductions,WIT Transactions on the Built Environment,,INCLUDE,2.2,Replanning transit services under budget cuts,N
scopus-only,P0693,10.1137/1.9781611973198.15,2014,Flow-based guidebook routing,Proceedings of the Workshop on Algorithm Engineering and Experiments,,EXCLUDE,,Journey planning,N
scopus-only,P0694,10.1016/j.ijepes.2015.01.025,2015,Optimal use of energy storage systems with renewable energy sources,International Journal of Electrical Power and Energy Systems,,EXCLUDE,,Energy storage,N
scopus-only,P0695,10.1109/WD.2013.6686542,2013,Measurements of a real-time transit feed service architecture for mobile participatory sensing,IFIP Wireless Days,,EXCLUDE,,Real-time feed architecture,N
scopus-only,P0696,10.3969/j.issn.1003-7985.2013.01.020,2013,Factors affecting headway regularity on bus routes,Journal of Southeast University (English Edition),,EXCLUDE,,Headway regularity analysis,N
scopus-only,P0697,10.1109/PerCom.2013.6526736,2013,B-planner: Night bus route planning using large-scale taxi GPS traces,"2013 IEEE International Conference on Pervasive Computing and Communications, PerCom 2013",,INCLUDE,2.2,Night bus route planning from taxi GPS,N
scopus-only,P0698,10.1016/j.procs.2016.11.024,2016,Modeling Transport Accessibility with Open Data: Case Study of St. Petersburg,Procedia Computer Science,,INCLUDE,2.5,Open-data transport accessibility modelling St Petersburg,N
scopus-only,P0699,10.3141/2350-06,2013,Integrated intervening opportunities model for public transit trip generation-distribution,Transportation Research Record,,INCLUDE,2.3,Transit trip distribution with census and GTFS,N
scopus-only,P0700,,2014,The exclusive lane design of public transit network considering vertical equity,"Proceedings of the 19th International Conference of Hong Kong Society for Transportation Studies, HKSTS 2014 - Transportation and Infrastructure",,INCLUDE,2.6,Transit network design with vertical equity,N
scopus-only,P0701,10.1016/j.eswa.2014.11.056,2015,The Memetic algorithm for the optimization of urban transit network,Expert Systems with Applications,,INCLUDE,2.2,Memetic transit route and frequency optimisation,N
scopus-only,P0702,10.1145/2645791.2645845,2014,Developing public transport network systems: The DIANA approach,ACM International Conference Proceeding Series,,MAYBE,2.2,Transit network design project overview,N
scopus-only,P0703,10.1109/INES.2014.6909378,2014,"Performance evaluation of a live, crowdsensing based transit feed service architecture","INES 2014 - IEEE 18th International Conference on Intelligent Engineering Systems, Proceedings",,EXCLUDE,,Crowdsensing feed architecture,N
scopus-only,P0704,10.1080/17509653.2014.903811,2014,Designing an efficient transit network for large cities,International Journal of Management Science and Engineering Management,,INCLUDE,2.2,Analytical transit network design large cities,N
scopus-only,P0705,10.1016/j.jtrangeo.2014.06.022,2014,"Spatial analysis of access to and accessibility surrounding train stations: A case study of accessibility for the elderly in Perth, Western Australia",Journal of Transport Geography,,EXCLUDE,,Train station accessibility,N
scopus-only,P0706,10.1007/978-3-319-04630-3_12,2014,A method for topological transit network design in urban area,Advances in Intelligent Systems and Computing,,INCLUDE,2.2,Joint road and transit route design,N
scopus-only,P0707,10.1061/9780784479292.140,2015,Transit Service Design Using Automatic Passenger Counter Data,"CICTP 2015 - Efficient, Safe, and Green Multimodal Transportation - Proceedings of the 15th COTA International Conference of Transportation Professionals",,INCLUDE,2.3,Frequency and bus size from APC data,N
scopus-only,P0708,10.1016/j.procs.2016.04.098,2016,Data Preparation to Simulate Public Transport in Micro-Simulations Using OSM and GTFS,Procedia Computer Science,,MAYBE,2.5,OSM and GTFS data preparation,N
scopus-only,P0709,,2015,New computational methods for efficient utilisation of public data,Tutkimusraportti - Geologian Tutkimuskeskus,,EXCLUDE,,Non-transport open data,N
scopus-only,P0710,,2016,Appling gis on transport demand forecast: Fusing software for case study of western region of Sri Lanka,"37th Asian Conference on Remote Sensing, ACRS 2016",,MAYBE,2.7,Sri Lanka transport demand forecasting GIS,N
scopus-only,P0711,10.1007/978-3-319-41267-2_33,2016,A mobile travel companion based on open accessibility data,Lecture Notes in Computer Science (including subseries Lecture Notes in Artificial Intelligence and Lecture Notes in Bioinformatics),,EXCLUDE,,Accessibility travel app,N
scopus-only,P0712,10.1145/2666310.2666404,2014,Real-time movement visualization of public transit data,GIS: Proceedings of the ACM International Symposium on Advances in Geographic Information Systems,,EXCLUDE,,Live transit visualisation,N
scopus-only,P0713,10.1109/REDEC.2016.7577547,2016,Voltage stability based on the implementation of a coordinate secondary voltage control system,"2016 3rd International Conference on Renewable Energies for Developing Countries, REDEC 2016",,EXCLUDE,,Power systems,N
scopus-only,P0714,10.3969/j.issn.1003-7985.2013.03.016,2013,Evaluation method on bus arrival headway reliability,Journal of Southeast University (English Edition),,EXCLUDE,,Headway reliability evaluation,N
scopus-only,P0715,10.1016/j.trb.2016.07.004,2016,Bus network structure and mobility pattern: A monocentric analytical approach on a grid street layout,Transportation Research Part B: Methodological,,INCLUDE,2.2,Bus network structure comparison analytical,N
scopus-only,P0716,10.1145/2872518.2891069,2016,What Public Transit API Logs Tell Us about Travel Flows,WWW 2016 Companion - Proceedings of the 25th International Conference on World Wide Web,,EXCLUDE,,Railway API logs,N
scopus-only,P0717,10.4108/icst.urb-iot.2014.257263,2014,Enhancing public transit accessibility for the visually impaired using IoT and open data infrastructures,"Urb-IoT 2014 - 1st International Conference on IoT in Urban Space, Conference Proceedings",,EXCLUDE,,Visually impaired info system,N
scopus-only,P0718,10.1007/s00291-014-0377-4,2015,Urban public transit network optimization with flexible demand,OR Spectrum,,INCLUDE,2.2,Transit network design with endogenous demand,N
scopus-only,P0719,10.1145/3006386.3006387,2016,Analytics on public transport delays with spatial big data,"Proceedings of the 5th ACM SIGSPATIAL International Workshop on Analytics for Big Geospatial Data, BigSpatial 2016",,EXCLUDE,,Delay analytics,N
scopus-only,P0720,,2015,Analysis of urban bus bunching based on bus-stop announcements data,"Proceedings of the 20th International Conference of Hong Kong Society for Transportation Studies, HKSTS 2015: Urban Transport Analytics",,EXCLUDE,,Bus bunching analysis,N
scopus-only,P0721,10.1109/VTCSpring.2014.7022804,2014,A use of cellular network records to sense the impact of urban transit systems comfort on users route choices,IEEE Vehicular Technology Conference,,EXCLUDE,,Underground cellular sensing,N
scopus-only,P0722,10.1057/udi.2013.33,2015,Designing a safe walkable city,Urban Design International,,EXCLUDE,,Metro walkability safety,N
scopus-only,P0723,10.1007/978-3-319-17996-4_7,2015,Scheduling problem for bus rapid transit routes,Advances in Intelligent Systems and Computing,,INCLUDE,2.2,BRT headway optimisation,N
scopus-only,P0724,,2014,Braess-like paradox in transit network: Activity approach,"Proceedings of the 19th International Conference of Hong Kong Society for Transportation Studies, HKSTS 2014 - Transportation and Infrastructure",,EXCLUDE,,Braess paradox equilibrium,N
scopus-only,P0725,10.1080/01441647.2013.789571,2013,Importance of user perception in evaluating level of service for bus transit for a developing country like India: A review,Transport Reviews,,MAYBE,2.7,Indian bus service quality review,N
scopus-only,P0726,10.1109/PERVASIVE.2015.7087035,2015,A low cost M2M architecture for intelligent public transit,"2015 International Conference on Pervasive Computing: Advance Communication Technology and Application for Society, ICPC 2015",,EXCLUDE,,M2M arrival prediction system,N
scopus-only,P0727,10.1061/9780784479384.255,2015,Synergetic Analysis of the Public Transit System and Urban Form for Small-And Medium-Sized Cities,ICTE 2015 - Proceedings of the 5th International Conference on Transportation Engineering,,MAYBE,2.6,Transit-urban form coordination indicators,N
scopus-only,P0728,10.1061/(ASCE)TE.1943-5436.0000641,2014,Bus size and headways optimization model considering elastic demand,Journal of Transportation Engineering,,INCLUDE,2.2,Bus size and headway optimisation,N
scopus-only,P0729,,2013,Will bus travellers walk further for a more frequent service? A Stated preference investigation,"Australasian Transport Research Forum, ATRF 2013  - Proceedings",,MAYBE,2.4,Frequency versus coverage walking preference,N
scopus-only,P0730,10.1007/978-3-319-08422-0_81,2015,A Design Model for Rapid Transit Networks Considering Rolling Stock's Reliability and Redistribution of Services During Disruptions,Advances in Intelligent Systems and Computing,,EXCLUDE,,Rapid transit rolling stock design,N
scopus-only,P0731,10.1007/978-3-319-14280-7_12,2015,Building a multimodal urban network model Using OpenStreetMap data for the analysis of sustainable accessibility,Lecture Notes in Geoinformation and Cartography,,INCLUDE,2.5,OSM multimodal network for accessibility analysis,N
scopus-only,P0732,,2014,The design of bus rapid transit routes in Cotonou based on ant colony optimization algorithm,"International Conference on Logistics, Engineering, Management and Computer Science, LEMCS 2014",,INCLUDE,2.7,BRT route design Cotonou ACO,N
scopus-only,P0733,10.3141/2539-15,2016,Determining optimal strategies for single-line bus operation by means of smartphone demand data,Transportation Research Record,,INCLUDE,2.2,Short-turn/limited-stop strategies from smartphone demand,N
scopus-only,P0734,,2015,Improving public transport usage: A review of the route network design,Advances in Environmental Biology,,INCLUDE,2.2,Review of bus route network design,N
scopus-only,P0735,10.1109/CDAN.2016.7570882,2016,An innovative device for monitoring and controlling vehicular movement in a Smart city,"2016 Symposium on Colossal Data Analysis and Networking, CDAN 2016",,EXCLUDE,,Vehicle RF monitoring,N
scopus-only,P0736,,2012,Bus network design using genetic algorithm,"53rd Annual Transportation Research Forum, TRF 2012",,INCLUDE,2.2,Bus network design GA without assignment,N
scopus-only,P0737,10.1109/PIC.2014.6972415,2014,A FlexiFare Bus (F2B) system to reduce bus bunching problem,PIC 2014 - Proceedings of 2014 IEEE International Conference on Progress in Informatics and Computing,,EXCLUDE,,Bus bunching fares,N
scopus-only,P0738,10.4271/2013-01-2840,2013,Side impact crash test simulation and analysis of passenger bus,SAE Technical Papers,,EXCLUDE,,Crash simulation,N
scopus-only,P0739,10.1109/AMS.2015.27,2016,Multi-objective Transmission Expansion Planning for 133 Bus Tamilnadu Test System,Proceedings - AMS 2015: Asia Modelling Symposium 2015 - Asia 9th International Conference on Mathematical Modelling and Computer Simulation,,EXCLUDE,,Power transmission,N
scopus-only,P0740,10.1287/trsc.2014.0553,2016,"Approximating the performance of a ""last mile"" transportation system",Transportation Science,,EXCLUDE,,Last-mile system performance,N
scopus-only,P0741,10.1109/INDICON.2014.7030404,2015,"Prediction of spatial patterns of urban dynamics in Pune, India","11th IEEE India Conference: Emerging Trends and Innovation in Technology, INDICON 2014",,EXCLUDE,,Urban growth modelling,N
scopus-only,P0742,10.1109/ITSC.2016.7795689,2016,Forecasting dynamic public transport origin-destination matrices with long-short term memory recurrent neural networks,"IEEE Conference on Intelligent Transportation Systems, Proceedings, ITSC",,EXCLUDE,,Subway OD forecasting,N
scopus-only,P0743,10.1109/ICCTICT.2016.7514587,2016,Analysing and designing automated and dynamic bus route allocation,"2016 International Conference on Computational Techniques in Information and Communication Technologies, ICCTICT 2016 - Proceedings",,INCLUDE,2.2,Bus route revision from population density heat map,Y
scopus-only,P0744,10.1142/S0129183115500242,2015,Efficiency and robustness of different bus network designs,International Journal of Modern Physics C,,INCLUDE,2.2,Bus network design topologies GA,N
scopus-only,P0745,10.3141/2416-09,2014,A driverless alternative: Fleet size and cost requirements for a statewide Autonomous Taxi Network in New Jersey,Transportation Research Record,,EXCLUDE,,Autonomous taxi fleet,N
scopus-only,P0746,10.1109/ITSC.2015.449,2015,Improving Bus Service Reliability with Stochastic Optimization,"IEEE Conference on Intelligent Transportation Systems, Proceedings, ITSC",,EXCLUDE,,Headway balancing schedules,N
scopus-only,P0747,,2012,Transit network design under demand uncertainty,"Proceedings of the 17th International Conference of Hong Kong Society for Transportation Studies, HKSTS 2012: Transportation and Logistics Management",,INCLUDE,2.2,Transit network design with stochastic demand,N
scopus-only,P0748,10.1061/9780784413159.344,2013,Feeder bus network design problems under rail transit network conditions,ICTE 2013 - Proceedings of the 4th International Conference on Transportation Engineering,,INCLUDE,2.2,Feeder bus network design,N
scopus-only,P0749,10.1061/9780784479292.130,2015,Stability Analysis on a Bus Route Based on the Time-Headway Model Considering Bus Capacity,"CICTP 2015 - Efficient, Safe, and Green Multimodal Transportation - Proceedings of the 15th COTA International Conference of Transportation Professionals",,EXCLUDE,,Headway dynamics stability,N
scopus-only,P0750,10.1109/MEACS.2014.6986883,2014,Ant colony algorithm for rational transit network design of urban passenger transport,"Proceedings of 2014 International Conference on Mechanical Engineering, Automation and Control Systems, MEACS 2014",,INCLUDE,2.2,Transit network ACO direct travellers,N
scopus-only,P0751,10.1007/978-3-319-10422-5_25,2015,Modeling open accessibility data of public transport,Studies in Computational Intelligence,,EXCLUDE,,Linked open data modelling,N
scopus-only,P0752,10.1198/TECH.2010.09021,2010,Statistical inference for transit system origin-destination matrices,Technometrics,,INCLUDE,2.3,Transit OD inference from boarding alighting counts,N
scopus-only,P0753,,2009,Optimal service planning for a sustainable transit system,50th Annual Transportation Research Forum 2009,,INCLUDE,2.2,Route stops headway optimisation,N
scopus-only,P0754,10.1061/40995(322)51,2008,Optimal bus stop spacing for minimizing transit operation cost,"Proceedings of the Conference on Traffic and Transportation Studies, ICTTS",,MAYBE,2.2,Stop spacing optimisation route level,N
scopus-only,P0755,10.1109/TAAI.2011.27,2011,A hybrid multiagent learning algorithm for solving the dynamic simulation-based continuous transit network design problem,"Proceedings - 2011 Conference on Technologies and Applications of Artificial Intelligence, TAAI 2011",,INCLUDE,2.2,Transit frequency network design algorithm,N
scopus-only,P0756,,2009,Planning for dedicated bus lanes on roads carrying highly heterogeneous traffic,50th Annual Transportation Research Forum 2009,,EXCLUDE,,Bus lane simulation,N
scopus-only,P0757,10.1109/IEMBS.2011.6091870,2011,Public transportation assistant for the cognitively impaired,"Proceedings of the Annual International Conference of the IEEE Engineering in Medicine and Biology Society, EMBS",,EXCLUDE,,Cognitive assistant app,N
scopus-only,P0758,,2006,Modeling the strategic bidding of the producers in competitive electricity markets with the Watkins's Q(lambda) reinforcement learning,International Journal of Emerging Electric Power Systems,,EXCLUDE,,Electricity markets,N
scopus-only,P0759,10.1061/40952(317)31,2008,Multi-objective transit route network design using Tabu search,"Proceedings of the 7th International Conference of Chinese Transportation Professionals Congress 2007: Plan, Build, and Manage Transportation Infrastructures in China",,INCLUDE,2.2,Tabu search transit route design,N
scopus-only,P0760,10.1007/978-3-642-22309-9_17,2011,Delivering real-time bus tracking information on mobile devices,Communications in Computer and Information Science,,EXCLUDE,,Real-time tracking app,N
scopus-only,P0761,10.1007/978-3-540-73312-6_20,2008,A tabu search based heuristic method for the transit route network design problem,Lecture Notes in Economics and Mathematical Systems,,INCLUDE,2.2,Tabu search transit route network design,N
scopus-only,P0762,10.3141/2246-09,2011,Effect of onboard survey sample size on estimation of transit bus route passenger origin-destination flow matrix using automatic passenger counter data,Transportation Research Record,,INCLUDE,2.3,APC plus survey route OD estimation,N
scopus-only,P0763,10.1061/(ASCE)0733-947X(2006)132:6(518),2006,Operational integration of suburban railway and public buses - Case study of Mumbai,Journal of Transportation Engineering,,INCLUDE,2.7,Feeder route generation Mumbai,N
scopus-only,P0764,10.1109/GEOINFORMATICS.2009.5293449,2009,A transit path planning model based on the heterogeneous road network,"2009 17th International Conference on Geoinformatics, Geoinformatics 2009",,EXCLUDE,,Journey path planning,N
scopus-only,P0765,,2012,"20th International Conference on Modelling, Monitoring and Management of Air Pollution, AIR12",WIT Transactions on Ecology and the Environment,,EXCLUDE,,Air pollution proceedings,N
scopus-only,P0766,,2011,Go_sync-a framework to synchronize crowd-sourced mapping contributions from online communities and transit agency bus stop inventories,18th World Congress on Intelligent Transport Systems and ITS America Annual Meeting 2011,,MAYBE,2.5,Sync OSM bus stops with GTFS,N
scopus-only,P0767,,2002,Anti-narcotics responses in Jordan,Middle East Journal,,EXCLUDE,,Narcotics policy,N
scopus-only,P0768,,2001,Latency-driven design of multi-purpose systems-on-chip,Proceedings - Design Automation Conference,,EXCLUDE,,Chip design,N
scopus-only,P0769,10.1007/978-3-642-20244-5_48,2011,Estimating a transit passenger trip origin-destination matrix using automatic fare collection system,Lecture Notes in Computer Science,,INCLUDE,2.3,Smart card bus OD estimation,N
scopus-only,P0770,10.1061/40730(144)32,2004,Planning procedures for estimating an upper bound on bus priority benefits,Proceedings of the International Conference on Applications of Advanced Technologies in Transportation Engineering,,EXCLUDE,,Bus priority benefits,N
scopus-only,P0771,10.1109/ITSC.2010.5625212,2010,A multi-agent system to regulate urban traffic: Private vehicles and public transport,"IEEE Conference on Intelligent Transportation Systems, Proceedings, ITSC",,EXCLUDE,,Signal regulation,N
scopus-only,P0772,10.1109/ITSC.2010.5625089,2010,An intelligent on-line route guide system in a fleet,"IEEE Conference on Intelligent Transportation Systems, Proceedings, ITSC",,EXCLUDE,,Vehicle fleet guidance,N
scopus-only,P0773,10.1109/INFRA.2009.5397861,2009,Integrating urban land use and infrastructure for sustainable development,"2009 2nd International Conference on Infrastructure Systems and Services: Developing 21st Century Infrastructure Networks, INFRA 2009",,MAYBE,2.7,Indian urban growth and public transport integration,N
scopus-only,P0774,10.1061/40799(213)27,2006,Visualization of bus schedule adherence using GIS,Applications of Advanced Technology in Transportation - Proceedings of the Ninth International Conference on Applications of Advanced Technology in Transportation,,EXCLUDE,,Schedule adherence visualisation,N
scopus-only,P0775,10.1016/j.trb.2009.07.010,2010,Exact and heuristic methods for public transit circulator design,Transportation Research Part B: Methodological,,INCLUDE,2.2,Circulator route design,N
scopus-only,P0776,10.1016/j.ejor.2007.09.045,2009,Developing work schedules for an inter-city transit system with multiple driver types and fleet types,European Journal of Operational Research,,EXCLUDE,,Driver work scheduling,N
scopus-only,P0777,10.1007/11539117_148,2005,Optimal design for urban mass transit network based on evolutionary algorithms,Lecture Notes in Computer Science,,INCLUDE,2.2,Transit network and headway optimisation,N
scopus-only,P0778,10.1016/j.tra.2011.06.002,2012,Incorporating equity into the transit frequency-setting problem,Transportation Research Part A: Policy and Practice,,INCLUDE,2.6,Equity in frequency setting,N
scopus-only,P0779,10.1061/40995(322)10,2008,Sustainable development of mobility in Alexandria Metropolitan Area,"Proceedings of the Conference on Traffic and Transportation Studies, ICTTS",,MAYBE,2.7,Alexandria transport master plan,N
scopus-only,P0780,10.1061/41127(382)265,2010,Research on Bi-level program model and algorithm for optimization of the conventional public transit network,"ICCTP 2010: Integrated Transportation Systems: Green, Intelligent, Reliable - Proceedings of the 10th International Conference of Chinese Transportation Professionals",,INCLUDE,2.2,Bilevel transit network optimisation,N
scopus-only,P0781,10.1109/TMEE.2011.6199420,2011,Fixed-route high-frequency bus service reliability considering bus overtaking and no-overtaking,"Proceedings 2011 International Conference on Transportation, Mechanical, and Electrical Engineering, TMEE 2011",,EXCLUDE,,Reliability simulation,N
scopus-only,P0782,10.1016/j.seps.2011.02.001,2011,Planning rapid transit networks,Socio-Economic Planning Sciences,,EXCLUDE,,Rapid transit planning review,N
scopus-only,P0783,,2011,Analyzing of bus operation to obtain regular frequency for neo-mission,Australian Journal of Basic and Applied Sciences,,EXCLUDE,,Bus delay operation analysis,N
scopus-only,P0784,,2009,A bus network design problem for a suburban residential area in Hong Kong,Proceedings of the 14th HKSTS International Conference: Transportation and Geography,,INCLUDE,2.2,Improving existing bus network route and frequency,N
scopus-only,P0785,,2003,Technology and policy shifts towards sustainable urban transport,Pacific and Asian Journal of Energy,,EXCLUDE,,Emissions policy,N
scopus-only,P0786,10.1109/ICMTMA.2009.77,2009,A simulation model for transit service unreliability prevention based on AVL-APC data,"2009 International Conference on Measuring Technology and Mechatronics Automation, ICMTMA 2009",,EXCLUDE,,Reliability simulation,N
scopus-only,P0787,10.1016/S0920-3796(00)00138-1,2000,Upgrading a TEXTOR Data Acquisition system for remote participation using Java and Corba,Fusion Engineering and Design,,EXCLUDE,,Fusion data acquisition,N
scopus-only,P0788,,2002,Redesign of Glenn research center D1 flywheel module,Proceedings of the Intersociety Energy Conversion Engineering Conference,,EXCLUDE,,Flywheel module,N
scopus-only,P0789,10.1109/ICICTA.2008.194,2008,The potential trip generations in transit network under equity constraints,"Proceedings - International Conference on Intelligent Computation Technology and Automation, ICICTA 2008",,MAYBE,2.6,Transit equity constraints trip generation,N
scopus-only,P0790,10.1109/ITSC.2010.5625235,2010,Validation of both number and coverage of bus schedules using AVL data,"IEEE Conference on Intelligent Transportation Systems, Proceedings, ITSC",,EXCLUDE,,Schedule validation,N
scopus-only,P0791,10.1007/978-3-642-16472-9_37,2010,Combined simulated annealing and genetic algorithm approach to bus network design,Communications in Computer and Information Science,,INCLUDE,2.2,Bus route and frequency SA-GA,N
scopus-only,P0792,10.1007/978-3-540-74247-0_9,2007,An integrated methodology for the rapid transit network design problem,Lecture Notes in Computer Science (including subseries Lecture Notes in Artificial Intelligence and Lecture Notes in Bioinformatics),,EXCLUDE,,Rapid transit alignment design,N
scopus-only,P0793,10.1109/MACE.2010.5535305,2010,The conception of transit metropolis in Guangzhou,"2010 International Conference on Mechanic Automation and Control Engineering, MACE2010",,MAYBE,2.2,Guangzhou bus network replanning concept,N
scopus-only,P0794,10.1061/41123(383)68,2010,Creating multi-routes combination bus timetable,"Proceedings of the Conference on Traffic and Transportation Studies, ICTTS",,EXCLUDE,,Timetable creation,N
scopus-only,P0795,10.1061/41039(345)630,2009,Site optimization model for urban bus stop,"Proceedings of the 2nd International Conference on Transportation Engineering, ICTE 2009",,EXCLUDE,,Bus stop siting,N
scopus-only,P0796,10.1109/DATE.2008.4484834,2008,Operating system controlled processor-memory bus encryption,"Proceedings -Design, Automation and Test in Europe, DATE",,EXCLUDE,,Processor bus encryption,N
scopus-only,P0797,,2003,Transit planning implications of evolving market arrangements,"Proceedings, Annual Conference - Canadian Society for Civil Engineering",,MAYBE,2.7,Transit planning under market arrangements,N
scopus-only,P0798,10.1017/S0714980810000425,2010,Priorities for an age-friendly bus system,Canadian Journal on Aging,,EXCLUDE,,Age-friendly bus survey,N
scopus-only,P0799,10.1016/j.tranpol.2009.02.001,2009,Growing bus patronage and addressing transport disadvantage-The Melbourne experience,Transport Policy,,MAYBE,2.4,Melbourne bus minimum service levels equity,N
scopus-only,P0800,10.1016/j.trb.2003.07.001,2004,A new regret insertion heuristic for solving large-scale dial-a-ride problems with time windows,Transportation Research Part B: Methodological,,EXCLUDE,,Dial-a-ride heuristic,N
scopus-only,P0801,10.1145/2307874.2307885,2012,A rural real-time passenger information ecosystem,Sense Transport'12 - Proceedings of the 6th ACM Workshop on Next Generation Mobile Computing for Dynamic Personalised Travel Planning,,EXCLUDE,,Rural passenger information,N
scopus-only,P0802,10.1109/HICSS.2001.927077,2001,Evaluating optimizations for multiprocessors E-commerce server running TPC-W workload,Proceedings of the Hawaii International Conference on System Sciences,,EXCLUDE,,Server architecture,N
scopus-only,P0803,10.1061/40503(277)69,2000,Simulation of bus operation under mixed traffic conditions,"Proceedings of the Conference on Traffic and Transportation Studies, ICTTS",,EXCLUDE,,Bus operation traffic simulation,N
scopus-only,P0804,10.1016/j.cities.2010.04.002,2010,Sustainable transport and the modernisation of urban transport in Delhi and Stockholm,Cities,,MAYBE,2.7,Delhi BRT policy perceptions,N
scopus-only,P0805,10.1504/IJPEC.2012.044284,2012,Day-ahead AC-DC OPF-based nodal price prediction by artificial neural network (ANN) in a restructured electricity market,International Journal of Power and Energy Conversion,,EXCLUDE,,Electricity price prediction,N
scopus-only,P0806,10.1061/(ASCE)0733-947X(2001)127:3(208),2001,Allocation of buses on interdependent regional bus transit routes,Journal of Transportation Engineering,,INCLUDE,2.2,Fleet allocation and frequencies on regional bus routes,N
scopus-only,P0807,10.1007/978-3-642-29087-9_70,2012,"A GIS-based assessment of spatial accessibility to County hospitals: A case study of dancheng County, China",Communications in Computer and Information Science,,EXCLUDE,,Hospital accessibility,N
scopus-only,P0808,10.1109/WICOM.2007.780,2007,Study on the method of constructing bus stops OD matrix based on IC card data,"2007 International Conference on Wireless Communications, Networking and Mobile Computing, WiCOM 2007",,INCLUDE,2.3,Bus stop OD matrix from IC card,N
scopus-only,P0809,10.1117/12.712688,2006,A multi-tier data model for bus transit and its applications in Chinese cities,Proceedings of SPIE - The International Society for Optical Engineering,,MAYBE,2.5,Bus transit data model,N
scopus-only,P0810,,2010,Handling positional uncertainty in a real-time bus tracking system,Accuracy 2010 - Proceedings of the 9th International Symposium on Spatial Accuracy Assessment in Natural Resources and Environmental Sciences,,EXCLUDE,,Bus tracking uncertainty,N
scopus-only,P0811,10.3182/20060829-3-nl-2908.00037,2006,Decision support systems for planning bus operations during mega events: The athens 2004 summer olympics,IFAC Proceedings Volumes (IFAC-PapersOnline),,INCLUDE,2.2,Bus network planning DSS for mega events,N
scopus-only,P0812,10.1061/40632(245)93,2002,Optimal integrated transit network design,Proceedings of the International Conference on Applications of Advanced Technologies in Transportation Engineering,,INCLUDE,2.2,Integrated transit network design with demand estimation,N
scopus-only,P0813,10.1023/A:1006760015997,2000,"The impacts of tourism on the environment of Mussoorie, Garhwal Himalaya, India",Environmentalist,,EXCLUDE,,Tourism environment,N
scopus-only,P0814,,2005,Assessing public transport network connectivity based on space syntax,American Society for Photogrammetry and Remote Sensing - Annual Conference 2005 - Geospatial Goes Global: From Your Neighborhood to the Whole Planet,,INCLUDE,2.6,Space syntax transit network connectivity,N
scopus-only,P0815,10.1109/RSETE.2011.5964114,2011,Planning of operation policies for fixed bus routes in Baghdad City,"2011 International Conference on Remote Sensing, Environment and Transportation Engineering, RSETE 2011 - Proceedings",,INCLUDE,2.7,Fixed bus route operation policies Baghdad,N
scopus-only,P0816,,2007,"Recruitment, training, retention and rewarding paratransit managers",48th Annual Transportation Research Forum 2007,,EXCLUDE,,Paratransit management workforce,N
scopus-only,P0817,10.1109/TDC.2010.5484267,2010,Transmission network planning under a price-based demand response program,2010 IEEE PES Transmission and Distribution Conference and Exposition: Smart Solutions for a Changing World,,EXCLUDE,,Power transmission,N
scopus-only,P0818,10.1109/ITSC.2011.6083127,2011,Selective solution pool pruning in multi-agent optimization systems for the transit route network design problem,"IEEE Conference on Intelligent Transportation Systems, Proceedings, ITSC",,INCLUDE,2.2,Transit route network design agent optimisation,N
scopus-only,P0819,10.1016/j.tra.2011.04.006,2011,"Design and implementation of efficient transit networks: Procedure, case study and validity test",Transportation Research Part A: Policy and Practice,,INCLUDE,2.2,Hybrid transit network design procedure,N
scopus-only,P0820,10.1109/PEITS.2008.14,2008,An improvement route generation algorithm for bus network design,"Proceedings - 2008 Workshop on Power Electronics and Intelligent Transportation System, PEITS 2008",,INCLUDE,2.2,Bus route generation algorithm,N
scopus-only,P0821,10.3141/2217-01,2011,Differences in travel behavior and demand potential of tram-and bus-based neighborhoods: Evidence from a cluster analysis,Transportation Research Record,,MAYBE,2.4,Latent demand potential bus neighbourhoods,N
scopus-only,P0822,,2007,Cost reduction and resource maximisation in the urban bus industry A good investment,Public Transport International,,EXCLUDE,,Industry benchmarking editorial,N
scopus-only,P0823,10.1007/978-1-4757-6467-3,2004,Schedule-based dynamic assignment models for public transport networks,Operations Research/ Computer Science Interfaces Series,,EXCLUDE,,Transit assignment models,N
scopus-only,P0824,10.1117/12.838687,2009,Study on spatial structure of large scale retail stores based on space syntax: Case study in Wuhan,Proceedings of SPIE - The International Society for Optical Engineering,,EXCLUDE,,Retail space syntax,N
scopus-only,P0825,10.1109/CSO.2009.76,2009,Coordinated optimization of bus headways for passenger corridors,"Proceedings of the 2009 International Joint Conference on Computational Sciences and Optimization, CSO 2009",,INCLUDE,2.2,Bus headway optimisation for corridors,N
scopus-only,P0826,,2007,Source apportionment of air pollutants in Hyderabad City,"Proc. 14th International Union of Air Pollution Prevention and Environmental Protection Associations (IUAPPA) World Congress 2007, 18th Clean Air Society of Australia and New Zealand (CASANZ) Conf.",,EXCLUDE,,Air pollution,N
scopus-only,P0827,10.1061/40799(213)117,2006,Model and algorithm for iterative design of bus network,Applications of Advanced Technology in Transportation - Proceedings of the Ninth International Conference on Applications of Advanced Technology in Transportation,,INCLUDE,2.2,Iterative bus network design,N
scopus-only,P0828,10.1109/ITSC.2011.6082929,2011,Short-term forecasting of transit route OD matrix with smart card data,"IEEE Conference on Intelligent Transportation Systems, Proceedings, ITSC",,MAYBE,2.3,Smartcard short-term route OD forecasting,N
scopus-only,P0829,10.2495/UT110171,2011,A multimodal approach to bus frequency design,WIT Transactions on the Built Environment,,INCLUDE,2.2,Bus frequency design elastic demand,N
scopus-only,P0830,10.1061/40932(246)644,2007,Urban transit route network design problem using tabu search algorithm,"International Conference on Transportation Engineering 2007, ICTE 2007",,INCLUDE,2.2,Tabu search transit route design,N
scopus-only,P0831,10.1007/3-540-45799-2_16,2002,Mobile journey planning for bus passengers,Lecture Notes in Computer Science (including subseries Lecture Notes in Artificial Intelligence and Lecture Notes in Bioinformatics),,EXCLUDE,,Journey planner,N
scopus-only,P0832,10.2148/benv.36.3.353,2010,Bus rapid transit projects in Indian cities: A status report,Built Environment,,MAYBE,2.7,Indian BRT project status,N
scopus-only,P0833,10.1061/41186(421)57,2011,Public transportation trip OD matrix inference using IC card data and GPS information,ICCTP 2011: Towards Sustainable Transportation Systems - Proceedings of the 11th International Conference of Chinese Transportation Professionals,,INCLUDE,2.3,IC card and GPS OD inference,N
scopus-only,P0834,10.1109/GEOINFORMATICS.2009.5293400,2009,"Applying space syntax in large polycentric city: - Case study in Wuhan, China","2009 17th International Conference on Geoinformatics, Geoinformatics 2009",,EXCLUDE,,Space syntax road network,N
scopus-only,P0835,10.1016/j.jtrangeo.2011.11.020,2012,Accessibility and safety indicators for all road users: Case study Delhi BRT,Journal of Transport Geography,,INCLUDE,2.6,Accessibility indicators Delhi BRT,N
scopus-only,P0836,,2011,The development and deployment of GIS tools to facilitate transit network design and operational evaluation,URISA Journal,,INCLUDE,2.2,GIS tools for transit network design,N
scopus-only,P0837,,2005,Improving the provision of public transport information for persons with disabilities in the developing world,"24th Annual Southern African Transport Conference, SATC 2005: Transport Challenges for 2010",,EXCLUDE,,Disability information provision,N
scopus-only,P0838,10.1049/cp.2011.1392,2011,Evaluation and optimization of bus route network in Wuhan China,IET Conference Publications,,INCLUDE,2.2,GIS-based bus network optimisation reducing overlap Wuhan,N
scopus-only,P0839,10.1109/TMEE.2011.6199716,2011,Transit network design using improved Tabu search,"Proceedings 2011 International Conference on Transportation, Mechanical, and Electrical Engineering, TMEE 2011",,INCLUDE,2.2,Tabu search transit network design,N
scopus-only,P0840,10.3141/1887-07,2004,Economic benefits of coordinating human service transportation and transit services,Transportation Research Record,,EXCLUDE,,Human service coordination,N
scopus-only,P0841,10.1016/j.compenvurbsys.2007.08.005,2007,Where are public transit needed - Examining potential demand for public transit for commuting trips,"Computers, Environment and Urban Systems",,INCLUDE,2.4,"Transit need index from demographic proxies, no ridership",Y
scopus-only,P0842,10.1109/ITSC.2011.6082904,2011,Evaluation of velocity fields via sparse bus probe data in urban areas,"IEEE Conference on Intelligent Transportation Systems, Proceedings, ITSC",,EXCLUDE,,Bus probe congestion velocity,N
scopus-only,P0843,,2004,Modelling for estimation of demand to generate feeder bus routes of mass rapid transit system,Journal of the Institution of Engineers (India): Civil Engineering Division,,INCLUDE,2.7,Feeder demand estimation India MRTS,N
scopus-only,P0844,10.2495/UT110191,2011,Punctuality index and expected average waiting time of stage buses in mixed traffic,WIT Transactions on the Built Environment,,EXCLUDE,,Punctuality index,N
scopus-only,P0845,,2004,Modelling for estimation of demand to generate feeder bus routes of mass rapid transit system,Journal of the Institution of Engineers (India): Civil Engineering Division,,INCLUDE,2.7,Feeder demand estimation India MRTS duplicate,N
scopus-only,P0846,,2004,"Public transport provision in Ahmedabad, India: Accessibility to work place",Advances in Transport,,INCLUDE,2.7,Bus accessibility to work Ahmedabad,N
scopus-only,P0847,10.1016/j.sbspro.2011.04.510,2011,"Design and implementation of efficient transit networks: Procedure, case study and validity test",Procedia - Social and Behavioral Sciences,,INCLUDE,2.2,Hybrid transit network design procedure duplicate,N
scopus-only,P0848,10.1007/978-3-540-73312-6_15,2008,Schedule-based and autoregressive bus running time modeling in the presence of driver-bus heterogeneity,Lecture Notes in Economics and Mathematical Systems,,EXCLUDE,,Running time modelling,N
scopus-only,P0849,,2010,Hot origin-destination area estimation by using taxi GPS data,17th ITS World Congress,,MAYBE,2.3,Taxi GPS hot OD for transit planning,N
scopus-only,P0850,10.1061/(ASCE)0733-9488(2006)132:3(138),2006,Developing integrated schedules for urban rail and feeder bus operation,Journal of Urban Planning and Development,,EXCLUDE,,Rail feeder scheduling,N
scopus-only,P0851,10.1109/TITS.2011.2144974,2011,Optimization of transit priority in the transportation network using a genetic algorithm,IEEE Transactions on Intelligent Transportation Systems,,EXCLUDE,,Road space priority,N
scopus-only,P0852,10.1007/978-0-387-84812-9_5,2009,The potential impact of automated data collection systems on urban public transport planning,Operations Research/ Computer Science Interfaces Series,,INCLUDE,2.3,Automated data for transit planning review,N
scopus-only,P0853,10.3141/1726-03,2000,"Bus accidents in India, Nepal, Tanzania, and Zimbabwe",Transportation Research Record,,EXCLUDE,,Bus accidents,N
scopus-only,P0854,10.3141/1954-05,2006,Regulation of motorized two-wheelers in India,Transportation Research Record,,EXCLUDE,,Two-wheeler regulation,N
scopus-only,P0855,10.1061/40503(277)35,2000,A practical transit network design method,"Proceedings of the Conference on Traffic and Transportation Studies, ICTTS",,INCLUDE,2.2,Practical transit line design method,N
scopus-only,P0856,10.1109/ICCAS.2008.4694678,2008,Personal rapid transit network design using genetic algorithm and ant colony system hybridization,"2008 International Conference on Control, Automation and Systems, ICCAS 2008",,EXCLUDE,,Personal rapid transit,N
scopus-only,P0857,,2009,Multi-modal transportation system in urban india: A way forward towards seamless transport,Journal of the Institution of Engineers (India): Civil Engineering Division,,MAYBE,2.7,Indian multimodal integration,N
scopus-only,P0858,10.1061/41186(421)13,2011,Subsidy method for cold route of public transportation,ICCTP 2011: Towards Sustainable Transportation Systems - Proceedings of the 11th International Conference of Chinese Transportation Professionals,,MAYBE,2.7,Low-revenue bus route subsidy policy,N
scopus-only,P0859,10.1061/(ASCE)0733-947X(2001)127:4(334),2001,Development of feeder routes for Suburban railway stations using heuristic approach,Journal of Transportation Engineering,,INCLUDE,2.7,Feeder route development Mumbai,N
scopus-only,P0860,10.3141/2145-07,2010,Iterative proportional fitting procedure to determine bus route passenger origin-destination flows,Transportation Research Record,,INCLUDE,2.3,IPF route OD from APC,N
scopus-only,P0861,10.1016/S1361-9209(03)00043-9,2003,"Jointly optimizing cost, service, and environmental performance in demand-responsive transit scheduling",Transportation Research Part D: Transport and Environment,,EXCLUDE,,Demand-responsive scheduling,N
scopus-only,P0862,10.1061/(ASCE)TE.1943-5436.0000326,2012,"Conventional, flexible, and variable-type bus services",Journal of Transportation Engineering,,INCLUDE,2.2,Conventional vs flexible bus service design,N
scopus-only,P0863,10.1109/ICICTA.2009.568,2009,A bus-following model for preventing service unreliability on a circular bus route,"2009 2nd International Conference on Intelligent Computing Technology and Automation, ICICTA 2009",,EXCLUDE,,Bus-following reliability control,N
scopus-only,P0864,,2012,A sustainable framework for better pedestrian experience - The case of Delhi,European Journal of Social Sciences,,EXCLUDE,,Pedestrian walkability,N
scopus-only,P0865,10.1109/ITSC.2009.5309838,2009,Using a Monte-Carlo approach for bus regulation,"IEEE Conference on Intelligent Transportation Systems, Proceedings, ITSC",,EXCLUDE,,Bus holding regulation,N
scopus-only,P0866,10.1061/41186(421)287,2011,Evaluation of bus service reliability based on avl information,ICCTP 2011: Towards Sustainable Transportation Systems - Proceedings of the 11th International Conference of Chinese Transportation Professionals,,EXCLUDE,,Reliability evaluation,N
scopus-only,P0867,10.1145/1805986.1806020,2010,VizWiz: Nearly real-time answers to visual questions,W4A 2010 - International Cross Disciplinary Conference on Web Accessibility Raleigh 2010,,EXCLUDE,,Blind assistance,N
scopus-only,P0868,,2010,A demand-based methodology for planning the bus network of a small or medium town,European Transport - Trasporti Europei,,INCLUDE,2.2,Demand-based bus network planning small town,N
scopus-only,P0869,,2003,Towards an integrated public transport system,Advances in Transport,,MAYBE,2.7,South African integrated public transport,N
scopus-only,P0870,10.1061/40932(246)187,2007,Bus transit route network design using genetic algorithm,"International Conference on Transportation Engineering 2007, ICTE 2007",,INCLUDE,2.2,Bus route network design GA,N
scopus-only,P0871,10.1016/j.molstruc.2006.02.064,2006,Single-metal-ion-based molecular building blocks (MBBs) approach to the design and synthesis of metal-organic assemblies,Journal of Molecular Structure,,EXCLUDE,,Chemistry,N
scopus-only,P0872,10.1109/TPWRS.2005.857833,2006,Network constraint impacts on the competitive electricity markets under supply-side strategic bidding,IEEE Transactions on Power Systems,,EXCLUDE,,Electricity markets,N
scopus-only,P0873,10.1016/j.annemergmed.2008.10.030,2009,Impact of an Internet-Based Emergency Department Appointment System to Access Primary Care at Safety Net Community Clinics,Annals of Emergency Medicine,,EXCLUDE,,Medical,N
