Route_ID,Route_Name,Route_Code,Action_Taken,New_Route_ID,Displaced_Operator_Class,Route_KM,Route_Type,OSRM_Duration_S,Cycle_Time_Min,Congestion_Zone,N_Stops_Estimated,Stop_Penalty_Min,Sharp_Turns,Junction_Penalty_Min,Pop_Score,POI_Score,Road_Multiplier,Final_CDI,Social_Flag,Priority_Band,Headway_Min,Fleet_Required,HPV_Count,MPV_Count,LPV_Count,CMP_Trunk,CMP_Route_ID,Population_Served,Population_Served_Raw,Corridor_Competitors,HV_POI_Count,Overlap_Metric,Geo_Source,Tourist_Corridor,Seasonal_Operability,District_HQ_Floor,SSCL_CDI_Conflict,SSCL_CDI_Conflict_Strong,SSCL_CDI_Conflict_Weak_SSCL,Daily_Trips,Daily_KM,Daily_Capacity_Pax,Daily_Demand_Pax,Load_Ratio,Load_Flag,Pax_Journey_Time_Min,Journey_Time_Flag,Daily_Revenue_INR,Daily_Op_Cost_INR,Viability_Ratio,Subsidy_Risk_Flag,Emissions_GCO2_Daily,Equity_Score,Map_File
R0001,Soura to LD,SRSR01020922,RETAINED_AS_FEEDER,FDR-059,,10.099,Urban,682.4,80.8,City_Core,20,10.0,8,4.0,0.9738,0.6066,0.75,0.7902,True,HP,20,6,0,6,0,False,,9461,95384,292,75,0.1195,OSRM,False,Year_Round,False,True,True,False,96.0,969.5,2495.0,193.0,0.077,Amber_Under,55.9,True,1926.0,63018.0,0.031,False,921029.0,0.098,route_maps_kashmir/FDR-059.html
R0002,Parimpora to Budgam,SRBG02022903,RETAINED_AS_FEEDER,FDR-488,,17.000,Peri_Urban,1181.1,85.0,City_Core,34,17.0,11,5.5,0.303,0.1075,0.75,0.2052,False,LP,35,4,0,4,0,False,,8139,115774,412,38,0.1411,OSRM,False,Year_Round,False,False,False,False,54.9,1721.7,1285.0,64.0,0.05,Amber_Under,101.4,True,642.0,111910.0,0.006,True,1635607.0,0.056,route_maps_kashmir/FDR-488.html
R0003,Parimpora to Budgam,SRBG02022903,MERGED_INTO_TRUNK,FDR-488,Private Minibus,31.385,Peri_Urban,2180.6,156.9,City_Core,62,31.0,11,5.5,0.303,0.1075,1.25,0.2052,False,LP,35,0,0,0,0,False,,0,115774,412,38,0.1411,OSRM,False,Year_Round,False,False,False,False,54.9,1721.7,0.0,64.0,0.0,Red_NoCapacity,101.4,True,642.0,111910.0,0.006,True,1635607.0,0.056,route_maps_kashmir/FDR-488.html
R0004,Parimpora to Budgam,SRBG02022903,MERGED_INTO_TRUNK,FDR-488,Private Minibus,31.385,Peri_Urban,2180.6,156.9,City_Core,62,31.0,11,5.5,0.303,0.1075,1.25,0.2052,False,LP,35,0,0,0,0,False,,0,115774,412,38,0.1411,OSRM,False,Year_Round,False,False,False,False,54.9,1721.7,0.0,64.0,0.0,Red_NoCapacity,101.4,True,642.0,111910.0,0.006,True,1635607.0,0.056,route_maps_kashmir/FDR-488.html
R0005,Parimpora to Budgam,SRBG02022903,MERGED_INTO_TRUNK,FDR-488,LPV / Tempo,31.385,Peri_Urban,2180.6,156.9,City_Core,62,31.0,11,5.5,0.303,0.1075,1.25,0.2052,False,LP,35,0,0,0,0,False,,0,115774,412,38,0.1411,OSRM,False,Year_Round,False,False,False,False,54.9,1721.7,0.0,64.0,0.0,Red_NoCapacity,101.4,True,642.0,111910.0,0.006,True,1635607.0,0.056,route_maps_kashmir/FDR-488.html
R0006,Parimpora to Hazratbal,SRSR02012904,RETAINED_AS_FEEDER,FDR-271,,10.500,Peri_Urban,1117.3,52.5,City_Core,21,10.5,22,11.0,0.6966,0.251,0.75,0.4738,False,MP,35,3,0,0,3,False,,8606,113789,383,53,0.0918,OSRM+JhelumBridge,False,Year_Round,False,False,False,False,54.9,883.4,954.0,104.0,0.109,Amber_Under,63.2,True,1043.0,57422.0,0.018,True,839248.0,0.06,route_maps_kashmir/FDR-271.html
R0007,Parimpora to Chadora,SRBG02032901,RETAINED_AS_FEEDER,FDR-429,,18.000,Peri_Urban,1133.7,90.0,City_Core,36,18.0,7,3.5,0.4971,0.1139,0.75,0.3055,False,LP,35,4,0,4,0,False,,12327,137879,324,39,0.0652,OSRM,False,Year_Round,False,False,False,False,54.9,1412.7,1304.0,210.0,0.161,Amber_Under,87.4,True,2103.0,91824.0,0.023,True,1342047.0,0.085,route_maps_kashmir/FDR-429.html
R0008,Lawaypora to Jehangir Chowk,SRSR02022420,RETAINED_AS_FEEDER,FDR-394,,14.207,Urban,1005.6,113.7,City_Core,28,14.0,21,10.5,0.552,0.1642,0.75,0.3581,False,MP,35,5,0,5,0,False,,6070,82757,395,29,0.1701,OSRM,False,Year_Round,False,False,False,False,54.9,779.4,1478.0,50.0,0.034,Amber_Under,79.8,True,496.0,50658.0,0.01,True,740388.0,0.042,route_maps_kashmir/FDR-394.html
R0009,Parimpora to Chadora,SRBG02032901,MERGED_INTO_TRUNK,FDR-429,Private Minibus,25.752,Peri_Urban,1621.9,128.8,City_Core,51,25.5,7,3.5,0.4971,0.1139,1.25,0.3055,False,LP,35,0,0,0,0,False,,0,137879,324,39,0.0652,OSRM,False,Year_Round,False,False,False,False,54.9,1412.7,0.0,210.0,0.0,Red_NoCapacity,87.4,True,2103.0,91824.0,0.023,True,1342047.0,0.085,route_maps_kashmir/FDR-429.html
R0010,Lalbazar to LD,SRSR01020522,RETAINED_AS_FEEDER,FDR-068,,6.500,Urban,748.8,52.0,City_Core,13,6.5,7,3.5,1.0,0.5653,0.75,0.7827,True,HP,20,4,0,4,0,False,,10026,90006,260,62,0.1081,OSRM+JhelumBridge,False,Year_Round,False,False,False,False,96.0,893.6,2255.0,226.0,0.1,Amber_Under,52.8,True,2257.0,58082.0,0.039,False,848890.0,0.104,route_maps_kashmir/FDR-068.html
R0011,Soura to Gadoora,SRGB01010902,RETAINED_AS_FEEDER,FDR-002,,17.862,Peri_Urban,1327.1,89.3,City_Core,35,17.5,8,4.0,0.3185,0.1838,0.75,0.2512,False,LP,35,4,0,4,0,False,,18310,68267,108,42,0.0178,OSRM,False,Year_Round,False,False,False,False,54.9,979.9,1505.0,1144.0,0.76,Green,67.6,True,11441.0,63691.0,0.18,True,930865.0,0.127,route_maps_kashmir/FDR-002.html
R0012,Soura to Ganderbal,SRGB01010903,RETAINED_AS_FEEDER,FDR-481,,12.500,Urban,1216.2,100.0,City_Core,25,12.5,6,3.0,0.2779,0.1597,0.75,0.2188,False,LP,35,4,0,0,4,False,,9184,34248,108,20,0.0205,OSRM,False,Year_Round,False,False,False,False,54.9,540.9,973.0,623.0,0.64,Green,62.4,True,6230.0,35158.0,0.177,True,513847.0,0.064,route_maps_kashmir/FDR-481.html
R0013,Soura to Ganderbal,SRGB01010903,MERGED_INTO_TRUNK,FDR-481,LPV / Tempo,9.86,Urban,959.3,78.9,City_Core,19,9.5,6,3.0,0.2779,0.1597,1.25,0.2188,False,LP,35,0,0,0,0,False,,0,34248,108,20,0.0205,OSRM,False,Year_Round,False,False,False,False,54.9,540.9,0.0,623.0,0.0,Red_NoCapacity,62.4,True,6230.0,35158.0,0.177,True,513847.0,0.064,route_maps_kashmir/FDR-481.html
R0014,Lalbazar to Lalchowk,SRSR01020523,RETAINED_AS_FEEDER,FDR-081,,8.433,Urban,617.5,67.5,City_Core,16,8.0,11,5.5,1.0,0.5289,0.75,0.7645,True,HP,20,5,0,5,0,False,,4918,83040,489,56,0.1248,OSRM,False,Year_Round,False,False,False,False,96.0,809.6,2489.0,96.0,0.039,Amber_Under,49.2,True,959.0,52622.0,0.018,False,769090.0,0.051,route_maps_kashmir/FDR-081.html
R0015,Jehangir Chowk to Soura,SRSR02012009,RETAINED_AS_FEEDER,FDR-122,,10.004,Urban,739.8,80.0,City_Core,20,10.0,11,5.5,0.7364,0.5447,0.75,0.6405,True,HP,20,5,0,5,0,False,,5014,74105,428,69,0.0793,OSRM,False,Year_Round,False,False,False,False,96.0,960.4,2100.0,154.0,0.073,Amber_Under,55.5,True,1539.0,62425.0,0.025,False,912365.0,0.052,route_maps_kashmir/FDR-122.html
R0016,Soura to LD,SRSR01020922,MERGED_INTO_TRUNK,FDR-059,LPV / Tempo,10.817,Urban,798.2,86.5,City_Core,21,10.5,11,5.5,0.7984,0.4545,1.25,0.6264,True,HP,20,0,0,0,0,False,,0,85889,243,69,0.1007,OSRM,False,Year_Round,False,False,False,False,96.0,1038.4,0.0,247.0,0.0,Red_NoCapacity,58.8,True,2474.0,67498.0,0.037,False,986510.0,0.106,route_maps_kashmir/FDR-059.html
R0017,Soura to LD,SRSR01020922,MERGED_INTO_TRUNK,FDR-059,Private Minibus,10.099,Urban,682.4,80.8,City_Core,20,10.0,8,4.0,0.9738,0.6066,1.25,0.7902,True,HP,20,0,0,0,0,False,,0,95384,292,75,0.1195,OSRM,False,Year_Round,False,False,False,False,96.0,969.5,0.0,193.0,0.0,Red_NoCapacity,55.9,True,1926.0,63018.0,0.031,False,921029.0,0.098,route_maps_kashmir/FDR-059.html
R0018,Soura to Hazratbal,SRSR01010904,UPGRADED_TO_TRUNK,TRK-031,,6.000,Urban,898.5,48.0,City_Core,12,6.0,6,3.0,0.7069,0.4192,1.25,0.5631,False,MP,35,3,0,3,0,False,,10600,59647,163,41,0.0333,OSRM+JhelumBridge,False,Year_Round,False,False,False,False,54.9,457.3,1511.0,443.0,0.293,Amber_Under,56.4,True,4426.0,29727.0,0.149,True,434477.0,0.073,route_maps_kashmir/TRK-031.html
R0019,TRC to Hazratbal,SRSR02014004,RETAINED_AS_FEEDER,FDR-161,,8.127,Urban,579.9,65.0,City_Core,16,8.0,4,2.0,0.7261,0.4076,0.75,0.5668,False,MP,35,3,0,0,3,False,,4761,59483,362,34,0.0787,OSRM,False,Year_Round,False,False,False,False,54.9,445.8,886.0,84.0,0.095,Amber_Under,55.5,True,841.0,28979.0,0.029,True,423533.0,0.033,route_maps_kashmir/FDR-161.html
R0020,Hazratbal to LD,SRSR01020422,RETAINED_AS_FEEDER,FDR-147,,6.500,Urban,872.2,52.0,City_Core,13,6.5,7,3.5,0.778,0.4343,0.75,0.6062,True,MP,35,3,0,3,0,False,,8702,72103,240,39,0.0844,OSRM+JhelumBridge,False,Year_Round,False,False,False,False,54.9,509.4,1809.0,143.0,0.079,Amber_Under,60.2,True,1434.0,33111.0,0.043,False,483933.0,0.09,route_maps_kashmir/FDR-147.html
R0021,Soura to Railway Station,SRSR01020901,RETAINED_AS_FEEDER,FDR-262,,18.799,Peri_Urban,1699.6,186.6,City_Core,37,18.5,8,4.0,0.5993,0.4081,0.75,0.5037,False,MP,35,7,0,7,0,False,,9194,117138,369,91,0.1366,OSRM+JhelumBridge,False,Year_Round,False,False,False,False,54.9,1031.3,1430.0,75.0,0.052,Amber_Under,70.0,True,749.0,67032.0,0.011,True,979696.0,0.064,route_maps_kashmir/FDR-262.html
R0022,Soura to LD,SRSR01020922,MERGED_INTO_TRUNK,FDR-059,Private Minibus,11.052,Urban,725.1,88.4,City_Core,22,11.0,8,4.0,0.9657,0.6207,1.25,0.7932,True,HP,20,0,0,0,0,False,,0,103616,563,85,0.1529,OSRM,False,Year_Round,False,False,False,False,96.0,1061.0,0.0,85.0,0.0,Red_NoCapacity,59.7,True,848.0,68964.0,0.012,False,1007942.0,0.055,route_maps_kashmir/FDR-059.html
R0023,Malbagh to LD,SRSR01020622,RETAINED_AS_FEEDER,FDR-101,,9.000,Urban,1009.1,72.0,City_Core,18,9.0,17,8.5,0.9192,0.4621,0.75,0.6906,True,HP,20,5,0,5,0,False,,12228,102579,243,71,0.0816,OSRM+JhelumBridge,False,Year_Round,False,False,False,False,96.0,1097.1,2206.0,365.0,0.165,Amber_Under,61.2,True,3646.0,71311.0,0.051,False,1042234.0,0.127,route_maps_kashmir/FDR-101.html
R0024,Jehangir Chowk to JVC,SRSR02022018,RETAINED_AS_FEEDER,FDR-269,,4.500,Urban,394.1,36.0,City_Core,9,4.5,14,7.0,0.7366,0.2518,0.75,0.4942,False,MP,35,3,0,0,3,False,,4073,57220,407,20,0.134,OSRM,False,Year_Round,False,False,False,False,54.9,423.7,932.0,42.0,0.045,Amber_Under,53.9,True,423.0,27538.0,0.015,True,402479.0,0.028,route_maps_kashmir/FDR-269.html
R0025,Jehangir Chowk to JVC,SRSR02022018,MERGED_INTO_TRUNK,FDR-269,LPV / Tempo,8.334,Urban,646.4,66.7,City_Core,16,8.0,15,7.5,0.696,0.322,1.25,0.509,False,MP,35,0,0,0,0,False,,0,58845,380,27,0.1905,OSRM,False,Year_Round,False,False,False,False,54.9,457.2,0.0,33.0,0.0,Red_NoCapacity,56.4,True,327.0,29717.0,0.011,True,434320.0,0.031,route_maps_kashmir/FDR-269.html
R0026,Soura to Parimpora,SRSR01020929,RETAINED_AS_FEEDER,FDR-173,,12.314,Urban,938.7,98.5,City_Core,24,12.0,18,9.0,0.7503,0.3384,0.75,0.5444,False,MP,35,4,0,0,4,False,,7850,92683,342,60,0.1454,OSRM,False,Year_Round,False,False,False,False,54.9,675.5,780.0,75.0,0.096,Amber_Under,72.2,True,751.0,43908.0,0.017,True,641735.0,0.054,route_maps_kashmir/FDR-173.html
R0027,Soura to Hazratbal,SRSR01010904,MERGED_INTO_TRUNK,TRK-031,LPV / Tempo,8.337,Urban,1248.4,66.7,City_Core,16,8.0,6,3.0,0.7069,0.4192,1.25,0.5631,False,MP,35,0,0,0,0,False,,0,59647,163,41,0.0333,OSRM+JhelumBridge,False,Year_Round,False,False,False,False,54.9,457.3,0.0,443.0,0.0,Red_NoCapacity,56.4,True,4426.0,29727.0,0.149,True,434477.0,0.073,route_maps_kashmir/TRK-031.html
R0028,Soura to LD,SRSR01020922,MERGED_INTO_TRUNK,FDR-059,LPV / Tempo,7.325,Urban,606.8,58.6,City_Core,14,7.0,13,6.5,1.0,0.6082,1.25,0.8041,True,HP,20,0,0,0,0,False,,0,71571,247,65,0.116,OSRM,False,Year_Round,False,False,False,False,96.0,703.2,0.0,176.0,0.0,Red_NoCapacity,44.8,False,1760.0,45708.0,0.039,False,668040.0,0.087,route_maps_kashmir/FDR-059.html
R0029,Jehangir Chowk to JVC,SRSR02022018,MERGED_INTO_TRUNK,FDR-269,LPV / Tempo,8.334,Urban,646.4,66.7,City_Core,16,8.0,15,7.5,0.696,0.322,1.25,0.509,False,MP,35,0,0,0,0,False,,0,58845,380,27,0.1905,OSRM,False,Year_Round,False,False,False,False,54.9,457.2,0.0,33.0,0.0,Red_NoCapacity,56.4,True,327.0,29717.0,0.011,True,434320.0,0.031,route_maps_kashmir/FDR-269.html
R0030,Jehangir Chowk to JVC,SRSR02022018,MERGED_INTO_TRUNK,FDR-269,LPV / Tempo,8.334,Urban,646.4,66.7,City_Core,16,8.0,15,7.5,0.696,0.322,1.25,0.509,False,MP,35,0,0,0,0,False,,0,58845,380,27,0.1905,OSRM,False,Year_Round,False,False,False,False,54.9,457.2,0.0,33.0,0.0,Red_NoCapacity,56.4,True,327.0,29717.0,0.011,True,434320.0,0.031,route_maps_kashmir/FDR-269.html
R0031,Jehangir Chowk to Budgam,SRBG02022003,RETAINED_AS_FEEDER,FDR-467,,11.500,Regional_District,695.1,34.5,City_Core,23,11.5,9,4.5,0.3314,0.14,0.75,0.2357,False,LP,50,2,0,0,2,False,,10323,179264,503,78,0.1092,OSRM,False,Year_Round,False,False,False,False,38.4,1750.3,562.0,55.0,0.098,Amber_Under,98.8,True,552.0,113770.0,0.005,True,1662795.0,0.071,route_maps_kashmir/FDR-467.html
R0032,Parimpora to Saidakadal,SRSR02022938,RETAINED_AS_FEEDER,FDR-106,,9.000,Urban,879.7,72.0,City_Core,18,9.0,4,2.0,0.8391,0.488,0.75,0.6636,False,HP,20,5,0,0,5,False,,6021,116598,561,68,0.227,OSRM+JhelumBridge,False,Year_Round,False,False,False,False,96.0,1350.4,1195.0,65.0,0.054,Amber_Under,71.8,True,645.0,87778.0,0.007,True,1282910.0,0.042,route_maps_kashmir/FDR-106.html
R0033,Jehangir Chowk to JVC,SRSR02022018,MERGED_INTO_TRUNK,FDR-269,LPV / Tempo,8.334,Urban,646.4,66.7,City_Core,16,8.0,15,7.5,0.696,0.322,1.25,0.509,False,MP,35,0,0,0,0,False,,0,58845,380,27,0.1905,OSRM,False,Year_Round,False,False,False,False,54.9,457.2,0.0,33.0,0.0,Red_NoCapacity,56.4,True,327.0,29717.0,0.011,True,434320.0,0.031,route_maps_kashmir/FDR-269.html
R0034,Sora to Parimpora,SRSR01020929,MERGED_INTO_TRUNK,FDR-173,LPV / Tempo,12.572,Urban,1134.0,100.6,City_Core,25,12.5,28,14.0,0.6196,0.2559,1.25,0.4378,False,MP,35,0,0,0,0,False,,0,80530,326,48,0.1028,OSRM,False,Year_Round,False,False,False,False,54.9,689.7,0.0,97.0,0.0,Red_NoCapacity,73.3,True,968.0,44828.0,0.022,True,655181.0,0.05,route_maps_kashmir/FDR-173.html
R0035,Jehangir Chowk to HMT,SRSR02022016,RETAINED_AS_FEEDER,FDR-275,,10.311,Urban,654.3,82.5,City_Core,20,10.0,10,5.0,0.6674,0.2668,0.75,0.4671,False,MP,35,4,0,0,4,False,,5014,70280,406,30,0.2746,OSRM,False,Year_Round,False,False,False,False,54.9,565.6,931.0,25.0,0.027,Amber_Under,64.2,True,254.0,36766.0,0.007,True,537350.0,0.035,route_maps_kashmir/FDR-275.html
R0036,Parimpora to Pantha Chowk,SRSR02022927,RETAINED_AS_FEEDER,FDR-289,,21.307,Peri_Urban,1713.4,106.5,City_Core,42,21.0,5,2.5,0.6019,0.3276,0.75,0.4648,False,MP,35,5,0,0,5,False,,7069,133241,546,73,0.2309,OSRM+JhelumBridge,False,Year_Round,False,False,False,False,54.9,1168.8,901.0,34.0,0.038,Amber_Under,76.2,True,341.0,75975.0,0.004,True,1110399.0,0.049,route_maps_kashmir/FDR-289.html
R0037,Soura to LD,SRSR01020922,MERGED_INTO_TRUNK,FDR-059,LPV / Tempo,10.817,Urban,798.2,86.5,City_Core,21,10.5,11,5.5,0.7984,0.4545,1.25,0.6264,True,HP,20,0,0,0,0,False,,0,85889,243,69,0.1007,OSRM,False,Year_Round,False,False,False,False,96.0,1038.4,0.0,247.0,0.0,Red_NoCapacity,58.8,True,2474.0,67498.0,0.037,False,986510.0,0.106,route_maps_kashmir/FDR-059.html
R0038,Parimpora to Chadora,SRBG02032901,MERGED_INTO_TRUNK,FDR-429,Private Minibus,24.64,Peri_Urban,1458.3,123.2,City_Core,49,24.5,8,4.0,0.626,0.2122,1.25,0.4191,False,MP,35,0,0,0,0,False,,0,159195,438,64,0.1258,OSRM,False,Year_Round,False,False,False,False,54.9,1351.7,0.0,93.0,0.0,Red_NoCapacity,84.6,True,931.0,87859.0,0.011,True,1284096.0,0.073,route_maps_kashmir/FDR-429.html
R0039,Soura to LD,SRSR01020922,MERGED_INTO_TRUNK,FDR-059,LPV / Tempo,10.099,Urban,682.4,80.8,City_Core,20,10.0,8,4.0,0.9738,0.6066,1.25,0.7902,True,HP,20,0,0,0,0,False,,0,95384,292,75,0.1195,OSRM,False,Year_Round,False,False,False,False,96.0,969.5,0.0,193.0,0.0,Red_NoCapacity,55.9,True,1926.0,63018.0,0.031,False,921029.0,0.098,route_maps_kashmir/FDR-059.html
R0040,Soura to Railway Station,SRSR01020901,MERGED_INTO_TRUNK,FDR-262,LPV / Tempo,18.412,Peri_Urban,1608.0,92.1,City_Core,36,18.0,8,4.0,0.6181,0.4167,1.25,0.5174,False,MP,35,0,0,0,0,False,,0,117708,369,91,0.1356,OSRM+JhelumBridge,False,Year_Round,False,False,False,False,54.9,1010.0,0.0,76.0,0.0,Red_NoCapacity,69.0,True,758.0,65652.0,0.012,True,959528.0,0.064,route_maps_kashmir/FDR-262.html
R0041,Soura to Hazratbal,SRSR01010904,MERGED_INTO_TRUNK,TRK-031,LPV / Tempo,8.337,Urban,1248.4,66.7,City_Core,16,8.0,6,3.0,0.7069,0.4192,1.25,0.5631,False,MP,35,0,0,0,0,False,,0,59647,163,41,0.0333,OSRM+JhelumBridge,False,Year_Round,False,False,False,False,54.9,457.3,0.0,443.0,0.0,Red_NoCapacity,56.4,True,4426.0,29727.0,0.149,True,434477.0,0.073,route_maps_kashmir/TRK-031.html
R0042,Sora to LD,SRSR01020922,MERGED_INTO_TRUNK,FDR-059,LPV / Tempo,10.099,Urban,682.4,80.8,City_Core,20,10.0,8,4.0,0.9738,0.6066,1.25,0.7902,True,HP,20,0,0,0,0,False,,0,95384,292,75,0.1195,OSRM,False,Year_Round,False,False,False,False,96.0,969.5,0.0,193.0,0.0,Red_NoCapacity,55.9,True,1926.0,63018.0,0.031,False,921029.0,0.098,route_maps_kashmir/FDR-059.html
R0043,Baghat Shora to Lalchowk,SRSR02020223,RETAINED_AS_FEEDER,FDR-265,,4.500,Urban,454.3,36.0,City_Core,9,4.5,12,6.0,0.599,0.3925,0.75,0.4958,False,MP,35,3,0,0,3,False,,4555,80997,515,55,0.1315,OSRM+JhelumBridge,False,Year_Round,False,False,False,False,54.9,713.3,738.0,48.0,0.065,Amber_Under,75.0,True,482.0,46365.0,0.01,True,677642.0,0.032,route_maps_kashmir/FDR-265.html
R0044,Jehangir Chowk to JVC,SRSR02022018,MERGED_INTO_TRUNK,FDR-269,Private Minibus,8.334,Urban,646.4,66.7,City_Core,16,8.0,15,7.5,0.696,0.322,1.25,0.509,False,MP,35,0,0,0,0,False,,0,58845,380,27,0.1905,OSRM,False,Year_Round,False,False,False,False,54.9,457.2,0.0,33.0,0.0,Red_NoCapacity,56.4,True,327.0,29717.0,0.011,True,434320.0,0.031,route_maps_kashmir/FDR-269.html
R0045,Parimpora to Rawalpora,SRSR02022935,RETAINED_AS_FEEDER,FDR-338,,14.409,Urban,938.3,115.3,City_Core,28,14.0,11,5.5,0.6641,0.1773,0.75,0.4207,False,MP,35,5,0,5,0,False,,8094,97796,350,33,0.0739,OSRM,False,Year_Round,False,False,False,False,54.9,790.4,1457.0,152.0,0.105,Amber_Under,80.6,True,1523.0,51378.0,0.03,True,750915.0,0.056,route_maps_kashmir/FDR-338.html
R0046,Parimpora to Rawalpora,SRSR02022935,MERGED_INTO_TRUNK,FDR-338,Private Minibus,14.409,Urban,938.3,115.3,City_Core,28,14.0,11,5.5,0.6641,0.1773,1.25,0.4207,False,MP,35,0,0,0,0,False,,0,97796,350,33,0.0739,OSRM,False,Year_Round,False,False,False,False,54.9,790.4,0.0,152.0,0.0,Red_NoCapacity,80.6,True,1523.0,51378.0,0.03,True,750915.0,0.056,route_maps_kashmir/FDR-338.html
R0047,Parimpora to Rawalpora,SRSR02022935,MERGED_INTO_TRUNK,FDR-338,LPV / Tempo,14.409,Urban,938.3,115.3,City_Core,28,14.0,11,5.5,0.6641,0.1773,1.25,0.4207,False,MP,35,0,0,0,0,False,,0,97796,350,33,0.0739,OSRM,False,Year_Round,False,False,False,False,54.9,790.4,0.0,152.0,0.0,Red_NoCapacity,80.6,True,1523.0,51378.0,0.03,True,750915.0,0.056,route_maps_kashmir/FDR-338.html
R0048,Soura to LD,SRSR01020922,MERGED_INTO_TRUNK,FDR-059,LPV / Tempo,18.128,Peri_Urban,1262.2,90.6,City_Core,36,18.0,18,9.0,0.7343,0.4505,1.25,0.5924,True,MP,35,0,0,0,0,False,,0,133960,573,99,0.1313,OSRM,False,Year_Round,False,False,False,False,54.9,994.5,0.0,57.0,0.0,Red_NoCapacity,68.3,True,574.0,64639.0,0.009,False,944728.0,0.07,route_maps_kashmir/FDR-059.html
R0049,Lalbazar to Qamarwari,SRSR01020530,RETAINED_AS_FEEDER,FDR-097,,8.695,Urban,1126.1,69.6,City_Core,17,8.5,12,6.0,0.989,0.424,0.75,0.7065,False,HP,20,5,0,5,0,False,,8203,83258,294,52,0.0921,OSRM+JhelumBridge,False,Year_Round,False,False,False,False,96.0,834.7,2414.0,217.0,0.09,Amber_Under,50.3,True,2167.0,54257.0,0.04,True,792984.0,0.057,route_maps_kashmir/FDR-097.html
R0050,Safakadal to SMHS,SRSR02023736,RETAINED_AS_FEEDER,FDR-132,,1.500,Urban,116.7,12.0,City_Core,3,1.5,9,4.5,0.6475,0.6054,0.75,0.6264,True,MP,35,2,0,0,2,False,,3500,41575,344,44,0.1242,OSRM,False,Year_Round,False,False,False,False,54.9,343.2,1150.0,39.0,0.034,Amber_Under,48.0,True,392.0,22311.0,0.018,False,326079.0,0.036,route_maps_kashmir/FDR-132.html
R0051,Narbal to Jehangir Chowk,BGSR02020820,RETAINED_AS_FEEDER,FDR-455,,17.000,Peri_Urban,1334.8,85.0,City_Core,34,17.0,22,11.0,0.3814,0.1141,0.75,0.2478,False,LP,35,4,0,0,4,False,,6919,94352,395,31,0.1197,OSRM,False,Year_Round,False,False,False,False,54.9,1186.8,887.0,64.0,0.072,Amber_Under,77.1,True,643.0,77141.0,0.008,True,1127440.0,0.048,route_maps_kashmir/FDR-455.html
R0052,Soura to SMHS,SRSR01020936,RETAINED_AS_FEEDER,FDR-098,,11.97,Urban,859.1,95.8,City_Core,23,11.5,11,5.5,0.8121,0.594,0.75,0.703,False,HP,20,6,0,6,0,False,,6349,96442,440,91,0.1249,OSRM,False,Year_Round,False,False,False,False,96.0,1149.1,2104.0,124.0,0.059,Amber_Under,63.4,True,1237.0,74693.0,0.017,True,1091664.0,0.044,route_maps_kashmir/FDR-098.html
R0053,Soura to SMHS,SRSR01020936,MERGED_INTO_TRUNK,FDR-098,Private Minibus,11.97,Urban,859.1,95.8,City_Core,23,11.5,11,5.5,0.8121,0.594,1.25,0.703,False,HP,20,0,0,0,0,False,,0,96442,440,91,0.1249,OSRM,False,Year_Round,False,False,False,False,96.0,1149.1,0.0,124.0,0.0,Red_NoCapacity,63.4,True,1237.0,74693.0,0.017,True,1091664.0,0.044,route_maps_kashmir/FDR-098.html
R0054,Soura to Parimpora,SRSR01020929,MERGED_INTO_TRUNK,FDR-173,Private Minibus,12.845,Urban,926.8,102.8,City_Core,25,12.5,20,10.0,0.8071,0.4007,1.25,0.6039,False,HP,20,0,0,0,0,False,,0,102944,346,74,0.1583,OSRM,False,Year_Round,False,False,False,False,96.0,1233.1,0.0,132.0,0.0,Red_NoCapacity,66.9,True,1325.0,80153.0,0.017,True,1171464.0,0.06,route_maps_kashmir/FDR-173.html
R0055,Parimpora to Saidakadal,SRSR02022938,MERGED_INTO_TRUNK,FDR-106,Private Minibus,14.067,Urban,1375.0,112.5,City_Core,28,14.0,4,2.0,0.8391,0.488,1.25,0.6636,False,HP,20,0,0,0,0,False,,0,116598,561,68,0.227,OSRM+JhelumBridge,False,Year_Round,False,False,False,False,96.0,1350.4,0.0,65.0,0.0,Red_NoCapacity,71.8,True,645.0,87778.0,0.007,True,1282910.0,0.042,route_maps_kashmir/FDR-106.html
R0056,Soura to Qamarwari,SRSR01020930,RETAINED_AS_FEEDER,FDR-270,,9.3,Urban,822.6,107.1,City_Core,18,9.0,19,9.5,0.6699,0.2922,0.75,0.481,False,MP,35,5,0,0,5,False,,6328,63584,291,41,0.0515,OSRM,False,Year_Round,False,False,False,False,54.9,510.2,1032.0,171.0,0.166,Amber_Under,60.2,True,1709.0,33161.0,0.052,True,484663.0,0.044,route_maps_kashmir/FDR-270.html
R0057,Soura to SMHS,SRSR01020936,MERGED_INTO_TRUNK,FDR-098,Private Minibus,11.97,Urban,859.1,95.8,City_Core,23,11.5,11,5.5,0.8121,0.594,1.25,0.703,False,HP,20,0,0,0,0,False,,0,96442,440,91,0.1249,OSRM,False,Year_Round,False,False,False,False,96.0,1149.1,0.0,124.0,0.0,Red_NoCapacity,63.4,True,1237.0,74693.0,0.017,True,1091664.0,0.044,route_maps_kashmir/FDR-098.html
R0058,Safakadal to Jehangir Chowk,SRSR02023720,RETAINED_AS_FEEDER,FDR-575,,3.149,Urban,294.5,32.6,City_Core,6,3.0,2,1.0,1.0,0.9025,0.75,0.9512,True,HP,20,3,0,3,0,False,,2798,32077,332,34,0.085,OSRM,False,Year_Round,False,True,True,False,96.0,302.3,4000.0,80.0,0.02,Amber_Under,28.1,False,801.0,19650.0,0.041,False,287189.0,0.029,route_maps_kashmir/FDR-575.html
R0059,Safakadal to Jehangir Chowk,SRSR02023720,MERGED_INTO_TRUNK,FDR-575,LPV / Tempo,3.149,Urban,218.7,25.2,City_Core,6,3.0,2,1.0,1.0,0.9025,1.25,0.9512,True,HP,20,0,0,0,0,False,,0,32077,332,34,0.085,OSRM,False,Year_Round,False,False,False,False,96.0,302.3,0.0,80.0,0.0,Red_NoCapacity,28.1,False,801.0,19650.0,0.041,False,287189.0,0.029,route_maps_kashmir/FDR-575.html
R0060,Qamarwari to Pathachowk,SRSR02023027,RETAINED_AS_FEEDER,FDR-316,,19.719,Peri_Urban,1705.8,98.6,City_Core,39,19.5,11,5.5,0.5951,0.3335,0.75,0.4643,False,MP,35,4,0,4,0,False,,6830,122169,518,67,0.2171,OSRM+JhelumBridge,False,Year_Round,False,False,False,False,54.9,1081.7,1363.0,35.0,0.026,Amber_Under,72.3,True,350.0,70312.0,0.005,True,1027642.0,0.047,route_maps_kashmir/FDR-316.html
R0061,Safakadal to Jehangir Chowk,SRSR02023720,MERGED_INTO_TRUNK,FDR-575,Private Minibus,3.149,Urban,218.7,25.2,City_Core,6,3.0,2,1.0,1.0,0.9025,1.25,0.9512,True,HP,20,0,0,0,0,False,,0,32077,332,34,0.085,OSRM,False,Year_Round,False,False,False,False,96.0,302.3,0.0,80.0,0.0,Red_NoCapacity,28.1,False,801.0,19650.0,0.041,False,287189.0,0.029,route_maps_kashmir/FDR-575.html
R0062,Soura to LD,SRSR01020922,MERGED_INTO_TRUNK,FDR-059,Private Minibus,10.099,Urban,682.4,80.8,City_Core,20,10.0,8,4.0,0.9738,0.6066,1.25,0.7902,True,HP,20,0,0,0,0,False,,0,95384,292,75,0.1195,OSRM,False,Year_Round,False,False,False,False,96.0,969.5,0.0,193.0,0.0,Red_NoCapacity,55.9,True,1926.0,63018.0,0.031,False,921029.0,0.098,route_maps_kashmir/FDR-059.html
R0063,Safakadal to Jehangir Chowk,SRSR02023720,MERGED_INTO_TRUNK,FDR-575,Private Minibus,3.149,Urban,218.7,25.2,City_Core,6,3.0,2,1.0,1.0,0.9025,1.25,0.9512,True,HP,20,0,0,0,0,False,,0,32077,332,34,0.085,OSRM,False,Year_Round,False,False,False,False,96.0,302.3,0.0,80.0,0.0,Red_NoCapacity,28.1,False,801.0,19650.0,0.041,False,287189.0,0.029,route_maps_kashmir/FDR-575.html
R0064,Lalbazar to LD,SRSR01020522,MERGED_INTO_TRUNK,FDR-068,Private Minibus,10.261,Urban,1115.0,82.1,City_Core,20,10.0,7,3.5,0.9616,0.5844,1.25,0.773,True,HP,20,0,0,0,0,False,,0,95836,543,72,0.145,OSRM+JhelumBridge,False,Year_Round,False,False,False,False,96.0,985.1,0.0,86.0,0.0,Red_NoCapacity,56.6,True,858.0,64029.0,0.013,False,935803.0,0.053,route_maps_kashmir/FDR-068.html
R0065,Qamarwari to Dalgate,SRSR02023013,RETAINED_AS_FEEDER,FDR-117,,8.844,Urban,1139.6,70.8,City_Core,17,8.5,13,6.5,0.8921,0.4147,0.75,0.6534,False,HP,20,5,0,5,0,False,,5973,77329,375,42,0.096,OSRM+JhelumBridge,False,Year_Round,False,False,False,False,96.0,849.0,2373.0,151.0,0.064,Amber_Under,50.9,True,1514.0,55187.0,0.027,True,806573.0,0.041,route_maps_kashmir/FDR-117.html
R0066,Hazratbal to LD,SRSR01020422,MERGED_INTO_TRUNK,FDR-147,Private Minibus,8.251,Urban,1283.5,66.0,City_Core,16,8.0,10,5.0,0.6633,0.3468,1.25,0.505,True,MP,35,0,0,0,0,False,,0,55948,208,34,0.0832,OSRM+JhelumBridge,False,Year_Round,False,False,False,False,54.9,452.6,0.0,130.0,0.0,Red_NoCapacity,56.0,True,1302.0,29421.0,0.044,False,429995.0,0.081,route_maps_kashmir/FDR-147.html
R0067,Hazratbal to LD,SRSR01020422,MERGED_INTO_TRUNK,FDR-147,Private Minibus,8.251,Urban,1283.5,66.0,City_Core,16,8.0,10,5.0,0.6633,0.3468,1.25,0.505,True,MP,35,0,0,0,0,False,,0,55948,208,34,0.0832,OSRM+JhelumBridge,False,Year_Round,False,False,False,False,54.9,452.6,0.0,130.0,0.0,Red_NoCapacity,56.0,True,1302.0,29421.0,0.044,False,429995.0,0.081,route_maps_kashmir/FDR-147.html
R0068,Qamarwari to Dalgate,SRSR02023013,MERGED_INTO_TRUNK,FDR-117,Private Minibus,8.844,Urban,1139.6,70.8,City_Core,17,8.5,13,6.5,0.8921,0.4147,1.25,0.6534,False,HP,20,0,0,0,0,False,,0,77329,375,42,0.096,OSRM+JhelumBridge,False,Year_Round,False,False,False,False,96.0,849.0,0.0,151.0,0.0,Red_NoCapacity,50.9,True,1514.0,55187.0,0.027,True,806573.0,0.041,route_maps_kashmir/FDR-117.html
R0069,Safakadal to SMHS,SRSR02023736,MERGED_INTO_TRUNK,FDR-132,Private Minibus,6.257,Urban,486.9,50.1,City_Core,12,6.0,9,4.5,0.6475,0.6054,1.25,0.6264,True,HP,20,0,0,0,0,False,,0,41575,344,44,0.1242,OSRM,False,Year_Round,False,False,False,False,96.0,600.7,0.0,69.0,0.0,Red_NoCapacity,40.6,False,686.0,39044.0,0.018,False,570638.0,0.036,route_maps_kashmir/FDR-132.html
R0070,Saidakadal to Parimpora,SRSR02023829,MERGED_INTO_TRUNK,FDR-106,Private Minibus,14.556,Urban,1441.1,116.4,City_Core,29,14.5,11,5.5,0.8063,0.4456,1.25,0.626,False,HP,20,0,0,0,0,False,,0,116554,561,63,0.2237,OSRM+JhelumBridge,False,Year_Round,False,False,False,False,96.0,1397.4,0.0,65.0,0.0,Red_NoCapacity,73.7,True,655.0,90829.0,0.007,True,1327507.0,0.042,route_maps_kashmir/FDR-106.html
R0071,Safakadal to SMHS,SRSR02023736,MERGED_INTO_TRUNK,FDR-132,Private Minibus,6.257,Urban,486.9,50.1,City_Core,12,6.0,9,4.5,0.6475,0.6054,1.25,0.6264,True,HP,20,0,0,0,0,False,,0,41575,344,44,0.1242,OSRM,False,Year_Round,False,False,False,False,96.0,600.7,0.0,69.0,0.0,Red_NoCapacity,40.6,False,686.0,39044.0,0.018,False,570638.0,0.036,route_maps_kashmir/FDR-132.html
R0072,Safakadal to SMHS,SRSR02023736,MERGED_INTO_TRUNK,FDR-132,Private Minibus,6.257,Urban,486.9,50.1,City_Core,12,6.0,9,4.5,0.6475,0.6054,1.25,0.6264,True,HP,20,0,0,0,0,False,,0,41575,344,44,0.1242,OSRM,False,Year_Round,False,False,False,False,96.0,600.7,0.0,69.0,0.0,Red_NoCapacity,40.6,False,686.0,39044.0,0.018,False,570638.0,0.036,route_maps_kashmir/FDR-132.html
R0073,Safakadal to SMHS,SRSR02023736,MERGED_INTO_TRUNK,FDR-132,Private Minibus,6.257,Urban,486.9,50.1,City_Core,12,6.0,9,4.5,0.6475,0.6054,1.25,0.6264,True,HP,20,0,0,0,0,False,,0,41575,344,44,0.1242,OSRM,False,Year_Round,False,False,False,False,96.0,600.7,0.0,69.0,0.0,Red_NoCapacity,40.6,False,686.0,39044.0,0.018,False,570638.0,0.036,route_maps_kashmir/FDR-132.html
R0074,Lalbazar to Parimpora,SRSR01020529,RETAINED_AS_FEEDER,FDR-164,,10.000,Urban,1214.1,80.0,City_Core,20,10.0,27,13.5,0.7997,0.331,0.75,0.5654,False,MP,35,4,0,4,0,False,,8852,100546,329,59,0.1306,OSRM+JhelumBridge,False,Year_Round,False,False,False,False,54.9,693.7,1328.0,94.0,0.071,Amber_Under,73.6,True,942.0,45092.0,0.021,True,659037.0,0.061,route_maps_kashmir/FDR-164.html
R0075,Parimpora to Rawalpora,SRSR02022935,MERGED_INTO_TRUNK,FDR-338,Private Minibus,15.914,Peri_Urban,1033.8,79.6,City_Core,31,15.5,11,5.5,0.7885,0.2978,1.25,0.5432,False,MP,35,0,0,0,0,False,,0,124996,438,54,0.1848,OSRM,False,Year_Round,False,False,False,False,54.9,873.0,0.0,50.0,0.0,Red_NoCapacity,62.8,True,498.0,56745.0,0.009,True,829347.0,0.057,route_maps_kashmir/FDR-338.html
R0076,Parimpora to Hazratbal,SRSR02012904,MERGED_INTO_TRUNK,FDR-271,Private Minibus,16.104,Peri_Urban,1713.6,80.5,City_Core,32,16.0,22,11.0,0.6966,0.251,1.25,0.4738,False,MP,35,0,0,0,0,False,,0,113789,383,53,0.0918,OSRM+JhelumBridge,False,Year_Round,False,False,False,False,54.9,883.4,0.0,104.0,0.0,Red_NoCapacity,63.2,True,1043.0,57422.0,0.018,True,839248.0,0.06,route_maps_kashmir/FDR-271.html
R0077,Jehangir Chowk to HMT,SRSR02022016,MERGED_INTO_TRUNK,FDR-275,Private Minibus,10.311,Urban,654.3,82.5,City_Core,20,10.0,10,5.0,0.6674,0.2668,1.25,0.4671,False,MP,35,0,0,0,0,False,,0,70280,406,30,0.2746,OSRM,False,Year_Round,False,False,False,False,54.9,565.6,0.0,25.0,0.0,Red_NoCapacity,64.2,True,254.0,36766.0,0.007,True,537350.0,0.035,route_maps_kashmir/FDR-275.html
R0078,Lalbazar to Parimpora,SRSR01020529,MERGED_INTO_TRUNK,FDR-164,Private Minibus,12.646,Urban,1535.3,101.2,City_Core,25,12.5,27,13.5,0.7997,0.331,1.25,0.5654,False,MP,35,0,0,0,0,False,,0,100546,329,59,0.1306,OSRM+JhelumBridge,False,Year_Round,False,False,False,False,54.9,693.7,0.0,94.0,0.0,Red_NoCapacity,73.6,True,942.0,45092.0,0.021,True,659037.0,0.061,route_maps_kashmir/FDR-164.html
R0079,Lalbazar to Parimpora,SRSR01020529,MERGED_INTO_TRUNK,FDR-164,Private Minibus,12.646,Urban,1535.3,101.2,City_Core,25,12.5,27,13.5,0.7997,0.331,1.25,0.5654,False,MP,35,0,0,0,0,False,,0,100546,329,59,0.1306,OSRM+JhelumBridge,False,Year_Round,False,False,False,False,54.9,693.7,0.0,94.0,0.0,Red_NoCapacity,73.6,True,942.0,45092.0,0.021,True,659037.0,0.061,route_maps_kashmir/FDR-164.html
R0080,Lalbazar to Parimpora,SRSR01020529,MERGED_INTO_TRUNK,FDR-164,Private Minibus,12.646,Urban,1535.3,101.2,City_Core,25,12.5,27,13.5,0.7997,0.331,1.25,0.5654,False,MP,35,0,0,0,0,False,,0,100546,329,59,0.1306,OSRM+JhelumBridge,False,Year_Round,False,False,False,False,54.9,693.7,0.0,94.0,0.0,Red_NoCapacity,73.6,True,942.0,45092.0,0.021,True,659037.0,0.061,route_maps_kashmir/FDR-164.html
R0081,Parimpora to Chadora,SRBG02032901,MERGED_INTO_TRUNK,FDR-429,Private Minibus,24.64,Peri_Urban,1458.3,123.2,City_Core,49,24.5,8,4.0,0.626,0.2122,1.25,0.4191,False,MP,35,0,0,0,0,False,,0,159195,438,64,0.1258,OSRM,False,Year_Round,False,False,False,False,54.9,1351.7,0.0,93.0,0.0,Red_NoCapacity,84.6,True,931.0,87859.0,0.011,True,1284096.0,0.073,route_maps_kashmir/FDR-429.html
R0082,Lalbazar to Parimpora,SRSR01020529,MERGED_INTO_TRUNK,FDR-164,Private Minibus,12.646,Urban,1535.3,101.2,City_Core,25,12.5,27,13.5,0.7997,0.331,1.25,0.5654,False,MP,35,0,0,0,0,False,,0,100546,329,59,0.1306,OSRM+JhelumBridge,False,Year_Round,False,False,False,False,54.9,693.7,0.0,94.0,0.0,Red_NoCapacity,73.6,True,942.0,45092.0,0.021,True,659037.0,0.061,route_maps_kashmir/FDR-164.html
R0083,Lalbazar to Parimpora,SRSR01020529,MERGED_INTO_TRUNK,FDR-164,Private Minibus,12.646,Urban,1535.3,101.2,City_Core,25,12.5,27,13.5,0.7997,0.331,1.25,0.5654,False,MP,35,0,0,0,0,False,,0,100546,329,59,0.1306,OSRM+JhelumBridge,False,Year_Round,False,False,False,False,54.9,693.7,0.0,94.0,0.0,Red_NoCapacity,73.6,True,942.0,45092.0,0.021,True,659037.0,0.061,route_maps_kashmir/FDR-164.html
R0084,Qamarwari to Hazratbal,SRSR02013004,RETAINED_AS_FEEDER,FDR-199,,8.000,Urban,887.3,64.0,City_Core,16,8.0,15,7.5,0.7176,0.3184,0.75,0.518,False,MP,35,3,0,3,0,False,,8256,102032,358,56,0.0822,OSRM+JhelumBridge,False,Year_Round,False,False,False,False,54.9,772.4,1492.0,140.0,0.094,Amber_Under,79.3,True,1396.0,50209.0,0.028,True,733821.0,0.057,route_maps_kashmir/FDR-199.html
R0085,Soura to Jehangir Chowk,SRSR01020920,MERGED_INTO_TRUNK,FDR-122,LPV / Tempo,9.17,Urban,764.2,73.4,City_Core,18,9.0,9,4.5,0.7714,0.5403,1.25,0.6558,True,HP,20,0,0,0,0,False,,0,70680,427,66,0.0517,OSRM,False,Year_Round,False,False,False,False,96.0,880.3,0.0,226.0,0.0,Red_NoCapacity,52.2,True,2256.0,57221.0,0.039,False,836304.0,0.05,route_maps_kashmir/FDR-122.html
R0086,Lalbazar to Parimpora,SRSR01020529,MERGED_INTO_TRUNK,FDR-164,LPV / Tempo,12.646,Urban,1535.3,101.2,City_Core,25,12.5,27,13.5,0.7997,0.331,1.25,0.5654,False,MP,35,0,0,0,0,False,,0,100546,329,59,0.1306,OSRM+JhelumBridge,False,Year_Round,False,False,False,False,54.9,693.7,0.0,94.0,0.0,Red_NoCapacity,73.6,True,942.0,45092.0,0.021,True,659037.0,0.061,route_maps_kashmir/FDR-164.html
R0087,HMT to Jehangir Chowk,SRSR02021620,MERGED_INTO_TRUNK,FDR-275,Private Minibus,10.261,Urban,743.4,82.1,City_Core,20,10.0,10,5.0,0.6345,0.1759,1.25,0.4052,False,MP,35,0,0,0,0,False,,0,67042,419,20,0.1224,OSRM,False,Year_Round,False,False,False,False,54.9,562.9,0.0,53.0,0.0,Red_NoCapacity,64.0,True,526.0,36588.0,0.014,True,534745.0,0.032,route_maps_kashmir/FDR-275.html
R0088,Lalbazar to Parimpora,SRSR01020529,MERGED_INTO_TRUNK,FDR-164,Private Minibus,12.646,Urban,1535.3,101.2,City_Core,25,12.5,27,13.5,0.7997,0.331,1.25,0.5654,False,MP,35,0,0,0,0,False,,0,100546,329,59,0.1306,OSRM+JhelumBridge,False,Year_Round,False,False,False,False,54.9,693.7,0.0,94.0,0.0,Red_NoCapacity,73.6,True,942.0,45092.0,0.021,True,659037.0,0.061,route_maps_kashmir/FDR-164.html
R0089,Parimpora to Rangrath,SRSR02022932,RETAINED_AS_FEEDER,FDR-446,,19.812,Peri_Urban,981.1,99.1,City_Core,39,19.5,8,4.0,0.3899,0.1277,0.75,0.2588,False,LP,35,4,0,4,0,False,,8182,87853,311,35,0.0916,OSRM,False,Year_Round,False,False,False,False,54.9,1086.8,1356.0,99.0,0.073,Amber_Under,72.6,True,994.0,70644.0,0.014,True,1032488.0,0.057,route_maps_kashmir/FDR-446.html
R0090,Saidakadal to Bypass,SRSR02023810,RETAINED_AS_FEEDER,FDR-108,,7.500,Urban,753.7,60.0,City_Core,15,7.5,7,3.5,0.8211,0.4964,0.75,0.6588,False,HP,20,4,0,0,4,False,,5763,108026,543,62,0.1649,OSRM+JhelumBridge,False,Year_Round,False,False,False,False,96.0,1274.9,1266.0,85.0,0.067,Amber_Under,68.6,True,850.0,82867.0,0.01,True,1211136.0,0.04,route_maps_kashmir/FDR-108.html
R0091,Saidakadal to Bypass,SRSR02023810,MERGED_INTO_TRUNK,FDR-108,Private Minibus,13.28,Urban,1334.6,106.2,City_Core,26,13.0,7,3.5,0.8211,0.4964,1.25,0.6588,False,HP,20,0,0,0,0,False,,0,108026,543,62,0.1649,OSRM+JhelumBridge,False,Year_Round,False,False,False,False,96.0,1274.9,0.0,85.0,0.0,Red_NoCapacity,68.6,True,850.0,82867.0,0.01,True,1211136.0,0.04,route_maps_kashmir/FDR-108.html
R0092,HMT to Jehangir Chowk,SRSR02021620,MERGED_INTO_TRUNK,FDR-275,Private Minibus,10.261,Urban,743.4,82.1,City_Core,20,10.0,10,5.0,0.6345,0.1759,1.25,0.4052,False,MP,35,0,0,0,0,False,,0,67042,419,20,0.1224,OSRM,False,Year_Round,False,False,False,False,54.9,562.9,0.0,53.0,0.0,Red_NoCapacity,64.0,True,526.0,36588.0,0.014,True,534745.0,0.032,route_maps_kashmir/FDR-275.html
R0093,Jehangir Chowk to HMT,SRSR02022016,MERGED_INTO_TRUNK,FDR-275,Private Minibus,10.311,Urban,654.3,82.5,City_Core,20,10.0,10,5.0,0.6674,0.2668,1.25,0.4671,False,MP,35,0,0,0,0,False,,0,70280,406,30,0.2746,OSRM,False,Year_Round,False,False,False,False,54.9,565.6,0.0,25.0,0.0,Red_NoCapacity,64.2,True,254.0,36766.0,0.007,True,537350.0,0.035,route_maps_kashmir/FDR-275.html
R0094,Jehangir Chowk to HMT,SRSR02022016,MERGED_INTO_TRUNK,FDR-275,Private Minibus,10.311,Urban,654.3,82.5,City_Core,20,10.0,10,5.0,0.6674,0.2668,1.25,0.4671,False,MP,35,0,0,0,0,False,,0,70280,406,30,0.2746,OSRM,False,Year_Round,False,False,False,False,54.9,565.6,0.0,25.0,0.0,Red_NoCapacity,64.2,True,254.0,36766.0,0.007,True,537350.0,0.035,route_maps_kashmir/FDR-275.html
R0095,Parimpora to Rangrath,SRSR02022932,MERGED_INTO_TRUNK,FDR-446,Private Minibus,19.812,Peri_Urban,981.1,99.1,City_Core,39,19.5,8,4.0,0.3899,0.1277,1.25,0.2588,False,LP,35,0,0,0,0,False,,0,87853,311,35,0.0916,OSRM,False,Year_Round,False,False,False,False,54.9,1086.8,0.0,99.0,0.0,Red_NoCapacity,72.6,True,994.0,70644.0,0.014,True,1032488.0,0.057,route_maps_kashmir/FDR-446.html
R0096,Parimpora to Rangrath,SRSR02022932,MERGED_INTO_TRUNK,FDR-446,Private Minibus,19.812,Peri_Urban,981.1,99.1,City_Core,39,19.5,8,4.0,0.3899,0.1277,1.25,0.2588,False,LP,35,0,0,0,0,False,,0,87853,311,35,0.0916,OSRM,False,Year_Round,False,False,False,False,54.9,1086.8,0.0,99.0,0.0,Red_NoCapacity,72.6,True,994.0,70644.0,0.014,True,1032488.0,0.057,route_maps_kashmir/FDR-446.html
R0097,Safakadal to Jehangir Chowk,SRSR02023720,MERGED_INTO_TRUNK,FDR-575,Private Minibus,3.569,Urban,390.5,28.6,City_Core,7,3.5,8,4.0,1.0,0.8475,1.25,0.9238,True,HP,20,0,0,0,0,False,,0,34629,332,37,0.0803,OSRM,False,Year_Round,False,False,False,False,96.0,342.6,0.0,92.0,0.0,Red_NoCapacity,29.8,False,915.0,22271.0,0.041,False,325493.0,0.031,route_maps_kashmir/FDR-575.html
R0098,Safakadal to Jehangir Chowk,SRSR02023720,MERGED_INTO_TRUNK,FDR-575,Private Minibus,3.569,Urban,390.5,28.6,City_Core,7,3.5,8,4.0,1.0,0.8475,1.25,0.9238,True,HP,20,0,0,0,0,False,,0,34629,332,37,0.0803,OSRM,False,Year_Round,False,False,False,False,96.0,342.6,0.0,92.0,0.0,Red_NoCapacity,29.8,False,915.0,22271.0,0.041,False,325493.0,0.031,route_maps_kashmir/FDR-575.html
R0099,Jehangir Chowk to HMT,SRSR02022016,MERGED_INTO_TRUNK,FDR-275,Private Minibus,10.311,Urban,654.3,82.5,City_Core,20,10.0,10,5.0,0.6674,0.2668,1.25,0.4671,False,MP,35,0,0,0,0,False,,0,70280,406,30,0.2746,OSRM,False,Year_Round,False,False,False,False,54.9,565.6,0.0,25.0,0.0,Red_NoCapacity,64.2,True,254.0,36766.0,0.007,True,537350.0,0.035,route_maps_kashmir/FDR-275.html
R0100,Jehangir Chowk to Panzinara,SRSR02022028,RETAINED_AS_FEEDER,FDR-401,,10.000,Peri_Urban,593.4,50.0,City_Core,20,10.0,12,6.0,0.4786,0.1668,0.75,0.3227,False,LP,35,3,0,3,0,False,,6115,85701,406,30,0.1677,OSRM,False,Year_Round,False,False,False,False,54.9,904.8,1629.0,41.0,0.025,Amber_Under,64.2,True,406.0,58813.0,0.007,True,859573.0,0.042,route_maps_kashmir/FDR-401.html
R0101,Safakadal to Jehangir Chowk,SRSR02023720,MERGED_INTO_TRUNK,FDR-575,Private Minibus,3.569,Urban,390.5,28.6,City_Core,7,3.5,8,4.0,1.0,0.8475,1.25,0.9238,True,HP,20,0,0,0,0,False,,0,34629,332,37,0.0803,OSRM,False,Year_Round,False,False,False,False,96.0,342.6,0.0,92.0,0.0,Red_NoCapacity,29.8,False,915.0,22271.0,0.041,False,325493.0,0.031,route_maps_kashmir/FDR-575.html
R0102,Safakadal to Jehangir Chowk,SRSR02023720,MERGED_INTO_TRUNK,FDR-575,Private Minibus,3.569,Urban,390.5,28.6,City_Core,7,3.5,8,4.0,1.0,0.8475,1.25,0.9238,True,HP,20,0,0,0,0,False,,0,34629,332,37,0.0803,OSRM,False,Year_Round,False,False,False,False,96.0,342.6,0.0,92.0,0.0,Red_NoCapacity,29.8,False,915.0,22271.0,0.041,False,325493.0,0.031,route_maps_kashmir/FDR-575.html
R0103,Batamallo to Pantha Chowk,SRSR02020427,RETAINED_AS_FEEDER,FDR-407,,17.436,Peri_Urban,1539.8,87.2,Peri_Urban,34,17.0,7,3.5,0.4931,0.1253,0.75,0.3092,False,LP,35,4,0,4,0,False,,11013,92763,244,29,0.0931,OSRM+JhelumBridge,False,Year_Round,False,False,False,False,54.9,956.5,1541.0,132.0,0.085,Amber_Under,66.6,True,1316.0,62172.0,0.021,True,908665.0,0.076,route_maps_kashmir/FDR-407.html
R0104,Safakadal to Jehangir Chowk,SRSR02023720,MERGED_INTO_TRUNK,FDR-575,Private Minibus,3.569,Urban,390.5,28.6,City_Core,7,3.5,8,4.0,1.0,0.8475,1.25,0.9238,True,HP,20,0,0,0,0,False,,0,34629,332,37,0.0803,OSRM,False,Year_Round,False,False,False,False,96.0,342.6,0.0,92.0,0.0,Red_NoCapacity,29.8,False,915.0,22271.0,0.041,False,325493.0,0.031,route_maps_kashmir/FDR-575.html
R0105,Safakadal to Jehangir Chowk,SRSR02023720,MERGED_INTO_TRUNK,FDR-575,Private Minibus,3.569,Urban,390.5,28.6,City_Core,7,3.5,8,4.0,1.0,0.8475,1.25,0.9238,True,HP,20,0,0,0,0,False,,0,34629,332,37,0.0803,OSRM,False,Year_Round,False,False,False,False,96.0,342.6,0.0,92.0,0.0,Red_NoCapacity,29.8,False,915.0,22271.0,0.041,False,325493.0,0.031,route_maps_kashmir/FDR-575.html
R0106,Parimpora to Rangrath,SRSR02022932,MERGED_INTO_TRUNK,FDR-446,Private Minibus,19.812,Peri_Urban,981.1,99.1,City_Core,39,19.5,8,4.0,0.3899,0.1277,1.25,0.2588,False,LP,35,0,0,0,0,False,,0,87853,311,35,0.0916,OSRM,False,Year_Round,False,False,False,False,54.9,1086.8,0.0,99.0,0.0,Red_NoCapacity,72.6,True,994.0,70644.0,0.014,True,1032488.0,0.057,route_maps_kashmir/FDR-446.html
R0107,Parimpora to Rawalpora,SRSR02022935,MERGED_INTO_TRUNK,FDR-338,Private Minibus,15.914,Peri_Urban,1033.8,79.6,City_Core,31,15.5,11,5.5,0.7885,0.2978,1.25,0.5432,False,MP,35,0,0,0,0,False,,0,124996,438,54,0.1848,OSRM,False,Year_Round,False,False,False,False,54.9,873.0,0.0,50.0,0.0,Red_NoCapacity,62.8,True,498.0,56745.0,0.009,True,829347.0,0.057,route_maps_kashmir/FDR-338.html
R0108,Batamallo to Pantha Chowk,SRSR02020427,MERGED_INTO_TRUNK,FDR-407,Private Minibus,17.436,Peri_Urban,1539.8,87.2,Peri_Urban,34,17.0,7,3.5,0.4931,0.1253,1.25,0.3092,False,LP,35,0,0,0,0,False,,0,92763,244,29,0.0931,OSRM+JhelumBridge,False,Year_Round,False,False,False,False,54.9,956.5,0.0,132.0,0.0,Red_NoCapacity,66.6,True,1316.0,62172.0,0.021,True,908665.0,0.076,route_maps_kashmir/FDR-407.html
R0109,Jehangir Chowk to JVC,SRSR02022018,MERGED_INTO_TRUNK,FDR-269,Private Minibus,8.334,Urban,646.4,66.7,City_Core,16,8.0,15,7.5,0.696,0.322,1.25,0.509,False,MP,35,0,0,0,0,False,,0,58845,380,27,0.1905,OSRM,False,Year_Round,False,False,False,False,54.9,457.2,0.0,33.0,0.0,Red_NoCapacity,56.4,True,327.0,29717.0,0.011,True,434320.0,0.031,route_maps_kashmir/FDR-269.html
R0110,Batamallo to Pantha Chowk,SRSR02020427,MERGED_INTO_TRUNK,FDR-407,LPV / Tempo,17.436,Peri_Urban,1539.8,87.2,Peri_Urban,34,17.0,7,3.5,0.4931,0.1253,1.25,0.3092,False,LP,35,0,0,0,0,False,,0,92763,244,29,0.0931,OSRM+JhelumBridge,False,Year_Round,False,False,False,False,54.9,956.5,0.0,132.0,0.0,Red_NoCapacity,66.6,True,1316.0,62172.0,0.021,True,908665.0,0.076,route_maps_kashmir/FDR-407.html
R0111,Parimpora to Rangrath,SRSR02022932,MERGED_INTO_TRUNK,FDR-446,Private Minibus,19.812,Peri_Urban,981.1,99.1,City_Core,39,19.5,8,4.0,0.3899,0.1277,1.25,0.2588,False,LP,35,0,0,0,0,False,,0,87853,311,35,0.0916,OSRM,False,Year_Round,False,False,False,False,54.9,1086.8,0.0,99.0,0.0,Red_NoCapacity,72.6,True,994.0,70644.0,0.014,True,1032488.0,0.057,route_maps_kashmir/FDR-446.html
R0112,Batamallo to Pantha Chowk,SRSR02020427,MERGED_INTO_TRUNK,FDR-407,Private Minibus,51.0,Regional_District,3501.2,153.0,Peri_Urban,102,51.0,15,7.5,0.3737,0.2335,1.25,0.3036,True,MP,35,0,0,0,0,False,,0,219075,562,147,0.0927,OSRM+JhelumBridge,False,Year_Round,True,False,False,False,54.9,2797.7,0.0,102.0,0.0,Red_NoCapacity,99.5,True,1016.0,181851.0,0.006,False,2657829.0,0.117,route_maps_kashmir/FDR-407.html
R0113,Jehangir Chowk to HMT,SRSR02022016,MERGED_INTO_TRUNK,FDR-275,Private Minibus,10.311,Urban,654.3,82.5,City_Core,20,10.0,10,5.0,0.6674,0.2668,1.25,0.4671,False,MP,35,0,0,0,0,False,,0,70280,406,30,0.2746,OSRM,False,Year_Round,False,False,False,False,54.9,565.6,0.0,25.0,0.0,Red_NoCapacity,64.2,True,254.0,36766.0,0.007,True,537350.0,0.035,route_maps_kashmir/FDR-275.html
R0114,Batamallo to Pantha Chowk,SRSR02020427,MERGED_INTO_TRUNK,FDR-407,Private Minibus,51.0,Regional_District,3501.2,153.0,Peri_Urban,102,51.0,15,7.5,0.3737,0.2335,1.25,0.3036,True,MP,35,0,0,0,0,False,,0,219075,562,147,0.0927,OSRM+JhelumBridge,False,Year_Round,True,False,False,False,54.9,2797.7,0.0,102.0,0.0,Red_NoCapacity,99.5,True,1016.0,181851.0,0.006,False,2657829.0,0.117,route_maps_kashmir/FDR-407.html
R0115,Batamallo to Pantha Chowk,SRSR02020427,MERGED_INTO_TRUNK,FDR-407,LPV / Tempo,51.0,Regional_District,3501.2,153.0,Peri_Urban,102,51.0,15,7.5,0.3737,0.2335,1.25,0.3036,True,MP,35,0,0,0,0,False,,0,219075,562,147,0.0927,OSRM+JhelumBridge,False,Year_Round,True,False,False,False,54.9,2797.7,0.0,102.0,0.0,Red_NoCapacity,99.5,True,1016.0,181851.0,0.006,False,2657829.0,0.117,route_maps_kashmir/FDR-407.html
R0116,Jehangir Chowk to Budgam,SRBG02022003,MERGED_INTO_TRUNK,FDR-467,Private Minibus,45.581,Regional_District,2755.2,136.7,City_Core,91,45.5,9,4.5,0.3314,0.14,1.25,0.2357,False,LP,35,0,0,0,0,False,,0,179264,503,78,0.1092,OSRM,False,Year_Round,False,False,False,False,54.9,2500.4,0.0,79.0,0.0,Red_NoCapacity,91.4,True,789.0,162529.0,0.005,True,2375421.0,0.071,route_maps_kashmir/FDR-467.html
R0117,Lalbazar to Parimpora,SRSR01020529,MERGED_INTO_TRUNK,FDR-164,Private Minibus,14.237,Urban,1414.7,113.9,City_Core,28,14.0,17,8.5,0.8554,0.4127,1.25,0.634,False,HP,20,0,0,0,0,False,,0,120007,374,88,0.1344,OSRM+JhelumBridge,False,Year_Round,False,False,False,False,96.0,1366.8,0.0,168.0,0.0,Red_NoCapacity,72.4,True,1683.0,88839.0,0.019,True,1298414.0,0.064,route_maps_kashmir/FDR-164.html
R0118,Soura to Jehangir Chowk,SRSR01020920,MERGED_INTO_TRUNK,FDR-122,Private Minibus,9.17,Urban,764.2,73.4,City_Core,18,9.0,9,4.5,0.7714,0.5403,1.25,0.6558,True,HP,20,0,0,0,0,False,,0,70680,427,66,0.0517,OSRM,False,Year_Round,False,False,False,False,96.0,880.3,0.0,226.0,0.0,Red_NoCapacity,52.2,True,2256.0,57221.0,0.039,False,836304.0,0.05,route_maps_kashmir/FDR-122.html
R0119,Parimpora to Panthachowk,SRSR02022927,MERGED_INTO_TRUNK,FDR-289,LPV / Tempo,21.307,Peri_Urban,1713.4,106.5,City_Core,42,21.0,5,2.5,0.6019,0.3276,1.25,0.4648,False,MP,35,0,0,0,0,False,,0,133241,546,73,0.2309,OSRM+JhelumBridge,False,Year_Round,False,False,False,False,54.9,1168.8,0.0,34.0,0.0,Red_NoCapacity,76.2,True,341.0,75975.0,0.004,True,1110399.0,0.049,route_maps_kashmir/FDR-289.html
R0120,Parimpora to Panthachowk,SRSR02022927,MERGED_INTO_TRUNK,FDR-289,LPV / Tempo,52.715,Regional_District,3517.8,158.1,City_Core,105,52.5,13,6.5,0.3936,0.2202,1.25,0.3069,True,MP,35,0,0,0,0,False,,0,235448,516,149,0.106,OSRM+JhelumBridge,False,Year_Round,True,False,False,False,54.9,2891.8,0.0,104.0,0.0,Red_NoCapacity,102.0,True,1040.0,187967.0,0.006,False,2747205.0,0.137,route_maps_kashmir/FDR-289.html
R0121,Soura to Jehangir Chowk,SRSR01020920,MERGED_INTO_TRUNK,FDR-122,Private Minibus,9.17,Urban,764.2,73.4,City_Core,18,9.0,9,4.5,0.7714,0.5403,1.25,0.6558,True,HP,20,0,0,0,0,False,,0,70680,427,66,0.0517,OSRM,False,Year_Round,False,False,False,False,96.0,880.3,0.0,226.0,0.0,Red_NoCapacity,52.2,True,2256.0,57221.0,0.039,False,836304.0,0.05,route_maps_kashmir/FDR-122.html
R0122,Parimpora to Panthachowk,SRSR02022927,MERGED_INTO_TRUNK,FDR-289,Private Minibus,21.307,Peri_Urban,1713.4,106.5,City_Core,42,21.0,5,2.5,0.6019,0.3276,1.25,0.4648,False,MP,35,0,0,0,0,False,,0,133241,546,73,0.2309,OSRM+JhelumBridge,False,Year_Round,False,False,False,False,54.9,1168.8,0.0,34.0,0.0,Red_NoCapacity,76.2,True,341.0,75975.0,0.004,True,1110399.0,0.049,route_maps_kashmir/FDR-289.html
R0123,Parimpora to Rangrath,SRSR02022932,MERGED_INTO_TRUNK,FDR-446,Private Minibus,19.812,Peri_Urban,981.1,99.1,City_Core,39,19.5,8,4.0,0.3899,0.1277,1.25,0.2588,False,LP,35,0,0,0,0,False,,0,87853,311,35,0.0916,OSRM,False,Year_Round,False,False,False,False,54.9,1086.8,0.0,99.0,0.0,Red_NoCapacity,72.6,True,994.0,70644.0,0.014,True,1032488.0,0.057,route_maps_kashmir/FDR-446.html
R0124,Qamarwari to Jehangir Chowk,SRSR02023020,RETAINED_AS_FEEDER,FDR-219,,5.500,Urban,378.1,44.0,City_Core,11,5.5,14,7.0,0.6141,0.4001,0.75,0.5071,False,MP,35,3,0,3,0,False,,4748,80492,491,46,0.232,OSRM,False,Year_Round,False,False,False,False,54.9,694.4,1327.0,28.0,0.021,Amber_Under,73.6,True,285.0,45138.0,0.006,True,659715.0,0.033,route_maps_kashmir/FDR-219.html
R0125,Narbal to Jehangir Chowk,BGSR02020820,MERGED_INTO_TRUNK,FDR-455,Private Minibus,21.634,Peri_Urban,1698.7,108.2,City_Core,43,21.5,22,11.0,0.3814,0.1141,1.25,0.2478,False,LP,35,0,0,0,0,False,,0,94352,395,31,0.1197,OSRM,False,Year_Round,False,False,False,False,54.9,1186.8,0.0,64.0,0.0,Red_NoCapacity,77.1,True,643.0,77141.0,0.008,True,1127440.0,0.048,route_maps_kashmir/FDR-455.html
R0126,Parimpora to Budgam,SRBG02022903,MERGED_INTO_TRUNK,FDR-488,Private Minibus,29.512,Peri_Urban,1978.5,147.6,City_Core,59,29.5,11,5.5,0.1014,0.0277,1.25,0.0646,False,LP,35,0,0,0,0,False,,0,57800,279,9,0.0857,OSRM,False,Year_Round,False,False,False,False,54.9,1618.9,0.0,78.0,0.0,Red_NoCapacity,96.8,True,779.0,105231.0,0.007,True,1537997.0,0.042,route_maps_kashmir/FDR-488.html
R0127,Qamarwari to Dalgate,SRSR02023013,MERGED_INTO_TRUNK,FDR-117,Private Minibus,8.844,Urban,1139.6,70.8,City_Core,17,8.5,13,6.5,0.8921,0.4147,1.25,0.6534,False,HP,20,0,0,0,0,False,,0,77329,375,42,0.096,OSRM+JhelumBridge,False,Year_Round,False,False,False,False,96.0,849.0,0.0,151.0,0.0,Red_NoCapacity,50.9,True,1514.0,55187.0,0.027,True,806573.0,0.041,route_maps_kashmir/FDR-117.html
R0128,Parimpora to Budgam,SRBG02022903,MERGED_INTO_TRUNK,FDR-488,Private Minibus,29.512,Peri_Urban,1978.5,147.6,City_Core,59,29.5,11,5.5,0.1014,0.0277,1.25,0.0646,False,LP,35,0,0,0,0,False,,0,57800,279,9,0.0857,OSRM,False,Year_Round,False,False,False,False,54.9,1618.9,0.0,78.0,0.0,Red_NoCapacity,96.8,True,779.0,105231.0,0.007,True,1537997.0,0.042,route_maps_kashmir/FDR-488.html
R0129,Parimpora to Panthachowk,SRSR02022927,MERGED_INTO_TRUNK,FDR-289,Private Minibus,23.396,Peri_Urban,1727.4,117.0,City_Core,46,23.0,10,5.0,0.4736,0.1344,1.25,0.304,False,LP,35,0,0,0,0,False,,0,120559,428,41,0.1025,OSRM+JhelumBridge,False,Year_Round,False,False,False,False,54.9,1283.4,0.0,89.0,0.0,Red_NoCapacity,81.5,True,885.0,83423.0,0.011,True,1219266.0,0.056,route_maps_kashmir/FDR-289.html
R0130,Parimpora to Jehangir Chowk,SRSR02022920,RETAINED_AS_FEEDER,FDR-332,,20.711,Peri_Urban,1193.4,103.6,City_Core,41,20.5,10,5.0,0.6391,0.2186,0.75,0.4288,False,MP,35,4,0,4,0,False,,9478,136129,416,55,0.0856,OSRM,False,Year_Round,False,False,False,False,54.9,1136.1,1297.0,123.0,0.095,Amber_Under,74.8,True,1232.0,73850.0,0.017,True,1079339.0,0.066,route_maps_kashmir/FDR-332.html
R0131,Qamarwari to Dalgate,SRSR02023013,MERGED_INTO_TRUNK,FDR-117,Private Minibus,9.495,Urban,1173.9,76.0,City_Core,18,9.0,15,7.5,0.7805,0.3731,1.25,0.5768,False,MP,35,0,0,0,0,False,,0,73927,375,40,0.0896,OSRM+JhelumBridge,False,Year_Round,False,False,False,False,54.9,520.9,0.0,89.0,0.0,Red_NoCapacity,61.0,True,886.0,33856.0,0.026,True,494825.0,0.04,route_maps_kashmir/FDR-117.html
R0132,Batamallo to Panthachok,SRSR02020427,MERGED_INTO_TRUNK,FDR-407,Private Minibus,17.988,Peri_Urban,1642.6,89.9,Peri_Urban,35,17.5,11,5.5,0.5075,0.1257,1.25,0.3166,False,LP,35,0,0,0,0,False,,0,97927,244,29,0.0891,OSRM+JhelumBridge,False,Year_Round,False,False,False,False,54.9,986.8,0.0,145.0,0.0,Red_NoCapacity,68.0,True,1451.0,64140.0,0.023,True,937432.0,0.08,route_maps_kashmir/FDR-407.html
R0133,Soura to Jehangir Chowk,SRSR01020920,MERGED_INTO_TRUNK,FDR-122,Private Minibus,15.353,Peri_Urban,1270.2,76.8,City_Core,30,15.0,25,12.5,0.651,0.2783,1.25,0.4646,False,MP,35,0,0,0,0,False,,0,102477,428,57,0.1343,OSRM,False,Year_Round,False,False,False,False,54.9,842.2,0.0,57.0,0.0,Red_NoCapacity,61.4,True,574.0,54744.0,0.01,True,800111.0,0.048,route_maps_kashmir/FDR-122.html
R0134,Lalbazar to LD,SRSR01020522,MERGED_INTO_TRUNK,FDR-068,Private Minibus,9.308,Urban,1072.3,74.5,City_Core,18,9.0,7,3.5,1.0,0.5653,1.25,0.7827,True,HP,20,0,0,0,0,False,,0,90006,260,62,0.1081,OSRM+JhelumBridge,False,Year_Round,False,False,False,False,96.0,893.6,0.0,226.0,0.0,Red_NoCapacity,52.8,True,2257.0,58082.0,0.039,False,848890.0,0.104,route_maps_kashmir/FDR-068.html
R0135,Lalbazar to LD,SRSR01020522,MERGED_INTO_TRUNK,FDR-068,Private Minibus,9.308,Urban,1072.3,74.5,City_Core,18,9.0,7,3.5,1.0,0.5653,1.25,0.7827,True,HP,20,0,0,0,0,False,,0,90006,260,62,0.1081,OSRM+JhelumBridge,False,Year_Round,False,False,False,False,96.0,893.6,0.0,226.0,0.0,Red_NoCapacity,52.8,True,2257.0,58082.0,0.039,False,848890.0,0.104,route_maps_kashmir/FDR-068.html
R0136,Lalbazar to LD,SRSR01020522,MERGED_INTO_TRUNK,FDR-068,Private Minibus,9.308,Urban,1072.3,74.5,City_Core,18,9.0,7,3.5,1.0,0.5653,1.25,0.7827,True,HP,20,0,0,0,0,False,,0,90006,260,62,0.1081,OSRM+JhelumBridge,False,Year_Round,False,False,False,False,96.0,893.6,0.0,226.0,0.0,Red_NoCapacity,52.8,True,2257.0,58082.0,0.039,False,848890.0,0.104,route_maps_kashmir/FDR-068.html
R0137,JVC to Batwara,SRSR02021807,RETAINED_AS_FEEDER,FDR-261,,9.500,Urban,887.2,76.0,City_Core,19,9.5,9,4.5,0.6662,0.3429,0.75,0.5046,False,MP,35,4,0,4,0,False,,5887,99772,491,56,0.2004,OSRM+JhelumBridge,False,Year_Round,False,False,False,False,54.9,804.2,1432.0,41.0,0.029,Amber_Under,81.6,True,408.0,52273.0,0.008,True,763995.0,0.041,route_maps_kashmir/FDR-261.html
R0138,Narbal to Jehangir Chowk,BGSR02020820,MERGED_INTO_TRUNK,FDR-455,Private Minibus,21.634,Peri_Urban,1698.7,108.2,City_Core,43,21.5,22,11.0,0.3814,0.1141,1.25,0.2478,False,LP,35,0,0,0,0,False,,0,94352,395,31,0.1197,OSRM,False,Year_Round,False,False,False,False,54.9,1186.8,0.0,64.0,0.0,Red_NoCapacity,77.1,True,643.0,77141.0,0.008,True,1127440.0,0.048,route_maps_kashmir/FDR-455.html
R0139,Qamarwari to Dalgate,SRSR02023013,MERGED_INTO_TRUNK,FDR-117,Private Minibus,10.254,Urban,1176.8,82.0,City_Core,20,10.0,13,6.5,0.6914,0.4298,1.25,0.5606,False,MP,35,0,0,0,0,False,,0,71998,491,40,0.2516,OSRM+JhelumBridge,False,Year_Round,False,False,False,False,54.9,562.5,0.0,23.0,0.0,Red_NoCapacity,64.0,True,235.0,36563.0,0.006,True,534380.0,0.029,route_maps_kashmir/FDR-117.html
R0140,Batamallo to Panthachowk,SRSR02020427,MERGED_INTO_TRUNK,FDR-407,Private Minibus,17.436,Peri_Urban,1539.8,87.2,Peri_Urban,34,17.0,7,3.5,0.4931,0.1253,1.25,0.3092,False,LP,35,0,0,0,0,False,,0,92763,244,29,0.0931,OSRM+JhelumBridge,False,Year_Round,False,False,False,False,54.9,956.5,0.0,132.0,0.0,Red_NoCapacity,66.6,True,1316.0,62172.0,0.021,True,908665.0,0.076,route_maps_kashmir/FDR-407.html
R0141,Batamallo to Panthachowk,SRSR02020427,MERGED_INTO_TRUNK,FDR-407,Private Minibus,17.436,Peri_Urban,1539.8,87.2,Peri_Urban,34,17.0,7,3.5,0.4931,0.1253,1.25,0.3092,False,LP,35,0,0,0,0,False,,0,92763,244,29,0.0931,OSRM+JhelumBridge,False,Year_Round,False,False,False,False,54.9,956.5,0.0,132.0,0.0,Red_NoCapacity,66.6,True,1316.0,62172.0,0.021,True,908665.0,0.076,route_maps_kashmir/FDR-407.html
R0142,Batamallo to Panthachowk,SRSR02020427,MERGED_INTO_TRUNK,FDR-407,Private Minibus,17.436,Peri_Urban,1539.8,87.2,Peri_Urban,34,17.0,7,3.5,0.4931,0.1253,1.25,0.3092,False,LP,35,0,0,0,0,False,,0,92763,244,29,0.0931,OSRM+JhelumBridge,False,Year_Round,False,False,False,False,54.9,956.5,0.0,132.0,0.0,Red_NoCapacity,66.6,True,1316.0,62172.0,0.021,True,908665.0,0.076,route_maps_kashmir/FDR-407.html
R0143,Safakadal to Jehangir Chowk,SRSR02023720,MERGED_INTO_TRUNK,FDR-575,LPV / Tempo,3.569,Urban,390.5,28.6,City_Core,7,3.5,8,4.0,1.0,0.8475,1.25,0.9238,True,HP,20,0,0,0,0,False,,0,34629,332,37,0.0803,OSRM,False,Year_Round,False,False,False,False,96.0,342.6,0.0,92.0,0.0,Red_NoCapacity,29.8,False,915.0,22271.0,0.041,False,325493.0,0.031,route_maps_kashmir/FDR-575.html
R0144,Parimpora to Chadora,SRBG02032901,MERGED_INTO_TRUNK,FDR-429,Private Minibus,32.777,Peri_Urban,1526.8,163.9,City_Core,65,32.5,11,5.5,0.1391,0.0305,1.25,0.0848,False,LP,35,0,0,0,0,False,,0,74808,288,12,0.051,OSRM,False,Year_Round,False,False,False,False,54.9,1798.1,0.0,164.0,0.0,Red_NoCapacity,105.0,True,1641.0,116873.0,0.014,True,1708150.0,0.052,route_maps_kashmir/FDR-429.html
R0145,Parimpora to Rangrath,SRSR02022932,MERGED_INTO_TRUNK,FDR-446,Private Minibus,19.812,Peri_Urban,981.1,99.1,City_Core,39,19.5,8,4.0,0.3899,0.1277,1.25,0.2588,False,LP,35,0,0,0,0,False,,0,87853,311,35,0.0916,OSRM,False,Year_Round,False,False,False,False,54.9,1086.8,0.0,99.0,0.0,Red_NoCapacity,72.6,True,994.0,70644.0,0.014,True,1032488.0,0.057,route_maps_kashmir/FDR-446.html
R0146,LD to Panthachowk,SRSR02022227,RETAINED_AS_FEEDER,FDR-335,,13.344,Urban,1300.1,106.8,City_Core,26,13.0,7,3.5,0.5605,0.29,0.75,0.4252,True,MP,35,5,0,5,0,False,,7147,78707,319,41,0.1668,OSRM+JhelumBridge,False,Year_Round,False,False,False,False,54.9,732.0,1573.0,60.0,0.038,Amber_Under,76.4,True,596.0,47581.0,0.013,False,695413.0,0.074,route_maps_kashmir/FDR-335.html
R0147,LD to Panthachowk,SRSR02022227,MERGED_INTO_TRUNK,FDR-335,Private Minibus,13.344,Urban,1300.1,106.8,City_Core,26,13.0,7,3.5,0.5605,0.29,1.25,0.4252,True,MP,35,0,0,0,0,False,,0,78707,319,41,0.1668,OSRM+JhelumBridge,False,Year_Round,False,False,False,False,54.9,732.0,0.0,60.0,0.0,Red_NoCapacity,76.4,True,596.0,47581.0,0.013,False,695413.0,0.074,route_maps_kashmir/FDR-335.html
R0148,LD to Panthachowk,SRSR02022227,MERGED_INTO_TRUNK,FDR-335,Private Minibus,13.344,Urban,1300.1,106.8,City_Core,26,13.0,7,3.5,0.5605,0.29,1.25,0.4252,True,MP,35,0,0,0,0,False,,0,78707,319,41,0.1668,OSRM+JhelumBridge,False,Year_Round,False,False,False,False,54.9,732.0,0.0,60.0,0.0,Red_NoCapacity,76.4,True,596.0,47581.0,0.013,False,695413.0,0.074,route_maps_kashmir/FDR-335.html
R0149,Hazratbal to Bone Joint Hospital Barzalla,SRSR01020409,RETAINED_AS_FEEDER,FDR-104,,15.276,Peri_Urban,1408.3,76.4,City_Core,30,15.0,6,3.0,0.8842,0.4849,0.75,0.6846,False,HP,20,5,0,5,0,False,,6868,132535,559,87,0.105,OSRM+JhelumBridge,False,Year_Round,False,False,False,False,96.0,1466.5,2199.0,127.0,0.058,Amber_Under,53.7,True,1273.0,95322.0,0.013,True,1393171.0,0.048,route_maps_kashmir/FDR-104.html
R0150,Hazratbal to LD,SRSR01020422,MERGED_INTO_TRUNK,FDR-147,Private Minibus,8.251,Urban,1283.5,66.0,City_Core,16,8.0,10,5.0,0.6633,0.3468,1.25,0.505,True,MP,35,0,0,0,0,False,,0,55948,208,34,0.0832,OSRM+JhelumBridge,False,Year_Round,False,False,False,False,54.9,452.6,0.0,130.0,0.0,Red_NoCapacity,56.0,True,1302.0,29421.0,0.044,False,429995.0,0.081,route_maps_kashmir/FDR-147.html
R0151,Hazratbal to LD,SRSR01020422,MERGED_INTO_TRUNK,FDR-147,Private Minibus,8.251,Urban,1283.5,66.0,City_Core,16,8.0,10,5.0,0.6633,0.3468,1.25,0.505,True,MP,35,0,0,0,0,False,,0,55948,208,34,0.0832,OSRM+JhelumBridge,False,Year_Round,False,False,False,False,54.9,452.6,0.0,130.0,0.0,Red_NoCapacity,56.0,True,1302.0,29421.0,0.044,False,429995.0,0.081,route_maps_kashmir/FDR-147.html
R0152,Batamallo to Panthachowk,SRSR02020427,MERGED_INTO_TRUNK,FDR-407,Private Minibus,17.436,Peri_Urban,1539.8,87.2,Peri_Urban,34,17.0,7,3.5,0.4931,0.1253,1.25,0.3092,False,LP,35,0,0,0,0,False,,0,92763,244,29,0.0931,OSRM+JhelumBridge,False,Year_Round,False,False,False,False,54.9,956.5,0.0,132.0,0.0,Red_NoCapacity,66.6,True,1316.0,62172.0,0.021,True,908665.0,0.076,route_maps_kashmir/FDR-407.html
R0153,Batamallo to Panthachowk,SRSR02020427,MERGED_INTO_TRUNK,FDR-407,Private Minibus,17.436,Peri_Urban,1539.8,87.2,Peri_Urban,34,17.0,7,3.5,0.4931,0.1253,1.25,0.3092,False,LP,35,0,0,0,0,False,,0,92763,244,29,0.0931,OSRM+JhelumBridge,False,Year_Round,False,False,False,False,54.9,956.5,0.0,132.0,0.0,Red_NoCapacity,66.6,True,1316.0,62172.0,0.021,True,908665.0,0.076,route_maps_kashmir/FDR-407.html
R0154,Parimpora to Chadora,SRBG02032901,MERGED_INTO_TRUNK,FDR-429,Private Minibus,24.64,Peri_Urban,1458.3,123.2,City_Core,49,24.5,8,4.0,0.626,0.2122,1.25,0.4191,False,MP,35,0,0,0,0,False,,0,159195,438,64,0.1258,OSRM,False,Year_Round,False,False,False,False,54.9,1351.7,0.0,93.0,0.0,Red_NoCapacity,84.6,True,931.0,87859.0,0.011,True,1284096.0,0.073,route_maps_kashmir/FDR-429.html
R0155,Parimpora to Panthachowk,SRSR02022927,MERGED_INTO_TRUNK,FDR-289,Private Minibus,21.307,Peri_Urban,1713.4,106.5,City_Core,42,21.0,5,2.5,0.6019,0.3276,1.25,0.4648,False,MP,35,0,0,0,0,False,,0,133241,546,73,0.2309,OSRM+JhelumBridge,False,Year_Round,False,False,False,False,54.9,1168.8,0.0,34.0,0.0,Red_NoCapacity,76.2,True,341.0,75975.0,0.004,True,1110399.0,0.049,route_maps_kashmir/FDR-289.html
R0156,Panthachowk to LD,SRSR02022722,MERGED_INTO_TRUNK,FDR-335,Private Minibus,12.905,Urban,1246.8,103.2,City_Core,25,12.5,5,2.5,0.5691,0.2984,1.25,0.4338,True,MP,35,0,0,0,0,False,,0,77073,319,41,0.163,OSRM+JhelumBridge,False,Year_Round,False,False,False,False,54.9,707.9,0.0,60.0,0.0,Red_NoCapacity,74.6,True,597.0,46016.0,0.013,False,672535.0,0.073,route_maps_kashmir/FDR-335.html
R0157,Panthachowk to LD,SRSR02022722,MERGED_INTO_TRUNK,FDR-335,Private Minibus,12.905,Urban,1246.8,103.2,City_Core,25,12.5,5,2.5,0.5691,0.2984,1.25,0.4338,True,MP,35,0,0,0,0,False,,0,77073,319,41,0.163,OSRM+JhelumBridge,False,Year_Round,False,False,False,False,54.9,707.9,0.0,60.0,0.0,Red_NoCapacity,74.6,True,597.0,46016.0,0.013,False,672535.0,0.073,route_maps_kashmir/FDR-335.html
R0158,GBS to LAL Chowk,SRSR02021523,RETAINED_AS_FEEDER,FDR-438,,2.931,Peri_Urban,234.1,14.7,City_Core,5,2.5,22,11.0,0.3008,0.2605,0.75,0.2806,False,LP,35,2,0,2,0,False,,4667,74587,463,51,0.0899,OSRM,False,Year_Round,False,False,False,False,54.9,1115.0,1323.0,58.0,0.044,Amber_Under,73.8,True,577.0,72477.0,0.008,True,1059275.0,0.032,route_maps_kashmir/FDR-438.html
R0159,Parimpora to Panthachowk,SRSR02022927,MERGED_INTO_TRUNK,FDR-289,Private Minibus,21.307,Peri_Urban,1713.4,106.5,City_Core,42,21.0,5,2.5,0.6019,0.3276,1.25,0.4648,False,MP,35,0,0,0,0,False,,0,133241,546,73,0.2309,OSRM+JhelumBridge,False,Year_Round,False,False,False,False,54.9,1168.8,0.0,34.0,0.0,Red_NoCapacity,76.2,True,341.0,75975.0,0.004,True,1110399.0,0.049,route_maps_kashmir/FDR-289.html
R0160,Parimpora to Jawahairnagar,SRSR02022919,RETAINED_AS_FEEDER,FDR-151,,12.642,Urban,1381.8,101.1,City_Core,25,12.5,12,6.0,0.8084,0.3589,0.75,0.5836,True,MP,35,4,0,4,0,False,,5821,101463,505,49,0.2019,OSRM+JhelumBridge,False,Year_Round,False,False,False,False,54.9,693.5,1329.0,40.0,0.03,Amber_Under,73.6,True,401.0,45078.0,0.009,False,658829.0,0.06,route_maps_kashmir/FDR-151.html
R0161,Qamarwari to Dalgate,SRSR02023013,MERGED_INTO_TRUNK,FDR-117,LPV / Tempo,8.844,Urban,1139.6,70.8,City_Core,17,8.5,13,6.5,0.8921,0.4147,1.25,0.6534,False,HP,20,0,0,0,0,False,,0,77329,375,42,0.096,OSRM+JhelumBridge,False,Year_Round,False,False,False,False,96.0,849.0,0.0,151.0,0.0,Red_NoCapacity,50.9,True,1514.0,55187.0,0.027,True,806573.0,0.041,route_maps_kashmir/FDR-117.html
R0162,Parimpora to Jawahairnagar,SRSR02022919,MERGED_INTO_TRUNK,FDR-151,Private Minibus,12.642,Urban,1381.8,101.1,City_Core,25,12.5,12,6.0,0.8084,0.3589,1.25,0.5836,True,MP,35,0,0,0,0,False,,0,101463,505,49,0.2019,OSRM+JhelumBridge,False,Year_Round,False,False,False,False,54.9,693.5,0.0,40.0,0.0,Red_NoCapacity,73.6,True,401.0,45078.0,0.009,False,658829.0,0.06,route_maps_kashmir/FDR-151.html
R0163,Qamarwari to Baghi Mehtab,SRSR02023003,RETAINED_AS_FEEDER,FDR-001,,16.223,Peri_Urban,1653.1,81.1,City_Core,32,16.0,30,15.0,0.7224,0.2116,0.75,0.467,False,MP,35,4,0,4,0,False,,13864,118225,247,45,0.052,OSRM+JhelumBridge,False,Year_Round,False,False,False,False,54.9,889.9,1657.0,297.0,0.179,Amber_Under,63.6,True,2966.0,57847.0,0.051,True,845450.0,0.096,route_maps_kashmir/FDR-001.html
R0164,Lalbazar to LD,SRSR01020522,MERGED_INTO_TRUNK,FDR-068,Private Minibus,9.308,Urban,1072.3,74.5,City_Core,18,9.0,7,3.5,1.0,0.5653,1.25,0.7827,True,HP,20,0,0,0,0,False,,0,90006,260,62,0.1081,OSRM+JhelumBridge,False,Year_Round,False,False,False,False,96.0,893.6,0.0,226.0,0.0,Red_NoCapacity,52.8,True,2257.0,58082.0,0.039,False,848890.0,0.104,route_maps_kashmir/FDR-068.html
R0165,Lalbazar to LD,SRSR01020522,MERGED_INTO_TRUNK,FDR-068,Private Minibus,9.308,Urban,1072.3,74.5,City_Core,18,9.0,7,3.5,1.0,0.5653,1.25,0.7827,True,HP,20,0,0,0,0,False,,0,90006,260,62,0.1081,OSRM+JhelumBridge,False,Year_Round,False,False,False,False,96.0,893.6,0.0,226.0,0.0,Red_NoCapacity,52.8,True,2257.0,58082.0,0.039,False,848890.0,0.104,route_maps_kashmir/FDR-068.html
R0166,Lalbazar to LD,SRSR01020522,MERGED_INTO_TRUNK,FDR-068,Private Minibus,9.308,Urban,1072.3,74.5,City_Core,18,9.0,7,3.5,1.0,0.5653,1.25,0.7827,True,HP,20,0,0,0,0,False,,0,90006,260,62,0.1081,OSRM+JhelumBridge,False,Year_Round,False,False,False,False,96.0,893.6,0.0,226.0,0.0,Red_NoCapacity,52.8,True,2257.0,58082.0,0.039,False,848890.0,0.104,route_maps_kashmir/FDR-068.html
R0167,Hazratbal to LD,SRSR01020422,MERGED_INTO_TRUNK,FDR-147,Private Minibus,8.251,Urban,1283.5,66.0,City_Core,16,8.0,10,5.0,0.6633,0.3468,1.25,0.505,True,MP,35,0,0,0,0,False,,0,55948,208,34,0.0832,OSRM+JhelumBridge,False,Year_Round,False,False,False,False,54.9,452.6,0.0,130.0,0.0,Red_NoCapacity,56.0,True,1302.0,29421.0,0.044,False,429995.0,0.081,route_maps_kashmir/FDR-147.html
R0168,Jehangir Chowk to Bemina,SRSR02022008,RETAINED_AS_FEEDER,FDR-176,,6.545,Urban,656.8,52.4,City_Core,13,6.5,13,6.5,0.8028,0.2853,0.75,0.544,False,MP,35,3,0,3,0,False,,3716,52214,407,20,0.1435,OSRM,False,Year_Round,False,False,False,False,54.9,359.0,1924.0,36.0,0.019,Amber_Under,49.2,True,360.0,23338.0,0.015,True,341088.0,0.026,route_maps_kashmir/FDR-176.html
R0169,Hazratbal to LD,SRSR01020422,MERGED_INTO_TRUNK,FDR-147,Private Minibus,8.251,Urban,1283.5,66.0,City_Core,16,8.0,10,5.0,0.6633,0.3468,1.25,0.505,True,MP,35,0,0,0,0,False,,0,55948,208,34,0.0832,OSRM+JhelumBridge,False,Year_Round,False,False,False,False,54.9,452.6,0.0,130.0,0.0,Red_NoCapacity,56.0,True,1302.0,29421.0,0.044,False,429995.0,0.081,route_maps_kashmir/FDR-147.html
R0170,Parimpora to Jawahirnagar,SRSR02022919,MERGED_INTO_TRUNK,FDR-151,Private Minibus,12.642,Urban,1381.8,101.1,City_Core,25,12.5,12,6.0,0.8084,0.3589,1.25,0.5836,True,MP,35,0,0,0,0,False,,0,101463,505,49,0.2019,OSRM+JhelumBridge,False,Year_Round,False,False,False,False,54.9,693.5,0.0,40.0,0.0,Red_NoCapacity,73.6,True,401.0,45078.0,0.009,False,658829.0,0.06,route_maps_kashmir/FDR-151.html
R0171,Hazratbal to LD,SRSR01020422,MERGED_INTO_TRUNK,FDR-147,Private Minibus,8.251,Urban,1283.5,66.0,City_Core,16,8.0,10,5.0,0.6633,0.3468,1.25,0.505,True,MP,35,0,0,0,0,False,,0,55948,208,34,0.0832,OSRM+JhelumBridge,False,Year_Round,False,False,False,False,54.9,452.6,0.0,130.0,0.0,Red_NoCapacity,56.0,True,1302.0,29421.0,0.044,False,429995.0,0.081,route_maps_kashmir/FDR-147.html
R0172,Hazratbal to LD,SRSR01020422,MERGED_INTO_TRUNK,FDR-147,Private Minibus,8.251,Urban,1283.5,66.0,City_Core,16,8.0,10,5.0,0.6633,0.3468,1.25,0.505,True,MP,35,0,0,0,0,False,,0,55948,208,34,0.0832,OSRM+JhelumBridge,False,Year_Round,False,False,False,False,54.9,452.6,0.0,130.0,0.0,Red_NoCapacity,56.0,True,1302.0,29421.0,0.044,False,429995.0,0.081,route_maps_kashmir/FDR-147.html
R0173,Hazratbal to LD,SRSR01020422,MERGED_INTO_TRUNK,FDR-147,Private Minibus,8.251,Urban,1283.5,66.0,City_Core,16,8.0,10,5.0,0.6633,0.3468,1.25,0.505,True,MP,35,0,0,0,0,False,,0,55948,208,34,0.0832,OSRM+JhelumBridge,False,Year_Round,False,False,False,False,54.9,452.6,0.0,130.0,0.0,Red_NoCapacity,56.0,True,1302.0,29421.0,0.044,False,429995.0,0.081,route_maps_kashmir/FDR-147.html
R0174,Parimpora to Jawahirnagar,SRSR02022919,MERGED_INTO_TRUNK,FDR-151,Private Minibus,12.642,Urban,1381.8,101.1,City_Core,25,12.5,12,6.0,0.8084,0.3589,1.25,0.5836,True,MP,35,0,0,0,0,False,,0,101463,505,49,0.2019,OSRM+JhelumBridge,False,Year_Round,False,False,False,False,54.9,693.5,0.0,40.0,0.0,Red_NoCapacity,73.6,True,401.0,45078.0,0.009,False,658829.0,0.06,route_maps_kashmir/FDR-151.html
R0175,Jehangir Chowk to Bemina,SRSR02022008,MERGED_INTO_TRUNK,FDR-176,Private Minibus,6.545,Urban,656.8,52.4,City_Core,13,6.5,13,6.5,0.8028,0.2853,1.25,0.544,False,MP,35,0,0,0,0,False,,0,52214,407,20,0.1435,OSRM,False,Year_Round,False,False,False,False,54.9,359.0,0.0,36.0,0.0,Red_NoCapacity,49.2,True,360.0,23338.0,0.015,True,341088.0,0.026,route_maps_kashmir/FDR-176.html
R0176,Batamallo to Panthachowk,SRSR02020427,MERGED_INTO_TRUNK,FDR-407,Private Minibus,17.436,Peri_Urban,1539.8,87.2,Peri_Urban,34,17.0,7,3.5,0.4931,0.1253,1.25,0.3092,False,LP,35,0,0,0,0,False,,0,92763,244,29,0.0931,OSRM+JhelumBridge,False,Year_Round,False,False,False,False,54.9,956.5,0.0,132.0,0.0,Red_NoCapacity,66.6,True,1316.0,62172.0,0.021,True,908665.0,0.076,route_maps_kashmir/FDR-407.html
R0177,Safakadal to Jehangir Chowk,SRSR02023720,MERGED_INTO_TRUNK,FDR-575,Private Minibus,3.569,Urban,390.5,28.6,City_Core,7,3.5,8,4.0,1.0,0.8475,1.25,0.9238,True,HP,20,0,0,0,0,False,,0,34629,332,37,0.0803,OSRM,False,Year_Round,False,False,False,False,96.0,342.6,0.0,92.0,0.0,Red_NoCapacity,29.8,False,915.0,22271.0,0.041,False,325493.0,0.031,route_maps_kashmir/FDR-575.html
R0178,Batamallo to Panthachowk,SRSR02020427,MERGED_INTO_TRUNK,FDR-407,Private Minibus,17.436,Peri_Urban,1539.8,87.2,Peri_Urban,34,17.0,7,3.5,0.4931,0.1253,1.25,0.3092,False,LP,35,0,0,0,0,False,,0,92763,244,29,0.0931,OSRM+JhelumBridge,False,Year_Round,False,False,False,False,54.9,956.5,0.0,132.0,0.0,Red_NoCapacity,66.6,True,1316.0,62172.0,0.021,True,908665.0,0.076,route_maps_kashmir/FDR-407.html
R0179,Parimpora to Jawahirnagar,SRSR02022919,MERGED_INTO_TRUNK,FDR-151,LPV / Tempo,12.642,Urban,1381.8,101.1,City_Core,25,12.5,12,6.0,0.8084,0.3589,1.25,0.5836,True,MP,35,0,0,0,0,False,,0,101463,505,49,0.2019,OSRM+JhelumBridge,False,Year_Round,False,False,False,False,54.9,693.5,0.0,40.0,0.0,Red_NoCapacity,73.6,True,401.0,45078.0,0.009,False,658829.0,0.06,route_maps_kashmir/FDR-151.html
R0180,Parimpora to Panthachowk,SRSR02022927,MERGED_INTO_TRUNK,FDR-289,Private Minibus,21.307,Peri_Urban,1713.4,106.5,City_Core,42,21.0,5,2.5,0.6019,0.3276,1.25,0.4648,False,MP,35,0,0,0,0,False,,0,133241,546,73,0.2309,OSRM+JhelumBridge,False,Year_Round,False,False,False,False,54.9,1168.8,0.0,34.0,0.0,Red_NoCapacity,76.2,True,341.0,75975.0,0.004,True,1110399.0,0.049,route_maps_kashmir/FDR-289.html
R0181,Hazratbal to LD,SRSR01020422,MERGED_INTO_TRUNK,FDR-147,Private Minibus,8.251,Urban,1283.5,66.0,City_Core,16,8.0,10,5.0,0.6633,0.3468,1.25,0.505,True,MP,35,0,0,0,0,False,,0,55948,208,34,0.0832,OSRM+JhelumBridge,False,Year_Round,False,False,False,False,54.9,452.6,0.0,130.0,0.0,Red_NoCapacity,56.0,True,1302.0,29421.0,0.044,False,429995.0,0.081,route_maps_kashmir/FDR-147.html
R0182,Hazratbal to LD,SRSR01020422,MERGED_INTO_TRUNK,FDR-147,Private Minibus,8.251,Urban,1283.5,66.0,City_Core,16,8.0,10,5.0,0.6633,0.3468,1.25,0.505,True,MP,35,0,0,0,0,False,,0,55948,208,34,0.0832,OSRM+JhelumBridge,False,Year_Round,False,False,False,False,54.9,452.6,0.0,130.0,0.0,Red_NoCapacity,56.0,True,1302.0,29421.0,0.044,False,429995.0,0.081,route_maps_kashmir/FDR-147.html
R0183,Batamallo to Panthachowk,SRSR02020427,MERGED_INTO_TRUNK,FDR-407,Private Minibus,17.436,Peri_Urban,1539.8,87.2,Peri_Urban,34,17.0,7,3.5,0.4931,0.1253,1.25,0.3092,False,LP,35,0,0,0,0,False,,0,92763,244,29,0.0931,OSRM+JhelumBridge,False,Year_Round,False,False,False,False,54.9,956.5,0.0,132.0,0.0,Red_NoCapacity,66.6,True,1316.0,62172.0,0.021,True,908665.0,0.076,route_maps_kashmir/FDR-407.html
R0184,Hazratbal to LD,SRSR01020422,MERGED_INTO_TRUNK,FDR-147,Private Minibus,8.251,Urban,1283.5,66.0,City_Core,16,8.0,10,5.0,0.6633,0.3468,1.25,0.505,True,MP,35,0,0,0,0,False,,0,55948,208,34,0.0832,OSRM+JhelumBridge,False,Year_Round,False,False,False,False,54.9,452.6,0.0,130.0,0.0,Red_NoCapacity,56.0,True,1302.0,29421.0,0.044,False,429995.0,0.081,route_maps_kashmir/FDR-147.html
R0185,Jehangir Chowk to HMT,SRSR02022016,MERGED_INTO_TRUNK,FDR-275,Private Minibus,10.311,Urban,654.3,82.5,City_Core,20,10.0,10,5.0,0.6674,0.2668,1.25,0.4671,False,MP,35,0,0,0,0,False,,0,70280,406,30,0.2746,OSRM,False,Year_Round,False,False,False,False,54.9,565.6,0.0,25.0,0.0,Red_NoCapacity,64.2,True,254.0,36766.0,0.007,True,537350.0,0.035,route_maps_kashmir/FDR-275.html
R0186,Qamarwari to Dalgate,SRSR02023013,MERGED_INTO_TRUNK,FDR-117,Private Minibus,8.844,Urban,1139.6,70.8,City_Core,17,8.5,13,6.5,0.8921,0.4147,1.25,0.6534,False,HP,20,0,0,0,0,False,,0,77329,375,42,0.096,OSRM+JhelumBridge,False,Year_Round,False,False,False,False,96.0,849.0,0.0,151.0,0.0,Red_NoCapacity,50.9,True,1514.0,55187.0,0.027,True,806573.0,0.041,route_maps_kashmir/FDR-117.html
R0187,Lalbazar to Lalchowk,SRSR01020523,MERGED_INTO_TRUNK,FDR-081,Private Minibus,8.433,Urban,617.5,67.5,City_Core,16,8.0,11,5.5,1.0,0.5289,1.25,0.7645,True,HP,20,0,0,0,0,False,,0,83040,489,56,0.1248,OSRM,False,Year_Round,False,False,False,False,96.0,809.6,0.0,96.0,0.0,Red_NoCapacity,49.2,True,959.0,52622.0,0.018,False,769090.0,0.051,route_maps_kashmir/FDR-081.html
R0188,Soura to Parimpora,SRSR01020929,MERGED_INTO_TRUNK,FDR-173,Private Minibus,12.314,Urban,938.7,98.5,City_Core,24,12.0,18,9.0,0.7503,0.3384,1.25,0.5444,False,MP,35,0,0,0,0,False,,0,92683,342,60,0.1454,OSRM,False,Year_Round,False,False,False,False,54.9,675.5,0.0,75.0,0.0,Red_NoCapacity,72.2,True,751.0,43908.0,0.017,True,641735.0,0.054,route_maps_kashmir/FDR-173.html
R0189,Parimpora to Panthachowk,SRSR02022927,MERGED_INTO_TRUNK,FDR-289,Private Minibus,19.86,Peri_Urban,1695.9,99.3,City_Core,39,19.5,6,3.0,0.6257,0.3002,1.25,0.463,False,MP,35,0,0,0,0,False,,0,128248,527,71,0.2305,OSRM+JhelumBridge,False,Year_Round,False,False,False,False,54.9,1089.5,0.0,34.0,0.0,Red_NoCapacity,72.6,True,340.0,70815.0,0.005,True,1034990.0,0.049,route_maps_kashmir/FDR-289.html
R0190,Hazratbal to LD,SRSR01020422,MERGED_INTO_TRUNK,FDR-147,Private Minibus,8.251,Urban,1283.5,66.0,City_Core,16,8.0,10,5.0,0.6633,0.3468,1.25,0.505,True,MP,35,0,0,0,0,False,,0,55948,208,34,0.0832,OSRM+JhelumBridge,False,Year_Round,False,False,False,False,54.9,452.6,0.0,130.0,0.0,Red_NoCapacity,56.0,True,1302.0,29421.0,0.044,False,429995.0,0.081,route_maps_kashmir/FDR-147.html
R0191,Chanapora to Soura,SRSR02011109,RETAINED_AS_FEEDER,FDR-078,,11.500,Urban,692.6,87.8,City_Core,23,11.5,6,3.0,0.9723,0.5724,0.75,0.7724,False,HP,20,6,0,6,0,False,,6785,133070,568,101,0.1296,OSRM,False,Year_Round,False,False,False,False,96.0,1354.4,2221.0,127.0,0.057,Amber_Under,68.4,True,1274.0,88034.0,0.014,True,1286650.0,0.047,route_maps_kashmir/FDR-078.html
R0192,Parimpora to Humhama,SRSR02022917,RETAINED_AS_FEEDER,FDR-191,,16.99,Peri_Urban,1011.8,84.9,City_Core,33,16.5,9,4.5,0.7618,0.3168,0.75,0.5393,False,MP,35,4,0,4,0,False,,8568,129559,438,61,0.173,OSRM,False,Year_Round,False,False,False,False,54.9,932.0,1583.0,55.0,0.035,Amber_Under,65.4,True,551.0,60581.0,0.009,True,885422.0,0.059,route_maps_kashmir/FDR-191.html
R0193,Batamallo to Panthachowk,SRSR02020427,MERGED_INTO_TRUNK,FDR-407,Private Minibus,17.436,Peri_Urban,1539.8,87.2,Peri_Urban,34,17.0,7,3.5,0.4931,0.1253,1.25,0.3092,False,LP,35,0,0,0,0,False,,0,92763,244,29,0.0931,OSRM+JhelumBridge,False,Year_Round,False,False,False,False,54.9,956.5,0.0,132.0,0.0,Red_NoCapacity,66.6,True,1316.0,62172.0,0.021,True,908665.0,0.076,route_maps_kashmir/FDR-407.html
R0194,Parimpora to Panthachowk,SRSR02022927,MERGED_INTO_TRUNK,FDR-289,Private Minibus,19.86,Peri_Urban,1695.9,99.3,City_Core,39,19.5,6,3.0,0.6257,0.3002,1.25,0.463,False,MP,35,0,0,0,0,False,,0,128248,527,71,0.2305,OSRM+JhelumBridge,False,Year_Round,False,False,False,False,54.9,1089.5,0.0,34.0,0.0,Red_NoCapacity,72.6,True,340.0,70815.0,0.005,True,1034990.0,0.049,route_maps_kashmir/FDR-289.html
R0195,Safakadal to Jehangir Chowk,SRSR02023720,MERGED_INTO_TRUNK,FDR-575,Private Minibus,3.149,Urban,218.7,25.2,City_Core,6,3.0,2,1.0,1.0,0.9025,1.25,0.9512,True,HP,20,0,0,0,0,False,,0,32077,332,34,0.085,OSRM,False,Year_Round,False,False,False,False,96.0,302.3,0.0,80.0,0.0,Red_NoCapacity,28.1,False,801.0,19650.0,0.041,False,287189.0,0.029,route_maps_kashmir/FDR-575.html
R0196,Soura to Ganderbal,SRGB01010903,MERGED_INTO_TRUNK,FDR-481,Private Minibus,9.86,Urban,959.3,78.9,City_Core,19,9.5,6,3.0,0.2779,0.1597,1.25,0.2188,False,LP,35,0,0,0,0,False,,0,34248,108,20,0.0205,OSRM,False,Year_Round,False,False,False,False,54.9,540.9,0.0,623.0,0.0,Red_NoCapacity,62.4,True,6230.0,35158.0,0.177,True,513847.0,0.064,route_maps_kashmir/FDR-481.html
R0197,Jehangir Chowk to Budgam,SRBG02022003,MERGED_INTO_TRUNK,FDR-467,Private Minibus,45.581,Regional_District,2755.2,136.7,City_Core,91,45.5,9,4.5,0.3314,0.14,1.25,0.2357,False,LP,35,0,0,0,0,False,,0,179264,503,78,0.1092,OSRM,False,Year_Round,False,False,False,False,54.9,2500.4,0.0,79.0,0.0,Red_NoCapacity,91.4,True,789.0,162529.0,0.005,True,2375421.0,0.071,route_maps_kashmir/FDR-467.html
R0198,Jehangir Chowk to HMT,SRSR02022016,MERGED_INTO_TRUNK,FDR-275,Private Minibus,10.311,Urban,654.3,82.5,City_Core,20,10.0,10,5.0,0.6674,0.2668,1.25,0.4671,False,MP,35,0,0,0,0,False,,0,70280,406,30,0.2746,OSRM,False,Year_Round,False,False,False,False,54.9,565.6,0.0,25.0,0.0,Red_NoCapacity,64.2,True,254.0,36766.0,0.007,True,537350.0,0.035,route_maps_kashmir/FDR-275.html
R0199,Jehangir Chowk to Budgam,SRBG02022003,MERGED_INTO_TRUNK,FDR-467,Private Minibus,45.581,Regional_District,2755.2,136.7,City_Core,91,45.5,9,4.5,0.3314,0.14,1.25,0.2357,False,LP,35,0,0,0,0,False,,0,179264,503,78,0.1092,OSRM,False,Year_Round,False,False,False,False,54.9,2500.4,0.0,79.0,0.0,Red_NoCapacity,91.4,True,789.0,162529.0,0.005,True,2375421.0,0.071,route_maps_kashmir/FDR-467.html
R0200,Soura to Jehangir Chowk,SRSR01020920,MERGED_INTO_TRUNK,FDR-122,Private Minibus,9.676,Urban,786.9,77.4,City_Core,19,9.5,10,5.0,0.9581,0.6758,1.25,0.8169,True,HP,20,0,0,0,0,False,,0,90081,439,86,0.1034,OSRM,False,Year_Round,False,False,False,False,96.0,928.9,0.0,140.0,0.0,Red_NoCapacity,54.2,True,1399.0,60378.0,0.023,False,882451.0,0.062,route_maps_kashmir/FDR-122.html
R0201,Hazratbal to LD,SRSR01020422,MERGED_INTO_TRUNK,FDR-147,Private Minibus,8.251,Urban,1283.5,66.0,City_Core,16,8.0,10,5.0,0.6633,0.3468,1.25,0.505,True,MP,35,0,0,0,0,False,,0,55948,208,34,0.0832,OSRM+JhelumBridge,False,Year_Round,False,False,False,False,54.9,452.6,0.0,130.0,0.0,Red_NoCapacity,56.0,True,1302.0,29421.0,0.044,False,429995.0,0.081,route_maps_kashmir/FDR-147.html
R0202,Parimpora to Panthachowk,SRSR02022927,MERGED_INTO_TRUNK,FDR-289,Private Minibus,21.307,Peri_Urban,1713.4,106.5,City_Core,42,21.0,5,2.5,0.6019,0.3276,1.25,0.4648,False,MP,35,0,0,0,0,False,,0,133241,546,73,0.2309,OSRM+JhelumBridge,False,Year_Round,False,False,False,False,54.9,1168.8,0.0,34.0,0.0,Red_NoCapacity,76.2,True,341.0,75975.0,0.004,True,1110399.0,0.049,route_maps_kashmir/FDR-289.html
R0203,Hazratbal to LD,SRSR01020422,MERGED_INTO_TRUNK,FDR-147,Private Minibus,8.251,Urban,1283.5,66.0,City_Core,16,8.0,10,5.0,0.6633,0.3468,1.25,0.505,True,MP,35,0,0,0,0,False,,0,55948,208,34,0.0832,OSRM+JhelumBridge,False,Year_Round,False,False,False,False,54.9,452.6,0.0,130.0,0.0,Red_NoCapacity,56.0,True,1302.0,29421.0,0.044,False,429995.0,0.081,route_maps_kashmir/FDR-147.html
R0204,LD to Pampore,SRPW02022202,RETAINED_AS_FEEDER,FDR-341,,15.854,Peri_Urban,1392.5,79.3,City_Core,31,15.5,6,3.0,0.5585,0.2798,0.75,0.4192,True,MP,35,4,0,4,0,False,,8466,93243,319,50,0.1491,OSRM+JhelumBridge,False,Year_Round,False,False,False,False,54.9,869.7,1695.0,63.0,0.037,Amber_Under,62.6,True,632.0,56531.0,0.011,False,826220.0,0.088,route_maps_kashmir/FDR-341.html
R0205,Batmaloo to Dalgate,SRSR02020613,RETAINED_AS_FEEDER,FDR-080,,3.500,Urban,593.0,28.0,City_Core,7,3.5,11,5.5,0.8038,0.7363,0.75,0.77,False,HP,20,3,0,3,0,False,,2668,42851,465,35,0.2552,OSRM+JhelumBridge,False,Year_Round,False,False,False,False,96.0,515.1,3133.0,25.0,0.008,Amber_Under,37.0,False,254.0,33484.0,0.008,True,489379.0,0.018,route_maps_kashmir/FDR-080.html
R0206,Parimpora to Panthachowk,SRSR02022927,MERGED_INTO_TRUNK,FDR-289,Private Minibus,19.86,Peri_Urban,1695.9,99.3,City_Core,39,19.5,6,3.0,0.6257,0.3002,1.25,0.463,False,MP,35,0,0,0,0,False,,0,128248,527,71,0.2305,OSRM+JhelumBridge,False,Year_Round,False,False,False,False,54.9,1089.5,0.0,34.0,0.0,Red_NoCapacity,72.6,True,340.0,70815.0,0.005,True,1034990.0,0.049,route_maps_kashmir/FDR-289.html
R0207,Lalbazar to Lalchowk,SRSR01020523,MERGED_INTO_TRUNK,FDR-081,LPV / Tempo,8.433,Urban,617.5,67.5,City_Core,16,8.0,11,5.5,1.0,0.5289,1.25,0.7645,True,HP,20,0,0,0,0,False,,0,83040,489,56,0.1248,OSRM,False,Year_Round,False,False,False,False,96.0,809.6,0.0,96.0,0.0,Red_NoCapacity,49.2,True,959.0,52622.0,0.018,False,769090.0,0.051,route_maps_kashmir/FDR-081.html
R0208,Safakadal to Jehangir Chowk,SRSR02023720,MERGED_INTO_TRUNK,FDR-575,Private Minibus,3.149,Urban,218.7,25.2,City_Core,6,3.0,2,1.0,1.0,0.9025,1.25,0.9512,True,HP,20,0,0,0,0,False,,0,32077,332,34,0.085,OSRM,False,Year_Round,False,False,False,False,96.0,302.3,0.0,80.0,0.0,Red_NoCapacity,28.1,False,801.0,19650.0,0.041,False,287189.0,0.029,route_maps_kashmir/FDR-575.html
R0209,Jehangir Chowk to Budgam,SRBG02022003,MERGED_INTO_TRUNK,FDR-467,Private Minibus,45.581,Regional_District,2755.2,136.7,City_Core,91,45.5,9,4.5,0.3314,0.14,1.25,0.2357,False,LP,35,0,0,0,0,False,,0,179264,503,78,0.1092,OSRM,False,Year_Round,False,False,False,False,54.9,2500.4,0.0,79.0,0.0,Red_NoCapacity,91.4,True,789.0,162529.0,0.005,True,2375421.0,0.071,route_maps_kashmir/FDR-467.html
R0210,Parimpora to Panthachowk,SRSR02022927,MERGED_INTO_TRUNK,FDR-289,LPV / Tempo,21.307,Peri_Urban,1713.4,106.5,City_Core,42,21.0,5,2.5,0.6019,0.3276,1.25,0.4648,False,MP,35,0,0,0,0,False,,0,133241,546,73,0.2309,OSRM+JhelumBridge,False,Year_Round,False,False,False,False,54.9,1168.8,0.0,34.0,0.0,Red_NoCapacity,76.2,True,341.0,75975.0,0.004,True,1110399.0,0.049,route_maps_kashmir/FDR-289.html
R0211,Safakadal to Jehangir Chowk,SRSR02023720,MERGED_INTO_TRUNK,FDR-575,Private Minibus,3.149,Urban,218.7,25.2,City_Core,6,3.0,2,1.0,1.0,0.9025,1.25,0.9512,True,HP,20,0,0,0,0,False,,0,32077,332,34,0.085,OSRM,False,Year_Round,False,False,False,False,96.0,302.3,0.0,80.0,0.0,Red_NoCapacity,28.1,False,801.0,19650.0,0.041,False,287189.0,0.029,route_maps_kashmir/FDR-575.html
R0212,Hazratbal to LD,SRSR01020422,MERGED_INTO_TRUNK,FDR-147,LPV / Tempo,8.251,Urban,1283.5,66.0,City_Core,16,8.0,10,5.0,0.6633,0.3468,1.25,0.505,True,MP,35,0,0,0,0,False,,0,55948,208,34,0.0832,OSRM+JhelumBridge,False,Year_Round,False,False,False,False,54.9,452.6,0.0,130.0,0.0,Red_NoCapacity,56.0,True,1302.0,29421.0,0.044,False,429995.0,0.081,route_maps_kashmir/FDR-147.html
R0213,HMT to Jehangir Chowk,SRSR02021620,MERGED_INTO_TRUNK,FDR-275,Private Minibus,10.261,Urban,743.4,82.1,City_Core,20,10.0,10,5.0,0.6345,0.1759,1.25,0.4052,False,MP,35,0,0,0,0,False,,0,67042,419,20,0.1224,OSRM,False,Year_Round,False,False,False,False,54.9,562.9,0.0,53.0,0.0,Red_NoCapacity,64.0,True,526.0,36588.0,0.014,True,534745.0,0.032,route_maps_kashmir/FDR-275.html
R0214,Narbal to Jehangir Chowk,BGSR02020820,MERGED_INTO_TRUNK,FDR-455,Private Minibus,21.634,Peri_Urban,1698.7,108.2,City_Core,43,21.5,22,11.0,0.3814,0.1141,1.25,0.2478,False,LP,35,0,0,0,0,False,,0,94352,395,31,0.1197,OSRM,False,Year_Round,False,False,False,False,54.9,1186.8,0.0,64.0,0.0,Red_NoCapacity,77.1,True,643.0,77141.0,0.008,True,1127440.0,0.048,route_maps_kashmir/FDR-455.html
R0215,"Hazratbal, Lalbazar",SRSR02022941,RETAINED_AS_FEEDER,FDR-160,,6.356,Urban,532.2,50.8,City_Core,12,6.0,5,2.5,0.8359,0.3009,0.75,0.5684,False,MP,35,3,0,0,3,False,,6671,72765,316,40,0.149,OSRM+JhelumBridge,False,Year_Round,False,False,False,False,54.9,483.2,1089.0,62.0,0.057,Amber_Under,58.2,True,622.0,31407.0,0.02,True,459023.0,0.046,route_maps_kashmir/FDR-160.html
R0216,Hazratbal to LD,SRSR01020422,MERGED_INTO_TRUNK,FDR-147,Private Minibus,8.251,Urban,1283.5,66.0,City_Core,16,8.0,10,5.0,0.6633,0.3468,1.25,0.505,True,MP,35,0,0,0,0,False,,0,55948,208,34,0.0832,OSRM+JhelumBridge,False,Year_Round,False,False,False,False,54.9,452.6,0.0,130.0,0.0,Red_NoCapacity,56.0,True,1302.0,29421.0,0.044,False,429995.0,0.081,route_maps_kashmir/FDR-147.html
R0217,Hazratbal to LD,SRSR01020422,MERGED_INTO_TRUNK,FDR-147,LPV / Tempo,8.251,Urban,1283.5,66.0,City_Core,16,8.0,10,5.0,0.6633,0.3468,1.25,0.505,True,MP,35,0,0,0,0,False,,0,55948,208,34,0.0832,OSRM+JhelumBridge,False,Year_Round,False,False,False,False,54.9,452.6,0.0,130.0,0.0,Red_NoCapacity,56.0,True,1302.0,29421.0,0.044,False,429995.0,0.081,route_maps_kashmir/FDR-147.html
R0218,Batamallo to Panthachowk,SRSR02020427,MERGED_INTO_TRUNK,FDR-407,Private Minibus,17.436,Peri_Urban,1539.8,87.2,Peri_Urban,34,17.0,7,3.5,0.4931,0.1253,1.25,0.3092,False,LP,35,0,0,0,0,False,,0,92763,244,29,0.0931,OSRM+JhelumBridge,False,Year_Round,False,False,False,False,54.9,956.5,0.0,132.0,0.0,Red_NoCapacity,66.6,True,1316.0,62172.0,0.021,True,908665.0,0.076,route_maps_kashmir/FDR-407.html
R0219,Jehangir Chowk to JVC,SRSR02022018,MERGED_INTO_TRUNK,FDR-269,Private Minibus,8.334,Urban,646.4,66.7,City_Core,16,8.0,15,7.5,0.696,0.322,1.25,0.509,False,MP,35,0,0,0,0,False,,0,58845,380,27,0.1905,OSRM,False,Year_Round,False,False,False,False,54.9,457.2,0.0,33.0,0.0,Red_NoCapacity,56.4,True,327.0,29717.0,0.011,True,434320.0,0.031,route_maps_kashmir/FDR-269.html
R0220,Jehangir Chowk to Bemina,SRSR02022008,MERGED_INTO_TRUNK,FDR-176,Private Minibus,6.545,Urban,656.8,52.4,City_Core,13,6.5,13,6.5,0.8028,0.2853,1.25,0.544,False,MP,35,0,0,0,0,False,,0,52214,407,20,0.1435,OSRM,False,Year_Round,False,False,False,False,54.9,359.0,0.0,36.0,0.0,Red_NoCapacity,49.2,True,360.0,23338.0,0.015,True,341088.0,0.026,route_maps_kashmir/FDR-176.html
R0221,Hazratbal to LD,SRSR01020422,MERGED_INTO_TRUNK,FDR-147,Private Minibus,8.251,Urban,1283.5,66.0,City_Core,16,8.0,10,5.0,0.6633,0.3468,1.25,0.505,True,MP,35,0,0,0,0,False,,0,55948,208,34,0.0832,OSRM+JhelumBridge,False,Year_Round,False,False,False,False,54.9,452.6,0.0,130.0,0.0,Red_NoCapacity,56.0,True,1302.0,29421.0,0.044,False,429995.0,0.081,route_maps_kashmir/FDR-147.html
R0222,LD to Pampore,SRPW02022202,MERGED_INTO_TRUNK,FDR-341,Private Minibus,15.854,Peri_Urban,1392.5,79.3,City_Core,31,15.5,6,3.0,0.5585,0.2798,1.25,0.4192,True,MP,35,0,0,0,0,False,,0,93243,319,50,0.1491,OSRM+JhelumBridge,False,Year_Round,False,False,False,False,54.9,869.7,0.0,63.0,0.0,Red_NoCapacity,62.6,True,632.0,56531.0,0.011,False,826220.0,0.088,route_maps_kashmir/FDR-341.html
R0223,Hazratbal to LD,SRSR01020422,MERGED_INTO_TRUNK,FDR-147,Private Minibus,8.251,Urban,1283.5,66.0,City_Core,16,8.0,10,5.0,0.6633,0.3468,1.25,0.505,True,MP,35,0,0,0,0,False,,0,55948,208,34,0.0832,OSRM+JhelumBridge,False,Year_Round,False,False,False,False,54.9,452.6,0.0,130.0,0.0,Red_NoCapacity,56.0,True,1302.0,29421.0,0.044,False,429995.0,0.081,route_maps_kashmir/FDR-147.html
R0224,Parimpora to Jawahirnagar,SRSR02022919,MERGED_INTO_TRUNK,FDR-151,Private Minibus,12.642,Urban,1381.8,101.1,City_Core,25,12.5,12,6.0,0.8084,0.3589,1.25,0.5836,True,MP,35,0,0,0,0,False,,0,101463,505,49,0.2019,OSRM+JhelumBridge,False,Year_Round,False,False,False,False,54.9,693.5,0.0,40.0,0.0,Red_NoCapacity,73.6,True,401.0,45078.0,0.009,False,658829.0,0.06,route_maps_kashmir/FDR-151.html
R0225,Hazratbal to LD,SRSR01020422,MERGED_INTO_TRUNK,FDR-147,Private Minibus,8.251,Urban,1283.5,66.0,City_Core,16,8.0,10,5.0,0.6633,0.3468,1.25,0.505,True,MP,35,0,0,0,0,False,,0,55948,208,34,0.0832,OSRM+JhelumBridge,False,Year_Round,False,False,False,False,54.9,452.6,0.0,130.0,0.0,Red_NoCapacity,56.0,True,1302.0,29421.0,0.044,False,429995.0,0.081,route_maps_kashmir/FDR-147.html
R0226,Jehangir Chowk to Bemina,SRSR02022008,MERGED_INTO_TRUNK,FDR-176,Private Minibus,6.545,Urban,656.8,52.4,City_Core,13,6.5,13,6.5,0.8028,0.2853,1.25,0.544,False,MP,35,0,0,0,0,False,,0,52214,407,20,0.1435,OSRM,False,Year_Round,False,False,False,False,54.9,359.0,0.0,36.0,0.0,Red_NoCapacity,49.2,True,360.0,23338.0,0.015,True,341088.0,0.026,route_maps_kashmir/FDR-176.html
R0227,Parimpora to Panthachowk,SRSR02022927,MERGED_INTO_TRUNK,FDR-289,Private Minibus,21.307,Peri_Urban,1713.4,106.5,City_Core,42,21.0,5,2.5,0.6019,0.3276,1.25,0.4648,False,MP,35,0,0,0,0,False,,0,133241,546,73,0.2309,OSRM+JhelumBridge,False,Year_Round,False,False,False,False,54.9,1168.8,0.0,34.0,0.0,Red_NoCapacity,76.2,True,341.0,75975.0,0.004,True,1110399.0,0.049,route_maps_kashmir/FDR-289.html
R0228,Hazratbal to LD,SRSR01020422,MERGED_INTO_TRUNK,FDR-147,Private Minibus,8.251,Urban,1283.5,66.0,City_Core,16,8.0,10,5.0,0.6633,0.3468,1.25,0.505,True,MP,35,0,0,0,0,False,,0,55948,208,34,0.0832,OSRM+JhelumBridge,False,Year_Round,False,False,False,False,54.9,452.6,0.0,130.0,0.0,Red_NoCapacity,56.0,True,1302.0,29421.0,0.044,False,429995.0,0.081,route_maps_kashmir/FDR-147.html
R0229,Soura to Hazratbal,SRSR01010904,MERGED_INTO_TRUNK,TRK-031,Private Minibus,8.337,Urban,1248.4,66.7,City_Core,16,8.0,6,3.0,0.7069,0.4192,1.25,0.5631,False,MP,35,0,0,0,0,False,,0,59647,163,41,0.0333,OSRM+JhelumBridge,False,Year_Round,False,False,False,False,54.9,457.3,0.0,443.0,0.0,Red_NoCapacity,56.4,True,4426.0,29727.0,0.149,True,434477.0,0.073,route_maps_kashmir/TRK-031.html
R0230,Parimpora to Hazratbal,SRSR02012904,MERGED_INTO_TRUNK,FDR-271,LPV / Tempo,16.104,Peri_Urban,1713.6,80.5,City_Core,32,16.0,22,11.0,0.6966,0.251,1.25,0.4738,False,MP,35,0,0,0,0,False,,0,113789,383,53,0.0918,OSRM+JhelumBridge,False,Year_Round,False,False,False,False,54.9,883.4,0.0,104.0,0.0,Red_NoCapacity,63.2,True,1043.0,57422.0,0.018,True,839248.0,0.06,route_maps_kashmir/FDR-271.html
R0231,Parimpora to Humhama,SRSR02022917,MERGED_INTO_TRUNK,FDR-191,Private Minibus,16.99,Peri_Urban,1011.8,84.9,City_Core,33,16.5,9,4.5,0.7618,0.3168,1.25,0.5393,False,MP,35,0,0,0,0,False,,0,129559,438,61,0.173,OSRM,False,Year_Round,False,False,False,False,54.9,932.0,0.0,55.0,0.0,Red_NoCapacity,65.4,True,551.0,60581.0,0.009,True,885422.0,0.059,route_maps_kashmir/FDR-191.html
R0232,Parimpora to Humhama,SRSR02022917,MERGED_INTO_TRUNK,FDR-191,LPV / Tempo,16.99,Peri_Urban,1011.8,84.9,City_Core,33,16.5,9,4.5,0.7618,0.3168,1.25,0.5393,False,MP,35,0,0,0,0,False,,0,129559,438,61,0.173,OSRM,False,Year_Round,False,False,False,False,54.9,932.0,0.0,55.0,0.0,Red_NoCapacity,65.4,True,551.0,60581.0,0.009,True,885422.0,0.059,route_maps_kashmir/FDR-191.html
R0233,Parimpora to Humhama,SRSR02022917,MERGED_INTO_TRUNK,FDR-191,Private Minibus,16.99,Peri_Urban,1011.8,84.9,City_Core,33,16.5,9,4.5,0.7618,0.3168,1.25,0.5393,False,MP,35,0,0,0,0,False,,0,129559,438,61,0.173,OSRM,False,Year_Round,False,False,False,False,54.9,932.0,0.0,55.0,0.0,Red_NoCapacity,65.4,True,551.0,60581.0,0.009,True,885422.0,0.059,route_maps_kashmir/FDR-191.html
R0234,LD to Parimpora,SRSR02022229,RETAINED_AS_FEEDER,FDR-201,,8.500,Urban,545.1,68.0,City_Core,17,8.5,8,4.0,0.7554,0.2782,0.75,0.5168,True,MP,35,3,0,3,0,False,,4532,79042,505,32,0.2627,OSRM,False,Year_Round,False,False,False,False,54.9,572.7,1610.0,24.0,0.015,Amber_Under,64.8,True,240.0,37226.0,0.006,False,544073.0,0.047,route_maps_kashmir/FDR-201.html
R0235,Parimpora to Humhama,SRSR02022917,MERGED_INTO_TRUNK,FDR-191,Private Minibus,16.99,Peri_Urban,1011.8,84.9,City_Core,33,16.5,9,4.5,0.7618,0.3168,1.25,0.5393,False,MP,35,0,0,0,0,False,,0,129559,438,61,0.173,OSRM,False,Year_Round,False,False,False,False,54.9,932.0,0.0,55.0,0.0,Red_NoCapacity,65.4,True,551.0,60581.0,0.009,True,885422.0,0.059,route_maps_kashmir/FDR-191.html
R0236,Jehangir Chowk to Bemina,SRSR02022008,MERGED_INTO_TRUNK,FDR-176,LPV / Tempo,6.545,Urban,656.8,52.4,City_Core,13,6.5,13,6.5,0.8028,0.2853,1.25,0.544,False,MP,35,0,0,0,0,False,,0,52214,407,20,0.1435,OSRM,False,Year_Round,False,False,False,False,54.9,359.0,0.0,36.0,0.0,Red_NoCapacity,49.2,True,360.0,23338.0,0.015,True,341088.0,0.026,route_maps_kashmir/FDR-176.html
R0237,Parimpora to Hazratbal,SRSR02012904,MERGED_INTO_TRUNK,FDR-271,Private Minibus,16.104,Peri_Urban,1713.6,80.5,City_Core,32,16.0,22,11.0,0.6966,0.251,1.25,0.4738,False,MP,35,0,0,0,0,False,,0,113789,383,53,0.0918,OSRM+JhelumBridge,False,Year_Round,False,False,False,False,54.9,883.4,0.0,104.0,0.0,Red_NoCapacity,63.2,True,1043.0,57422.0,0.018,True,839248.0,0.06,route_maps_kashmir/FDR-271.html
R0238,Soura to Dalgate,SRSR01020913,RETAINED_AS_FEEDER,FDR-096,,7.000,Urban,727.1,56.0,City_Core,14,7.0,8,4.0,0.8014,0.6364,0.75,0.7189,False,HP,20,4,0,0,4,False,,5182,93551,523,88,0.142,OSRM+JhelumBridge,False,Year_Round,False,False,False,False,96.0,1127.5,1226.0,89.0,0.072,Amber_Under,62.5,True,888.0,73289.0,0.012,True,1071144.0,0.036,route_maps_kashmir/FDR-096.html
R0239,Soura to Jehangir Chowk,SRSR01020920,MERGED_INTO_TRUNK,FDR-122,LPV / Tempo,9.676,Urban,786.9,77.4,City_Core,19,9.5,10,5.0,0.9581,0.6758,1.25,0.8169,True,HP,20,0,0,0,0,False,,0,90081,439,86,0.1034,OSRM,False,Year_Round,False,False,False,False,96.0,928.9,0.0,140.0,0.0,Red_NoCapacity,54.2,True,1399.0,60378.0,0.023,False,882451.0,0.062,route_maps_kashmir/FDR-122.html
R0240,Jehangir Chowk to HMT,SRSR02022016,MERGED_INTO_TRUNK,FDR-275,LPV / Tempo,10.311,Urban,654.3,82.5,City_Core,20,10.0,10,5.0,0.6674,0.2668,1.25,0.4671,False,MP,35,0,0,0,0,False,,0,70280,406,30,0.2746,OSRM,False,Year_Round,False,False,False,False,54.9,565.6,0.0,25.0,0.0,Red_NoCapacity,64.2,True,254.0,36766.0,0.007,True,537350.0,0.035,route_maps_kashmir/FDR-275.html
R0241,Hazratbal to LD,SRSR01020422,MERGED_INTO_TRUNK,FDR-147,LPV / Tempo,8.251,Urban,1283.5,66.0,City_Core,16,8.0,10,5.0,0.6633,0.3468,1.25,0.505,True,MP,35,0,0,0,0,False,,0,55948,208,34,0.0832,OSRM+JhelumBridge,False,Year_Round,False,False,False,False,54.9,452.6,0.0,130.0,0.0,Red_NoCapacity,56.0,True,1302.0,29421.0,0.044,False,429995.0,0.081,route_maps_kashmir/FDR-147.html
R0242,Hazratbal to LD,SRSR01020422,MERGED_INTO_TRUNK,FDR-147,Private Minibus,8.251,Urban,1283.5,66.0,City_Core,16,8.0,10,5.0,0.6633,0.3468,1.25,0.505,True,MP,35,0,0,0,0,False,,0,55948,208,34,0.0832,OSRM+JhelumBridge,False,Year_Round,False,False,False,False,54.9,452.6,0.0,130.0,0.0,Red_NoCapacity,56.0,True,1302.0,29421.0,0.044,False,429995.0,0.081,route_maps_kashmir/FDR-147.html
R0243,Parimpora to Humhama,SRSR02022917,MERGED_INTO_TRUNK,FDR-191,LPV / Tempo,16.99,Peri_Urban,1011.8,84.9,City_Core,33,16.5,9,4.5,0.7618,0.3168,1.25,0.5393,False,MP,35,0,0,0,0,False,,0,129559,438,61,0.173,OSRM,False,Year_Round,False,False,False,False,54.9,932.0,0.0,55.0,0.0,Red_NoCapacity,65.4,True,551.0,60581.0,0.009,True,885422.0,0.059,route_maps_kashmir/FDR-191.html
R0244,Parimpora to Panthachowk,SRSR02022927,MERGED_INTO_TRUNK,FDR-289,LPV / Tempo,21.307,Peri_Urban,1713.4,106.5,City_Core,42,21.0,5,2.5,0.6019,0.3276,1.25,0.4648,False,MP,35,0,0,0,0,False,,0,133241,546,73,0.2309,OSRM+JhelumBridge,False,Year_Round,False,False,False,False,54.9,1168.8,0.0,34.0,0.0,Red_NoCapacity,76.2,True,341.0,75975.0,0.004,True,1110399.0,0.049,route_maps_kashmir/FDR-289.html
R0245,Soura to Jehangir Chowk,SRSR01020920,MERGED_INTO_TRUNK,FDR-122,LPV / Tempo,9.676,Urban,786.9,77.4,City_Core,19,9.5,10,5.0,0.9581,0.6758,1.25,0.8169,True,HP,20,0,0,0,0,False,,0,90081,439,86,0.1034,OSRM,False,Year_Round,False,False,False,False,96.0,928.9,0.0,140.0,0.0,Red_NoCapacity,54.2,True,1399.0,60378.0,0.023,False,882451.0,0.062,route_maps_kashmir/FDR-122.html
R0246,Jehangir Chowk to Bemina,SRSR02022008,MERGED_INTO_TRUNK,FDR-176,LPV / Tempo,6.545,Urban,656.8,52.4,City_Core,13,6.5,13,6.5,0.8028,0.2853,1.25,0.544,False,MP,35,0,0,0,0,False,,0,52214,407,20,0.1435,OSRM,False,Year_Round,False,False,False,False,54.9,359.0,0.0,36.0,0.0,Red_NoCapacity,49.2,True,360.0,23338.0,0.015,True,341088.0,0.026,route_maps_kashmir/FDR-176.html
R0247,Soura to Chuntwaliwar,SRSR01020912,UPGRADED_TO_TRUNK,TRK-032,,5.78,Urban,411.7,46.2,City_Core,11,5.5,4,2.0,1.0,0.6545,1.25,0.8272,False,HP,20,4,0,4,0,False,,11261,59482,153,53,0.1183,OSRM,False,Year_Round,False,True,True,False,96.0,554.9,2909.0,232.0,0.08,Amber_Under,38.6,False,2316.0,36067.0,0.064,True,527136.0,0.078,route_maps_kashmir/TRK-032.html
R0248,Jehangir Chowk to HMT,SRSR02022016,MERGED_INTO_TRUNK,FDR-275,Private Minibus,10.311,Urban,654.3,82.5,City_Core,20,10.0,10,5.0,0.6674,0.2668,1.25,0.4671,False,MP,35,0,0,0,0,False,,0,70280,406,30,0.2746,OSRM,False,Year_Round,False,False,False,False,54.9,565.6,0.0,25.0,0.0,Red_NoCapacity,64.2,True,254.0,36766.0,0.007,True,537350.0,0.035,route_maps_kashmir/FDR-275.html
R0249,Jehangir Chowk to JVC,SRSR02022018,MERGED_INTO_TRUNK,FDR-269,Private Minibus,8.334,Urban,646.4,66.7,City_Core,16,8.0,15,7.5,0.696,0.322,1.25,0.509,False,MP,35,0,0,0,0,False,,0,58845,380,27,0.1905,OSRM,False,Year_Round,False,False,False,False,54.9,457.2,0.0,33.0,0.0,Red_NoCapacity,56.4,True,327.0,29717.0,0.011,True,434320.0,0.031,route_maps_kashmir/FDR-269.html
R0250,HMT to Jehangir Chowk,SRSR02021620,MERGED_INTO_TRUNK,FDR-275,Private Minibus,9.915,Urban,802.3,79.3,City_Core,19,9.5,20,10.0,0.6334,0.2014,1.25,0.4174,False,MP,35,0,0,0,0,False,,0,64688,395,22,0.2204,OSRM,False,Year_Round,False,False,False,False,54.9,543.9,0.0,30.0,0.0,Red_NoCapacity,62.6,True,299.0,35354.0,0.008,True,516713.0,0.033,route_maps_kashmir/FDR-275.html
R0251,Soura to Batamallo,SRSR01020904,RETAINED_AS_FEEDER,FDR-067,,11.366,Urban,831.6,90.9,City_Core,22,11.0,12,6.0,0.9798,0.5867,0.75,0.7832,False,HP,20,6,0,6,0,False,,6724,107940,465,85,0.1326,OSRM,False,Year_Round,False,False,False,False,96.0,1091.1,2218.0,123.0,0.056,Amber_Under,61.0,True,1234.0,70924.0,0.017,True,1036579.0,0.047,route_maps_kashmir/FDR-067.html
R0252,Parimpora to Humhama,SRSR02022917,MERGED_INTO_TRUNK,FDR-191,Private Minibus,16.99,Peri_Urban,1011.8,84.9,City_Core,33,16.5,9,4.5,0.7618,0.3168,1.25,0.5393,False,MP,35,0,0,0,0,False,,0,129559,438,61,0.173,OSRM,False,Year_Round,False,False,False,False,54.9,932.0,0.0,55.0,0.0,Red_NoCapacity,65.4,True,551.0,60581.0,0.009,True,885422.0,0.059,route_maps_kashmir/FDR-191.html
R0253,Jehangir Chowk to Bemina,SRSR02022008,MERGED_INTO_TRUNK,FDR-176,Private Minibus,6.545,Urban,656.8,52.4,City_Core,13,6.5,13,6.5,0.8028,0.2853,1.25,0.544,False,MP,35,0,0,0,0,False,,0,52214,407,20,0.1435,OSRM,False,Year_Round,False,False,False,False,54.9,359.0,0.0,36.0,0.0,Red_NoCapacity,49.2,True,360.0,23338.0,0.015,True,341088.0,0.026,route_maps_kashmir/FDR-176.html
R0254,Soura to Parimpora,SRSR01020929,MERGED_INTO_TRUNK,FDR-173,Private Minibus,12.845,Urban,926.8,102.8,City_Core,25,12.5,20,10.0,0.8071,0.4007,1.25,0.6039,False,HP,20,0,0,0,0,False,,0,102944,346,74,0.1583,OSRM,False,Year_Round,False,False,False,False,96.0,1233.1,0.0,132.0,0.0,Red_NoCapacity,66.9,True,1325.0,80153.0,0.017,True,1171464.0,0.06,route_maps_kashmir/FDR-173.html
R0255,Rangpora to Soura,SRSR01010809,RETAINED_AS_FEEDER,FDR-333,,4.000,Peri_Urban,327.2,20.0,City_Core,8,4.0,15,7.5,0.4833,0.3673,0.75,0.4253,False,MP,35,2,0,2,0,False,,6397,115477,523,101,0.1077,OSRM+JhelumBridge,False,Year_Round,False,False,False,False,54.9,1209.8,1523.0,66.0,0.043,Amber_Under,78.2,True,661.0,78635.0,0.008,True,1149276.0,0.044,route_maps_kashmir/FDR-333.html
R0256,Parimpora to Humhama,SRSR02022917,MERGED_INTO_TRUNK,FDR-191,Private Minibus,16.99,Peri_Urban,1011.8,84.9,City_Core,33,16.5,9,4.5,0.7618,0.3168,1.25,0.5393,False,MP,35,0,0,0,0,False,,0,129559,438,61,0.173,OSRM,False,Year_Round,False,False,False,False,54.9,932.0,0.0,55.0,0.0,Red_NoCapacity,65.4,True,551.0,60581.0,0.009,True,885422.0,0.059,route_maps_kashmir/FDR-191.html
R0257,Parimpora to Panthachowk,SRSR02022927,MERGED_INTO_TRUNK,FDR-289,Private Minibus,21.307,Peri_Urban,1713.4,106.5,City_Core,42,21.0,5,2.5,0.6019,0.3276,1.25,0.4648,False,MP,35,0,0,0,0,False,,0,133241,546,73,0.2309,OSRM+JhelumBridge,False,Year_Round,False,False,False,False,54.9,1168.8,0.0,34.0,0.0,Red_NoCapacity,76.2,True,341.0,75975.0,0.004,True,1110399.0,0.049,route_maps_kashmir/FDR-289.html
R0258,Rangpora to Soura,SRSR01010809,MERGED_INTO_TRUNK,FDR-333,Private Minibus,22.053,Peri_Urban,1804.1,110.3,City_Core,44,22.0,15,7.5,0.4833,0.3673,1.25,0.4253,False,MP,35,0,0,0,0,False,,0,115477,523,101,0.1077,OSRM+JhelumBridge,False,Year_Round,False,False,False,False,54.9,1209.8,0.0,66.0,0.0,Red_NoCapacity,78.2,True,661.0,78635.0,0.008,True,1149276.0,0.044,route_maps_kashmir/FDR-333.html
R0259,LD to Parimpora,SRSR02022229,MERGED_INTO_TRUNK,FDR-201,Private Minibus,10.44,Urban,669.5,83.5,City_Core,20,10.0,8,4.0,0.7554,0.2782,1.25,0.5168,True,MP,35,0,0,0,0,False,,0,79042,505,32,0.2627,OSRM,False,Year_Round,False,False,False,False,54.9,572.7,0.0,24.0,0.0,Red_NoCapacity,64.8,True,240.0,37226.0,0.006,False,544073.0,0.047,route_maps_kashmir/FDR-201.html
R0260,Hazratbal to LD,SRSR01020422,MERGED_INTO_TRUNK,FDR-147,Private Minibus,8.251,Urban,1283.5,66.0,City_Core,16,8.0,10,5.0,0.6633,0.3468,1.25,0.505,True,MP,35,0,0,0,0,False,,0,55948,208,34,0.0832,OSRM+JhelumBridge,False,Year_Round,False,False,False,False,54.9,452.6,0.0,130.0,0.0,Red_NoCapacity,56.0,True,1302.0,29421.0,0.044,False,429995.0,0.081,route_maps_kashmir/FDR-147.html
R0261,Hazratbal to LD,SRSR01020422,MERGED_INTO_TRUNK,FDR-147,Private Minibus,8.251,Urban,1283.5,66.0,City_Core,16,8.0,10,5.0,0.6633,0.3468,1.25,0.505,True,MP,35,0,0,0,0,False,,0,55948,208,34,0.0832,OSRM+JhelumBridge,False,Year_Round,False,False,False,False,54.9,452.6,0.0,130.0,0.0,Red_NoCapacity,56.0,True,1302.0,29421.0,0.044,False,429995.0,0.081,route_maps_kashmir/FDR-147.html
R0262,Jehangir Chowk to Panzinara,SRSR02022028,MERGED_INTO_TRUNK,FDR-401,Private Minibus,16.494,Peri_Urban,978.7,82.5,City_Core,32,16.0,12,6.0,0.4786,0.1668,1.25,0.3227,False,MP,35,0,0,0,0,False,,0,85701,406,30,0.1677,OSRM,False,Year_Round,False,False,False,False,54.9,904.8,0.0,41.0,0.0,Red_NoCapacity,64.2,True,406.0,58813.0,0.007,True,859573.0,0.042,route_maps_kashmir/FDR-401.html
R0263,LD to Budgam,SRBG02022203,RETAINED_AS_FEEDER,FDR-525,,14.000,Peri_Urban,1069.5,70.0,City_Core,28,14.0,5,2.5,0.2593,0.0815,0.75,0.1704,True,MP,35,3,0,3,0,False,,4885,72180,428,19,0.0843,OSRM,False,Year_Round,False,False,False,False,54.9,1195.0,1543.0,64.0,0.042,Amber_Under,77.4,True,645.0,77676.0,0.008,False,1135258.0,0.051,route_maps_kashmir/FDR-525.html
R0264,Batamallo to Panthachowk,SRSR02020427,MERGED_INTO_TRUNK,FDR-407,Private Minibus,17.436,Peri_Urban,1539.8,87.2,Peri_Urban,34,17.0,7,3.5,0.4931,0.1253,1.25,0.3092,False,LP,35,0,0,0,0,False,,0,92763,244,29,0.0931,OSRM+JhelumBridge,False,Year_Round,False,False,False,False,54.9,956.5,0.0,132.0,0.0,Red_NoCapacity,66.6,True,1316.0,62172.0,0.021,True,908665.0,0.076,route_maps_kashmir/FDR-407.html
R0265,Hazratbal to LD,SRSR01020422,MERGED_INTO_TRUNK,FDR-147,Private Minibus,8.251,Urban,1283.5,66.0,City_Core,16,8.0,10,5.0,0.6633,0.3468,1.25,0.505,True,MP,35,0,0,0,0,False,,0,55948,208,34,0.0832,OSRM+JhelumBridge,False,Year_Round,False,False,False,False,54.9,452.6,0.0,130.0,0.0,Red_NoCapacity,56.0,True,1302.0,29421.0,0.044,False,429995.0,0.081,route_maps_kashmir/FDR-147.html
R0266,Parimpora to Panthachowk,SRSR02022927,MERGED_INTO_TRUNK,FDR-289,Private Minibus,21.307,Peri_Urban,1713.4,106.5,City_Core,42,21.0,5,2.5,0.6019,0.3276,1.25,0.4648,False,MP,35,0,0,0,0,False,,0,133241,546,73,0.2309,OSRM+JhelumBridge,False,Year_Round,False,False,False,False,54.9,1168.8,0.0,34.0,0.0,Red_NoCapacity,76.2,True,341.0,75975.0,0.004,True,1110399.0,0.049,route_maps_kashmir/FDR-289.html
R0267,Jehangir Chowk to Budgam,SRBG02022003,MERGED_INTO_TRUNK,FDR-467,Private Minibus,45.581,Regional_District,2755.2,136.7,City_Core,91,45.5,9,4.5,0.3314,0.14,1.25,0.2357,False,LP,35,0,0,0,0,False,,0,179264,503,78,0.1092,OSRM,False,Year_Round,False,False,False,False,54.9,2500.4,0.0,79.0,0.0,Red_NoCapacity,91.4,True,789.0,162529.0,0.005,True,2375421.0,0.071,route_maps_kashmir/FDR-467.html
R0268,Narbal to Jehangir Chowk,BGSR02020820,MERGED_INTO_TRUNK,FDR-455,Private Minibus,20.672,Peri_Urban,1495.4,103.4,City_Core,41,20.5,11,5.5,0.4045,0.1263,1.25,0.2654,False,LP,35,0,0,0,0,False,,0,94252,394,34,0.136,OSRM,False,Year_Round,False,False,False,False,54.9,1134.0,0.0,57.0,0.0,Red_NoCapacity,74.7,True,567.0,73710.0,0.008,True,1077307.0,0.048,route_maps_kashmir/FDR-455.html
R0269,Jehangir Chowk to Budgam,SRBG02022003,MERGED_INTO_TRUNK,FDR-467,Private Minibus,45.581,Regional_District,2755.2,136.7,City_Core,91,45.5,9,4.5,0.3314,0.14,1.25,0.2357,False,LP,35,0,0,0,0,False,,0,179264,503,78,0.1092,OSRM,False,Year_Round,False,False,False,False,54.9,2500.4,0.0,79.0,0.0,Red_NoCapacity,91.4,True,789.0,162529.0,0.005,True,2375421.0,0.071,route_maps_kashmir/FDR-467.html
R0270,LD to Budgam,SRBG02022203,MERGED_INTO_TRUNK,FDR-525,Private Minibus,21.784,Peri_Urban,1664.2,108.9,City_Core,43,21.5,5,2.5,0.2593,0.0815,1.25,0.1704,True,MP,35,0,0,0,0,False,,0,72180,428,19,0.0843,OSRM,False,Year_Round,False,False,False,False,54.9,1195.0,0.0,64.0,0.0,Red_NoCapacity,77.4,True,645.0,77676.0,0.008,False,1135258.0,0.051,route_maps_kashmir/FDR-525.html
R0271,Rangpora to Soura,SRSR01010809,MERGED_INTO_TRUNK,FDR-333,Private Minibus,18.757,Peri_Urban,1602.8,93.8,City_Core,37,18.5,9,4.5,0.5137,0.387,1.25,0.4504,False,MP,35,0,0,0,0,False,,0,103107,271,86,0.0926,OSRM+JhelumBridge,False,Year_Round,False,False,False,False,54.9,1029.0,0.0,132.0,0.0,Red_NoCapacity,69.9,True,1324.0,66882.0,0.02,True,977508.0,0.076,route_maps_kashmir/FDR-333.html
R0272,Jehangir Chowk to HMT,SRSR02022016,MERGED_INTO_TRUNK,FDR-275,LPV / Tempo,10.311,Urban,654.3,82.5,City_Core,20,10.0,10,5.0,0.6674,0.2668,1.25,0.4671,False,MP,35,0,0,0,0,False,,0,70280,406,30,0.2746,OSRM,False,Year_Round,False,False,False,False,54.9,565.6,0.0,25.0,0.0,Red_NoCapacity,64.2,True,254.0,36766.0,0.007,True,537350.0,0.035,route_maps_kashmir/FDR-275.html
R0273,LD to Pampore,SRPW02022202,MERGED_INTO_TRUNK,FDR-341,Private Minibus,15.854,Peri_Urban,1392.5,79.3,City_Core,31,15.5,6,3.0,0.5585,0.2798,1.25,0.4192,True,MP,35,0,0,0,0,False,,0,93243,319,50,0.1491,OSRM+JhelumBridge,False,Year_Round,False,False,False,False,54.9,869.7,0.0,63.0,0.0,Red_NoCapacity,62.6,True,632.0,56531.0,0.011,False,826220.0,0.088,route_maps_kashmir/FDR-341.html
R0274,Parimpora to Pampore,SRPW02022902,RETAINED_AS_FEEDER,FDR-320,,23.817,Peri_Urban,1805.8,119.1,City_Core,47,23.5,4,2.0,0.5978,0.3169,0.75,0.4574,False,MP,35,5,0,5,0,False,,7858,148103,546,82,0.2122,OSRM+JhelumBridge,False,Year_Round,False,False,False,False,54.9,1306.5,1411.0,41.0,0.029,Amber_Under,82.6,True,412.0,84925.0,0.005,True,1241206.0,0.054,route_maps_kashmir/FDR-320.html
R0275,LD to Budgam,SRBG02022203,MERGED_INTO_TRUNK,FDR-525,Private Minibus,21.784,Peri_Urban,1664.2,108.9,City_Core,43,21.5,5,2.5,0.2593,0.0815,1.25,0.1704,True,MP,35,0,0,0,0,False,,0,72180,428,19,0.0843,OSRM,False,Year_Round,False,False,False,False,54.9,1195.0,0.0,64.0,0.0,Red_NoCapacity,77.4,True,645.0,77676.0,0.008,False,1135258.0,0.051,route_maps_kashmir/FDR-525.html
R0276,Soura to Jehangir Chowk,SRSR01020920,MERGED_INTO_TRUNK,FDR-122,Private Minibus,15.353,Peri_Urban,1270.2,76.8,City_Core,30,15.0,25,12.5,0.651,0.2783,1.25,0.4646,False,MP,35,0,0,0,0,False,,0,102477,428,57,0.1343,OSRM,False,Year_Round,False,False,False,False,54.9,842.2,0.0,57.0,0.0,Red_NoCapacity,61.4,True,574.0,54744.0,0.01,True,800111.0,0.048,route_maps_kashmir/FDR-122.html
R0277,Hazratbal to LD,SRSR01020422,MERGED_INTO_TRUNK,FDR-147,Private Minibus,8.251,Urban,1283.5,66.0,City_Core,16,8.0,10,5.0,0.6633,0.3468,1.25,0.505,True,MP,35,0,0,0,0,False,,0,55948,208,34,0.0832,OSRM+JhelumBridge,False,Year_Round,False,False,False,False,54.9,452.6,0.0,130.0,0.0,Red_NoCapacity,56.0,True,1302.0,29421.0,0.044,False,429995.0,0.081,route_maps_kashmir/FDR-147.html
R0278,Lalbazar to Lalchowk,SRSR01020523,MERGED_INTO_TRUNK,FDR-081,Private Minibus,8.433,Urban,617.5,67.5,City_Core,16,8.0,11,5.5,1.0,0.5289,1.25,0.7645,True,HP,20,0,0,0,0,False,,0,83040,489,56,0.1248,OSRM,False,Year_Round,False,False,False,False,96.0,809.6,0.0,96.0,0.0,Red_NoCapacity,49.2,True,959.0,52622.0,0.018,False,769090.0,0.051,route_maps_kashmir/FDR-081.html
R0279,LD to Budgam,SRBG02022203,MERGED_INTO_TRUNK,FDR-525,Private Minibus,21.784,Peri_Urban,1664.2,108.9,City_Core,43,21.5,5,2.5,0.2593,0.0815,1.25,0.1704,True,MP,35,0,0,0,0,False,,0,72180,428,19,0.0843,OSRM,False,Year_Round,False,False,False,False,54.9,1195.0,0.0,64.0,0.0,Red_NoCapacity,77.4,True,645.0,77676.0,0.008,False,1135258.0,0.051,route_maps_kashmir/FDR-525.html
R0280,Parimpora to Panthachowk,SRSR02022927,MERGED_INTO_TRUNK,FDR-289,LPV / Tempo,21.307,Peri_Urban,1713.4,106.5,City_Core,42,21.0,5,2.5,0.6019,0.3276,1.25,0.4648,False,MP,35,0,0,0,0,False,,0,133241,546,73,0.2309,OSRM+JhelumBridge,False,Year_Round,False,False,False,False,54.9,1168.8,0.0,34.0,0.0,Red_NoCapacity,76.2,True,341.0,75975.0,0.004,True,1110399.0,0.049,route_maps_kashmir/FDR-289.html
R0281,Rangpora to Dalgate,SRSR01020813,RETAINED_AS_FEEDER,FDR-105,,15.533,Peri_Urban,923.8,77.7,City_Core,31,15.5,11,5.5,0.7738,0.5684,0.75,0.6711,False,HP,20,5,0,5,0,False,,6648,120044,523,103,0.1107,OSRM,False,Year_Round,False,False,False,False,96.0,1491.2,2162.0,117.0,0.054,Amber_Under,54.4,True,1169.0,96926.0,0.012,True,1416610.0,0.046,route_maps_kashmir/FDR-105.html
R0282,Jehangir Chowk to Bemina,SRSR02022008,MERGED_INTO_TRUNK,FDR-176,LPV / Tempo,6.545,Urban,656.8,52.4,City_Core,13,6.5,13,6.5,0.8028,0.2853,1.25,0.544,False,MP,35,0,0,0,0,False,,0,52214,407,20,0.1435,OSRM,False,Year_Round,False,False,False,False,54.9,359.0,0.0,36.0,0.0,Red_NoCapacity,49.2,True,360.0,23338.0,0.015,True,341088.0,0.026,route_maps_kashmir/FDR-176.html
R0283,LD to Parimpora,SRSR02022229,MERGED_INTO_TRUNK,FDR-201,Private Minibus,10.44,Urban,669.5,83.5,City_Core,20,10.0,8,4.0,0.7554,0.2782,1.25,0.5168,True,MP,35,0,0,0,0,False,,0,79042,505,32,0.2627,OSRM,False,Year_Round,False,False,False,False,54.9,572.7,0.0,24.0,0.0,Red_NoCapacity,64.8,True,240.0,37226.0,0.006,False,544073.0,0.047,route_maps_kashmir/FDR-201.html
R0284,Parimpora to Panthachowk,SRSR02022927,MERGED_INTO_TRUNK,FDR-289,Private Minibus,21.307,Peri_Urban,1713.4,106.5,City_Core,42,21.0,5,2.5,0.6019,0.3276,1.25,0.4648,False,MP,35,0,0,0,0,False,,0,133241,546,73,0.2309,OSRM+JhelumBridge,False,Year_Round,False,False,False,False,54.9,1168.8,0.0,34.0,0.0,Red_NoCapacity,76.2,True,341.0,75975.0,0.004,True,1110399.0,0.049,route_maps_kashmir/FDR-289.html
R0285,Soura to Jehangir Chowk,SRSR01020920,MERGED_INTO_TRUNK,FDR-122,Private Minibus,9.512,Urban,718.6,76.1,City_Core,19,9.5,11,5.5,0.7204,0.5057,1.25,0.6131,True,HP,20,0,0,0,0,False,,0,69160,427,63,0.053,OSRM,False,Year_Round,False,False,False,False,96.0,913.2,0.0,215.0,0.0,Red_NoCapacity,53.6,True,2154.0,59355.0,0.036,False,867494.0,0.049,route_maps_kashmir/FDR-122.html
R0286,Batamaalo to Panthachowk,SRSR02020427,MERGED_INTO_TRUNK,FDR-407,Private Minibus,17.988,Peri_Urban,1642.6,89.9,Peri_Urban,35,17.5,11,5.5,0.5075,0.1257,1.25,0.3166,False,LP,35,0,0,0,0,False,,0,97927,244,29,0.0891,OSRM+JhelumBridge,False,Year_Round,False,False,False,False,54.9,986.8,0.0,145.0,0.0,Red_NoCapacity,68.0,True,1451.0,64140.0,0.023,True,937432.0,0.08,route_maps_kashmir/FDR-407.html
R0287,LD to Pampore,SRPW02022202,MERGED_INTO_TRUNK,FDR-341,Private Minibus,15.854,Peri_Urban,1392.5,79.3,City_Core,31,15.5,6,3.0,0.5585,0.2798,1.25,0.4192,True,MP,35,0,0,0,0,False,,0,93243,319,50,0.1491,OSRM+JhelumBridge,False,Year_Round,False,False,False,False,54.9,869.7,0.0,63.0,0.0,Red_NoCapacity,62.6,True,632.0,56531.0,0.011,False,826220.0,0.088,route_maps_kashmir/FDR-341.html
R0288,Lalbazar to Lalchowk,SRSR01020523,MERGED_INTO_TRUNK,FDR-081,LPV / Tempo,8.433,Urban,617.5,67.5,City_Core,16,8.0,11,5.5,1.0,0.5289,1.25,0.7645,True,HP,20,0,0,0,0,False,,0,83040,489,56,0.1248,OSRM,False,Year_Round,False,False,False,False,96.0,809.6,0.0,96.0,0.0,Red_NoCapacity,49.2,True,959.0,52622.0,0.018,False,769090.0,0.051,route_maps_kashmir/FDR-081.html
R0289,Jehangir Chowk to Bemina,SRSR02022008,MERGED_INTO_TRUNK,FDR-176,Private Minibus,6.545,Urban,656.8,52.4,City_Core,13,6.5,13,6.5,0.8028,0.2853,1.25,0.544,False,MP,35,0,0,0,0,False,,0,52214,407,20,0.1435,OSRM,False,Year_Round,False,False,False,False,54.9,359.0,0.0,36.0,0.0,Red_NoCapacity,49.2,True,360.0,23338.0,0.015,True,341088.0,0.026,route_maps_kashmir/FDR-176.html
R0290,Batamallo to Panthachowk,SRSR02020427,MERGED_INTO_TRUNK,FDR-407,Private Minibus,17.436,Peri_Urban,1539.8,87.2,Peri_Urban,34,17.0,7,3.5,0.4931,0.1253,1.25,0.3092,False,LP,35,0,0,0,0,False,,0,92763,244,29,0.0931,OSRM+JhelumBridge,False,Year_Round,False,False,False,False,54.9,956.5,0.0,132.0,0.0,Red_NoCapacity,66.6,True,1316.0,62172.0,0.021,True,908665.0,0.076,route_maps_kashmir/FDR-407.html
R0291,LD to Pampore,SRPW02022202,MERGED_INTO_TRUNK,FDR-341,Private Minibus,15.854,Peri_Urban,1392.5,79.3,City_Core,31,15.5,6,3.0,0.5585,0.2798,1.25,0.4192,True,MP,35,0,0,0,0,False,,0,93243,319,50,0.1491,OSRM+JhelumBridge,False,Year_Round,False,False,False,False,54.9,869.7,0.0,63.0,0.0,Red_NoCapacity,62.6,True,632.0,56531.0,0.011,False,826220.0,0.088,route_maps_kashmir/FDR-341.html
R0292,Batamallo to Panthachowk,SRSR02020427,MERGED_INTO_TRUNK,FDR-407,Private Minibus,17.436,Peri_Urban,1539.8,87.2,Peri_Urban,34,17.0,7,3.5,0.4931,0.1253,1.25,0.3092,False,LP,35,0,0,0,0,False,,0,92763,244,29,0.0931,OSRM+JhelumBridge,False,Year_Round,False,False,False,False,54.9,956.5,0.0,132.0,0.0,Red_NoCapacity,66.6,True,1316.0,62172.0,0.021,True,908665.0,0.076,route_maps_kashmir/FDR-407.html
R0293,Narbal to Jehangir Chowk,BGSR02020820,MERGED_INTO_TRUNK,FDR-455,Private Minibus,21.634,Peri_Urban,1698.7,108.2,City_Core,43,21.5,22,11.0,0.3814,0.1141,1.25,0.2478,False,LP,35,0,0,0,0,False,,0,94352,395,31,0.1197,OSRM,False,Year_Round,False,False,False,False,54.9,1186.8,0.0,64.0,0.0,Red_NoCapacity,77.1,True,643.0,77141.0,0.008,True,1127440.0,0.048,route_maps_kashmir/FDR-455.html
R0294,Soura to Jehangir Chowk,SRSR01020920,MERGED_INTO_TRUNK,FDR-122,Private Minibus,11.346,Urban,982.5,90.8,City_Core,22,11.0,18,9.0,0.929,0.556,1.25,0.7425,False,HP,20,0,0,0,0,False,,0,102802,464,83,0.115,OSRM,False,Year_Round,False,False,False,False,96.0,1089.2,0.0,136.0,0.0,Red_NoCapacity,60.9,True,1358.0,70799.0,0.019,True,1034755.0,0.044,route_maps_kashmir/FDR-122.html
R0295,Soura to Jehangir Chowk,SRSR01020920,MERGED_INTO_TRUNK,FDR-122,Private Minibus,9.676,Urban,786.9,77.4,City_Core,19,9.5,10,5.0,0.9581,0.6758,1.25,0.8169,True,HP,20,0,0,0,0,False,,0,90081,439,86,0.1034,OSRM,False,Year_Round,False,False,False,False,96.0,928.9,0.0,140.0,0.0,Red_NoCapacity,54.2,True,1399.0,60378.0,0.023,False,882451.0,0.062,route_maps_kashmir/FDR-122.html
R0296,Hazratbal to LD,SRSR01020422,MERGED_INTO_TRUNK,FDR-147,Private Minibus,8.251,Urban,1283.5,66.0,City_Core,16,8.0,10,5.0,0.6633,0.3468,1.25,0.505,True,MP,35,0,0,0,0,False,,0,55948,208,34,0.0832,OSRM+JhelumBridge,False,Year_Round,False,False,False,False,54.9,452.6,0.0,130.0,0.0,Red_NoCapacity,56.0,True,1302.0,29421.0,0.044,False,429995.0,0.081,route_maps_kashmir/FDR-147.html
R0297,Narbal to Jehangir Chowk,BGSR02020820,MERGED_INTO_TRUNK,FDR-455,Private Minibus,21.634,Peri_Urban,1698.7,108.2,City_Core,43,21.5,22,11.0,0.3814,0.1141,1.25,0.2478,False,LP,35,0,0,0,0,False,,0,94352,395,31,0.1197,OSRM,False,Year_Round,False,False,False,False,54.9,1186.8,0.0,64.0,0.0,Red_NoCapacity,77.1,True,643.0,77141.0,0.008,True,1127440.0,0.048,route_maps_kashmir/FDR-455.html
R0298,LD to Pampore,SRPW02022202,MERGED_INTO_TRUNK,FDR-341,Private Minibus,15.854,Peri_Urban,1392.5,79.3,City_Core,31,15.5,6,3.0,0.5585,0.2798,1.25,0.4192,True,MP,35,0,0,0,0,False,,0,93243,319,50,0.1491,OSRM+JhelumBridge,False,Year_Round,False,False,False,False,54.9,869.7,0.0,63.0,0.0,Red_NoCapacity,62.6,True,632.0,56531.0,0.011,False,826220.0,0.088,route_maps_kashmir/FDR-341.html
R0299,Hazratbal to LD,SRSR01020422,MERGED_INTO_TRUNK,FDR-147,LPV / Tempo,8.251,Urban,1283.5,66.0,City_Core,16,8.0,10,5.0,0.6633,0.3468,1.25,0.505,True,MP,35,0,0,0,0,False,,0,55948,208,34,0.0832,OSRM+JhelumBridge,False,Year_Round,False,False,False,False,54.9,452.6,0.0,130.0,0.0,Red_NoCapacity,56.0,True,1302.0,29421.0,0.044,False,429995.0,0.081,route_maps_kashmir/FDR-147.html
R0300,Hazratbal to LD,SRSR01020422,MERGED_INTO_TRUNK,FDR-147,Private Minibus,8.251,Urban,1283.5,66.0,City_Core,16,8.0,10,5.0,0.6633,0.3468,1.25,0.505,True,MP,35,0,0,0,0,False,,0,55948,208,34,0.0832,OSRM+JhelumBridge,False,Year_Round,False,False,False,False,54.9,452.6,0.0,130.0,0.0,Red_NoCapacity,56.0,True,1302.0,29421.0,0.044,False,429995.0,0.081,route_maps_kashmir/FDR-147.html
R0301,Soura to Parimpora,SRSR01020929,MERGED_INTO_TRUNK,FDR-173,Private Minibus,12.314,Urban,938.7,98.5,City_Core,24,12.0,18,9.0,0.7503,0.3384,1.25,0.5444,False,MP,35,0,0,0,0,False,,0,92683,342,60,0.1454,OSRM,False,Year_Round,False,False,False,False,54.9,675.5,0.0,75.0,0.0,Red_NoCapacity,72.2,True,751.0,43908.0,0.017,True,641735.0,0.054,route_maps_kashmir/FDR-173.html
R0302,Batamallo to Panthachowk,SRSR02020427,MERGED_INTO_TRUNK,FDR-407,Private Minibus,17.436,Peri_Urban,1539.8,87.2,Peri_Urban,34,17.0,7,3.5,0.4931,0.1253,1.25,0.3092,False,LP,35,0,0,0,0,False,,0,92763,244,29,0.0931,OSRM+JhelumBridge,False,Year_Round,False,False,False,False,54.9,956.5,0.0,132.0,0.0,Red_NoCapacity,66.6,True,1316.0,62172.0,0.021,True,908665.0,0.076,route_maps_kashmir/FDR-407.html
R0303,Parimpora to Panthachowk,SRSR02022927,MERGED_INTO_TRUNK,FDR-289,Private Minibus,21.307,Peri_Urban,1713.4,106.5,City_Core,42,21.0,5,2.5,0.6019,0.3276,1.25,0.4648,False,MP,35,0,0,0,0,False,,0,133241,546,73,0.2309,OSRM+JhelumBridge,False,Year_Round,False,False,False,False,54.9,1168.8,0.0,34.0,0.0,Red_NoCapacity,76.2,True,341.0,75975.0,0.004,True,1110399.0,0.049,route_maps_kashmir/FDR-289.html
R0304,LD to Pampore,SRPW02022202,MERGED_INTO_TRUNK,FDR-341,Private Minibus,15.854,Peri_Urban,1392.5,79.3,City_Core,31,15.5,6,3.0,0.5585,0.2798,1.25,0.4192,True,MP,35,0,0,0,0,False,,0,93243,319,50,0.1491,OSRM+JhelumBridge,False,Year_Round,False,False,False,False,54.9,869.7,0.0,63.0,0.0,Red_NoCapacity,62.6,True,632.0,56531.0,0.011,False,826220.0,0.088,route_maps_kashmir/FDR-341.html
R0305,Soura to Jehangir Chowk,SRSR01020920,MERGED_INTO_TRUNK,FDR-122,Private Minibus,9.17,Urban,764.2,73.4,City_Core,18,9.0,9,4.5,0.7714,0.5403,1.25,0.6558,True,HP,20,0,0,0,0,False,,0,70680,427,66,0.0517,OSRM,False,Year_Round,False,False,False,False,96.0,880.3,0.0,226.0,0.0,Red_NoCapacity,52.2,True,2256.0,57221.0,0.039,False,836304.0,0.05,route_maps_kashmir/FDR-122.html
R0306,Parimpora to Pathachowk,SRSR02022927,MERGED_INTO_TRUNK,FDR-289,Private Minibus,21.307,Peri_Urban,1713.4,106.5,City_Core,42,21.0,5,2.5,0.6019,0.3276,1.25,0.4648,False,MP,35,0,0,0,0,False,,0,133241,546,73,0.2309,OSRM+JhelumBridge,False,Year_Round,False,False,False,False,54.9,1168.8,0.0,34.0,0.0,Red_NoCapacity,76.2,True,341.0,75975.0,0.004,True,1110399.0,0.049,route_maps_kashmir/FDR-289.html
R0307,Parimpora to Budgam,SRBG02022903,MERGED_INTO_TRUNK,FDR-488,Private Minibus,27.978,Peri_Urban,1972.1,139.9,City_Core,55,27.5,12,6.0,0.1878,0.0415,1.25,0.1146,False,LP,35,0,0,0,0,False,,0,75543,309,15,0.085,OSRM,False,Year_Round,False,False,False,False,54.9,1534.8,0.0,93.0,0.0,Red_NoCapacity,93.0,True,927.0,99762.0,0.009,True,1458053.0,0.049,route_maps_kashmir/FDR-488.html
R0308,Jehangir Chowk to Budgam,SRBG02022003,MERGED_INTO_TRUNK,FDR-467,Private Minibus,45.581,Regional_District,2755.2,136.7,City_Core,91,45.5,9,4.5,0.3314,0.14,1.25,0.2357,False,LP,35,0,0,0,0,False,,0,179264,503,78,0.1092,OSRM,False,Year_Round,False,False,False,False,54.9,2500.4,0.0,79.0,0.0,Red_NoCapacity,91.4,True,789.0,162529.0,0.005,True,2375421.0,0.071,route_maps_kashmir/FDR-467.html
R0309,LD to Pampore,SRPW02022202,MERGED_INTO_TRUNK,FDR-341,Private Minibus,15.854,Peri_Urban,1392.5,79.3,City_Core,31,15.5,6,3.0,0.5585,0.2798,1.25,0.4192,True,MP,35,0,0,0,0,False,,0,93243,319,50,0.1491,OSRM+JhelumBridge,False,Year_Round,False,False,False,False,54.9,869.7,0.0,63.0,0.0,Red_NoCapacity,62.6,True,632.0,56531.0,0.011,False,826220.0,0.088,route_maps_kashmir/FDR-341.html
R0310,Batamallo to Panthachowk,SRSR02020427,MERGED_INTO_TRUNK,FDR-407,LPV / Tempo,17.436,Peri_Urban,1539.8,87.2,Peri_Urban,34,17.0,7,3.5,0.4931,0.1253,1.25,0.3092,False,LP,35,0,0,0,0,False,,0,92763,244,29,0.0931,OSRM+JhelumBridge,False,Year_Round,False,False,False,False,54.9,956.5,0.0,132.0,0.0,Red_NoCapacity,66.6,True,1316.0,62172.0,0.021,True,908665.0,0.076,route_maps_kashmir/FDR-407.html
R0311,Narbal to Jehangir Chowk,BGSR02020820,MERGED_INTO_TRUNK,FDR-455,Private Minibus,21.634,Peri_Urban,1698.7,108.2,City_Core,43,21.5,22,11.0,0.3814,0.1141,1.25,0.2478,False,LP,35,0,0,0,0,False,,0,94352,395,31,0.1197,OSRM,False,Year_Round,False,False,False,False,54.9,1186.8,0.0,64.0,0.0,Red_NoCapacity,77.1,True,643.0,77141.0,0.008,True,1127440.0,0.048,route_maps_kashmir/FDR-455.html
R0312,Parimpora to Budgam,SRBG02022903,MERGED_INTO_TRUNK,FDR-488,Private Minibus,22.663,Peri_Urban,1638.0,113.3,City_Core,45,22.5,7,3.5,0.1696,0.036,1.25,0.1028,False,LP,35,0,0,0,0,False,,0,57658,279,9,0.0862,OSRM,False,Year_Round,False,False,False,False,54.9,1243.2,0.0,77.0,0.0,Red_NoCapacity,79.6,True,772.0,80810.0,0.01,True,1181066.0,0.041,route_maps_kashmir/FDR-488.html
R0313,Parimpora to Budgam,SRBG02022903,MERGED_INTO_TRUNK,FDR-488,Private Minibus,22.663,Peri_Urban,1638.0,113.3,City_Core,45,22.5,7,3.5,0.1696,0.036,1.25,0.1028,False,LP,35,0,0,0,0,False,,0,57658,279,9,0.0862,OSRM,False,Year_Round,False,False,False,False,54.9,1243.2,0.0,77.0,0.0,Red_NoCapacity,79.6,True,772.0,80810.0,0.01,True,1181066.0,0.041,route_maps_kashmir/FDR-488.html
R0314,Parimpora to Panthachowk,SRSR02022927,MERGED_INTO_TRUNK,FDR-289,LPV / Tempo,21.307,Peri_Urban,1713.4,106.5,City_Core,42,21.0,5,2.5,0.6019,0.3276,1.25,0.4648,False,MP,35,0,0,0,0,False,,0,133241,546,73,0.2309,OSRM+JhelumBridge,False,Year_Round,False,False,False,False,54.9,1168.8,0.0,34.0,0.0,Red_NoCapacity,76.2,True,341.0,75975.0,0.004,True,1110399.0,0.049,route_maps_kashmir/FDR-289.html
R0315,Parimpora to Panthachowk,SRSR02022927,MERGED_INTO_TRUNK,FDR-289,Private Minibus,21.307,Peri_Urban,1713.4,106.5,City_Core,42,21.0,5,2.5,0.6019,0.3276,1.25,0.4648,False,MP,35,0,0,0,0,False,,0,133241,546,73,0.2309,OSRM+JhelumBridge,False,Year_Round,False,False,False,False,54.9,1168.8,0.0,34.0,0.0,Red_NoCapacity,76.2,True,341.0,75975.0,0.004,True,1110399.0,0.049,route_maps_kashmir/FDR-289.html
R0316,Hazratbal to LD,SRSR01020422,MERGED_INTO_TRUNK,FDR-147,Private Minibus,8.251,Urban,1283.5,66.0,City_Core,16,8.0,10,5.0,0.6633,0.3468,1.25,0.505,True,MP,35,0,0,0,0,False,,0,55948,208,34,0.0832,OSRM+JhelumBridge,False,Year_Round,False,False,False,False,54.9,452.6,0.0,130.0,0.0,Red_NoCapacity,56.0,True,1302.0,29421.0,0.044,False,429995.0,0.081,route_maps_kashmir/FDR-147.html
R0317,Lawaypora to Jehangir Chowk,SRSR02022420,MERGED_INTO_TRUNK,FDR-394,LPV / Tempo,14.207,Urban,1005.6,113.7,City_Core,28,14.0,21,10.5,0.552,0.1642,1.25,0.3581,False,MP,35,0,0,0,0,False,,0,82757,395,29,0.1701,OSRM,False,Year_Round,False,False,False,False,54.9,779.4,0.0,50.0,0.0,Red_NoCapacity,79.8,True,496.0,50658.0,0.01,True,740388.0,0.042,route_maps_kashmir/FDR-394.html
R0318,Jehangir Chowk to Bemina,SRSR02022008,MERGED_INTO_TRUNK,FDR-176,Private Minibus,6.545,Urban,656.8,52.4,City_Core,13,6.5,13,6.5,0.8028,0.2853,1.25,0.544,False,MP,35,0,0,0,0,False,,0,52214,407,20,0.1435,OSRM,False,Year_Round,False,False,False,False,54.9,359.0,0.0,36.0,0.0,Red_NoCapacity,49.2,True,360.0,23338.0,0.015,True,341088.0,0.026,route_maps_kashmir/FDR-176.html
R0319,Rangpora to Lalchowk,SRSR01020823,RETAINED_AS_FEEDER,FDR-088,,13.983,Urban,853.2,111.7,City_Core,27,13.5,12,6.0,0.8643,0.6115,0.75,0.7379,False,HP,20,7,0,0,7,False,,6587,118930,523,96,0.1119,OSRM,False,Year_Round,False,False,False,False,96.0,1342.4,1203.0,143.0,0.119,Amber_Under,71.4,True,1432.0,87254.0,0.016,True,1275250.0,0.046,route_maps_kashmir/FDR-088.html
R0320,Batamallo to Panthachowk,SRSR02020427,MERGED_INTO_TRUNK,FDR-407,LPV / Tempo,17.436,Peri_Urban,1539.8,87.2,Peri_Urban,34,17.0,7,3.5,0.4931,0.1253,1.25,0.3092,False,LP,35,0,0,0,0,False,,0,92763,244,29,0.0931,OSRM+JhelumBridge,False,Year_Round,False,False,False,False,54.9,956.5,0.0,132.0,0.0,Red_NoCapacity,66.6,True,1316.0,62172.0,0.021,True,908665.0,0.076,route_maps_kashmir/FDR-407.html
R0321,Rangpora to Lalchowk,SRSR01020823,MERGED_INTO_TRUNK,FDR-088,LPV / Tempo,13.983,Urban,853.2,111.7,City_Core,27,13.5,12,6.0,0.8643,0.6115,1.25,0.7379,False,HP,20,0,0,0,0,False,,0,118930,523,96,0.1119,OSRM,False,Year_Round,False,False,False,False,96.0,1342.4,0.0,143.0,0.0,Red_NoCapacity,71.4,True,1432.0,87254.0,0.016,True,1275250.0,0.046,route_maps_kashmir/FDR-088.html
R0322,Rangpora to Lalchowk,SRSR01020823,MERGED_INTO_TRUNK,FDR-088,Private Minibus,13.983,Urban,853.2,111.7,City_Core,27,13.5,12,6.0,0.8643,0.6115,1.25,0.7379,False,HP,20,0,0,0,0,False,,0,118930,523,96,0.1119,OSRM,False,Year_Round,False,False,False,False,96.0,1342.4,0.0,143.0,0.0,Red_NoCapacity,71.4,True,1432.0,87254.0,0.016,True,1275250.0,0.046,route_maps_kashmir/FDR-088.html
R0323,Batamallo to Panthachowk,SRSR02020427,MERGED_INTO_TRUNK,FDR-407,Private Minibus,17.436,Peri_Urban,1539.8,87.2,Peri_Urban,34,17.0,7,3.5,0.4931,0.1253,1.25,0.3092,False,LP,35,0,0,0,0,False,,0,92763,244,29,0.0931,OSRM+JhelumBridge,False,Year_Round,False,False,False,False,54.9,956.5,0.0,132.0,0.0,Red_NoCapacity,66.6,True,1316.0,62172.0,0.021,True,908665.0,0.076,route_maps_kashmir/FDR-407.html
R0324,Jehangir Chowk to Bemina,SRSR02022008,MERGED_INTO_TRUNK,FDR-176,LPV / Tempo,6.545,Urban,656.8,52.4,City_Core,13,6.5,13,6.5,0.8028,0.2853,1.25,0.544,False,MP,35,0,0,0,0,False,,0,52214,407,20,0.1435,OSRM,False,Year_Round,False,False,False,False,54.9,359.0,0.0,36.0,0.0,Red_NoCapacity,49.2,True,360.0,23338.0,0.015,True,341088.0,0.026,route_maps_kashmir/FDR-176.html
R0325,Parimpora to Panthachowk,SRSR02022927,MERGED_INTO_TRUNK,FDR-289,Private Minibus,21.307,Peri_Urban,1713.4,106.5,City_Core,42,21.0,5,2.5,0.6019,0.3276,1.25,0.4648,False,MP,35,0,0,0,0,False,,0,133241,546,73,0.2309,OSRM+JhelumBridge,False,Year_Round,False,False,False,False,54.9,1168.8,0.0,34.0,0.0,Red_NoCapacity,76.2,True,341.0,75975.0,0.004,True,1110399.0,0.049,route_maps_kashmir/FDR-289.html
R0326,Parimpora to Pathachowk,SRSR02022927,MERGED_INTO_TRUNK,FDR-289,Private Minibus,21.307,Peri_Urban,1713.4,106.5,City_Core,42,21.0,5,2.5,0.6019,0.3276,1.25,0.4648,False,MP,35,0,0,0,0,False,,0,133241,546,73,0.2309,OSRM+JhelumBridge,False,Year_Round,False,False,False,False,54.9,1168.8,0.0,34.0,0.0,Red_NoCapacity,76.2,True,341.0,75975.0,0.004,True,1110399.0,0.049,route_maps_kashmir/FDR-289.html
R0327,LD to Pampore,SRPW02022202,MERGED_INTO_TRUNK,FDR-341,Private Minibus,15.854,Peri_Urban,1392.5,79.3,City_Core,31,15.5,6,3.0,0.5585,0.2798,1.25,0.4192,True,MP,35,0,0,0,0,False,,0,93243,319,50,0.1491,OSRM+JhelumBridge,False,Year_Round,False,False,False,False,54.9,869.7,0.0,63.0,0.0,Red_NoCapacity,62.6,True,632.0,56531.0,0.011,False,826220.0,0.088,route_maps_kashmir/FDR-341.html
R0328,Parimpora to Pampore,SRPW02022902,MERGED_INTO_TRUNK,FDR-320,LPV / Tempo,23.817,Peri_Urban,1805.8,119.1,City_Core,47,23.5,4,2.0,0.5978,0.3169,1.25,0.4574,False,MP,35,0,0,0,0,False,,0,148103,546,82,0.2122,OSRM+JhelumBridge,False,Year_Round,False,False,False,False,54.9,1306.5,0.0,41.0,0.0,Red_NoCapacity,82.6,True,412.0,84925.0,0.005,True,1241206.0,0.054,route_maps_kashmir/FDR-320.html
R0329,Parimpora to Budgam,SRBG02022903,MERGED_INTO_TRUNK,FDR-488,Private Minibus,22.663,Peri_Urban,1638.0,113.3,City_Core,45,22.5,7,3.5,0.1696,0.036,1.25,0.1028,False,LP,35,0,0,0,0,False,,0,57658,279,9,0.0862,OSRM,False,Year_Round,False,False,False,False,54.9,1243.2,0.0,77.0,0.0,Red_NoCapacity,79.6,True,772.0,80810.0,0.01,True,1181066.0,0.041,route_maps_kashmir/FDR-488.html
R0330,Parimpora to Pampore,SRPW02022902,MERGED_INTO_TRUNK,FDR-320,Private Minibus,23.817,Peri_Urban,1805.8,119.1,City_Core,47,23.5,4,2.0,0.5978,0.3169,1.25,0.4574,False,MP,35,0,0,0,0,False,,0,148103,546,82,0.2122,OSRM+JhelumBridge,False,Year_Round,False,False,False,False,54.9,1306.5,0.0,41.0,0.0,Red_NoCapacity,82.6,True,412.0,84925.0,0.005,True,1241206.0,0.054,route_maps_kashmir/FDR-320.html
R0331,LD to Pampore,SRPW02022202,MERGED_INTO_TRUNK,FDR-341,Private Minibus,15.854,Peri_Urban,1392.5,79.3,City_Core,31,15.5,6,3.0,0.5585,0.2798,1.25,0.4192,True,MP,35,0,0,0,0,False,,0,93243,319,50,0.1491,OSRM+JhelumBridge,False,Year_Round,False,False,False,False,54.9,869.7,0.0,63.0,0.0,Red_NoCapacity,62.6,True,632.0,56531.0,0.011,False,826220.0,0.088,route_maps_kashmir/FDR-341.html
R0332,Batamallo to Panthachowk,SRSR02020427,MERGED_INTO_TRUNK,FDR-407,LPV / Tempo,17.436,Peri_Urban,1539.8,87.2,Peri_Urban,34,17.0,7,3.5,0.4931,0.1253,1.25,0.3092,False,LP,35,0,0,0,0,False,,0,92763,244,29,0.0931,OSRM+JhelumBridge,False,Year_Round,False,False,False,False,54.9,956.5,0.0,132.0,0.0,Red_NoCapacity,66.6,True,1316.0,62172.0,0.021,True,908665.0,0.076,route_maps_kashmir/FDR-407.html
R0333,Soura to Jehangir Chowk,SRSR01020920,MERGED_INTO_TRUNK,FDR-122,Private Minibus,9.676,Urban,786.9,77.4,City_Core,19,9.5,10,5.0,0.9581,0.6758,1.25,0.8169,True,HP,20,0,0,0,0,False,,0,90081,439,86,0.1034,OSRM,False,Year_Round,False,False,False,False,96.0,928.9,0.0,140.0,0.0,Red_NoCapacity,54.2,True,1399.0,60378.0,0.023,False,882451.0,0.062,route_maps_kashmir/FDR-122.html
R0334,Parimpora to Pampore,SRPW02022902,MERGED_INTO_TRUNK,FDR-320,Private Minibus,23.817,Peri_Urban,1805.8,119.1,City_Core,47,23.5,4,2.0,0.5978,0.3169,1.25,0.4574,False,MP,35,0,0,0,0,False,,0,148103,546,82,0.2122,OSRM+JhelumBridge,False,Year_Round,False,False,False,False,54.9,1306.5,0.0,41.0,0.0,Red_NoCapacity,82.6,True,412.0,84925.0,0.005,True,1241206.0,0.054,route_maps_kashmir/FDR-320.html
R0335,Parimpora to Budgam,SRBG02022903,MERGED_INTO_TRUNK,FDR-488,Private Minibus,22.663,Peri_Urban,1638.0,113.3,City_Core,45,22.5,7,3.5,0.1696,0.036,1.25,0.1028,False,LP,35,0,0,0,0,False,,0,57658,279,9,0.0862,OSRM,False,Year_Round,False,False,False,False,54.9,1243.2,0.0,77.0,0.0,Red_NoCapacity,79.6,True,772.0,80810.0,0.01,True,1181066.0,0.041,route_maps_kashmir/FDR-488.html
R0336,Parimpora to Budgam,SRBG02022903,MERGED_INTO_TRUNK,FDR-488,Private Minibus,22.663,Peri_Urban,1638.0,113.3,City_Core,45,22.5,7,3.5,0.1696,0.036,1.25,0.1028,False,LP,35,0,0,0,0,False,,0,57658,279,9,0.0862,OSRM,False,Year_Round,False,False,False,False,54.9,1243.2,0.0,77.0,0.0,Red_NoCapacity,79.6,True,772.0,80810.0,0.01,True,1181066.0,0.041,route_maps_kashmir/FDR-488.html
R0337,Malbagh to LD,SRSR01020622,MERGED_INTO_TRUNK,FDR-101,LPV / Tempo,11.428,Urban,1281.3,91.4,City_Core,22,11.0,17,8.5,0.9192,0.4621,1.25,0.6906,True,HP,20,0,0,0,0,False,,0,102579,243,71,0.0816,OSRM+JhelumBridge,False,Year_Round,False,False,False,False,96.0,1097.1,0.0,365.0,0.0,Red_NoCapacity,61.2,True,3646.0,71311.0,0.051,False,1042234.0,0.127,route_maps_kashmir/FDR-101.html
R0338,LD to Pampore,SRPW02022202,MERGED_INTO_TRUNK,FDR-341,Private Minibus,15.854,Peri_Urban,1392.5,79.3,City_Core,31,15.5,6,3.0,0.5585,0.2798,1.25,0.4192,True,MP,35,0,0,0,0,False,,0,93243,319,50,0.1491,OSRM+JhelumBridge,False,Year_Round,False,False,False,False,54.9,869.7,0.0,63.0,0.0,Red_NoCapacity,62.6,True,632.0,56531.0,0.011,False,826220.0,0.088,route_maps_kashmir/FDR-341.html
R0339,Hazratbal to LD,SRSR01020422,MERGED_INTO_TRUNK,FDR-147,Private Minibus,8.251,Urban,1283.5,66.0,City_Core,16,8.0,10,5.0,0.6633,0.3468,1.25,0.505,True,MP,35,0,0,0,0,False,,0,55948,208,34,0.0832,OSRM+JhelumBridge,False,Year_Round,False,False,False,False,54.9,452.6,0.0,130.0,0.0,Red_NoCapacity,56.0,True,1302.0,29421.0,0.044,False,429995.0,0.081,route_maps_kashmir/FDR-147.html
R0340,Jehangir Chowk to Bemina,SRSR02022008,MERGED_INTO_TRUNK,FDR-176,Private Minibus,6.545,Urban,656.8,52.4,City_Core,13,6.5,13,6.5,0.8028,0.2853,1.25,0.544,False,MP,35,0,0,0,0,False,,0,52214,407,20,0.1435,OSRM,False,Year_Round,False,False,False,False,54.9,359.0,0.0,36.0,0.0,Red_NoCapacity,49.2,True,360.0,23338.0,0.015,True,341088.0,0.026,route_maps_kashmir/FDR-176.html
R0341,Parimpora to Budgam,SRBG02022903,MERGED_INTO_TRUNK,FDR-488,Private Minibus,22.663,Peri_Urban,1638.0,113.3,City_Core,45,22.5,7,3.5,0.1696,0.036,1.25,0.1028,False,LP,35,0,0,0,0,False,,0,57658,279,9,0.0862,OSRM,False,Year_Round,False,False,False,False,54.9,1243.2,0.0,77.0,0.0,Red_NoCapacity,79.6,True,772.0,80810.0,0.01,True,1181066.0,0.041,route_maps_kashmir/FDR-488.html
R0342,LD to Pampore,SRPW02022202,MERGED_INTO_TRUNK,FDR-341,Private Minibus,15.854,Peri_Urban,1392.5,79.3,City_Core,31,15.5,6,3.0,0.5585,0.2798,1.25,0.4192,True,MP,35,0,0,0,0,False,,0,93243,319,50,0.1491,OSRM+JhelumBridge,False,Year_Round,False,False,False,False,54.9,869.7,0.0,63.0,0.0,Red_NoCapacity,62.6,True,632.0,56531.0,0.011,False,826220.0,0.088,route_maps_kashmir/FDR-341.html
R0343,Jehangir Chowk to Budgam,SRBG02022003,MERGED_INTO_TRUNK,FDR-467,Private Minibus,45.581,Regional_District,2755.2,136.7,City_Core,91,45.5,9,4.5,0.3314,0.14,1.25,0.2357,False,LP,35,0,0,0,0,False,,0,179264,503,78,0.1092,OSRM,False,Year_Round,False,False,False,False,54.9,2500.4,0.0,79.0,0.0,Red_NoCapacity,91.4,True,789.0,162529.0,0.005,True,2375421.0,0.071,route_maps_kashmir/FDR-467.html
R0344,Rangpora to Lalchowk,SRSR01020823,MERGED_INTO_TRUNK,FDR-088,LPV / Tempo,13.983,Urban,853.2,111.7,City_Core,27,13.5,12,6.0,0.8643,0.6115,1.25,0.7379,False,HP,20,0,0,0,0,False,,0,118930,523,96,0.1119,OSRM,False,Year_Round,False,False,False,False,96.0,1342.4,0.0,143.0,0.0,Red_NoCapacity,71.4,True,1432.0,87254.0,0.016,True,1275250.0,0.046,route_maps_kashmir/FDR-088.html
R0345,LD to Pampore,SRPW02022202,MERGED_INTO_TRUNK,FDR-341,Private Minibus,15.854,Peri_Urban,1392.5,79.3,City_Core,31,15.5,6,3.0,0.5585,0.2798,1.25,0.4192,True,MP,35,0,0,0,0,False,,0,93243,319,50,0.1491,OSRM+JhelumBridge,False,Year_Round,False,False,False,False,54.9,869.7,0.0,63.0,0.0,Red_NoCapacity,62.6,True,632.0,56531.0,0.011,False,826220.0,0.088,route_maps_kashmir/FDR-341.html
R0346,Rangpora to Lalchowk,SRSR01020823,MERGED_INTO_TRUNK,FDR-088,LPV / Tempo,13.983,Urban,853.2,111.7,City_Core,27,13.5,12,6.0,0.8643,0.6115,1.25,0.7379,False,HP,20,0,0,0,0,False,,0,118930,523,96,0.1119,OSRM,False,Year_Round,False,False,False,False,96.0,1342.4,0.0,143.0,0.0,Red_NoCapacity,71.4,True,1432.0,87254.0,0.016,True,1275250.0,0.046,route_maps_kashmir/FDR-088.html
R0347,Soura to Jehangir Chowk,SRSR01020920,MERGED_INTO_TRUNK,FDR-122,Private Minibus,15.353,Peri_Urban,1270.2,76.8,City_Core,30,15.0,25,12.5,0.651,0.2783,1.25,0.4646,False,MP,35,0,0,0,0,False,,0,102477,428,57,0.1343,OSRM,False,Year_Round,False,False,False,False,54.9,842.2,0.0,57.0,0.0,Red_NoCapacity,61.4,True,574.0,54744.0,0.01,True,800111.0,0.048,route_maps_kashmir/FDR-122.html
R0348,LD to Pampore,SRPW02022202,MERGED_INTO_TRUNK,FDR-341,Private Minibus,15.854,Peri_Urban,1392.5,79.3,City_Core,31,15.5,6,3.0,0.5585,0.2798,1.25,0.4192,True,MP,35,0,0,0,0,False,,0,93243,319,50,0.1491,OSRM+JhelumBridge,False,Year_Round,False,False,False,False,54.9,869.7,0.0,63.0,0.0,Red_NoCapacity,62.6,True,632.0,56531.0,0.011,False,826220.0,0.088,route_maps_kashmir/FDR-341.html
R0349,Hazratbal to LD,SRSR01020422,MERGED_INTO_TRUNK,FDR-147,Private Minibus,8.251,Urban,1283.5,66.0,City_Core,16,8.0,10,5.0,0.6633,0.3468,1.25,0.505,True,MP,35,0,0,0,0,False,,0,55948,208,34,0.0832,OSRM+JhelumBridge,False,Year_Round,False,False,False,False,54.9,452.6,0.0,130.0,0.0,Red_NoCapacity,56.0,True,1302.0,29421.0,0.044,False,429995.0,0.081,route_maps_kashmir/FDR-147.html
R0350,Lalbazar to LD,SRSR01020522,MERGED_INTO_TRUNK,FDR-068,Private Minibus,9.308,Urban,1072.3,74.5,City_Core,18,9.0,7,3.5,1.0,0.5653,1.25,0.7827,True,HP,20,0,0,0,0,False,,0,90006,260,62,0.1081,OSRM+JhelumBridge,False,Year_Round,False,False,False,False,96.0,893.6,0.0,226.0,0.0,Red_NoCapacity,52.8,True,2257.0,58082.0,0.039,False,848890.0,0.104,route_maps_kashmir/FDR-068.html
R0351,Jehangir Chowk to Panzinara,SRSR02022028,MERGED_INTO_TRUNK,FDR-401,Private Minibus,16.494,Peri_Urban,978.7,82.5,City_Core,32,16.0,12,6.0,0.4786,0.1668,1.25,0.3227,False,MP,35,0,0,0,0,False,,0,85701,406,30,0.1677,OSRM,False,Year_Round,False,False,False,False,54.9,904.8,0.0,41.0,0.0,Red_NoCapacity,64.2,True,406.0,58813.0,0.007,True,859573.0,0.042,route_maps_kashmir/FDR-401.html
R0352,Lalbazar to LD,SRSR01020522,MERGED_INTO_TRUNK,FDR-068,Private Minibus,9.308,Urban,1072.3,74.5,City_Core,18,9.0,7,3.5,1.0,0.5653,1.25,0.7827,True,HP,20,0,0,0,0,False,,0,90006,260,62,0.1081,OSRM+JhelumBridge,False,Year_Round,False,False,False,False,96.0,893.6,0.0,226.0,0.0,Red_NoCapacity,52.8,True,2257.0,58082.0,0.039,False,848890.0,0.104,route_maps_kashmir/FDR-068.html
R0353,LD to Pampore,SRPW02022202,MERGED_INTO_TRUNK,FDR-341,Private Minibus,15.854,Peri_Urban,1392.5,79.3,City_Core,31,15.5,6,3.0,0.5585,0.2798,1.25,0.4192,True,MP,35,0,0,0,0,False,,0,93243,319,50,0.1491,OSRM+JhelumBridge,False,Year_Round,False,False,False,False,54.9,869.7,0.0,63.0,0.0,Red_NoCapacity,62.6,True,632.0,56531.0,0.011,False,826220.0,0.088,route_maps_kashmir/FDR-341.html
R0354,Parimpora to Panthachowk,SRSR02022927,MERGED_INTO_TRUNK,FDR-289,Private Minibus,21.307,Peri_Urban,1713.4,106.5,City_Core,42,21.0,5,2.5,0.6019,0.3276,1.25,0.4648,False,MP,35,0,0,0,0,False,,0,133241,546,73,0.2309,OSRM+JhelumBridge,False,Year_Round,False,False,False,False,54.9,1168.8,0.0,34.0,0.0,Red_NoCapacity,76.2,True,341.0,75975.0,0.004,True,1110399.0,0.049,route_maps_kashmir/FDR-289.html
R0355,Hazratbal to LD,SRSR01020422,MERGED_INTO_TRUNK,FDR-147,Private Minibus,8.251,Urban,1283.5,66.0,City_Core,16,8.0,10,5.0,0.6633,0.3468,1.25,0.505,True,MP,35,0,0,0,0,False,,0,55948,208,34,0.0832,OSRM+JhelumBridge,False,Year_Round,False,False,False,False,54.9,452.6,0.0,130.0,0.0,Red_NoCapacity,56.0,True,1302.0,29421.0,0.044,False,429995.0,0.081,route_maps_kashmir/FDR-147.html
R0356,Hazratbal to LD,SRSR01020422,MERGED_INTO_TRUNK,FDR-147,Private Minibus,8.251,Urban,1283.5,66.0,City_Core,16,8.0,10,5.0,0.6633,0.3468,1.25,0.505,True,MP,35,0,0,0,0,False,,0,55948,208,34,0.0832,OSRM+JhelumBridge,False,Year_Round,False,False,False,False,54.9,452.6,0.0,130.0,0.0,Red_NoCapacity,56.0,True,1302.0,29421.0,0.044,False,429995.0,0.081,route_maps_kashmir/FDR-147.html
R0357,Parimpora to Pathachowk,SRSR02022927,MERGED_INTO_TRUNK,FDR-289,Private Minibus,21.307,Peri_Urban,1713.4,106.5,City_Core,42,21.0,5,2.5,0.6019,0.3276,1.25,0.4648,False,MP,35,0,0,0,0,False,,0,133241,546,73,0.2309,OSRM+JhelumBridge,False,Year_Round,False,False,False,False,54.9,1168.8,0.0,34.0,0.0,Red_NoCapacity,76.2,True,341.0,75975.0,0.004,True,1110399.0,0.049,route_maps_kashmir/FDR-289.html
R0358,Hazratbal to LD,SRSR01020422,MERGED_INTO_TRUNK,FDR-147,Private Minibus,8.251,Urban,1283.5,66.0,City_Core,16,8.0,10,5.0,0.6633,0.3468,1.25,0.505,True,MP,35,0,0,0,0,False,,0,55948,208,34,0.0832,OSRM+JhelumBridge,False,Year_Round,False,False,False,False,54.9,452.6,0.0,130.0,0.0,Red_NoCapacity,56.0,True,1302.0,29421.0,0.044,False,429995.0,0.081,route_maps_kashmir/FDR-147.html
R0359,Parimpora to Budgam,SRBG02022903,MERGED_INTO_TRUNK,FDR-488,Private Minibus,31.385,Peri_Urban,2180.6,156.9,City_Core,62,31.0,11,5.5,0.303,0.1075,1.25,0.2052,False,LP,35,0,0,0,0,False,,0,115774,412,38,0.1411,OSRM,False,Year_Round,False,False,False,False,54.9,1721.7,0.0,64.0,0.0,Red_NoCapacity,101.4,True,642.0,111910.0,0.006,True,1635607.0,0.056,route_maps_kashmir/FDR-488.html
R0360,Hazratbal to LD,SRSR01020422,MERGED_INTO_TRUNK,FDR-147,Private Minibus,8.251,Urban,1283.5,66.0,City_Core,16,8.0,10,5.0,0.6633,0.3468,1.25,0.505,True,MP,35,0,0,0,0,False,,0,55948,208,34,0.0832,OSRM+JhelumBridge,False,Year_Round,False,False,False,False,54.9,452.6,0.0,130.0,0.0,Red_NoCapacity,56.0,True,1302.0,29421.0,0.044,False,429995.0,0.081,route_maps_kashmir/FDR-147.html
R0361,LD to Pampore,SRPW02022202,MERGED_INTO_TRUNK,FDR-341,LPV / Tempo,15.854,Peri_Urban,1392.5,79.3,City_Core,31,15.5,6,3.0,0.5585,0.2798,1.25,0.4192,True,MP,35,0,0,0,0,False,,0,93243,319,50,0.1491,OSRM+JhelumBridge,False,Year_Round,False,False,False,False,54.9,869.7,0.0,63.0,0.0,Red_NoCapacity,62.6,True,632.0,56531.0,0.011,False,826220.0,0.088,route_maps_kashmir/FDR-341.html
R0362,Soura to Railway Station,SRSR01020901,MERGED_INTO_TRUNK,FDR-262,Private Minibus,18.799,Peri_Urban,1610.0,94.0,City_Core,37,18.5,8,4.0,0.5993,0.4081,1.25,0.5037,False,MP,35,0,0,0,0,False,,0,117138,369,91,0.1366,OSRM+JhelumBridge,False,Year_Round,False,False,False,False,54.9,1031.3,0.0,75.0,0.0,Red_NoCapacity,70.0,True,749.0,67032.0,0.011,True,979696.0,0.064,route_maps_kashmir/FDR-262.html
R0363,Soura to Jehangir Chowk,SRSR01020920,MERGED_INTO_TRUNK,FDR-122,Private Minibus,9.17,Urban,764.2,73.4,City_Core,18,9.0,9,4.5,0.7714,0.5403,1.25,0.6558,True,HP,20,0,0,0,0,False,,0,70680,427,66,0.0517,OSRM,False,Year_Round,False,False,False,False,96.0,880.3,0.0,226.0,0.0,Red_NoCapacity,52.2,True,2256.0,57221.0,0.039,False,836304.0,0.05,route_maps_kashmir/FDR-122.html
R0364,Soura to Jehangir Chowk,SRSR01020920,MERGED_INTO_TRUNK,FDR-122,Private Minibus,9.17,Urban,764.2,73.4,City_Core,18,9.0,9,4.5,0.7714,0.5403,1.25,0.6558,True,HP,20,0,0,0,0,False,,0,70680,427,66,0.0517,OSRM,False,Year_Round,False,False,False,False,96.0,880.3,0.0,226.0,0.0,Red_NoCapacity,52.2,True,2256.0,57221.0,0.039,False,836304.0,0.05,route_maps_kashmir/FDR-122.html
R0365,Saidakadal to Parimpora,SRSR02023829,MERGED_INTO_TRUNK,FDR-106,Private Minibus,14.556,Urban,1441.1,116.4,City_Core,29,14.5,11,5.5,0.8063,0.4456,1.25,0.626,False,HP,20,0,0,0,0,False,,0,116554,561,63,0.2237,OSRM+JhelumBridge,False,Year_Round,False,False,False,False,96.0,1397.4,0.0,65.0,0.0,Red_NoCapacity,73.7,True,655.0,90829.0,0.007,True,1327507.0,0.042,route_maps_kashmir/FDR-106.html
R0366,Parimpora to Budgam,SRBG02022903,MERGED_INTO_TRUNK,FDR-488,Private Minibus,31.385,Peri_Urban,2180.6,156.9,City_Core,62,31.0,11,5.5,0.303,0.1075,1.25,0.2052,False,LP,35,0,0,0,0,False,,0,115774,412,38,0.1411,OSRM,False,Year_Round,False,False,False,False,54.9,1721.7,0.0,64.0,0.0,Red_NoCapacity,101.4,True,642.0,111910.0,0.006,True,1635607.0,0.056,route_maps_kashmir/FDR-488.html
R0367,Narbal to Jehangir Chowk,BGSR02020820,MERGED_INTO_TRUNK,FDR-455,Private Minibus,21.634,Peri_Urban,1698.7,108.2,City_Core,43,21.5,22,11.0,0.3814,0.1141,1.25,0.2478,False,LP,35,0,0,0,0,False,,0,94352,395,31,0.1197,OSRM,False,Year_Round,False,False,False,False,54.9,1186.8,0.0,64.0,0.0,Red_NoCapacity,77.1,True,643.0,77141.0,0.008,True,1127440.0,0.048,route_maps_kashmir/FDR-455.html
R0368,Lalbazar to Lalchowk,SRSR01020523,MERGED_INTO_TRUNK,FDR-081,Private Minibus,8.433,Urban,617.5,67.5,City_Core,16,8.0,11,5.5,1.0,0.5289,1.25,0.7645,True,HP,20,0,0,0,0,False,,0,83040,489,56,0.1248,OSRM,False,Year_Round,False,False,False,False,96.0,809.6,0.0,96.0,0.0,Red_NoCapacity,49.2,True,959.0,52622.0,0.018,False,769090.0,0.051,route_maps_kashmir/FDR-081.html
R0369,Hazratbal to LD,SRSR01020422,MERGED_INTO_TRUNK,FDR-147,Private Minibus,8.251,Urban,1283.5,66.0,City_Core,16,8.0,10,5.0,0.6633,0.3468,1.25,0.505,True,MP,35,0,0,0,0,False,,0,55948,208,34,0.0832,OSRM+JhelumBridge,False,Year_Round,False,False,False,False,54.9,452.6,0.0,130.0,0.0,Red_NoCapacity,56.0,True,1302.0,29421.0,0.044,False,429995.0,0.081,route_maps_kashmir/FDR-147.html
R0370,Parimpora to Panthachowk,SRSR02022927,MERGED_INTO_TRUNK,FDR-289,LPV / Tempo,21.307,Peri_Urban,1713.4,106.5,City_Core,42,21.0,5,2.5,0.6019,0.3276,1.25,0.4648,False,MP,35,0,0,0,0,False,,0,133241,546,73,0.2309,OSRM+JhelumBridge,False,Year_Round,False,False,False,False,54.9,1168.8,0.0,34.0,0.0,Red_NoCapacity,76.2,True,341.0,75975.0,0.004,True,1110399.0,0.049,route_maps_kashmir/FDR-289.html
R0371,LD to Pampore,SRPW02022202,MERGED_INTO_TRUNK,FDR-341,Private Minibus,15.854,Peri_Urban,1392.5,79.3,City_Core,31,15.5,6,3.0,0.5585,0.2798,1.25,0.4192,True,MP,35,0,0,0,0,False,,0,93243,319,50,0.1491,OSRM+JhelumBridge,False,Year_Round,False,False,False,False,54.9,869.7,0.0,63.0,0.0,Red_NoCapacity,62.6,True,632.0,56531.0,0.011,False,826220.0,0.088,route_maps_kashmir/FDR-341.html
R0372,Soura to Jehangir Chowk,SRSR01020920,MERGED_INTO_TRUNK,FDR-122,Private Minibus,9.17,Urban,764.2,73.4,City_Core,18,9.0,9,4.5,0.7714,0.5403,1.25,0.6558,True,HP,20,0,0,0,0,False,,0,70680,427,66,0.0517,OSRM,False,Year_Round,False,False,False,False,96.0,880.3,0.0,226.0,0.0,Red_NoCapacity,52.2,True,2256.0,57221.0,0.039,False,836304.0,0.05,route_maps_kashmir/FDR-122.html
R0373,Qamarwari to Parimpora,SRSR02023029,RETAINED_AS_FEEDER,FDR-406,,2.500,Urban,184.2,20.0,City_Core,5,2.5,19,9.5,0.4454,0.1825,0.75,0.314,True,MP,35,2,0,2,0,False,,4779,71580,434,31,0.2094,OSRM,False,Year_Round,False,False,False,False,54.9,799.7,1441.0,32.0,0.022,Amber_Under,81.3,True,317.0,51977.0,0.006,False,759670.0,0.05,route_maps_kashmir/FDR-406.html
R0374,Parimpora to Budgam,SRBG02022903,MERGED_INTO_TRUNK,FDR-488,Private Minibus,31.385,Peri_Urban,2180.6,156.9,City_Core,62,31.0,11,5.5,0.303,0.1075,1.25,0.2052,False,LP,35,0,0,0,0,False,,0,115774,412,38,0.1411,OSRM,False,Year_Round,False,False,False,False,54.9,1721.7,0.0,64.0,0.0,Red_NoCapacity,101.4,True,642.0,111910.0,0.006,True,1635607.0,0.056,route_maps_kashmir/FDR-488.html
R0375,LD to Pampore,SRPW02022202,MERGED_INTO_TRUNK,FDR-341,Private Minibus,15.854,Peri_Urban,1392.5,79.3,City_Core,31,15.5,6,3.0,0.5585,0.2798,1.25,0.4192,True,MP,35,0,0,0,0,False,,0,93243,319,50,0.1491,OSRM+JhelumBridge,False,Year_Round,False,False,False,False,54.9,869.7,0.0,63.0,0.0,Red_NoCapacity,62.6,True,632.0,56531.0,0.011,False,826220.0,0.088,route_maps_kashmir/FDR-341.html
R0376,Parimpora to Budgam,SRBG02022903,MERGED_INTO_TRUNK,FDR-488,Private Minibus,31.385,Peri_Urban,2180.6,156.9,City_Core,62,31.0,11,5.5,0.303,0.1075,1.25,0.2052,False,LP,35,0,0,0,0,False,,0,115774,412,38,0.1411,OSRM,False,Year_Round,False,False,False,False,54.9,1721.7,0.0,64.0,0.0,Red_NoCapacity,101.4,True,642.0,111910.0,0.006,True,1635607.0,0.056,route_maps_kashmir/FDR-488.html
R0377,LD to Parimpora,SRSR02022229,MERGED_INTO_TRUNK,FDR-201,Private Minibus,10.44,Urban,669.5,83.5,City_Core,20,10.0,8,4.0,0.7554,0.2782,1.25,0.5168,True,MP,35,0,0,0,0,False,,0,79042,505,32,0.2627,OSRM,False,Year_Round,False,False,False,False,54.9,572.7,0.0,24.0,0.0,Red_NoCapacity,64.8,True,240.0,37226.0,0.006,False,544073.0,0.047,route_maps_kashmir/FDR-201.html
R0378,Soura to LD,SRSR01020922,MERGED_INTO_TRUNK,FDR-059,Private Minibus,10.817,Urban,798.2,86.5,City_Core,21,10.5,11,5.5,0.7984,0.4545,1.25,0.6264,True,HP,20,0,0,0,0,False,,0,85889,243,69,0.1007,OSRM,False,Year_Round,False,False,False,False,96.0,1038.4,0.0,247.0,0.0,Red_NoCapacity,58.8,True,2474.0,67498.0,0.037,False,986510.0,0.106,route_maps_kashmir/FDR-059.html
R0379,LD to Pampore,SRPW02022202,MERGED_INTO_TRUNK,FDR-341,Private Minibus,15.854,Peri_Urban,1392.5,79.3,City_Core,31,15.5,6,3.0,0.5585,0.2798,1.25,0.4192,True,MP,35,0,0,0,0,False,,0,93243,319,50,0.1491,OSRM+JhelumBridge,False,Year_Round,False,False,False,False,54.9,869.7,0.0,63.0,0.0,Red_NoCapacity,62.6,True,632.0,56531.0,0.011,False,826220.0,0.088,route_maps_kashmir/FDR-341.html
R0380,Soura to Hazratbal,SRSR01010904,MERGED_INTO_TRUNK,TRK-031,Private Minibus,8.337,Urban,1248.4,66.7,City_Core,16,8.0,6,3.0,0.7069,0.4192,1.25,0.5631,False,MP,35,0,0,0,0,False,,0,59647,163,41,0.0333,OSRM+JhelumBridge,False,Year_Round,False,False,False,False,54.9,457.3,0.0,443.0,0.0,Red_NoCapacity,56.4,True,4426.0,29727.0,0.149,True,434477.0,0.073,route_maps_kashmir/TRK-031.html
R0381,Soura to Hazratbal,SRSR01010904,MERGED_INTO_TRUNK,TRK-031,Private Minibus,8.337,Urban,1248.4,66.7,City_Core,16,8.0,6,3.0,0.7069,0.4192,1.25,0.5631,False,MP,35,0,0,0,0,False,,0,59647,163,41,0.0333,OSRM+JhelumBridge,False,Year_Round,False,False,False,False,54.9,457.3,0.0,443.0,0.0,Red_NoCapacity,56.4,True,4426.0,29727.0,0.149,True,434477.0,0.073,route_maps_kashmir/TRK-031.html
R0382,Soura to Railway Station,SRSR01020901,MERGED_INTO_TRUNK,FDR-262,Private Minibus,18.799,Peri_Urban,1610.0,94.0,City_Core,37,18.5,8,4.0,0.5993,0.4081,1.25,0.5037,False,MP,35,0,0,0,0,False,,0,117138,369,91,0.1366,OSRM+JhelumBridge,False,Year_Round,False,False,False,False,54.9,1031.3,0.0,75.0,0.0,Red_NoCapacity,70.0,True,749.0,67032.0,0.011,True,979696.0,0.064,route_maps_kashmir/FDR-262.html
R0383,Parimpora to Budgam,SRBG02022903,MERGED_INTO_TRUNK,FDR-488,Private Minibus,31.385,Peri_Urban,2180.6,156.9,City_Core,62,31.0,11,5.5,0.303,0.1075,1.25,0.2052,False,LP,35,0,0,0,0,False,,0,115774,412,38,0.1411,OSRM,False,Year_Round,False,False,False,False,54.9,1721.7,0.0,64.0,0.0,Red_NoCapacity,101.4,True,642.0,111910.0,0.006,True,1635607.0,0.056,route_maps_kashmir/FDR-488.html
R0384,Qamarwari to Parimpora,SRSR02023029,MERGED_INTO_TRUNK,FDR-406,Private Minibus,20.044,Peri_Urban,1296.0,100.2,City_Core,40,20.0,17,8.5,0.4276,0.2704,1.25,0.349,False,MP,35,0,0,0,0,False,,0,95364,521,51,0.2377,OSRM,False,Year_Round,False,False,False,False,54.9,1099.6,0.0,25.0,0.0,Red_NoCapacity,73.1,True,248.0,71471.0,0.003,True,1044579.0,0.037,route_maps_kashmir/FDR-406.html
R0385,Qamarwari to Parimpora,SRSR02023029,MERGED_INTO_TRUNK,FDR-406,Private Minibus,20.044,Peri_Urban,1296.0,100.2,City_Core,40,20.0,17,8.5,0.4276,0.2704,1.25,0.349,False,MP,35,0,0,0,0,False,,0,95364,521,51,0.2377,OSRM,False,Year_Round,False,False,False,False,54.9,1099.6,0.0,25.0,0.0,Red_NoCapacity,73.1,True,248.0,71471.0,0.003,True,1044579.0,0.037,route_maps_kashmir/FDR-406.html
R0386,Soura to LD,SRSR01020922,MERGED_INTO_TRUNK,FDR-059,Private Minibus,11.052,Urban,725.1,88.4,City_Core,22,11.0,8,4.0,0.9657,0.6207,1.25,0.7932,True,HP,20,0,0,0,0,False,,0,103616,563,85,0.1529,OSRM,False,Year_Round,False,False,False,False,96.0,1061.0,0.0,85.0,0.0,Red_NoCapacity,59.7,True,848.0,68964.0,0.012,False,1007942.0,0.055,route_maps_kashmir/FDR-059.html
R0387,Hazratbal to LD,SRSR01020422,MERGED_INTO_TRUNK,FDR-147,Private Minibus,8.251,Urban,1283.5,66.0,City_Core,16,8.0,10,5.0,0.6633,0.3468,1.25,0.505,True,MP,35,0,0,0,0,False,,0,55948,208,34,0.0832,OSRM+JhelumBridge,False,Year_Round,False,False,False,False,54.9,452.6,0.0,130.0,0.0,Red_NoCapacity,56.0,True,1302.0,29421.0,0.044,False,429995.0,0.081,route_maps_kashmir/FDR-147.html
R0388,Qamarwari to Parimpora,SRSR02023029,MERGED_INTO_TRUNK,FDR-406,LPV / Tempo,20.044,Peri_Urban,1296.0,100.2,City_Core,40,20.0,17,8.5,0.4276,0.2704,1.25,0.349,False,MP,35,0,0,0,0,False,,0,95364,521,51,0.2377,OSRM,False,Year_Round,False,False,False,False,54.9,1099.6,0.0,25.0,0.0,Red_NoCapacity,73.1,True,248.0,71471.0,0.003,True,1044579.0,0.037,route_maps_kashmir/FDR-406.html
R0389,LD to Pampore,SRPW02022202,MERGED_INTO_TRUNK,FDR-341,Private Minibus,15.854,Peri_Urban,1392.5,79.3,City_Core,31,15.5,6,3.0,0.5585,0.2798,1.25,0.4192,True,MP,35,0,0,0,0,False,,0,93243,319,50,0.1491,OSRM+JhelumBridge,False,Year_Round,False,False,False,False,54.9,869.7,0.0,63.0,0.0,Red_NoCapacity,62.6,True,632.0,56531.0,0.011,False,826220.0,0.088,route_maps_kashmir/FDR-341.html
R0390,Qamarwari to Parimpora,SRSR02023029,MERGED_INTO_TRUNK,FDR-406,Private Minibus,20.044,Peri_Urban,1296.0,100.2,City_Core,40,20.0,17,8.5,0.4276,0.2704,1.25,0.349,False,MP,35,0,0,0,0,False,,0,95364,521,51,0.2377,OSRM,False,Year_Round,False,False,False,False,54.9,1099.6,0.0,25.0,0.0,Red_NoCapacity,73.1,True,248.0,71471.0,0.003,True,1044579.0,0.037,route_maps_kashmir/FDR-406.html
R0391,Soura to LD,SRSR01020922,MERGED_INTO_TRUNK,FDR-059,Private Minibus,10.817,Urban,798.2,86.5,City_Core,21,10.5,11,5.5,0.7984,0.4545,1.25,0.6264,True,HP,20,0,0,0,0,False,,0,85889,243,69,0.1007,OSRM,False,Year_Round,False,False,False,False,96.0,1038.4,0.0,247.0,0.0,Red_NoCapacity,58.8,True,2474.0,67498.0,0.037,False,986510.0,0.106,route_maps_kashmir/FDR-059.html
R0392,Soura to Hazratbal,SRSR01010904,MERGED_INTO_TRUNK,TRK-031,Private Minibus,8.337,Urban,1248.4,66.7,City_Core,16,8.0,6,3.0,0.7069,0.4192,1.25,0.5631,False,MP,35,0,0,0,0,False,,0,59647,163,41,0.0333,OSRM+JhelumBridge,False,Year_Round,False,False,False,False,54.9,457.3,0.0,443.0,0.0,Red_NoCapacity,56.4,True,4426.0,29727.0,0.149,True,434477.0,0.073,route_maps_kashmir/TRK-031.html
R0393,Ma Road to Safakadal,SRSR02022537,RETAINED_AS_FEEDER,FDR-190,,13.244,Urban,1219.1,106.0,City_Core,26,13.0,6,3.0,0.6037,0.4774,0.75,0.5406,True,MP,35,5,0,0,5,False,,5149,83028,467,71,0.1742,OSRM+JhelumBridge,False,Year_Round,False,False,False,False,54.9,726.5,906.0,41.0,0.045,Amber_Under,76.0,True,411.0,47224.0,0.009,False,690202.0,0.053,route_maps_kashmir/FDR-190.html
R0394,Soura to LD,SRSR01020922,MERGED_INTO_TRUNK,FDR-059,Private Minibus,11.052,Urban,725.1,88.4,City_Core,22,11.0,8,4.0,0.9657,0.6207,1.25,0.7932,True,HP,20,0,0,0,0,False,,0,103616,563,85,0.1529,OSRM,False,Year_Round,False,False,False,False,96.0,1061.0,0.0,85.0,0.0,Red_NoCapacity,59.7,True,848.0,68964.0,0.012,False,1007942.0,0.055,route_maps_kashmir/FDR-059.html
R0395,Parimpora to Panthachowk,SRSR02022927,MERGED_INTO_TRUNK,FDR-289,Private Minibus,21.307,Peri_Urban,1713.4,106.5,City_Core,42,21.0,5,2.5,0.6019,0.3276,1.25,0.4648,False,MP,35,0,0,0,0,False,,0,133241,546,73,0.2309,OSRM+JhelumBridge,False,Year_Round,False,False,False,False,54.9,1168.8,0.0,34.0,0.0,Red_NoCapacity,76.2,True,341.0,75975.0,0.004,True,1110399.0,0.049,route_maps_kashmir/FDR-289.html
R0396,Rangpora to LD,SRSR01020822,RETAINED_AS_FEEDER,FDR-158,,9.500,Peri_Urban,834.9,47.5,City_Core,19,9.5,21,10.5,0.7289,0.4344,0.75,0.5816,True,MP,35,3,0,3,0,False,,8134,160931,573,114,0.1087,OSRM+JhelumBridge,False,Year_Round,False,False,False,False,54.9,1202.2,1533.0,83.0,0.054,Amber_Under,77.8,True,832.0,78146.0,0.011,False,1142137.0,0.084,route_maps_kashmir/FDR-158.html
R0397,Soura to LD,SRSR01020922,MERGED_INTO_TRUNK,FDR-059,Private Minibus,10.817,Urban,798.2,86.5,City_Core,21,10.5,11,5.5,0.7984,0.4545,1.25,0.6264,True,HP,20,0,0,0,0,False,,0,85889,243,69,0.1007,OSRM,False,Year_Round,False,False,False,False,96.0,1038.4,0.0,247.0,0.0,Red_NoCapacity,58.8,True,2474.0,67498.0,0.037,False,986510.0,0.106,route_maps_kashmir/FDR-059.html
R0398,Baghat Shora to Lalchowk,SRSR02020223,MERGED_INTO_TRUNK,FDR-265,LPV / Tempo,13.003,Urban,1312.7,104.0,City_Core,26,13.0,12,6.0,0.599,0.3925,1.25,0.4958,False,MP,35,0,0,0,0,False,,0,80997,515,55,0.1315,OSRM+JhelumBridge,False,Year_Round,False,False,False,False,54.9,713.3,0.0,48.0,0.0,Red_NoCapacity,75.0,True,482.0,46365.0,0.01,True,677642.0,0.032,route_maps_kashmir/FDR-265.html
R0399,LD to Pampore,SRPW02022202,MERGED_INTO_TRUNK,FDR-341,Private Minibus,15.854,Peri_Urban,1392.5,79.3,City_Core,31,15.5,6,3.0,0.5585,0.2798,1.25,0.4192,True,MP,35,0,0,0,0,False,,0,93243,319,50,0.1491,OSRM+JhelumBridge,False,Year_Round,False,False,False,False,54.9,869.7,0.0,63.0,0.0,Red_NoCapacity,62.6,True,632.0,56531.0,0.011,False,826220.0,0.088,route_maps_kashmir/FDR-341.html
R0400,Parimpora to Budgam,SRBG02022903,MERGED_INTO_TRUNK,FDR-488,LPV / Tempo,31.385,Peri_Urban,2180.6,156.9,City_Core,62,31.0,11,5.5,0.303,0.1075,1.25,0.2052,False,LP,35,0,0,0,0,False,,0,115774,412,38,0.1411,OSRM,False,Year_Round,False,False,False,False,54.9,1721.7,0.0,64.0,0.0,Red_NoCapacity,101.4,True,642.0,111910.0,0.006,True,1635607.0,0.056,route_maps_kashmir/FDR-488.html
R0401,Parimpora to Budgam,SRBG02022903,MERGED_INTO_TRUNK,FDR-488,LPV / Tempo,31.385,Peri_Urban,2180.6,156.9,City_Core,62,31.0,11,5.5,0.303,0.1075,1.25,0.2052,False,LP,35,0,0,0,0,False,,0,115774,412,38,0.1411,OSRM,False,Year_Round,False,False,False,False,54.9,1721.7,0.0,64.0,0.0,Red_NoCapacity,101.4,True,642.0,111910.0,0.006,True,1635607.0,0.056,route_maps_kashmir/FDR-488.html
R0402,Chanapora to Soura,SRSR02011109,MERGED_INTO_TRUNK,FDR-078,Private Minibus,14.108,Urban,849.7,105.9,City_Core,28,14.0,6,3.0,0.9723,0.5724,1.25,0.7724,False,HP,20,0,0,0,0,False,,0,133070,568,101,0.1296,OSRM,False,Year_Round,False,False,False,False,96.0,1354.4,0.0,127.0,0.0,Red_NoCapacity,68.4,True,1274.0,88034.0,0.014,True,1286650.0,0.047,route_maps_kashmir/FDR-078.html
R0403,Soura to LD,SRSR01020922,MERGED_INTO_TRUNK,FDR-059,Private Minibus,11.052,Urban,725.1,88.4,City_Core,22,11.0,8,4.0,0.9657,0.6207,1.25,0.7932,True,HP,20,0,0,0,0,False,,0,103616,563,85,0.1529,OSRM,False,Year_Round,False,False,False,False,96.0,1061.0,0.0,85.0,0.0,Red_NoCapacity,59.7,True,848.0,68964.0,0.012,False,1007942.0,0.055,route_maps_kashmir/FDR-059.html
R0404,Soura to LD,SRSR01020922,MERGED_INTO_TRUNK,FDR-059,Private Minibus,7.325,Urban,606.8,58.6,City_Core,14,7.0,13,6.5,1.0,0.6082,1.25,0.8041,True,HP,20,0,0,0,0,False,,0,71571,247,65,0.116,OSRM,False,Year_Round,False,False,False,False,96.0,703.2,0.0,176.0,0.0,Red_NoCapacity,44.8,False,1760.0,45708.0,0.039,False,668040.0,0.087,route_maps_kashmir/FDR-059.html
R0405,Soura to Jehangir Chowk,SRSR01020920,MERGED_INTO_TRUNK,FDR-122,LPV / Tempo,9.676,Urban,786.9,77.4,City_Core,19,9.5,10,5.0,0.9581,0.6758,1.25,0.8169,True,HP,20,0,0,0,0,False,,0,90081,439,86,0.1034,OSRM,False,Year_Round,False,False,False,False,96.0,928.9,0.0,140.0,0.0,Red_NoCapacity,54.2,True,1399.0,60378.0,0.023,False,882451.0,0.062,route_maps_kashmir/FDR-122.html
R0406,Soura to LD,SRSR01020922,MERGED_INTO_TRUNK,FDR-059,Private Minibus,10.817,Urban,798.2,86.5,City_Core,21,10.5,11,5.5,0.7984,0.4545,1.25,0.6264,True,HP,20,0,0,0,0,False,,0,85889,243,69,0.1007,OSRM,False,Year_Round,False,False,False,False,96.0,1038.4,0.0,247.0,0.0,Red_NoCapacity,58.8,True,2474.0,67498.0,0.037,False,986510.0,0.106,route_maps_kashmir/FDR-059.html
R0407,Baghat Shora to Lalchowk,SRSR02020223,MERGED_INTO_TRUNK,FDR-265,Private Minibus,13.003,Urban,1312.7,104.0,City_Core,26,13.0,12,6.0,0.599,0.3925,1.25,0.4958,False,MP,35,0,0,0,0,False,,0,80997,515,55,0.1315,OSRM+JhelumBridge,False,Year_Round,False,False,False,False,54.9,713.3,0.0,48.0,0.0,Red_NoCapacity,75.0,True,482.0,46365.0,0.01,True,677642.0,0.032,route_maps_kashmir/FDR-265.html
R0408,Soura to Lalchowk,SRSR01020923,RETAINED_AS_FEEDER,FDR-050,,9.494,Urban,853.6,100.8,City_Core,18,9.0,11,5.5,0.9312,0.67,0.75,0.8006,False,HP,20,7,0,7,0,False,,4773,86195,523,80,0.1438,OSRM+JhelumBridge,False,Year_Round,False,True,True,False,96.0,911.4,2211.0,81.0,0.037,Amber_Under,53.5,True,808.0,59243.0,0.014,True,865853.0,0.033,route_maps_kashmir/FDR-050.html
R0409,Hazratbal to LD,SRSR01020422,MERGED_INTO_TRUNK,FDR-147,Private Minibus,8.251,Urban,1283.5,66.0,City_Core,16,8.0,10,5.0,0.6633,0.3468,1.25,0.505,True,MP,35,0,0,0,0,False,,0,55948,208,34,0.0832,OSRM+JhelumBridge,False,Year_Round,False,False,False,False,54.9,452.6,0.0,130.0,0.0,Red_NoCapacity,56.0,True,1302.0,29421.0,0.044,False,429995.0,0.081,route_maps_kashmir/FDR-147.html
R0410,Baghat Shora to Lalchowk,SRSR02020223,MERGED_INTO_TRUNK,FDR-265,LPV / Tempo,13.003,Urban,1312.7,104.0,City_Core,26,13.0,12,6.0,0.599,0.3925,1.25,0.4958,False,MP,35,0,0,0,0,False,,0,80997,515,55,0.1315,OSRM+JhelumBridge,False,Year_Round,False,False,False,False,54.9,713.3,0.0,48.0,0.0,Red_NoCapacity,75.0,True,482.0,46365.0,0.01,True,677642.0,0.032,route_maps_kashmir/FDR-265.html
R0411,Soura to Lalchowk,SRSR01020923,MERGED_INTO_TRUNK,FDR-050,Private Minibus,9.494,Urban,1127.9,76.0,City_Core,18,9.0,11,5.5,0.9312,0.67,1.25,0.8006,False,HP,20,0,0,0,0,False,,0,86195,523,80,0.1438,OSRM+JhelumBridge,False,Year_Round,False,False,False,False,96.0,911.4,0.0,81.0,0.0,Red_NoCapacity,53.5,True,808.0,59243.0,0.014,True,865853.0,0.033,route_maps_kashmir/FDR-050.html
R0412,Lawaypora to Jehangir Chowk,SRSR02022420,MERGED_INTO_TRUNK,FDR-394,Private Minibus,14.207,Urban,1005.6,113.7,City_Core,28,14.0,21,10.5,0.552,0.1642,1.25,0.3581,False,MP,35,0,0,0,0,False,,0,82757,395,29,0.1701,OSRM,False,Year_Round,False,False,False,False,54.9,779.4,0.0,50.0,0.0,Red_NoCapacity,79.8,True,496.0,50658.0,0.01,True,740388.0,0.042,route_maps_kashmir/FDR-394.html
R0413,Soura to LD,SRSR01020922,MERGED_INTO_TRUNK,FDR-059,Private Minibus,10.817,Urban,798.2,86.5,City_Core,21,10.5,11,5.5,0.7984,0.4545,1.25,0.6264,True,HP,20,0,0,0,0,False,,0,85889,243,69,0.1007,OSRM,False,Year_Round,False,False,False,False,96.0,1038.4,0.0,247.0,0.0,Red_NoCapacity,58.8,True,2474.0,67498.0,0.037,False,986510.0,0.106,route_maps_kashmir/FDR-059.html
R0414,Parimpora to Budgam,SRBG02022903,MERGED_INTO_TRUNK,FDR-488,LPV / Tempo,31.385,Peri_Urban,2180.6,156.9,City_Core,62,31.0,11,5.5,0.303,0.1075,1.25,0.2052,False,LP,35,0,0,0,0,False,,0,115774,412,38,0.1411,OSRM,False,Year_Round,False,False,False,False,54.9,1721.7,0.0,64.0,0.0,Red_NoCapacity,101.4,True,642.0,111910.0,0.006,True,1635607.0,0.056,route_maps_kashmir/FDR-488.html
R0415,Parimpora to Budgam,SRBG02022903,MERGED_INTO_TRUNK,FDR-488,LPV / Tempo,31.385,Peri_Urban,2180.6,156.9,City_Core,62,31.0,11,5.5,0.303,0.1075,1.25,0.2052,False,LP,35,0,0,0,0,False,,0,115774,412,38,0.1411,OSRM,False,Year_Round,False,False,False,False,54.9,1721.7,0.0,64.0,0.0,Red_NoCapacity,101.4,True,642.0,111910.0,0.006,True,1635607.0,0.056,route_maps_kashmir/FDR-488.html
R0416,Soura to Ganderbal,SRGB01010903,MERGED_INTO_TRUNK,FDR-481,Private Minibus,9.86,Urban,959.3,78.9,City_Core,19,9.5,6,3.0,0.2779,0.1597,1.25,0.2188,False,LP,35,0,0,0,0,False,,0,34248,108,20,0.0205,OSRM,False,Year_Round,False,False,False,False,54.9,540.9,0.0,623.0,0.0,Red_NoCapacity,62.4,True,6230.0,35158.0,0.177,True,513847.0,0.064,route_maps_kashmir/FDR-481.html
R0417,Soura to Ganderbal,SRGB01010903,MERGED_INTO_TRUNK,FDR-481,Private Minibus,9.86,Urban,959.3,78.9,City_Core,19,9.5,6,3.0,0.2779,0.1597,1.25,0.2188,False,LP,35,0,0,0,0,False,,0,34248,108,20,0.0205,OSRM,False,Year_Round,False,False,False,False,54.9,540.9,0.0,623.0,0.0,Red_NoCapacity,62.4,True,6230.0,35158.0,0.177,True,513847.0,0.064,route_maps_kashmir/FDR-481.html
R0418,Soura to Hazratbal,SRSR01010904,MERGED_INTO_TRUNK,TRK-031,Private Minibus,8.337,Urban,1248.4,66.7,City_Core,16,8.0,6,3.0,0.7069,0.4192,1.25,0.5631,False,MP,35,0,0,0,0,False,,0,59647,163,41,0.0333,OSRM+JhelumBridge,False,Year_Round,False,False,False,False,54.9,457.3,0.0,443.0,0.0,Red_NoCapacity,56.4,True,4426.0,29727.0,0.149,True,434477.0,0.073,route_maps_kashmir/TRK-031.html
R0419,Parimpora to Budgam,SRBG02022903,MERGED_INTO_TRUNK,FDR-488,Private Minibus,31.385,Peri_Urban,2180.6,156.9,City_Core,62,31.0,11,5.5,0.303,0.1075,1.25,0.2052,False,LP,35,0,0,0,0,False,,0,115774,412,38,0.1411,OSRM,False,Year_Round,False,False,False,False,54.9,1721.7,0.0,64.0,0.0,Red_NoCapacity,101.4,True,642.0,111910.0,0.006,True,1635607.0,0.056,route_maps_kashmir/FDR-488.html
R0420,Jehangir Chowk to HMT,SRSR02022016,MERGED_INTO_TRUNK,FDR-275,LPV / Tempo,10.311,Urban,654.3,82.5,City_Core,20,10.0,10,5.0,0.6674,0.2668,1.25,0.4671,False,MP,35,0,0,0,0,False,,0,70280,406,30,0.2746,OSRM,False,Year_Round,False,False,False,False,54.9,565.6,0.0,25.0,0.0,Red_NoCapacity,64.2,True,254.0,36766.0,0.007,True,537350.0,0.035,route_maps_kashmir/FDR-275.html
R0421,Malbagh to LD,SRSR01020622,MERGED_INTO_TRUNK,FDR-101,LPV / Tempo,11.428,Urban,1281.3,91.4,City_Core,22,11.0,17,8.5,0.9192,0.4621,1.25,0.6906,True,HP,20,0,0,0,0,False,,0,102579,243,71,0.0816,OSRM+JhelumBridge,False,Year_Round,False,False,False,False,96.0,1097.1,0.0,365.0,0.0,Red_NoCapacity,61.2,True,3646.0,71311.0,0.051,False,1042234.0,0.127,route_maps_kashmir/FDR-101.html
R0422,Jehangir Chowk to JVC,SRSR02022018,MERGED_INTO_TRUNK,FDR-269,Private Minibus,8.334,Urban,646.4,66.7,City_Core,16,8.0,15,7.5,0.696,0.322,1.25,0.509,False,MP,35,0,0,0,0,False,,0,58845,380,27,0.1905,OSRM,False,Year_Round,False,False,False,False,54.9,457.2,0.0,33.0,0.0,Red_NoCapacity,56.4,True,327.0,29717.0,0.011,True,434320.0,0.031,route_maps_kashmir/FDR-269.html
R0423,Ma Road to Parimpora,SRSR02022529,RETAINED_AS_FEEDER,FDR-325,,18.669,Peri_Urban,1649.3,93.3,City_Core,37,18.5,12,6.0,0.6086,0.2908,0.75,0.4497,False,MP,35,4,0,4,0,False,,6488,117830,526,60,0.1601,OSRM+JhelumBridge,False,Year_Round,False,False,False,False,54.9,1024.1,1441.0,45.0,0.031,Amber_Under,69.6,True,451.0,66568.0,0.007,True,972922.0,0.045,route_maps_kashmir/FDR-325.html
R0424,TRC to Hazratbal,SRSR02014004,MERGED_INTO_TRUNK,FDR-161,Private Minibus,8.127,Urban,579.9,65.0,City_Core,16,8.0,4,2.0,0.7261,0.4076,1.25,0.5668,False,MP,35,0,0,0,0,False,,0,59483,362,34,0.0787,OSRM,False,Year_Round,False,False,False,False,54.9,445.8,0.0,84.0,0.0,Red_NoCapacity,55.5,True,841.0,28979.0,0.029,True,423533.0,0.033,route_maps_kashmir/FDR-161.html
R0425,TRC to Hazratbal,SRSR02014004,MERGED_INTO_TRUNK,FDR-161,Private Minibus,8.127,Urban,579.9,65.0,City_Core,16,8.0,4,2.0,0.7261,0.4076,1.25,0.5668,False,MP,35,0,0,0,0,False,,0,59483,362,34,0.0787,OSRM,False,Year_Round,False,False,False,False,54.9,445.8,0.0,84.0,0.0,Red_NoCapacity,55.5,True,841.0,28979.0,0.029,True,423533.0,0.033,route_maps_kashmir/FDR-161.html
R0426,LD to Pampore,SRPW02022202,MERGED_INTO_TRUNK,FDR-341,Private Minibus,15.854,Peri_Urban,1392.5,79.3,City_Core,31,15.5,6,3.0,0.5585,0.2798,1.25,0.4192,True,MP,35,0,0,0,0,False,,0,93243,319,50,0.1491,OSRM+JhelumBridge,False,Year_Round,False,False,False,False,54.9,869.7,0.0,63.0,0.0,Red_NoCapacity,62.6,True,632.0,56531.0,0.011,False,826220.0,0.088,route_maps_kashmir/FDR-341.html
R0427,Soura to Hazratbal,SRSR01010904,MERGED_INTO_TRUNK,TRK-031,Private Minibus,8.337,Urban,1248.4,66.7,City_Core,16,8.0,6,3.0,0.7069,0.4192,1.25,0.5631,False,MP,35,0,0,0,0,False,,0,59647,163,41,0.0333,OSRM+JhelumBridge,False,Year_Round,False,False,False,False,54.9,457.3,0.0,443.0,0.0,Red_NoCapacity,56.4,True,4426.0,29727.0,0.149,True,434477.0,0.073,route_maps_kashmir/TRK-031.html
R0428,Soura to Hazratbal,SRSR01010904,MERGED_INTO_TRUNK,TRK-031,LPV / Tempo,8.337,Urban,1248.4,66.7,City_Core,16,8.0,6,3.0,0.7069,0.4192,1.25,0.5631,False,MP,35,0,0,0,0,False,,0,59647,163,41,0.0333,OSRM+JhelumBridge,False,Year_Round,False,False,False,False,54.9,457.3,0.0,443.0,0.0,Red_NoCapacity,56.4,True,4426.0,29727.0,0.149,True,434477.0,0.073,route_maps_kashmir/TRK-031.html
R0429,Soura to Hazratbal,SRSR01010904,MERGED_INTO_TRUNK,TRK-031,LPV / Tempo,8.337,Urban,1248.4,66.7,City_Core,16,8.0,6,3.0,0.7069,0.4192,1.25,0.5631,False,MP,35,0,0,0,0,False,,0,59647,163,41,0.0333,OSRM+JhelumBridge,False,Year_Round,False,False,False,False,54.9,457.3,0.0,443.0,0.0,Red_NoCapacity,56.4,True,4426.0,29727.0,0.149,True,434477.0,0.073,route_maps_kashmir/TRK-031.html
R0430,Parimpora to Budgam,SRBG02022903,MERGED_INTO_TRUNK,FDR-488,Private Minibus,31.385,Peri_Urban,2180.6,156.9,City_Core,62,31.0,11,5.5,0.303,0.1075,1.25,0.2052,False,LP,35,0,0,0,0,False,,0,115774,412,38,0.1411,OSRM,False,Year_Round,False,False,False,False,54.9,1721.7,0.0,64.0,0.0,Red_NoCapacity,101.4,True,642.0,111910.0,0.006,True,1635607.0,0.056,route_maps_kashmir/FDR-488.html
R0431,LD to Parimpora,SRSR02022229,MERGED_INTO_TRUNK,FDR-201,Private Minibus,10.44,Urban,669.5,83.5,City_Core,20,10.0,8,4.0,0.7554,0.2782,1.25,0.5168,True,MP,35,0,0,0,0,False,,0,79042,505,32,0.2627,OSRM,False,Year_Round,False,False,False,False,54.9,572.7,0.0,24.0,0.0,Red_NoCapacity,64.8,True,240.0,37226.0,0.006,False,544073.0,0.047,route_maps_kashmir/FDR-201.html
R0432,Soura to LD,SRSR01020922,MERGED_INTO_TRUNK,FDR-059,Private Minibus,10.099,Urban,682.4,80.8,City_Core,20,10.0,8,4.0,0.9738,0.6066,1.25,0.7902,True,HP,20,0,0,0,0,False,,0,95384,292,75,0.1195,OSRM,False,Year_Round,False,False,False,False,96.0,969.5,0.0,193.0,0.0,Red_NoCapacity,55.9,True,1926.0,63018.0,0.031,False,921029.0,0.098,route_maps_kashmir/FDR-059.html
R0433,LD to Parimpora,SRSR02022229,MERGED_INTO_TRUNK,FDR-201,Private Minibus,10.44,Urban,669.5,83.5,City_Core,20,10.0,8,4.0,0.7554,0.2782,1.25,0.5168,True,MP,35,0,0,0,0,False,,0,79042,505,32,0.2627,OSRM,False,Year_Round,False,False,False,False,54.9,572.7,0.0,24.0,0.0,Red_NoCapacity,64.8,True,240.0,37226.0,0.006,False,544073.0,0.047,route_maps_kashmir/FDR-201.html
R0434,Soura to LD,SRSR01020922,MERGED_INTO_TRUNK,FDR-059,Private Minibus,10.099,Urban,682.4,80.8,City_Core,20,10.0,8,4.0,0.9738,0.6066,1.25,0.7902,True,HP,20,0,0,0,0,False,,0,95384,292,75,0.1195,OSRM,False,Year_Round,False,False,False,False,96.0,969.5,0.0,193.0,0.0,Red_NoCapacity,55.9,True,1926.0,63018.0,0.031,False,921029.0,0.098,route_maps_kashmir/FDR-059.html
R0435,LD to Parimpora,SRSR02022229,MERGED_INTO_TRUNK,FDR-201,LPV / Tempo,10.44,Urban,669.5,83.5,City_Core,20,10.0,8,4.0,0.7554,0.2782,1.25,0.5168,True,MP,35,0,0,0,0,False,,0,79042,505,32,0.2627,OSRM,False,Year_Round,False,False,False,False,54.9,572.7,0.0,24.0,0.0,Red_NoCapacity,64.8,True,240.0,37226.0,0.006,False,544073.0,0.047,route_maps_kashmir/FDR-201.html
R0436,Safakadal to Jehangir Chowk,SRSR02023720,MERGED_INTO_TRUNK,FDR-575,Private Minibus,3.149,Urban,218.7,25.2,City_Core,6,3.0,2,1.0,1.0,0.9025,1.25,0.9512,True,HP,20,0,0,0,0,False,,0,32077,332,34,0.085,OSRM,False,Year_Round,False,False,False,False,96.0,302.3,0.0,80.0,0.0,Red_NoCapacity,28.1,False,801.0,19650.0,0.041,False,287189.0,0.029,route_maps_kashmir/FDR-575.html
R0437,Parimpora to Budgam,SRBG02022903,MERGED_INTO_TRUNK,FDR-488,Private Minibus,31.385,Peri_Urban,2180.6,156.9,City_Core,62,31.0,11,5.5,0.303,0.1075,1.25,0.2052,False,LP,35,0,0,0,0,False,,0,115774,412,38,0.1411,OSRM,False,Year_Round,False,False,False,False,54.9,1721.7,0.0,64.0,0.0,Red_NoCapacity,101.4,True,642.0,111910.0,0.006,True,1635607.0,0.056,route_maps_kashmir/FDR-488.html
R0438,Jehangir Chowk to HMT,SRSR02022016,MERGED_INTO_TRUNK,FDR-275,LPV / Tempo,10.311,Urban,654.3,82.5,City_Core,20,10.0,10,5.0,0.6674,0.2668,1.25,0.4671,False,MP,35,0,0,0,0,False,,0,70280,406,30,0.2746,OSRM,False,Year_Round,False,False,False,False,54.9,565.6,0.0,25.0,0.0,Red_NoCapacity,64.2,True,254.0,36766.0,0.007,True,537350.0,0.035,route_maps_kashmir/FDR-275.html
R0439,LD to Parimpora,SRSR02022229,MERGED_INTO_TRUNK,FDR-201,Private Minibus,10.44,Urban,669.5,83.5,City_Core,20,10.0,8,4.0,0.7554,0.2782,1.25,0.5168,True,MP,35,0,0,0,0,False,,0,79042,505,32,0.2627,OSRM,False,Year_Round,False,False,False,False,54.9,572.7,0.0,24.0,0.0,Red_NoCapacity,64.8,True,240.0,37226.0,0.006,False,544073.0,0.047,route_maps_kashmir/FDR-201.html
R0440,Soura to LD,SRSR01020922,MERGED_INTO_TRUNK,FDR-059,Private Minibus,11.052,Urban,725.1,88.4,City_Core,22,11.0,8,4.0,0.9657,0.6207,1.25,0.7932,True,HP,20,0,0,0,0,False,,0,103616,563,85,0.1529,OSRM,False,Year_Round,False,False,False,False,96.0,1061.0,0.0,85.0,0.0,Red_NoCapacity,59.7,True,848.0,68964.0,0.012,False,1007942.0,0.055,route_maps_kashmir/FDR-059.html
R0441,Jehangir Chowk to JVC,SRSR02022018,MERGED_INTO_TRUNK,FDR-269,LPV / Tempo,8.334,Urban,646.4,66.7,City_Core,16,8.0,15,7.5,0.696,0.322,1.25,0.509,False,MP,35,0,0,0,0,False,,0,58845,380,27,0.1905,OSRM,False,Year_Round,False,False,False,False,54.9,457.2,0.0,33.0,0.0,Red_NoCapacity,56.4,True,327.0,29717.0,0.011,True,434320.0,0.031,route_maps_kashmir/FDR-269.html
R0442,Soura to LD,SRSR01020922,MERGED_INTO_TRUNK,FDR-059,LPV / Tempo,11.052,Urban,725.1,88.4,City_Core,22,11.0,8,4.0,0.9657,0.6207,1.25,0.7932,True,HP,20,0,0,0,0,False,,0,103616,563,85,0.1529,OSRM,False,Year_Round,False,False,False,False,96.0,1061.0,0.0,85.0,0.0,Red_NoCapacity,59.7,True,848.0,68964.0,0.012,False,1007942.0,0.055,route_maps_kashmir/FDR-059.html
R0443,Soura to LD,SRSR01020922,MERGED_INTO_TRUNK,FDR-059,LPV / Tempo,10.099,Urban,682.4,80.8,City_Core,20,10.0,8,4.0,0.9738,0.6066,1.25,0.7902,True,HP,20,0,0,0,0,False,,0,95384,292,75,0.1195,OSRM,False,Year_Round,False,False,False,False,96.0,969.5,0.0,193.0,0.0,Red_NoCapacity,55.9,True,1926.0,63018.0,0.031,False,921029.0,0.098,route_maps_kashmir/FDR-059.html
R0444,Parimpora to Jawahirnagar,SRSR02022919,MERGED_INTO_TRUNK,FDR-151,Private Minibus,12.642,Urban,1381.8,101.1,City_Core,25,12.5,12,6.0,0.8084,0.3589,1.25,0.5836,True,MP,35,0,0,0,0,False,,0,101463,505,49,0.2019,OSRM+JhelumBridge,False,Year_Round,False,False,False,False,54.9,693.5,0.0,40.0,0.0,Red_NoCapacity,73.6,True,401.0,45078.0,0.009,False,658829.0,0.06,route_maps_kashmir/FDR-151.html
R0445,Safakadal to Jehangir Chowk,SRSR02023720,MERGED_INTO_TRUNK,FDR-575,Private Minibus,3.569,Urban,390.5,28.6,City_Core,7,3.5,8,4.0,1.0,0.8475,1.25,0.9238,True,HP,20,0,0,0,0,False,,0,34629,332,37,0.0803,OSRM,False,Year_Round,False,False,False,False,96.0,342.6,0.0,92.0,0.0,Red_NoCapacity,29.8,False,915.0,22271.0,0.041,False,325493.0,0.031,route_maps_kashmir/FDR-575.html
R0446,Srinagar to Shanglipora,SRBG02023911,RETAINED_AS_FEEDER,FDR-510,,35.000,Regional_District,2839.5,105.0,City_Core,70,35.0,4,2.0,0.2605,0.1198,0.75,0.1902,False,LP,50,4,2,2,0,False,,8614,139744,470,59,0.078,OSRM+JhelumBridge,False,Year_Round,False,False,False,False,38.4,1614.2,1446.0,64.0,0.045,Amber_Under,93.6,True,645.0,104924.0,0.006,True,1533510.0,0.06,route_maps_kashmir/FDR-510.html
R0447,Srinagar to Isganderpora,SRBG02023905,RETAINED_AS_FEEDER,FDR-466,,26.500,Regional_District,2119.5,79.5,City_Core,53,26.5,5,2.5,0.3202,0.1518,0.75,0.236,False,LP,50,3,2,1,0,False,,7949,128975,470,60,0.097,OSRM+JhelumBridge,False,Year_Round,False,False,False,False,38.4,1290.9,1810.0,48.0,0.026,Amber_Under,80.9,True,479.0,83906.0,0.006,True,1226312.0,0.055,route_maps_kashmir/FDR-466.html
R0448,Srinagar to Aboora,SRBR02073901,RETAINED_AS_FEEDER,FDR-454,,32.753,Regional_District,2382.1,98.3,City_Core,65,32.5,4,2.0,0.3467,0.1499,0.75,0.2483,False,LP,50,3,1,2,0,False,,8203,133105,470,58,0.0986,OSRM+JhelumBridge,False,Year_Round,False,False,False,False,38.4,1257.7,1270.0,49.0,0.038,Amber_Under,79.6,True,486.0,81751.0,0.006,True,1194829.0,0.057,route_maps_kashmir/FDR-454.html
R0449,Srinagar to Arizal,SRBG02063901,RETAINED_AS_FEEDER,FDR-536,,44.306,Regional_District,3971.3,132.9,City_Core,88,44.0,13,6.5,0.2152,0.0803,0.75,0.1478,False,LP,50,4,2,2,0,False,,8487,130074,444,35,0.051,OSRM+JhelumBridge,True,Seasonal,False,False,False,False,38.4,1701.4,1372.0,97.0,0.071,Amber_Under,97.0,True,972.0,110588.0,0.009,True,1616283.0,0.059,route_maps_kashmir/FDR-536.html
R0450,Srinagar to Baderkote,SRBR02073902,RETAINED_AS_FEEDER,FDR-453,,42.864,Regional_District,3009.3,128.6,City_Core,85,42.5,4,2.0,0.3812,0.1188,0.75,0.25,False,LP,50,4,2,2,0,False,,11518,186877,470,60,0.0761,OSRM+JhelumBridge,True,Seasonal,False,False,False,False,38.4,1646.0,1418.0,88.0,0.062,Amber_Under,94.8,True,884.0,106989.0,0.008,True,1563679.0,0.08,route_maps_kashmir/FDR-453.html
R0451,Srinagar to Loolpora,SRBG02043902,RETAINED_AS_FEEDER,FDR-514,,38.921,Regional_District,3173.3,116.8,City_Core,77,38.5,14,7.0,0.2539,0.1116,0.75,0.1828,False,LP,50,4,2,2,0,False,,8335,127173,442,49,0.0298,OSRM+JhelumBridge,False,Year_Round,False,False,False,False,38.4,1494.6,1562.0,163.0,0.105,Amber_Under,88.9,True,1633.0,97147.0,0.017,True,1419838.0,0.058,route_maps_kashmir/FDR-514.html
R0452,Srinagar to Beeru,SRBG02013902,RETAINED_AS_FEEDER,FDR-384,,25.000,Regional_District,2016.4,75.0,City_Core,50,25.0,3,1.5,0.5252,0.2278,0.75,0.3765,False,MP,50,3,2,1,0,False,,5577,85489,444,35,0.1422,OSRM+JhelumBridge,False,Year_Round,False,False,False,False,38.4,586.6,1991.0,23.0,0.012,Amber_Under,53.4,True,229.0,38131.0,0.006,True,557305.0,0.039,route_maps_kashmir/FDR-384.html
R0453,Srinagar to Dardpora,SRKW02033901,RETAINED_AS_FEEDER,FDR-565,,106.39,Regional_District,6120.0,319.2,City_Core,212,106.0,6,3.0,0.1338,0.0424,0.75,0.0881,False,LP,50,9,3,6,0,False,,14607,238016,472,54,0.0456,OSRM+JhelumBridge,False,Year_Round,False,False,False,False,38.4,4085.4,1173.0,187.0,0.159,Amber_Under,190.1,True,1870.0,265549.0,0.007,True,3881107.0,0.101,route_maps_kashmir/FDR-565.html
R0454,Srinagar to Gaguldara,SRBG02013902,MERGED_INTO_TRUNK,FDR-384,MPS (Stage Carriage),15.277,Regional_District,1232.2,45.8,City_Core,30,15.0,3,1.5,0.5252,0.2278,1.25,0.3765,False,MP,35,0,0,0,0,False,,0,85489,444,35,0.1422,OSRM+JhelumBridge,False,Year_Round,False,False,False,False,54.9,838.1,0.0,33.0,0.0,Red_NoCapacity,45.9,True,327.0,54473.0,0.006,True,796150.0,0.039,route_maps_kashmir/FDR-384.html
R0455,Srinagar to Ratnipora,SRPW02033906,RETAINED_AS_FEEDER,FDR-038,,32.500,Regional_District,1855.8,97.5,City_Core,65,32.5,3,1.5,0.1715,0.1142,0.75,0.1428,False,LP,50,3,1,2,0,False,,6156,65466,308,40,0.0734,OSRM,False,Year_Round,False,False,False,False,38.4,981.8,1627.0,49.0,0.03,Amber_Under,68.8,True,490.0,63815.0,0.008,True,932684.0,0.043,route_maps_kashmir/FDR-038.html
R0456,Srinagar to Ratsun,SRBG02023910,RETAINED_AS_FEEDER,FDR-437,,28.474,Regional_District,2123.0,85.4,City_Core,56,28.0,3,1.5,0.3935,0.1718,0.75,0.2826,False,LP,50,3,1,2,0,False,,7837,127156,470,58,0.1131,OSRM+JhelumBridge,False,Year_Round,False,False,False,False,38.4,1093.4,1461.0,40.0,0.028,Amber_Under,73.2,True,405.0,71071.0,0.006,True,1038732.0,0.054,route_maps_kashmir/FDR-437.html
R0457,Srinagar to Khag,SRBG02023906,RETAINED_AS_FEEDER,FDR-487,,37.849,Regional_District,2963.9,113.5,City_Core,75,37.5,2,1.0,0.2866,0.1331,0.75,0.2098,False,LP,50,4,2,2,0,False,,8276,134281,470,59,0.0862,OSRM+JhelumBridge,False,Year_Round,False,False,False,False,38.4,1453.4,1607.0,56.0,0.035,Amber_Under,87.2,True,561.0,94471.0,0.006,True,1380732.0,0.057,route_maps_kashmir/FDR-487.html
R0458,Srinagar to Karhama,SRBR02073903,RETAINED_AS_FEEDER,FDR-463,,32.861,Regional_District,2340.8,98.6,City_Core,65,32.5,4,2.0,0.3417,0.1495,0.75,0.2456,False,LP,50,3,1,2,0,False,,8142,132118,470,58,0.0983,OSRM+JhelumBridge,False,Year_Round,False,False,False,False,38.4,1261.9,1266.0,48.0,0.038,Amber_Under,79.8,True,484.0,82021.0,0.006,True,1198769.0,0.056,route_maps_kashmir/FDR-463.html
R0459,Srinagar to Chewdara,SRBG02023904,RETAINED_AS_FEEDER,FDR-508,,23.000,Regional_District,2133.8,69.0,City_Core,46,23.0,10,5.0,0.256,0.1287,0.75,0.1924,False,LP,50,3,1,2,0,False,,6037,92528,444,38,0.083,OSRM+JhelumBridge,False,Year_Round,False,False,False,False,38.4,1081.5,1477.0,42.0,0.029,Amber_Under,72.8,True,425.0,70295.0,0.006,True,1027386.0,0.042,route_maps_kashmir/FDR-508.html
R0460,Srinagar to Badrun,SRBG02023902,RETAINED_AS_FEEDER,FDR-464,,25.000,Regional_District,1917.5,75.0,City_Core,50,25.0,2,1.0,0.3269,0.1512,0.75,0.239,False,LP,50,3,1,2,0,False,,7995,129705,470,59,0.0977,OSRM+JhelumBridge,False,Year_Round,False,False,False,False,38.4,1279.0,1249.0,48.0,0.038,Amber_Under,80.4,True,478.0,83134.0,0.006,True,1215039.0,0.055,route_maps_kashmir/FDR-464.html
R0461,Srinagar to Tangmarg,SRBR02073904,RETAINED_AS_FEEDER,FDR-439,,40.568,Regional_District,2657.9,121.7,City_Core,81,40.5,2,1.0,0.4229,0.1301,0.75,0.2765,False,LP,50,4,2,2,0,False,,11797,191399,470,62,0.0797,OSRM+JhelumBridge,True,Seasonal,False,False,False,False,38.4,1557.8,1499.0,86.0,0.058,Amber_Under,91.4,True,864.0,101258.0,0.009,True,1479921.0,0.082,route_maps_kashmir/FDR-439.html
R0462,Srinagar to Khoor,SRKW02033902,RETAINED_AS_FEEDER,FDR-570,,111.183,Regional_District,6972.9,333.5,City_Core,222,111.0,38,19.0,0.1112,0.0405,0.75,0.0758,False,LP,50,9,3,6,0,False,,13940,227163,472,54,0.0455,OSRM+JhelumBridge,False,Year_Round,False,False,False,False,38.4,4269.4,1123.0,179.0,0.159,Amber_Under,197.2,True,1789.0,277513.0,0.006,True,4055956.0,0.096,route_maps_kashmir/FDR-570.html
R0463,Srinagar to Handwara,SRKW02013902,RETAINED_AS_FEEDER,FDR-551,,73.767,Regional_District,3984.2,221.3,City_Core,147,73.5,5,2.5,0.1661,0.0605,0.75,0.1133,False,LP,50,6,2,4,0,False,,11383,185480,472,53,0.0562,OSRM+JhelumBridge,False,Year_Round,False,False,False,False,38.4,2832.7,1128.0,118.0,0.105,Amber_Under,141.2,True,1183.0,184122.0,0.006,True,2691020.0,0.079,route_maps_kashmir/FDR-551.html
R0464,Srinagar to Sheikhpora Kakuthal,SRBG02013902,MERGED_INTO_TRUNK,FDR-384,MPS (Stage Carriage),15.277,Regional_District,1232.2,45.8,City_Core,30,15.0,3,1.5,0.5252,0.2278,1.25,0.3765,False,MP,35,0,0,0,0,False,,0,85489,444,35,0.1422,OSRM+JhelumBridge,False,Year_Round,False,False,False,False,54.9,838.1,0.0,33.0,0.0,Red_NoCapacity,45.9,True,327.0,54473.0,0.006,True,796150.0,0.039,route_maps_kashmir/FDR-384.html
R0465,Srinagar to Trehgam KUP,SRKW02013903,RETAINED_AS_FEEDER,FDR-563,,96.17,Regional_District,5398.5,288.5,City_Core,192,96.0,6,3.0,0.1451,0.0469,0.75,0.096,False,LP,50,7,3,4,0,False,,13773,224435,472,54,0.0504,OSRM+JhelumBridge,False,Year_Round,False,False,False,False,38.4,3692.9,1065.0,160.0,0.15,Amber_Under,174.8,True,1596.0,240040.0,0.007,True,3508282.0,0.095,route_maps_kashmir/FDR-563.html
R0466,Srinagar to Chowkibal,SRKW02013901,RETAINED_AS_FEEDER,FDR-562,,125.500,Regional_District,7041.2,376.5,City_Core,251,125.5,6,3.0,0.1457,0.0475,0.75,0.0966,False,LP,50,10,4,6,0,False,,13633,222168,472,54,0.0511,OSRM+JhelumBridge,False,Year_Round,False,False,False,False,38.4,3646.9,1078.0,156.0,0.144,Amber_Under,173.0,True,1558.0,237050.0,0.007,True,3464579.0,0.094,route_maps_kashmir/FDR-562.html
R0467,Srinagar to Milyaal,SRBG02013902,MERGED_INTO_TRUNK,FDR-384,MPS (Stage Carriage),15.277,Regional_District,1232.2,45.8,City_Core,30,15.0,3,1.5,0.5252,0.2278,1.25,0.3765,False,MP,35,0,0,0,0,False,,0,85489,444,35,0.1422,OSRM+JhelumBridge,False,Year_Round,False,False,False,False,54.9,838.1,0.0,33.0,0.0,Red_NoCapacity,45.9,True,327.0,54473.0,0.006,True,796150.0,0.039,route_maps_kashmir/FDR-384.html
R0468,Srinagar to Zurhama,SRBG02013902,MERGED_INTO_TRUNK,FDR-384,MPS (Stage Carriage),15.277,Regional_District,1232.2,45.8,City_Core,30,15.0,3,1.5,0.5252,0.2278,1.25,0.3765,False,MP,35,0,0,0,0,False,,0,85489,444,35,0.1422,OSRM+JhelumBridge,False,Year_Round,False,False,False,False,54.9,838.1,0.0,33.0,0.0,Red_NoCapacity,45.9,True,327.0,54473.0,0.006,True,796150.0,0.039,route_maps_kashmir/FDR-384.html
R0469,Srinagar to Tarthpora,SRBG02013902,MERGED_INTO_TRUNK,FDR-384,MPS (Stage Carriage),15.277,Regional_District,1232.2,45.8,City_Core,30,15.0,3,1.5,0.5252,0.2278,1.25,0.3765,False,MP,35,0,0,0,0,False,,0,85489,444,35,0.1422,OSRM+JhelumBridge,False,Year_Round,False,False,False,False,54.9,838.1,0.0,33.0,0.0,Red_NoCapacity,45.9,True,327.0,54473.0,0.006,True,796150.0,0.039,route_maps_kashmir/FDR-384.html
R0470,Srinagar to Gazriyal,SRBG02013902,MERGED_INTO_TRUNK,FDR-384,MPS (Stage Carriage),15.277,Regional_District,1232.2,45.8,City_Core,30,15.0,3,1.5,0.5252,0.2278,1.25,0.3765,False,MP,35,0,0,0,0,False,,0,85489,444,35,0.1422,OSRM+JhelumBridge,False,Year_Round,False,False,False,False,54.9,838.1,0.0,33.0,0.0,Red_NoCapacity,45.9,True,327.0,54473.0,0.006,True,796150.0,0.039,route_maps_kashmir/FDR-384.html
R0471,Srinagar to Hajin,SRBP02033901,RETAINED_AS_FEEDER,FDR-509,,35.566,Regional_District,2440.4,106.7,City_Core,71,35.5,5,2.5,0.2778,0.1062,0.75,0.192,False,LP,50,4,2,2,0,False,,7612,123517,470,38,0.0857,OSRM+JhelumBridge,False,Year_Round,False,False,False,False,38.4,1365.7,1709.0,52.0,0.03,Amber_Under,83.8,True,519.0,88773.0,0.006,True,1297448.0,0.053,route_maps_kashmir/FDR-509.html
R0472,Srinagar to Safapora Sumbal,SRGB02033903,RETAINED_AS_FEEDER,FDR-486,,30.51,Regional_District,1955.8,91.5,City_Core,61,30.5,4,2.0,0.3092,0.1194,0.75,0.2143,False,LP,50,3,1,2,0,False,,7036,114175,470,38,0.1014,OSRM+JhelumBridge,False,Year_Round,False,False,False,False,38.4,1171.6,1364.0,41.0,0.03,Amber_Under,76.2,True,405.0,76153.0,0.005,True,1113005.0,0.049,route_maps_kashmir/FDR-486.html
R0473,Srinagar to Safapora GBL,SRGB02033902,RETAINED_AS_FEEDER,FDR-504,,32.954,Regional_District,2234.3,98.9,City_Core,65,32.5,7,3.5,0.2963,0.1106,0.75,0.2035,False,LP,50,3,1,2,0,False,,7376,119672,470,38,0.0947,OSRM+JhelumBridge,False,Year_Round,False,False,False,False,38.4,1265.4,1262.0,45.0,0.036,Amber_Under,80.0,True,455.0,82253.0,0.006,True,1202162.0,0.051,route_maps_kashmir/FDR-504.html
R0474,Srinagar to Narwara Budgam,SRBG02023909,RETAINED_AS_FEEDER,FDR-513,,28.415,Regional_District,2645.6,85.2,City_Core,56,28.0,5,2.5,0.2461,0.1208,0.75,0.1834,False,LP,50,3,1,2,0,False,,5933,90955,444,34,0.0819,OSRM+JhelumBridge,False,Year_Round,False,False,False,False,38.4,1091.1,1465.0,42.0,0.029,Amber_Under,73.1,True,423.0,70924.0,0.006,True,1036579.0,0.041,route_maps_kashmir/FDR-513.html
R0475,Srinagar to Charishreef,SRBG02043901,RETAINED_AS_FEEDER,FDR-465,,31.248,Regional_District,2393.0,93.7,City_Core,62,31.0,2,1.0,0.3316,0.1427,0.75,0.2372,False,LP,50,3,1,2,0,False,,8056,122935,442,51,0.039,OSRM+JhelumBridge,False,Year_Round,False,False,False,False,38.4,1199.9,1332.0,121.0,0.091,Amber_Under,77.4,True,1206.0,77995.0,0.015,True,1139927.0,0.056,route_maps_kashmir/FDR-465.html
R0476,Srinagar to Pakherpora,SRBG02043903,RETAINED_AS_FEEDER,FDR-519,,42.101,Regional_District,3186.9,126.3,City_Core,84,42.0,5,2.5,0.2332,0.1119,0.75,0.1725,False,LP,50,4,2,2,0,False,,8525,130100,442,55,0.0299,OSRM+JhelumBridge,False,Year_Round,False,False,False,False,38.4,1616.7,1444.0,167.0,0.115,Amber_Under,93.6,True,1665.0,105084.0,0.016,True,1535844.0,0.059,route_maps_kashmir/FDR-519.html
R0477,Srinagar to Tral Dadsur,SRBG02013902,MERGED_INTO_TRUNK,FDR-384,MPS (Stage Carriage),15.277,Regional_District,1232.2,45.8,City_Core,30,15.0,3,1.5,0.5252,0.2278,1.25,0.3765,False,MP,35,0,0,0,0,False,,0,85489,444,35,0.1422,OSRM+JhelumBridge,False,Year_Round,False,False,False,False,54.9,838.1,0.0,33.0,0.0,Red_NoCapacity,45.9,True,327.0,54473.0,0.006,True,796150.0,0.039,route_maps_kashmir/FDR-384.html
R0478,Srinagar to Pasthoon,SRPW02043902,RETAINED_AS_FEEDER,FDR-555,,41.500,Regional_District,2501.0,124.5,City_Core,83,41.5,4,2.0,0.1008,0.1056,0.75,0.1032,False,LP,50,4,2,2,0,False,,9187,97688,308,82,0.0468,OSRM,False,Year_Round,False,False,False,False,38.4,1920.1,1216.0,115.0,0.094,Amber_Under,105.5,True,1146.0,124807.0,0.009,True,1824109.0,0.064,route_maps_kashmir/FDR-555.html
R0479,Srinagar to Naristan,SRBG02013902,MERGED_INTO_TRUNK,FDR-384,MPS (Stage Carriage),15.277,Regional_District,1232.2,45.8,City_Core,30,15.0,3,1.5,0.5252,0.2278,1.25,0.3765,False,MP,35,0,0,0,0,False,,0,85489,444,35,0.1422,OSRM+JhelumBridge,False,Year_Round,False,False,False,False,54.9,838.1,0.0,33.0,0.0,Red_NoCapacity,45.9,True,327.0,54473.0,0.006,True,796150.0,0.039,route_maps_kashmir/FDR-384.html
R0480,Srinagar to Pinglish,SRPW02043903,RETAINED_AS_FEEDER,FDR-546,,43.953,Regional_District,2424.1,131.9,City_Core,87,43.5,4,2.0,0.1231,0.1143,0.75,0.1187,False,LP,50,4,2,2,0,False,,8867,94299,308,74,0.0533,OSRM,False,Year_Round,False,False,False,False,38.4,1687.8,1383.0,97.0,0.07,Amber_Under,96.4,True,972.0,109707.0,0.009,True,1603405.0,0.061,route_maps_kashmir/FDR-546.html
R0481,Srinagar to Tral Nowdal,SRPW02043904,RETAINED_AS_FEEDER,FDR-552,,39.5,Regional_District,2014.2,118.5,City_Core,79,39.5,2,1.0,0.1186,0.1067,0.75,0.1126,False,LP,50,4,2,2,0,False,,7825,83195,308,62,0.0591,OSRM,False,Year_Round,False,False,False,False,38.4,1516.8,1539.0,77.0,0.05,Amber_Under,89.8,True,773.0,98592.0,0.008,True,1440960.0,0.054,route_maps_kashmir/FDR-552.html
R0482,Srinagar to Qazigund,SRAN02033901,RETAINED_AS_FEEDER,FDR-007,,71.019,Regional_District,3609.9,213.1,City_Core,142,71.0,5,2.5,0.0616,0.0465,0.75,0.054,False,LP,50,6,2,4,0,False,,10767,114863,309,46,0.0425,OSRM,False,Year_Round,False,False,False,False,38.4,2727.1,1171.0,148.0,0.126,Amber_Under,137.0,True,1479.0,177263.0,0.008,True,2590773.0,0.075,route_maps_kashmir/FDR-007.html
R0483,Srinagar to Mirpora Budgam,SRBG02023907,RETAINED_AS_FEEDER,FDR-529,,31.366,Regional_District,3066.9,94.1,City_Core,62,31.0,12,6.0,0.2234,0.1156,0.75,0.1695,False,LP,50,3,1,2,0,False,,6151,94288,444,38,0.0749,OSRM+JhelumBridge,False,Year_Round,False,False,False,False,38.4,1204.5,1326.0,48.0,0.036,Amber_Under,77.6,True,480.0,78290.0,0.006,True,1144232.0,0.043,route_maps_kashmir/FDR-529.html
R0484,Srinagar to Vijipopra,SRBP02033902,RETAINED_AS_FEEDER,FDR-507,,34.662,Regional_District,2380.7,104.0,City_Core,69,34.5,7,3.5,0.2831,0.1051,0.75,0.1941,False,LP,50,4,2,2,0,False,,7515,121938,470,38,0.088,OSRM+JhelumBridge,False,Year_Round,False,False,False,False,38.4,1331.0,1754.0,50.0,0.028,Amber_Under,82.5,True,499.0,86516.0,0.006,True,1264470.0,0.052,route_maps_kashmir/FDR-507.html
R0485,Srinagar to Kupwara DAY,SRKW02033904,RETAINED_AS_FEEDER,FDR-553,,88.147,Regional_District,5073.3,264.4,City_Core,176,88.0,4,2.0,0.1578,0.0511,0.75,0.1044,False,LP,50,7,3,4,0,False,,13215,215331,472,54,0.0542,OSRM+JhelumBridge,False,Year_Round,False,False,False,False,38.4,3384.8,1162.0,142.0,0.123,Amber_Under,162.7,True,1424.0,220015.0,0.006,True,3215603.0,0.091,route_maps_kashmir/FDR-553.html
R0486,Srinagar to URI Baramulla,SRBR02023902,RETAINED_AS_FEEDER,FDR-541,,101.000,Regional_District,5234.3,303.0,City_Core,202,101.0,2,1.0,0.1998,0.0575,0.75,0.1287,False,LP,50,9,3,6,0,False,,13242,217601,476,53,0.0551,OSRM+JhelumBridge,False,Year_Round,False,False,False,False,38.4,2980.5,1072.0,140.0,0.131,Amber_Under,147.0,True,1403.0,193735.0,0.007,True,2831505.0,0.092,route_maps_kashmir/FDR-541.html
R0487,Srinagar to Tangdar,SRKW02033906,RETAINED_AS_FEEDER,FDR-571,,151.000,Regional_District,9799.3,453.0,City_Core,302,151.0,56,28.0,0.0923,0.0373,0.75,0.0648,False,LP,50,12,4,8,0,False,,13948,227259,472,54,0.0424,OSRM+JhelumBridge,False,Year_Round,False,False,False,False,38.4,4639.8,1126.0,192.0,0.171,Amber_Under,211.8,True,1921.0,301589.0,0.006,True,4407842.0,0.097,route_maps_kashmir/FDR-571.html
R0488,Srinagar to Zachaldar,SRBG02013902,MERGED_INTO_TRUNK,FDR-384,MPS (Stage Carriage),15.277,Regional_District,1232.2,45.8,City_Core,30,15.0,3,1.5,0.5252,0.2278,1.25,0.3765,False,MP,35,0,0,0,0,False,,0,85489,444,35,0.1422,OSRM+JhelumBridge,False,Year_Round,False,False,False,False,54.9,838.1,0.0,33.0,0.0,Red_NoCapacity,45.9,True,327.0,54473.0,0.006,True,796150.0,0.039,route_maps_kashmir/FDR-384.html
R0489,Bandipora to Srinagar,BPSR01020239,RETAINED_AS_FEEDER,FDR-543,,58.597,Regional_District,3493.6,175.8,City_Core,117,58.5,1,0.5,0.177,0.0659,0.75,0.1214,False,LP,50,5,2,3,0,False,,9377,152803,472,41,0.0578,OSRM+JhelumBridge,False,Year_Round,False,False,False,False,38.4,2250.1,1229.0,95.0,0.077,Amber_Under,118.4,True,947.0,146258.0,0.006,True,2137619.0,0.065,route_maps_kashmir/FDR-543.html
R0490,Bandipora to Srinagar,BPSR01020239,MERGED_INTO_TRUNK,FDR-543,Private Minibus,58.597,Regional_District,3493.6,175.8,City_Core,117,58.5,1,0.5,0.177,0.0659,1.25,0.1214,False,LP,35,0,0,0,0,False,,0,152803,472,41,0.0578,OSRM+JhelumBridge,False,Year_Round,False,False,False,False,54.9,3214.5,0.0,135.0,0.0,Red_NoCapacity,110.9,True,1353.0,208940.0,0.006,True,3053741.0,0.065,route_maps_kashmir/FDR-543.html
R0491,Bandipora to Srinagar,BPSR01020239,MERGED_INTO_TRUNK,FDR-543,Private Minibus,58.597,Regional_District,3493.6,175.8,City_Core,117,58.5,1,0.5,0.177,0.0659,1.25,0.1214,False,LP,35,0,0,0,0,False,,0,152803,472,41,0.0578,OSRM+JhelumBridge,False,Year_Round,False,False,False,False,54.9,3214.5,0.0,135.0,0.0,Red_NoCapacity,110.9,True,1353.0,208940.0,0.006,True,3053741.0,0.065,route_maps_kashmir/FDR-543.html
R0492,Bandipora to Soura,BPSR01010209,RETAINED_AS_FEEDER,FDR-003,,51.094,Regional_District,3042.1,153.3,City_Core,102,51.0,3,1.5,0.1255,0.0718,0.75,0.0986,False,LP,35,6,2,4,0,False,,27162,110656,118,48,0.0109,OSRM,False,Year_Round,False,False,False,False,54.9,2802.9,1628.0,2079.0,1.277,Red_Overload,99.6,True,20789.0,182187.0,0.114,True,2662727.0,0.188,route_maps_kashmir/FDR-003.html
R0493,Bankoot to Srinagar via Bandipora,BPSR01020139,RETAINED_AS_FEEDER,FDR-549,,60.768,Regional_District,3733.9,182.3,City_Core,121,60.5,6,3.0,0.1671,0.0636,0.75,0.1154,False,LP,50,5,2,3,0,False,,9407,153314,472,41,0.0568,OSRM+JhelumBridge,False,Year_Round,False,False,False,False,38.4,2333.5,1185.0,97.0,0.082,Amber_Under,121.6,True,967.0,151677.0,0.006,True,2216817.0,0.065,route_maps_kashmir/FDR-549.html
R0494,Arin to Srinagar,BPSR01020139,MERGED_INTO_TRUNK,FDR-549,Private Minibus,56.892,Regional_District,3515.6,170.7,City_Core,113,56.5,3,1.5,0.1679,0.0648,1.25,0.1164,False,LP,35,0,0,0,0,False,,0,143888,471,38,0.0593,OSRM+JhelumBridge,False,Year_Round,False,False,False,False,54.9,3120.9,0.0,124.0,0.0,Red_NoCapacity,108.4,True,1245.0,202861.0,0.006,True,2964886.0,0.061,route_maps_kashmir/FDR-549.html
R0495,Malangam to Srinagar,BPSR01020139,MERGED_INTO_TRUNK,FDR-549,Private Minibus,56.892,Regional_District,3515.6,170.7,City_Core,113,56.5,3,1.5,0.1679,0.0648,1.25,0.1164,False,LP,35,0,0,0,0,False,,0,143888,471,38,0.0593,OSRM+JhelumBridge,False,Year_Round,False,False,False,False,54.9,3120.9,0.0,124.0,0.0,Red_NoCapacity,108.4,True,1245.0,202861.0,0.006,True,2964886.0,0.061,route_maps_kashmir/FDR-549.html
R0496,Bandipora to Baramulla,BPBR01010201,RETAINED_AS_FEEDER,FDR-004,,45.97,Regional_District,2451.6,137.9,City_Core,91,45.5,4,2.0,0.1956,0.0138,0.75,0.1047,False,LP,35,5,2,3,0,False,,108377,127212,34,8,0.0045,OSRM,False,Year_Round,False,False,False,False,54.9,2521.8,1566.0,3074.0,1.962,Red_Overload,92.0,True,30739.0,163916.0,0.188,True,2395694.0,0.75,route_maps_kashmir/FDR-004.html
R0497,Sopore to Srinagar,BRSR06020239,RETAINED_AS_FEEDER,FDR-511,,50.022,Regional_District,2805.9,150.1,City_Core,100,50.0,4,2.0,0.278,0.0933,0.75,0.1856,False,LP,50,5,2,3,0,False,,10688,173791,471,57,0.0823,OSRM+JhelumBridge,False,Year_Round,False,False,False,False,38.4,1920.8,1439.0,76.0,0.053,Amber_Under,105.6,True,758.0,124855.0,0.006,True,1824803.0,0.074,route_maps_kashmir/FDR-511.html
R0498,Sopore to Srinagar,BRSR06020239,MERGED_INTO_TRUNK,FDR-511,Private Minibus,50.022,Regional_District,2805.9,150.1,City_Core,100,50.0,4,2.0,0.278,0.0933,1.25,0.1856,False,LP,35,0,0,0,0,False,,0,173791,471,57,0.0823,OSRM+JhelumBridge,False,Year_Round,False,False,False,False,54.9,2744.1,0.0,108.0,0.0,Red_NoCapacity,98.0,True,1083.0,178364.0,0.006,True,2606861.0,0.074,route_maps_kashmir/FDR-511.html
R0499,Zaloora to Srinagar,BRSR05020139,RETAINED_AS_FEEDER,FDR-539,,52.000,Regional_District,2890.2,156.0,City_Core,104,52.0,1,0.5,0.2138,0.0707,0.75,0.1422,False,LP,50,5,2,3,0,False,,11350,184558,471,54,0.0694,OSRM+JhelumBridge,False,Year_Round,False,False,False,False,38.4,2424.2,1140.0,96.0,0.084,Amber_Under,125.2,True,955.0,157570.0,0.006,True,2302946.0,0.079,route_maps_kashmir/FDR-539.html
R0500,Botingue to Srinagar,BRSR06020139,RETAINED_AS_FEEDER,FDR-530,,61.995,Regional_District,3666.8,186.0,City_Core,123,61.5,5,2.5,0.245,0.0753,0.75,0.1602,False,LP,50,5,2,3,0,False,,12167,197835,471,57,0.0667,OSRM+JhelumBridge,False,Year_Round,False,False,False,False,38.4,2380.6,1161.0,107.0,0.092,Amber_Under,123.5,True,1065.0,154740.0,0.007,True,2261578.0,0.084,route_maps_kashmir/FDR-530.html
R0501,Baramulla to Srinagar,BRSR01020139,RETAINED_AS_FEEDER,FDR-515,,56.316,Regional_District,2974.1,168.9,City_Core,112,56.0,1,0.5,0.2785,0.0784,0.75,0.1784,False,LP,50,5,2,3,0,False,,11896,195891,477,53,0.074,OSRM+JhelumBridge,False,Year_Round,False,False,False,False,38.4,2162.5,1279.0,94.0,0.073,Amber_Under,115.0,True,939.0,140565.0,0.007,True,2054408.0,0.082,route_maps_kashmir/FDR-515.html
R0502,URI to Srinagar,BRSR02020239,MERGED_INTO_TRUNK,FDR-541,Private Minibus,77.426,Regional_District,4007.5,232.3,City_Core,154,77.0,0,0.0,0.1985,0.057,1.25,0.1278,False,LP,35,0,0,0,0,False,,0,216177,476,53,0.0551,OSRM+JhelumBridge,False,Year_Round,False,False,False,False,54.9,4247.4,0.0,199.0,0.0,Red_NoCapacity,139.2,True,1992.0,276079.0,0.007,True,4035001.0,0.091,route_maps_kashmir/FDR-541.html
R0503,Kamalkote to Baramulla,BRBR02010101,RETAINED_AS_FEEDER,FDR-592,,45.819,Regional_District,2002.0,137.5,City_Core,91,45.5,1,0.5,0.0,0.0,0.75,0.0,False,LP,35,5,2,3,0,False,,144510,49890,10,0,0.002,OSRM,False,Year_Round,False,False,False,False,54.9,2513.5,1571.0,1206.0,0.767,Green,91.8,True,12055.0,163377.0,0.074,True,2387824.0,1.0,route_maps_kashmir/FDR-592.html
R0504,Garkote to Baramulla,BRBR01010201,RETAINED_AS_FEEDER,FDR-593,,2.961,Urban,205.6,23.7,City_Core,5,2.5,2,1.0,0.6201,0.0,0.75,0.31,False,LP,35,2,1,1,0,False,,42289,18979,13,0,0.0103,OSRM,False,Year_Round,False,False,False,False,54.9,162.4,3848.0,764.0,0.199,Amber_Under,34.8,False,7643.0,10558.0,0.724,False,154310.0,0.293,route_maps_kashmir/FDR-593.html
R0505,Nambia to Baramulla,BRBR01010201,MERGED_INTO_TRUNK,FDR-593,Private Minibus,2.961,Urban,205.6,23.7,City_Core,5,2.5,2,1.0,0.6201,0.0,1.25,0.31,False,LP,35,0,0,0,0,False,,0,18979,13,0,0.0103,OSRM,False,Year_Round,False,False,False,False,54.9,162.4,0.0,764.0,0.0,Red_NoCapacity,34.8,False,7643.0,10558.0,0.724,False,154310.0,0.293,route_maps_kashmir/FDR-593.html
R0506,Fathgath to Srinagar,BRSR01020239,RETAINED_AS_FEEDER,FDR-521,,56.5,Regional_District,3055.5,169.5,City_Core,113,56.5,1,0.5,0.2651,0.0782,0.75,0.1716,False,LP,50,5,2,3,0,False,,11589,190050,475,53,0.0738,OSRM+JhelumBridge,False,Year_Round,False,False,False,False,38.4,2169.6,1274.0,92.0,0.072,Amber_Under,115.2,True,917.0,141024.0,0.007,True,2061120.0,0.08,route_maps_kashmir/FDR-521.html
R0507,Pehilpora to URI via Baramulla,BRBR01020202,RETAINED_AS_FEEDER,FDR-574,,25.43,Peri_Urban,1335.4,127.2,City_Core,50,25.0,7,3.5,0.0793,0.0,0.75,0.0396,False,LP,35,5,2,3,0,False,,100235,44986,13,0,0.0052,OSRM,False,Year_Round,False,False,False,False,54.9,1395.0,1698.0,1449.0,0.854,Amber_Tight,86.6,True,14493.0,90676.0,0.16,True,1325266.0,0.694,route_maps_kashmir/FDR-574.html
R0508,Kachoo to Baramulla,BRBR01010201,MERGED_INTO_TRUNK,FDR-593,Private Minibus,2.961,Urban,205.6,23.7,City_Core,5,2.5,2,1.0,0.6201,0.0,1.25,0.31,False,LP,35,0,0,0,0,False,,0,18979,13,0,0.0103,OSRM,False,Year_Round,False,False,False,False,54.9,162.4,0.0,764.0,0.0,Red_NoCapacity,34.8,False,7643.0,10558.0,0.724,False,154310.0,0.293,route_maps_kashmir/FDR-593.html
R0509,Maidanan to Srinagar,BRSR01020239,MERGED_INTO_TRUNK,FDR-521,Private Minibus,56.5,Regional_District,3055.5,169.5,City_Core,113,56.5,1,0.5,0.2651,0.0782,1.25,0.1716,False,LP,35,0,0,0,0,False,,0,190050,475,53,0.0738,OSRM+JhelumBridge,False,Year_Round,False,False,False,False,54.9,3099.4,0.0,131.0,0.0,Red_NoCapacity,107.8,True,1310.0,201463.0,0.007,True,2944457.0,0.08,route_maps_kashmir/FDR-521.html
R0510,Ijara to Srinagar,BRSR01020239,MERGED_INTO_TRUNK,FDR-521,Private Minibus,56.5,Regional_District,3055.5,169.5,City_Core,113,56.5,1,0.5,0.2651,0.0782,1.25,0.1716,False,LP,35,0,0,0,0,False,,0,190050,475,53,0.0738,OSRM+JhelumBridge,False,Year_Round,False,False,False,False,54.9,3099.4,0.0,131.0,0.0,Red_NoCapacity,107.8,True,1310.0,201463.0,0.007,True,2944457.0,0.08,route_maps_kashmir/FDR-521.html
R0511,Baramula to Kupwra,BRKW01030104,RETAINED_AS_FEEDER,FDR-005,,46.645,Regional_District,2380.0,139.9,City_Core,93,46.5,3,1.5,0.0369,0.0,0.75,0.0184,False,LP,35,5,2,3,0,False,,94924,65542,20,0,0.0062,OSRM,False,Year_Round,False,False,False,False,54.9,2558.8,1544.0,1584.0,1.026,Red_Overload,93.0,True,15837.0,166323.0,0.095,True,2430871.0,0.657,route_maps_kashmir/FDR-005.html
R0512,Kupwara to Srinagar,KWSR03020339,RETAINED_AS_FEEDER,FDR-567,,88.000,Regional_District,5541.1,264.0,City_Core,176,88.0,17,8.5,0.1271,0.0434,0.75,0.0852,False,LP,50,7,2,5,0,False,,13770,224362,472,54,0.0476,OSRM+JhelumBridge,False,Year_Round,False,False,False,False,38.4,3953.6,1212.0,169.0,0.139,Amber_Under,185.0,True,1689.0,256983.0,0.007,True,3755908.0,0.095,route_maps_kashmir/FDR-567.html
R0513,Sogam to Srinagar,KWSR03020539,RETAINED_AS_FEEDER,FDR-564,,105.052,Regional_District,6190.9,315.2,City_Core,210,105.0,3,1.5,0.1403,0.0425,0.75,0.0914,False,LP,50,9,3,6,0,False,,14779,240813,472,54,0.0455,OSRM+JhelumBridge,False,Year_Round,False,False,False,False,38.4,4034.0,1188.0,190.0,0.16,Amber_Under,188.1,True,1897.0,262210.0,0.007,True,3832297.0,0.102,route_maps_kashmir/FDR-564.html
R0514,Srinagar to Kupwara,SRKW02033903,MERGED_INTO_TRUNK,FDR-567,Private Minibus,103.151,Regional_District,6501.7,309.5,City_Core,206,103.0,19,9.5,0.1277,0.0437,1.25,0.0857,False,LP,35,0,0,0,0,False,,0,225349,472,54,0.0476,OSRM+JhelumBridge,False,Year_Round,False,False,False,False,54.9,5658.6,0.0,242.0,0.0,Red_NoCapacity,177.8,True,2424.0,367807.0,0.007,True,5375641.0,0.096,route_maps_kashmir/FDR-567.html
R0515,Kupwara to Srinagar,KWSR03020339,MERGED_INTO_TRUNK,FDR-567,Private Minibus,102.958,Regional_District,6483.0,308.9,City_Core,205,102.5,17,8.5,0.1271,0.0434,1.25,0.0852,False,LP,35,0,0,0,0,False,,0,224362,472,54,0.0476,OSRM+JhelumBridge,False,Year_Round,False,False,False,False,54.9,5648.0,0.0,241.0,0.0,Red_NoCapacity,177.4,True,2413.0,367119.0,0.007,True,5365583.0,0.095,route_maps_kashmir/FDR-567.html
R0516,Srinagar to Kapwara,SRKW02033904,MERGED_INTO_TRUNK,FDR-553,Private Minibus,88.147,Regional_District,5073.3,264.4,City_Core,176,88.0,4,2.0,0.1578,0.0511,1.25,0.1044,False,LP,35,0,0,0,0,False,,0,215331,472,54,0.0542,OSRM+JhelumBridge,False,Year_Round,False,False,False,False,54.9,4835.5,0.0,203.0,0.0,Red_NoCapacity,155.2,True,2034.0,314307.0,0.006,True,4593718.0,0.091,route_maps_kashmir/FDR-553.html
R0517,Shopian to Srinagar,SPSR01020639,RETAINED_AS_FEEDER,FDR-516,,48.367,Regional_District,2371.8,145.1,City_Core,96,48.0,3,1.5,0.2451,0.1057,0.75,0.1754,True,MP,50,4,2,2,0,False,,10189,154407,439,58,0.0363,OSRM,False,Year_Round,True,False,False,False,38.4,1857.3,1257.0,164.0,0.13,Amber_Under,103.0,True,1639.0,120724.0,0.014,False,1764428.0,0.106,route_maps_kashmir/FDR-516.html
R0518,Sedow to Srinagar,SPSR01020539,RETAINED_AS_FEEDER,FDR-538,,46.000,Regional_District,2729.8,138.0,City_Core,92,46.0,7,3.5,0.1974,0.0892,0.75,0.1433,True,MP,50,4,2,2,0,False,,10607,160748,439,60,0.0307,OSRM+JhelumBridge,False,Year_Round,True,False,False,False,38.4,2218.4,1246.0,202.0,0.162,Amber_Under,117.2,True,2017.0,144199.0,0.014,False,2107523.0,0.11,route_maps_kashmir/FDR-538.html
R0519,Harman to Srinagar,SPSR01020139,RETAINED_AS_FEEDER,FDR-520,,48.805,Regional_District,2416.1,146.4,City_Core,97,48.5,5,2.5,0.239,0.1059,0.75,0.1724,True,MP,50,4,2,2,0,False,,10110,153219,439,60,0.0361,OSRM,False,Year_Round,True,False,False,False,38.4,1874.1,1246.0,164.0,0.131,Amber_Under,103.7,True,1635.0,121817.0,0.013,False,1780406.0,0.105,route_maps_kashmir/FDR-520.html
R0520,Kaprin to Srinagar,SPSR01020339,RETAINED_AS_FEEDER,FDR-535,,58.528,Regional_District,2853.2,175.6,City_Core,117,58.5,4,2.0,0.2054,0.0905,0.75,0.148,True,MP,50,5,2,3,0,False,,11010,166882,439,61,0.0308,OSRM,False,Year_Round,True,False,False,False,38.4,2247.5,1230.0,209.0,0.17,Amber_Under,118.3,True,2088.0,146086.0,0.014,False,2135101.0,0.114,route_maps_kashmir/FDR-535.html
R0521,Nehama to Srinagar,KGSR01020139,RETAINED_AS_FEEDER,FDR-540,,62.131,Regional_District,3318.0,186.4,City_Core,124,62.0,4,2.0,0.1943,0.0863,0.75,0.1403,True,MP,50,5,2,3,0,False,,11297,171224,439,62,0.0288,OSRM,False,Year_Round,True,False,False,False,38.4,2385.8,1159.0,229.0,0.198,Amber_Under,123.7,True,2291.0,155079.0,0.015,False,2266539.0,0.117,route_maps_kashmir/FDR-540.html
R0522,Khull Ahmadabad to Srinagar,KGSR03020239A,RETAINED_AS_FEEDER,FDR-008,,66.828,Regional_District,3066.2,200.5,City_Core,133,66.5,2,1.0,0.0692,0.0592,0.75,0.0642,False,LP,50,6,2,4,0,False,,10541,112457,309,51,0.0471,OSRM,False,Year_Round,False,False,False,False,38.4,2566.2,1245.0,131.0,0.105,Amber_Under,130.8,True,1307.0,166803.0,0.008,True,2437885.0,0.073,route_maps_kashmir/FDR-008.html
R0523,Dhpora to Srinagar,KGSR03020239,MERGED_INTO_TRUNK,FDR-008,Private Minibus,66.828,Regional_District,3066.2,200.5,City_Core,133,66.5,2,1.0,0.0692,0.0592,1.25,0.0642,False,LP,35,0,0,0,0,False,,0,112457,309,51,0.0471,OSRM,False,Year_Round,False,False,False,False,54.9,3666.0,0.0,187.0,0.0,Red_NoCapacity,123.2,True,1867.0,238290.0,0.008,True,3482693.0,0.073,route_maps_kashmir/FDR-008.html
R0524,Pariwan to Srinagar,KGSR03020439,RETAINED_AS_FEEDER,FDR-537,,60.618,Regional_District,2951.6,181.9,City_Core,121,60.5,5,2.5,0.1993,0.0874,0.75,0.1434,True,MP,50,5,2,3,0,False,,11196,169664,439,61,0.0298,OSRM,False,Year_Round,True,False,False,False,38.4,2327.7,1187.0,219.0,0.185,Amber_Under,121.4,True,2194.0,151303.0,0.014,False,2211345.0,0.116,route_maps_kashmir/FDR-537.html
R0525,Kulgam to Srinagar,KGSR03020239B,RETAINED_AS_FEEDER,FDR-010,,67.019,Regional_District,3090.1,201.1,City_Core,134,67.0,3,1.5,0.0697,0.059,0.75,0.0643,False,LP,50,6,2,4,0,False,,10600,113085,309,51,0.047,OSRM,False,Year_Round,False,False,False,False,38.4,2573.5,1241.0,132.0,0.106,Amber_Under,131.0,True,1317.0,167279.0,0.008,True,2444853.0,0.073,route_maps_kashmir/FDR-010.html
R0526,Katrosoo to Srinagar,KGSR03020339,RETAINED_AS_FEEDER,FDR-011,,69.172,Regional_District,3421.8,207.5,City_Core,138,69.0,3,1.5,0.056,0.0539,0.75,0.055,False,LP,50,6,2,4,0,False,,10178,108583,309,47,0.0452,OSRM,False,Year_Round,False,False,False,False,38.4,2656.2,1203.0,131.0,0.109,Amber_Under,134.2,True,1315.0,172653.0,0.008,True,2523395.0,0.07,route_maps_kashmir/FDR-011.html
R0527,Yaripora to Srinagar,KGSR03020539,RETAINED_AS_FEEDER,FDR-012,,64.929,Regional_District,3131.9,194.8,City_Core,129,64.5,3,1.5,0.062,0.0581,0.75,0.06,False,LP,50,5,2,3,0,False,,9864,105224,309,48,0.0481,OSRM,False,Year_Round,False,False,False,False,38.4,2493.3,1109.0,120.0,0.108,Amber_Under,127.9,True,1197.0,162063.0,0.007,True,2368610.0,0.068,route_maps_kashmir/FDR-012.html
R0528,Pulwama to Srinagar,PWSR03020539,RETAINED_AS_FEEDER,FDR-444,,28.043,Peri_Urban,1514.9,140.2,City_Core,56,28.0,2,1.0,0.3597,0.1638,0.75,0.2618,False,LP,35,6,2,4,0,False,,7744,117099,438,52,0.0549,OSRM,False,Year_Round,False,False,False,False,54.9,1538.4,1780.0,157.0,0.088,Amber_Under,93.1,True,1569.0,99993.0,0.016,True,1461441.0,0.054,route_maps_kashmir/FDR-444.html
R0529,Pulwama to Srinagar,PWSR03020539,MERGED_INTO_TRUNK,FDR-444,Private Minibus,28.043,Peri_Urban,1514.9,140.2,City_Core,56,28.0,2,1.0,0.3597,0.1638,1.25,0.2618,False,LP,35,0,0,0,0,False,,0,117099,438,52,0.0549,OSRM,False,Year_Round,False,False,False,False,54.9,1538.4,0.0,157.0,0.0,Red_NoCapacity,93.1,True,1569.0,99993.0,0.016,True,1461441.0,0.054,route_maps_kashmir/FDR-444.html
R0530,Koil to Srinagar,PWSR03020239,RETAINED_AS_FEEDER,FDR-039,,17.500,Peri_Urban,1146.4,87.5,City_Core,35,17.5,4,2.0,0.1482,0.1033,0.75,0.1258,False,LP,35,4,1,3,0,False,,7264,77234,308,41,0.0571,OSRM,False,Year_Round,False,False,False,False,54.9,1795.2,1526.0,141.0,0.093,Amber_Under,104.8,True,1415.0,116688.0,0.012,True,1705440.0,0.05,route_maps_kashmir/FDR-039.html
R0531,Wasoora to Srinagar,PWSR03020939,RETAINED_AS_FEEDER,FDR-505,,39.631,Peri_Urban,2436.5,198.2,City_Core,79,39.5,4,2.0,0.2817,0.121,0.75,0.2014,True,MP,35,7,3,4,0,False,,9187,138934,438,55,0.0393,OSRM,False,Year_Round,False,False,False,False,54.9,2174.0,1550.0,260.0,0.168,Amber_Under,122.1,True,2600.0,141313.0,0.018,False,2065341.0,0.095,route_maps_kashmir/FDR-505.html
R0532,Srinagar to Lettar,SRPW02033903,RETAINED_AS_FEEDER,FDR-440,,28.413,Peri_Urban,1558.6,142.1,City_Core,56,28.0,4,2.0,0.3622,0.1703,0.75,0.2662,False,LP,35,6,2,4,0,False,,7886,119252,438,55,0.0548,OSRM,False,Year_Round,False,False,False,False,54.9,1558.7,1757.0,160.0,0.091,Amber_Under,94.0,True,1601.0,101313.0,0.016,True,1480723.0,0.055,route_maps_kashmir/FDR-440.html
R0533,Letter to Srinagar,PWSR03020339,MERGED_INTO_TRUNK,FDR-440,Private Minibus,28.289,Peri_Urban,1552.3,141.4,City_Core,56,28.0,3,1.5,0.3615,0.1672,1.25,0.2643,False,LP,35,0,0,0,0,False,,0,118560,438,54,0.0546,OSRM,False,Year_Round,False,False,False,False,54.9,1551.9,0.0,160.0,0.0,Red_NoCapacity,93.7,True,1597.0,100870.0,0.016,True,1474261.0,0.054,route_maps_kashmir/FDR-440.html
R0534,Heff to Srinagar,SPSR01020239,RETAINED_AS_FEEDER,FDR-506,,40.635,Regional_District,2518.1,121.9,City_Core,81,40.5,6,3.0,0.2776,0.1187,0.75,0.1982,True,MP,50,4,2,2,0,False,,9326,141033,438,55,0.0384,OSRM,False,Year_Round,True,False,False,False,38.4,1560.4,1496.0,142.0,0.095,Amber_Under,91.4,True,1418.0,101425.0,0.014,False,1482365.0,0.097,route_maps_kashmir/FDR-506.html
R0535,Srinagar to Keller,SRSP02013904,RETAINED_AS_FEEDER,FDR-531,,50.376,Regional_District,3727.6,151.1,City_Core,100,50.0,6,3.0,0.2107,0.0995,0.75,0.1551,True,MP,50,5,2,3,0,False,,9651,145916,438,57,0.0346,OSRM+JhelumBridge,False,Year_Round,True,False,False,False,38.4,1934.4,1430.0,163.0,0.114,Amber_Under,106.0,True,1629.0,125738.0,0.013,False,1837716.0,0.1,route_maps_kashmir/FDR-531.html
R0536,Keller to Srinagar,SPSR01020439,MERGED_INTO_TRUNK,FDR-531,Private Minibus,50.252,Regional_District,3721.0,150.8,City_Core,100,50.0,5,2.5,0.2108,0.0975,1.25,0.1542,True,MP,35,0,0,0,0,False,,0,145610,438,56,0.0344,OSRM+JhelumBridge,False,Year_Round,True,False,False,False,54.9,2756.7,0.0,234.0,0.0,Red_NoCapacity,98.4,True,2335.0,179184.0,0.013,False,2618847.0,0.1,route_maps_kashmir/FDR-531.html
R0537,Keller to Srinagar,SPSR01020439,MERGED_INTO_TRUNK,FDR-531,Private Minibus,50.252,Regional_District,3721.0,150.8,City_Core,100,50.0,5,2.5,0.2108,0.0975,1.25,0.1542,True,MP,35,0,0,0,0,False,,0,145610,438,56,0.0344,OSRM+JhelumBridge,False,Year_Round,True,False,False,False,54.9,2756.7,0.0,234.0,0.0,Red_NoCapacity,98.4,True,2335.0,179184.0,0.013,False,2618847.0,0.1,route_maps_kashmir/FDR-531.html
R0538,Achguze to Srinagar,PWSR03020339,MERGED_INTO_TRUNK,FDR-440,Private Minibus,28.289,Peri_Urban,1552.3,141.4,City_Core,56,28.0,3,1.5,0.3615,0.1672,1.25,0.2643,False,LP,35,0,0,0,0,False,,0,118560,438,54,0.0546,OSRM,False,Year_Round,False,False,False,False,54.9,1551.9,0.0,160.0,0.0,Red_NoCapacity,93.7,True,1597.0,100870.0,0.016,True,1474261.0,0.054,route_maps_kashmir/FDR-440.html
R0539,Sangerwani to Srinagar,PWSR03020839,RETAINED_AS_FEEDER,FDR-532,,44.959,Regional_District,3447.6,134.9,City_Core,89,44.5,12,6.0,0.2084,0.1012,0.75,0.1548,False,LP,50,4,2,2,0,False,,8477,129336,442,53,0.0279,OSRM+JhelumBridge,False,Year_Round,False,False,False,False,38.4,1726.4,1352.0,177.0,0.131,Amber_Under,98.0,True,1774.0,112218.0,0.016,True,1640104.0,0.059,route_maps_kashmir/FDR-532.html
R0540,Pakherpora to Srinagar,BGSR04020339,MERGED_INTO_TRUNK,FDR-519,Private Minibus,41.976,Regional_District,3171.9,125.9,City_Core,83,41.5,4,2.0,0.2337,0.1096,1.25,0.1716,False,LP,35,0,0,0,0,False,,0,129893,442,54,0.0297,OSRM+JhelumBridge,False,Year_Round,False,False,False,False,54.9,2302.7,0.0,239.0,0.0,Red_NoCapacity,86.0,True,2391.0,149674.0,0.016,True,2187549.0,0.059,route_maps_kashmir/FDR-519.html
R0541,Anantnagh to Srinagar,ANSR01020139,RETAINED_AS_FEEDER,FDR-013,,59.305,Regional_District,2812.0,177.9,City_Core,118,59.0,2,1.0,0.1484,0.0735,0.75,0.111,False,LP,50,5,2,3,0,False,,12923,140075,314,57,0.0556,OSRM,False,Year_Round,False,False,False,False,38.4,2277.3,1214.0,136.0,0.112,Amber_Under,119.4,True,1357.0,148025.0,0.009,True,2163446.0,0.089,route_maps_kashmir/FDR-013.html
R0542,Anantnagh to Srinagar,ANSR01020139,MERGED_INTO_TRUNK,FDR-013,Private Minibus,59.305,Regional_District,2812.0,177.9,City_Core,118,59.0,2,1.0,0.1484,0.0735,1.25,0.111,False,LP,35,0,0,0,0,False,,0,140075,314,57,0.0556,OSRM,False,Year_Round,False,False,False,False,54.9,3253.3,0.0,194.0,0.0,Red_NoCapacity,112.0,True,1939.0,211465.0,0.009,True,3090638.0,0.089,route_maps_kashmir/FDR-013.html
R0543,Anantnagh to Srinagar,ANSR01020139,MERGED_INTO_TRUNK,FDR-013,Private Minibus,59.305,Regional_District,2812.0,177.9,City_Core,118,59.0,2,1.0,0.1484,0.0735,1.25,0.111,False,LP,35,0,0,0,0,False,,0,140075,314,57,0.0556,OSRM,False,Year_Round,False,False,False,False,54.9,3253.3,0.0,194.0,0.0,Red_NoCapacity,112.0,True,1939.0,211465.0,0.009,True,3090638.0,0.089,route_maps_kashmir/FDR-013.html
R0544,Anantnagh to Srinagar,ANSR01020139,MERGED_INTO_TRUNK,FDR-013,Private Minibus,59.305,Regional_District,2812.0,177.9,City_Core,118,59.0,2,1.0,0.1484,0.0735,1.25,0.111,False,LP,35,0,0,0,0,False,,0,140075,314,57,0.0556,OSRM,False,Year_Round,False,False,False,False,54.9,3253.3,0.0,194.0,0.0,Red_NoCapacity,112.0,True,1939.0,211465.0,0.009,True,3090638.0,0.089,route_maps_kashmir/FDR-013.html
R0545,Anantnagh to Srinagar,ANSR01020139,MERGED_INTO_TRUNK,FDR-013,Private Minibus,59.305,Regional_District,2812.0,177.9,City_Core,118,59.0,2,1.0,0.1484,0.0735,1.25,0.111,False,LP,35,0,0,0,0,False,,0,140075,314,57,0.0556,OSRM,False,Year_Round,False,False,False,False,54.9,3253.3,0.0,194.0,0.0,Red_NoCapacity,112.0,True,1939.0,211465.0,0.009,True,3090638.0,0.089,route_maps_kashmir/FDR-013.html
R0546,Anantnagh to Srinagar,ANSR01020139,MERGED_INTO_TRUNK,FDR-013,Private Minibus,59.305,Regional_District,2812.0,177.9,City_Core,118,59.0,2,1.0,0.1484,0.0735,1.25,0.111,False,LP,35,0,0,0,0,False,,0,140075,314,57,0.0556,OSRM,False,Year_Round,False,False,False,False,54.9,3253.3,0.0,194.0,0.0,Red_NoCapacity,112.0,True,1939.0,211465.0,0.009,True,3090638.0,0.089,route_maps_kashmir/FDR-013.html
R0547,Anantnagh to Srinagar,ANSR01020139,MERGED_INTO_TRUNK,FDR-013,Private Minibus,59.305,Regional_District,2812.0,177.9,City_Core,118,59.0,2,1.0,0.1484,0.0735,1.25,0.111,False,LP,35,0,0,0,0,False,,0,140075,314,57,0.0556,OSRM,False,Year_Round,False,False,False,False,54.9,3253.3,0.0,194.0,0.0,Red_NoCapacity,112.0,True,1939.0,211465.0,0.009,True,3090638.0,0.089,route_maps_kashmir/FDR-013.html
R0548,Anantnagh to Srinagar,ANSR01020139,MERGED_INTO_TRUNK,FDR-013,Private Minibus,59.305,Regional_District,2812.0,177.9,City_Core,118,59.0,2,1.0,0.1484,0.0735,1.25,0.111,False,LP,35,0,0,0,0,False,,0,140075,314,57,0.0556,OSRM,False,Year_Round,False,False,False,False,54.9,3253.3,0.0,194.0,0.0,Red_NoCapacity,112.0,True,1939.0,211465.0,0.009,True,3090638.0,0.089,route_maps_kashmir/FDR-013.html
R0549,Anantnagh to Srinagar,ANSR01020139,MERGED_INTO_TRUNK,FDR-013,Private Minibus,59.305,Regional_District,2812.0,177.9,City_Core,118,59.0,2,1.0,0.1484,0.0735,1.25,0.111,False,LP,35,0,0,0,0,False,,0,140075,314,57,0.0556,OSRM,False,Year_Round,False,False,False,False,54.9,3253.3,0.0,194.0,0.0,Red_NoCapacity,112.0,True,1939.0,211465.0,0.009,True,3090638.0,0.089,route_maps_kashmir/FDR-013.html
R0550,Anantnagh to Srinagar,ANSR01020139,MERGED_INTO_TRUNK,FDR-013,Private Minibus,59.305,Regional_District,2812.0,177.9,City_Core,118,59.0,2,1.0,0.1484,0.0735,1.25,0.111,False,LP,35,0,0,0,0,False,,0,140075,314,57,0.0556,OSRM,False,Year_Round,False,False,False,False,54.9,3253.3,0.0,194.0,0.0,Red_NoCapacity,112.0,True,1939.0,211465.0,0.009,True,3090638.0,0.089,route_maps_kashmir/FDR-013.html
R0551,Phalgam to Anantnagh,ANAN05010101,RETAINED_AS_FEEDER,FDR-006,,39.73,Peri_Urban,2109.3,198.6,Peri_Urban,79,39.5,4,2.0,0.046,0.0012,0.75,0.0236,False,LP,35,7,3,4,0,False,,106725,58952,16,1,0.0001,OSRM,True,Seasonal,False,False,False,False,54.9,2179.5,1547.0,1899.0,1.228,Red_Overload,122.3,True,18993.0,141666.0,0.134,True,2070501.0,0.739,route_maps_kashmir/FDR-006.html
R0552,Mawan to Srinagar,ANSR01020239,RETAINED_AS_FEEDER,FDR-023,,56.111,Regional_District,2644.2,168.3,City_Core,112,56.0,4,2.0,0.1382,0.0707,0.75,0.1044,True,MP,50,5,2,3,0,False,,11812,127624,313,50,0.0575,OSRM,False,Year_Round,True,False,False,False,38.4,2154.7,1283.0,120.0,0.093,Amber_Under,114.6,True,1199.0,140053.0,0.009,False,2046929.0,0.123,route_maps_kashmir/FDR-023.html
R0553,Devsur to Srinagar,KGSR02020139,RETAINED_AS_FEEDER,FDR-024,,65.241,Regional_District,3044.2,195.7,City_Core,130,65.0,2,1.0,0.0613,0.0564,0.75,0.0588,False,LP,50,5,2,3,0,False,,9877,105355,309,46,0.0473,OSRM,False,Year_Round,False,False,False,False,38.4,2505.3,1104.0,122.0,0.11,Amber_Under,128.4,True,1219.0,162842.0,0.007,True,2379992.0,0.068,route_maps_kashmir/FDR-024.html
R0554,Lammer to Anantnagh,ANAN01010201,RETAINED_AS_FEEDER,FDR-025,,4.333,Urban,331.9,31.3,Peri_Urban,8,4.0,5,2.5,0.503,0.1069,0.75,0.305,True,MP,35,2,1,1,0,False,,29495,23420,23,7,0.0168,OSRM,False,Year_Round,False,False,False,False,54.9,237.7,2914.0,943.0,0.324,Amber_Under,38.6,False,9432.0,15450.0,0.61,False,225811.0,0.306,route_maps_kashmir/FDR-025.html
R0555,Kaprun to Srinagar,ANSR01020239,MERGED_INTO_TRUNK,FDR-023,Private Minibus,56.111,Regional_District,2644.2,168.3,City_Core,112,56.0,4,2.0,0.1382,0.0707,1.25,0.1044,True,MP,35,0,0,0,0,False,,0,127624,313,50,0.0575,OSRM,False,Year_Round,True,False,False,False,54.9,3078.1,0.0,171.0,0.0,Red_NoCapacity,107.2,True,1713.0,200076.0,0.009,False,2924185.0,0.123,route_maps_kashmir/FDR-023.html
R0556,Chowgund to Srinagar,ANSR01020239,MERGED_INTO_TRUNK,FDR-023,Private Minibus,56.111,Regional_District,2644.2,168.3,City_Core,112,56.0,4,2.0,0.1382,0.0707,1.25,0.1044,True,MP,35,0,0,0,0,False,,0,127624,313,50,0.0575,OSRM,False,Year_Round,True,False,False,False,54.9,3078.1,0.0,171.0,0.0,Red_NoCapacity,107.2,True,1713.0,200076.0,0.009,False,2924185.0,0.123,route_maps_kashmir/FDR-023.html
R0557,Shangus to Srinagar,ANSR06020139,RETAINED_AS_FEEDER,FDR-028,,80.474,Regional_District,4300.8,241.4,City_Core,160,80.0,2,1.0,0.1899,0.0561,0.75,0.123,True,MP,50,6,2,4,0,False,,20243,218743,313,60,0.0405,OSRM,True,Seasonal,True,False,False,False,38.4,3090.2,1034.0,292.0,0.282,Amber_Under,151.2,True,2919.0,200863.0,0.015,False,2935692.0,0.21,route_maps_kashmir/FDR-028.html
R0558,Uttersoo to Srinagar,ANSR06020239,RETAINED_AS_FEEDER,FDR-029,,73.746,Regional_District,3861.0,221.2,City_Core,147,73.5,2,1.0,0.2075,0.0612,0.75,0.1344,True,MP,50,6,2,4,0,False,,19581,211586,313,60,0.0441,OSRM,True,Seasonal,True,False,False,False,38.4,2831.8,1128.0,259.0,0.23,Amber_Under,141.1,True,2593.0,184070.0,0.014,False,2690254.0,0.203,route_maps_kashmir/FDR-029.html
R0559,Vailo to Srinagar,ANSR01020239,MERGED_INTO_TRUNK,FDR-023,Private Minibus,56.111,Regional_District,2644.2,168.3,City_Core,112,56.0,4,2.0,0.1382,0.0707,1.25,0.1044,True,MP,35,0,0,0,0,False,,0,127624,313,50,0.0575,OSRM,False,Year_Round,True,False,False,False,54.9,3078.1,0.0,171.0,0.0,Red_NoCapacity,107.2,True,1713.0,200076.0,0.009,False,2924185.0,0.123,route_maps_kashmir/FDR-023.html
R0560,Chakil Pora to Srinagar,ANSR01020239,MERGED_INTO_TRUNK,FDR-023,Private Minibus,56.111,Regional_District,2644.2,168.3,City_Core,112,56.0,4,2.0,0.1382,0.0707,1.25,0.1044,True,MP,35,0,0,0,0,False,,0,127624,313,50,0.0575,OSRM,False,Year_Round,True,False,False,False,54.9,3078.1,0.0,171.0,0.0,Red_NoCapacity,107.2,True,1713.0,200076.0,0.009,False,2924185.0,0.123,route_maps_kashmir/FDR-023.html
R0561,Haftnar to Anantnagh,ANAN01010201,MERGED_INTO_TRUNK,FDR-025,Private Minibus,4.333,Urban,331.9,31.3,Peri_Urban,8,4.0,5,2.5,0.503,0.1069,1.25,0.305,True,MP,35,0,0,0,0,False,,0,23420,23,7,0.0168,OSRM,False,Year_Round,False,False,False,False,54.9,237.7,0.0,943.0,0.0,Red_NoCapacity,38.6,False,9432.0,15450.0,0.61,False,225811.0,0.306,route_maps_kashmir/FDR-025.html
R0562,Kherum to Anantnagh,ANAN01010201,MERGED_INTO_TRUNK,FDR-025,Private Minibus,4.333,Urban,331.9,31.3,Peri_Urban,8,4.0,5,2.5,0.503,0.1069,1.25,0.305,True,MP,35,0,0,0,0,False,,0,23420,23,7,0.0168,OSRM,False,Year_Round,False,False,False,False,54.9,237.7,0.0,943.0,0.0,Red_NoCapacity,38.6,False,9432.0,15450.0,0.61,False,225811.0,0.306,route_maps_kashmir/FDR-025.html
R0563,Matigawran to Anantnag,ANAN01010201,MERGED_INTO_TRUNK,FDR-025,Private Minibus,4.333,Urban,331.9,31.3,Peri_Urban,8,4.0,5,2.5,0.503,0.1069,1.25,0.305,True,MP,35,0,0,0,0,False,,0,23420,23,7,0.0168,OSRM,False,Year_Round,False,False,False,False,54.9,237.7,0.0,943.0,0.0,Red_NoCapacity,38.6,False,9432.0,15450.0,0.61,False,225811.0,0.306,route_maps_kashmir/FDR-025.html
R0564,Anantnagh to Shopian,ANSP01010106,RETAINED_AS_FEEDER,FDR-035,,37.000,Regional_District,1908.6,111.0,Peri_Urban,74,37.0,3,1.5,0.1504,0.0337,0.75,0.0921,False,LP,35,5,2,3,0,False,,79520,104322,38,22,0.0055,OSRM,False,Year_Round,False,False,False,False,54.9,2405.1,1643.0,2521.0,1.535,Red_Overload,88.8,True,25208.0,156332.0,0.161,True,2284847.0,0.55,route_maps_kashmir/FDR-035.html
R0565,Srinagar to NEW Khanda,SRPW02033904,RETAINED_AS_FEEDER,FDR-435,,22.786,Urban,1284.7,157.5,City_Core,45,22.5,4,2.0,0.4131,0.19,0.75,0.3016,False,LP,35,6,0,6,0,False,,6983,105580,438,48,0.062,OSRM,False,Year_Round,False,False,False,False,54.9,1250.0,1280.0,157.0,0.122,Amber_Under,101.8,True,1566.0,81248.0,0.019,True,1187476.0,0.048,route_maps_kashmir/FDR-435.html
R0566,Srinagar to By Pass,SRSR02023910A,RETAINED_AS_FEEDER,FDR-596,,3.279,Urban,703.7,26.2,City_Core,6,3.0,5,2.5,1.0,1.0,0.75,1.0,True,HP,20,3,0,3,0,False,,2336,32914,408,31,0.2287,OSRM+JhelumBridge,False,Year_Round,False,True,True,False,96.0,314.8,3847.0,25.0,0.006,Amber_Under,28.6,False,249.0,20461.0,0.012,False,299045.0,0.024,route_maps_kashmir/FDR-596.html
R0567,Srinagar to Khrew,SRPW02023901,RETAINED_AS_FEEDER,FDR-476,,19.597,Urban,1389.0,156.8,City_Core,39,19.5,2,1.0,0.3232,0.1406,0.75,0.2319,False,LP,35,6,0,6,0,False,,7140,75685,307,38,0.0915,OSRM,False,Year_Round,False,False,False,False,54.9,1075.0,1286.0,109.0,0.084,Amber_Under,101.4,True,1085.0,69877.0,0.016,True,1021284.0,0.049,route_maps_kashmir/FDR-476.html
R0568,Srinagar to Khrew,SRPW02023901,MERGED_INTO_TRUNK,FDR-476,JKRTC / City Bus,19.597,Urban,1389.0,156.8,City_Core,39,19.5,2,1.0,0.3232,0.1406,1.25,0.2319,False,LP,35,0,0,0,0,False,,0,75685,307,38,0.0915,OSRM,False,Year_Round,False,False,False,False,54.9,1075.0,0.0,109.0,0.0,Red_NoCapacity,101.4,True,1085.0,69877.0,0.016,True,1021284.0,0.049,route_maps_kashmir/FDR-476.html
R0569,Srinagar to Railway,SRSR02023931,RETAINED_AS_FEEDER,FDR-093,,7.778,Urban,440.7,55.3,City_Core,15,7.5,3,1.5,0.9674,0.4864,0.75,0.7269,False,HP,20,4,0,4,0,False,,4829,73036,438,41,0.1245,OSRM,False,Year_Round,False,False,False,False,96.0,746.7,2430.0,94.0,0.039,Amber_Under,43.2,False,944.0,48535.0,0.019,True,709354.0,0.033,route_maps_kashmir/FDR-093.html
R0570,Srinagar to Bypass,SRSR02023910B,RETAINED_AS_FEEDER,FDR-123,,8.341,Urban,941.8,66.7,City_Core,16,8.0,3,1.5,0.8241,0.4495,0.75,0.6368,False,HP,20,5,0,5,0,False,,4441,68065,444,37,0.2062,OSRM+JhelumBridge,False,Year_Round,False,False,False,False,96.0,800.7,2519.0,52.0,0.021,Amber_Under,48.8,True,524.0,52048.0,0.01,True,760699.0,0.031,route_maps_kashmir/FDR-123.html
R0571,Srinagar to Gulabagh,SRSR02013902,RETAINED_AS_FEEDER,FDR-144,,14.022,Urban,781.3,102.6,City_Core,28,14.0,8,4.0,0.7691,0.467,0.75,0.618,False,MP,35,4,0,4,0,False,,7211,107804,433,88,0.0782,OSRM,False,Year_Round,False,False,False,False,54.9,769.2,1310.0,128.0,0.098,Amber_Under,74.3,True,1282.0,49998.0,0.026,True,730747.0,0.05,route_maps_kashmir/FDR-144.html
R0572,Srinagar to Bypass,SRSR02023910,MERGED_INTO_TRUNK,FDR-123,JKRTC / City Bus,8.341,Urban,941.8,66.7,City_Core,16,8.0,3,1.5,0.8241,0.4495,1.25,0.6368,False,HP,20,0,0,0,0,False,,0,68065,444,37,0.2062,OSRM+JhelumBridge,False,Year_Round,False,False,False,False,96.0,800.7,0.0,52.0,0.0,Red_NoCapacity,48.8,True,524.0,52048.0,0.01,True,760699.0,0.031,route_maps_kashmir/FDR-123.html
R0573,Srinagar to Ratnipura,SRPW02033907,RETAINED_AS_FEEDER,FDR-040,,25.991,Urban,1484.1,179.1,City_Core,51,25.5,3,1.5,0.1677,0.1097,0.75,0.1387,False,LP,35,7,0,7,0,False,,6179,65701,308,39,0.0723,OSRM,False,Year_Round,False,False,False,False,54.9,1425.8,1313.0,119.0,0.09,Amber_Under,112.6,True,1188.0,92676.0,0.013,True,1354502.0,0.043,route_maps_kashmir/FDR-040.html
R0574,Srinagar to Bypass,SRSR02023910,MERGED_INTO_TRUNK,FDR-123,JKRTC / City Bus,8.341,Urban,941.8,66.7,City_Core,16,8.0,3,1.5,0.8241,0.4495,1.25,0.6368,False,HP,20,0,0,0,0,False,,0,68065,444,37,0.2062,OSRM+JhelumBridge,False,Year_Round,False,False,False,False,96.0,800.7,0.0,52.0,0.0,Red_NoCapacity,48.8,True,524.0,52048.0,0.01,True,760699.0,0.031,route_maps_kashmir/FDR-123.html
R0575,Srinagar to Buchpora,SRSR02013901,RETAINED_AS_FEEDER,FDR-052,,9.37,Urban,969.8,75.0,City_Core,18,9.0,3,1.5,0.9903,0.6036,0.75,0.797,False,HP,20,5,0,5,0,False,,6009,89823,433,77,0.109,OSRM+JhelumBridge,False,Year_Round,False,True,True,False,96.0,899.5,2240.0,134.0,0.06,Amber_Under,53.0,True,1341.0,58469.0,0.023,True,854544.0,0.042,route_maps_kashmir/FDR-052.html
R0576,Srinagar to Pampore,SRPW02023902,RETAINED_AS_FEEDER,FDR-370,,12.883,Urban,1023.4,111.2,City_Core,25,12.5,1,0.5,0.5072,0.2564,0.75,0.3818,False,MP,35,5,0,5,0,False,,6612,70093,307,47,0.1614,OSRM,False,Year_Round,False,False,False,False,54.9,706.7,1663.0,57.0,0.034,Amber_Under,63.4,True,570.0,45937.0,0.012,True,671388.0,0.046,route_maps_kashmir/FDR-370.html
R0577,Srinagar to Budgam,SRBG02023903,RETAINED_AS_FEEDER,FDR-479,,15.908,Urban,1332.0,127.3,City_Core,31,15.5,5,2.5,0.3115,0.1452,0.75,0.2284,False,LP,35,5,0,5,0,False,,5801,88926,444,34,0.1195,OSRM+JhelumBridge,False,Year_Round,False,False,False,False,54.9,1296.8,1244.0,67.0,0.054,Amber_Under,117.6,True,675.0,84290.0,0.008,True,1231930.0,0.04,route_maps_kashmir/FDR-479.html
R0578,Srinagar to Pampore,SRPW02023902,MERGED_INTO_TRUNK,FDR-370,JKRTC / City Bus,12.883,Urban,647.3,80.8,City_Core,25,12.5,1,0.5,0.5072,0.2564,1.25,0.3818,False,MP,35,0,0,0,0,False,,0,70093,307,47,0.1614,OSRM,False,Year_Round,False,False,False,False,54.9,706.7,0.0,57.0,0.0,Red_NoCapacity,63.4,True,570.0,45937.0,0.012,True,671388.0,0.046,route_maps_kashmir/FDR-370.html
R0579,Srinagar to Gund,SRGB02023901,RETAINED_AS_FEEDER,FDR-517,,57.421,Peri_Urban,3915.6,287.1,City_Core,114,57.0,7,3.5,0.2262,0.1238,0.75,0.175,True,MP,35,11,0,11,0,False,,11586,173998,435,97,0.0226,OSRM,False,Year_Round,False,False,False,False,54.9,3150.0,1287.0,570.0,0.443,Green,166.6,True,5702.0,204747.0,0.028,False,2992454.0,0.12,route_maps_kashmir/FDR-517.html
R0580,Srinagar to Chadoora,SRBG02033901,RETAINED_AS_FEEDER,FDR-326,,14.500,Urban,1246.8,116.0,City_Core,29,14.5,2,1.0,0.6242,0.26,0.75,0.4421,False,MP,35,5,0,5,0,False,,7137,108893,442,50,0.0661,OSRM+JhelumBridge,False,Year_Round,False,False,False,False,54.9,926.8,1243.0,150.0,0.121,Amber_Under,90.6,True,1501.0,60243.0,0.025,True,880471.0,0.049,route_maps_kashmir/FDR-326.html
R0581,Srinagar to Railway,SRSR02023931,MERGED_INTO_TRUNK,FDR-093,JKRTC / City Bus,7.778,Urban,440.7,55.3,City_Core,15,7.5,3,1.5,0.9674,0.4864,1.25,0.7269,False,HP,20,0,0,0,0,False,,0,73036,438,41,0.1245,OSRM,False,Year_Round,False,False,False,False,96.0,746.7,0.0,94.0,0.0,Red_NoCapacity,43.2,False,944.0,48535.0,0.019,True,709354.0,0.033,route_maps_kashmir/FDR-093.html
R0582,Srinagar to Pampore,SRPW02023902,MERGED_INTO_TRUNK,FDR-370,JKRTC / City Bus,12.883,Urban,647.3,80.8,City_Core,25,12.5,1,0.5,0.5072,0.2564,1.25,0.3818,False,MP,35,0,0,0,0,False,,0,70093,307,47,0.1614,OSRM,False,Year_Round,False,False,False,False,54.9,706.7,0.0,57.0,0.0,Red_NoCapacity,63.4,True,570.0,45937.0,0.012,True,671388.0,0.046,route_maps_kashmir/FDR-370.html
R0583,Srinagar to Bugam,SRKG02033901,RETAINED_AS_FEEDER,FDR-036,,62.557,Peri_Urban,2939.6,312.8,City_Core,125,62.5,2,1.0,0.056,0.0539,0.75,0.055,False,LP,35,11,0,11,0,False,,9202,98152,309,47,0.0489,OSRM,False,Year_Round,False,False,False,False,54.9,3431.7,1182.0,209.0,0.177,Amber_Under,179.4,True,2093.0,223060.0,0.009,True,3260113.0,0.064,route_maps_kashmir/FDR-036.html
R0584,Srinagar to Chadoora,SRBG02033901,MERGED_INTO_TRUNK,FDR-326,JKRTC / City Bus,16.895,Urban,1452.7,135.2,City_Core,33,16.5,2,1.0,0.6242,0.26,1.25,0.4421,False,MP,35,0,0,0,0,False,,0,108893,442,50,0.0661,OSRM+JhelumBridge,False,Year_Round,False,False,False,False,54.9,926.8,0.0,150.0,0.0,Red_NoCapacity,90.6,True,1501.0,60243.0,0.025,True,880471.0,0.049,route_maps_kashmir/FDR-326.html
R0585,Srinagar to Pampore,SRPW02023902,MERGED_INTO_TRUNK,FDR-370,JKRTC / City Bus,12.883,Urban,647.3,80.8,City_Core,25,12.5,1,0.5,0.5072,0.2564,1.25,0.3818,False,MP,35,0,0,0,0,False,,0,70093,307,47,0.1614,OSRM,False,Year_Round,False,False,False,False,54.9,706.7,0.0,57.0,0.0,Red_NoCapacity,63.4,True,570.0,45937.0,0.012,True,671388.0,0.046,route_maps_kashmir/FDR-370.html
R0586,Srinagar to Bypass,SRSR02023910,MERGED_INTO_TRUNK,FDR-123,JKRTC / City Bus,8.341,Urban,941.8,66.7,City_Core,16,8.0,3,1.5,0.8241,0.4495,1.25,0.6368,False,HP,20,0,0,0,0,False,,0,68065,444,37,0.2062,OSRM+JhelumBridge,False,Year_Round,False,False,False,False,96.0,800.7,0.0,52.0,0.0,Red_NoCapacity,48.8,True,524.0,52048.0,0.01,True,760699.0,0.031,route_maps_kashmir/FDR-123.html
R0587,Srinagar to Rasoo,SRSR02023934,RETAINED_AS_FEEDER,FDR-597,,4.174,Urban,762.7,33.4,City_Core,8,4.0,4,2.0,1.0,0.6027,0.75,0.8014,False,HP,20,3,0,3,0,False,,3001,40591,392,35,0.1047,OSRM+JhelumBridge,False,Year_Round,False,True,True,False,96.0,400.7,3018.0,70.0,0.023,Amber_Under,32.2,False,697.0,26046.0,0.027,True,380669.0,0.021,route_maps_kashmir/FDR-597.html
R0588,Srinagar to Pampore,SRPW02023902,MERGED_INTO_TRUNK,FDR-370,JKRTC / City Bus,12.883,Urban,647.3,80.8,City_Core,25,12.5,1,0.5,0.5072,0.2564,1.25,0.3818,False,MP,35,0,0,0,0,False,,0,70093,307,47,0.1614,OSRM,False,Year_Round,False,False,False,False,54.9,706.7,0.0,57.0,0.0,Red_NoCapacity,63.4,True,570.0,45937.0,0.012,True,671388.0,0.046,route_maps_kashmir/FDR-370.html
R0589,Srinagar to Harwan,SRSR02013903,RETAINED_AS_FEEDER,FDR-599,,16.558,Urban,1070.2,125.9,City_Core,33,16.5,3,1.5,0.3738,0.1722,0.75,0.273,False,LP,35,5,0,5,0,False,,7333,71141,281,28,0.0211,OSRM,True,Seasonal,False,False,False,False,54.9,908.3,1334.0,483.0,0.362,Amber_Under,86.0,True,4832.0,59041.0,0.082,True,862908.0,0.051,route_maps_kashmir/FDR-599.html
R0590,Srinagar to Harwan,SRSR02013903,MERGED_INTO_TRUNK,FDR-599,JKRTC / City Bus,16.558,Urban,1070.2,125.9,City_Core,33,16.5,3,1.5,0.3738,0.1722,1.25,0.273,False,LP,35,0,0,0,0,False,,0,71141,281,28,0.0211,OSRM,True,Seasonal,False,False,False,False,54.9,908.3,0.0,483.0,0.0,Red_NoCapacity,86.0,True,4832.0,59041.0,0.082,True,862908.0,0.051,route_maps_kashmir/FDR-599.html
R0591,Srinagar to Pampore,SRPW02023902,MERGED_INTO_TRUNK,FDR-370,JKRTC / City Bus,12.883,Urban,647.3,80.8,City_Core,25,12.5,1,0.5,0.5072,0.2564,1.25,0.3818,False,MP,35,0,0,0,0,False,,0,70093,307,47,0.1614,OSRM,False,Year_Round,False,False,False,False,54.9,706.7,0.0,57.0,0.0,Red_NoCapacity,63.4,True,570.0,45937.0,0.012,True,671388.0,0.046,route_maps_kashmir/FDR-370.html
R0592,Srinagar to NEW Khanda,SRPW02033904,MERGED_INTO_TRUNK,FDR-435,JKRTC / City Bus,22.786,Urban,1284.7,157.5,City_Core,45,22.5,4,2.0,0.4131,0.19,1.25,0.3016,False,LP,35,0,0,0,0,False,,0,105580,438,48,0.062,OSRM,False,Year_Round,False,False,False,False,54.9,1250.0,0.0,157.0,0.0,Red_NoCapacity,101.8,True,1566.0,81248.0,0.019,True,1187476.0,0.048,route_maps_kashmir/FDR-435.html
R0593,Srinagar to Khrew,SRPW02023901,MERGED_INTO_TRUNK,FDR-476,JKRTC / City Bus,19.597,Urban,1389.0,156.8,City_Core,39,19.5,2,1.0,0.3232,0.1406,1.25,0.2319,False,LP,35,0,0,0,0,False,,0,75685,307,38,0.0915,OSRM,False,Year_Round,False,False,False,False,54.9,1075.0,0.0,109.0,0.0,Red_NoCapacity,101.4,True,1085.0,69877.0,0.016,True,1021284.0,0.049,route_maps_kashmir/FDR-476.html
R0594,Srinagar to Pampore,SRPW02023902,MERGED_INTO_TRUNK,FDR-370,JKRTC / City Bus,12.883,Urban,647.3,80.8,City_Core,25,12.5,1,0.5,0.5072,0.2564,1.25,0.3818,False,MP,35,0,0,0,0,False,,0,70093,307,47,0.1614,OSRM,False,Year_Round,False,False,False,False,54.9,706.7,0.0,57.0,0.0,Red_NoCapacity,63.4,True,570.0,45937.0,0.012,True,671388.0,0.046,route_maps_kashmir/FDR-370.html
R0595,Srinagar to Pampore,SRPW02023902,MERGED_INTO_TRUNK,FDR-370,JKRTC / City Bus,12.883,Urban,647.3,80.8,City_Core,25,12.5,1,0.5,0.5072,0.2564,1.25,0.3818,False,MP,35,0,0,0,0,False,,0,70093,307,47,0.1614,OSRM,False,Year_Round,False,False,False,False,54.9,706.7,0.0,57.0,0.0,Red_NoCapacity,63.4,True,570.0,45937.0,0.012,True,671388.0,0.046,route_maps_kashmir/FDR-370.html
R0596,Srinagar to Gulabagh,SRSR02013902,MERGED_INTO_TRUNK,FDR-144,JKRTC / City Bus,14.022,Urban,781.3,102.6,City_Core,28,14.0,8,4.0,0.7691,0.467,1.25,0.618,False,HP,20,0,0,0,0,False,,0,107804,433,88,0.0782,OSRM,False,Year_Round,False,False,False,False,96.0,1346.1,0.0,224.0,0.0,Red_NoCapacity,66.8,True,2244.0,87497.0,0.026,True,1278806.0,0.05,route_maps_kashmir/FDR-144.html
R0597,Srinagar to Bypass,SRSR02023910,MERGED_INTO_TRUNK,FDR-123,JKRTC / City Bus,8.341,Urban,941.8,66.7,City_Core,16,8.0,3,1.5,0.8241,0.4495,1.25,0.6368,False,HP,20,0,0,0,0,False,,0,68065,444,37,0.2062,OSRM+JhelumBridge,False,Year_Round,False,False,False,False,96.0,800.7,0.0,52.0,0.0,Red_NoCapacity,48.8,True,524.0,52048.0,0.01,True,760699.0,0.031,route_maps_kashmir/FDR-123.html
R0598,Srinagar to Ratnipura,SRPW02033907,MERGED_INTO_TRUNK,FDR-040,JKRTC / City Bus,25.991,Urban,1484.1,179.1,City_Core,51,25.5,3,1.5,0.1677,0.1097,1.25,0.1387,False,LP,35,0,0,0,0,False,,0,65701,308,39,0.0723,OSRM,False,Year_Round,False,False,False,False,54.9,1425.8,0.0,119.0,0.0,Red_NoCapacity,112.6,True,1188.0,92676.0,0.013,True,1354502.0,0.043,route_maps_kashmir/FDR-040.html
R0599,Srinagar to Pampore,SRPW02023902,MERGED_INTO_TRUNK,FDR-370,JKRTC / City Bus,12.883,Urban,647.3,80.8,City_Core,25,12.5,1,0.5,0.5072,0.2564,1.25,0.3818,False,MP,35,0,0,0,0,False,,0,70093,307,47,0.1614,OSRM,False,Year_Round,False,False,False,False,54.9,706.7,0.0,57.0,0.0,Red_NoCapacity,63.4,True,570.0,45937.0,0.012,True,671388.0,0.046,route_maps_kashmir/FDR-370.html
R0600,Srinagar to Ganderbal,SRGB02013903,RETAINED_AS_FEEDER,FDR-288,,16.689,Urban,1621.9,133.5,City_Core,33,16.5,3,1.5,0.5908,0.34,0.75,0.4654,False,MP,35,5,0,5,0,False,,6876,102776,433,77,0.0653,OSRM+JhelumBridge,False,Year_Round,False,False,False,False,54.9,915.5,1258.0,146.0,0.116,Amber_Under,89.8,True,1464.0,59508.0,0.025,True,869735.0,0.048,route_maps_kashmir/FDR-288.html
R0601,Srinagar to Pampore,SRPW02023902,MERGED_INTO_TRUNK,FDR-370,JKRTC / City Bus,12.883,Urban,647.3,80.8,City_Core,25,12.5,1,0.5,0.5072,0.2564,1.25,0.3818,False,MP,35,0,0,0,0,False,,0,70093,307,47,0.1614,OSRM,False,Year_Round,False,False,False,False,54.9,706.7,0.0,57.0,0.0,Red_NoCapacity,63.4,True,570.0,45937.0,0.012,True,671388.0,0.046,route_maps_kashmir/FDR-370.html
R0602,Srinagar to Budgam,SRBG02023903,MERGED_INTO_TRUNK,FDR-479,JKRTC / City Bus,23.639,Urban,2175.0,189.1,City_Core,47,23.5,5,2.5,0.3115,0.1452,1.25,0.2284,False,LP,35,0,0,0,0,False,,0,88926,444,34,0.1195,OSRM+JhelumBridge,False,Year_Round,False,False,False,False,54.9,1296.8,0.0,67.0,0.0,Red_NoCapacity,117.6,True,675.0,84290.0,0.008,True,1231930.0,0.04,route_maps_kashmir/FDR-479.html
R0603,Srinagar to Bypass,SRSR02023910,MERGED_INTO_TRUNK,FDR-123,JKRTC / City Bus,8.341,Urban,941.8,66.7,City_Core,16,8.0,3,1.5,0.8241,0.4495,1.25,0.6368,False,HP,20,0,0,0,0,False,,0,68065,444,37,0.2062,OSRM+JhelumBridge,False,Year_Round,False,False,False,False,96.0,800.7,0.0,52.0,0.0,Red_NoCapacity,48.8,True,524.0,52048.0,0.01,True,760699.0,0.031,route_maps_kashmir/FDR-123.html
R0604,Srinagar to Gund,SRGB02023901,MERGED_INTO_TRUNK,FDR-517,JKRTC / City Bus,57.421,Peri_Urban,3915.6,287.1,City_Core,114,57.0,7,3.5,0.2262,0.1238,1.25,0.175,True,MP,35,0,0,0,0,False,,0,173998,435,97,0.0226,OSRM,False,Year_Round,False,False,False,False,54.9,3150.0,0.0,570.0,0.0,Red_NoCapacity,166.6,True,5702.0,204747.0,0.028,False,2992454.0,0.12,route_maps_kashmir/FDR-517.html
R0605,Srinagar to Railway,SRSR02023931,MERGED_INTO_TRUNK,FDR-093,JKRTC / City Bus,7.778,Urban,440.7,55.3,City_Core,15,7.5,3,1.5,0.9674,0.4864,1.25,0.7269,False,HP,20,0,0,0,0,False,,0,73036,438,41,0.1245,OSRM,False,Year_Round,False,False,False,False,96.0,746.7,0.0,94.0,0.0,Red_NoCapacity,43.2,False,944.0,48535.0,0.019,True,709354.0,0.033,route_maps_kashmir/FDR-093.html
R0606,Srinagar to Pampore,SRPW02023902,MERGED_INTO_TRUNK,FDR-370,JKRTC / City Bus,12.883,Urban,647.3,80.8,City_Core,25,12.5,1,0.5,0.5072,0.2564,1.25,0.3818,False,MP,35,0,0,0,0,False,,0,70093,307,47,0.1614,OSRM,False,Year_Round,False,False,False,False,54.9,706.7,0.0,57.0,0.0,Red_NoCapacity,63.4,True,570.0,45937.0,0.012,True,671388.0,0.046,route_maps_kashmir/FDR-370.html
R0607,Srinagar to Chadoora,SRBG02033901,MERGED_INTO_TRUNK,FDR-326,JKRTC / City Bus,16.895,Urban,1452.7,135.2,City_Core,33,16.5,2,1.0,0.6242,0.26,1.25,0.4421,False,MP,35,0,0,0,0,False,,0,108893,442,50,0.0661,OSRM+JhelumBridge,False,Year_Round,False,False,False,False,54.9,926.8,0.0,150.0,0.0,Red_NoCapacity,90.6,True,1501.0,60243.0,0.025,True,880471.0,0.049,route_maps_kashmir/FDR-326.html
R0608,Srinagar to Bugam,SRKG02033901,MERGED_INTO_TRUNK,FDR-036,JKRTC / City Bus,62.557,Peri_Urban,2939.6,312.8,City_Core,125,62.5,2,1.0,0.056,0.0539,1.25,0.055,False,LP,35,0,0,0,0,False,,0,98152,309,47,0.0489,OSRM,False,Year_Round,False,False,False,False,54.9,3431.7,0.0,209.0,0.0,Red_NoCapacity,179.4,True,2093.0,223060.0,0.009,True,3260113.0,0.064,route_maps_kashmir/FDR-036.html
R0609,Srinagar to Pampore,SRPW02023902,MERGED_INTO_TRUNK,FDR-370,JKRTC / City Bus,12.883,Urban,647.3,80.8,City_Core,25,12.5,1,0.5,0.5072,0.2564,1.25,0.3818,False,MP,35,0,0,0,0,False,,0,70093,307,47,0.1614,OSRM,False,Year_Round,False,False,False,False,54.9,706.7,0.0,57.0,0.0,Red_NoCapacity,63.4,True,570.0,45937.0,0.012,True,671388.0,0.046,route_maps_kashmir/FDR-370.html
R0610,Srinagar to Pampore,SRPW02023902,MERGED_INTO_TRUNK,FDR-370,JKRTC / City Bus,12.883,Urban,647.3,80.8,City_Core,25,12.5,1,0.5,0.5072,0.2564,1.25,0.3818,False,MP,35,0,0,0,0,False,,0,70093,307,47,0.1614,OSRM,False,Year_Round,False,False,False,False,54.9,706.7,0.0,57.0,0.0,Red_NoCapacity,63.4,True,570.0,45937.0,0.012,True,671388.0,0.046,route_maps_kashmir/FDR-370.html
R0611,Srinagar to Pampore,SRPW02023902,MERGED_INTO_TRUNK,FDR-370,JKRTC / City Bus,12.883,Urban,647.3,80.8,City_Core,25,12.5,1,0.5,0.5072,0.2564,1.25,0.3818,False,MP,35,0,0,0,0,False,,0,70093,307,47,0.1614,OSRM,False,Year_Round,False,False,False,False,54.9,706.7,0.0,57.0,0.0,Red_NoCapacity,63.4,True,570.0,45937.0,0.012,True,671388.0,0.046,route_maps_kashmir/FDR-370.html
R0612,Srinagar to Rasoo,SRSR02023934,MERGED_INTO_TRUNK,FDR-597,JKRTC / City Bus,4.174,Urban,762.7,33.4,City_Core,8,4.0,4,2.0,1.0,0.6027,1.25,0.8014,False,HP,20,0,0,0,0,False,,0,40591,392,35,0.1047,OSRM+JhelumBridge,False,Year_Round,False,False,False,False,96.0,400.7,0.0,70.0,0.0,Red_NoCapacity,32.2,False,697.0,26046.0,0.027,True,380669.0,0.021,route_maps_kashmir/FDR-597.html
R0613,Srinagar to Harwan,SRSR02013903,MERGED_INTO_TRUNK,FDR-599,JKRTC / City Bus,16.558,Urban,1070.2,125.9,City_Core,33,16.5,3,1.5,0.3738,0.1722,1.25,0.273,False,LP,35,0,0,0,0,False,,0,71141,281,28,0.0211,OSRM,True,Seasonal,False,False,False,False,54.9,908.3,0.0,483.0,0.0,Red_NoCapacity,86.0,True,4832.0,59041.0,0.082,True,862908.0,0.051,route_maps_kashmir/FDR-599.html
R0614,TRC Srinagar to Airport,SRBG02014001,RETAINED_AS_FEEDER,FDR-602,,12.000,Urban,1403.6,96.0,City_Core,24,12.0,2,1.0,0.645,0.3229,0.75,0.484,False,MP,35,4,0,4,0,False,,6219,96198,448,51,0.0651,OSRM+JhelumBridge,False,Year_Round,False,False,False,False,54.9,796.7,1446.0,133.0,0.092,Amber_Under,81.1,True,1328.0,51788.0,0.026,True,756908.0,0.043,route_maps_kashmir/FDR-602.html
SSCL-01,Parimpora to Harwan via Brein Nishat,SRSR02012903,UPGRADED_TO_TRUNK,SSCL-01,,23.249,Peri_Urban,2199.3,116.2,City_Core,46,23.0,11,5.5,0.7262,0.1846,1.25,0.4554,False,HP,15,10,0,10,0,True,SSCL-01,14584,170188,338,57,0.0682,OSRM+JhelumBridge,True,Seasonal,False,True,False,True,128.0,2975.9,2892.0,555.0,0.192,Amber_Under,71.1,True,5550.0,193432.0,0.029,True,89276.0,0.101,route_maps_kashmir/SSCL-01.html
SSCL-02,Batamaloo to Nasrullah Pora via Jehangir Chowk Rambagh Hyderpora,SRBG02010503,UPGRADED_TO_TRUNK,SSCL-02,,7.083,Urban,439.1,43.4,Peri_Urban,14,7.0,5,2.5,0.421,0.0542,1.25,0.2376,False,HP,15,5,0,5,0,True,SSCL-02,7594,33298,127,5,0.0822,OSRM,False,Year_Round,False,True,False,True,128.0,906.6,3871.0,300.0,0.077,Amber_Under,34.7,False,2997.0,58931.0,0.051,True,27199.0,0.053,route_maps_kashmir/SSCL-02.html
SSCL-03,Batamaloo to Hazratbal via Khanyar,SRSR02010504,UPGRADED_TO_TRUNK,SSCL-03,,12.926,Urban,1499.0,103.4,City_Core,25,12.5,11,5.5,0.7654,0.4561,1.25,0.6108,False,HP,15,9,0,9,0,True,SSCL-03,5390,98975,532,60,0.1162,OSRM+JhelumBridge,False,Year_Round,False,True,False,True,128.0,1654.5,2925.0,150.0,0.051,Amber_Under,64.7,True,1504.0,107544.0,0.014,True,49636.0,0.037,route_maps_kashmir/SSCL-03.html
SSCL-04,Batamaloo to Chadoora Chowk via Jehangir Chowk,SRBG02030501,UPGRADED_TO_TRUNK,SSCL-04,,10.858,Urban,703.8,65.8,Peri_Urban,21,10.5,6,3.0,0.2962,0.0354,1.25,0.1658,False,HP,15,6,0,6,0,True,SSCL-04,8989,39417,127,5,0.0729,OSRM,False,Year_Round,False,True,False,True,128.0,1389.8,3064.0,400.0,0.131,Amber_Under,45.9,True,4001.0,90339.0,0.044,True,41695.0,0.062,route_maps_kashmir/SSCL-04.html
SSCL-05,LD Hospital to Pandach via Jehangir Chowk Dalgate Khanyar,SRSR02012208,UPGRADED_TO_TRUNK,SSCL-05,,10.884,Urban,1197.0,87.1,City_Core,21,10.5,10,5.0,0.9079,0.5073,1.25,0.7076,True,HP,15,7,0,7,0,True,SSCL-05,11520,96645,243,74,0.0827,OSRM+JhelumBridge,False,Year_Round,False,True,False,True,128.0,1393.2,2700.0,452.0,0.167,Amber_Under,56.6,True,4519.0,90555.0,0.05,False,41795.0,0.12,route_maps_kashmir/SSCL-05.html
SSCL-06,Pantha Chowk to Narbal Crossing via Sonwar Jehangir Chowk Qamarwari,SRBG02022708,UPGRADED_TO_TRUNK,SSCL-06,,19.752,Peri_Urban,1619.9,98.8,City_Core,39,19.5,6,3.0,0.4726,0.0943,1.25,0.2834,False,HP,15,9,4,5,0,True,SSCL-06,8411,101613,350,23,0.0644,OSRM+JhelumBridge,False,Year_Round,False,True,False,True,128.0,2528.3,4032.0,339.0,0.084,Amber_Under,62.4,True,3389.0,164337.0,0.021,True,75848.0,0.058,route_maps_kashmir/SSCL-06.html
SSCL-07,Batamaloo to Drussu Pulwama via Marwal,SRPW02030501,UPGRADED_TO_TRUNK,SSCL-07,,32.735,Peri_Urban,2489.1,163.7,Peri_Urban,65,32.5,6,3.0,0.2996,0.0852,1.25,0.1924,False,HP,15,13,6,7,0,True,SSCL-07,26284,119785,132,37,0.0356,OSRM+JhelumBridge,False,Year_Round,False,True,False,True,128.0,4190.1,3548.0,1916.0,0.54,Green,94.8,True,19162.0,272355.0,0.07,True,125702.0,0.182,route_maps_kashmir/SSCL-07.html
SSCL-08,Batamaloo to Budgam Railway Station via Khumeni Chowk,SRBG02020503,UPGRADED_TO_TRUNK,SSCL-08,,15.685,Peri_Urban,1234.0,78.4,Peri_Urban,31,15.5,10,5.0,0.2162,0.0275,1.25,0.1218,True,HP,15,7,0,7,0,True,SSCL-08,10531,46176,127,6,0.0516,OSRM,False,Year_Round,False,True,False,True,128.0,2007.7,3000.0,530.0,0.177,Amber_Under,52.2,True,5297.0,130499.0,0.041,False,60230.0,0.109,route_maps_kashmir/SSCL-08.html
SSCL-09,Parimpora to Naseem Bagh via Noorbagh Gojwara Mill Stop,SRSR02012907,UPGRADED_TO_TRUNK,SSCL-09,,15.058,Peri_Urban,1526.3,75.3,City_Core,30,15.0,11,5.5,0.7577,0.3182,1.25,0.538,False,HP,15,7,0,7,0,True,SSCL-09,8667,114293,382,62,0.107,OSRM+JhelumBridge,False,Year_Round,False,True,False,True,128.0,1927.4,3124.0,210.0,0.067,Amber_Under,50.6,True,2102.0,125283.0,0.017,True,57823.0,0.06,route_maps_kashmir/SSCL-09.html
SSCL-10,Pantha Chowk to Agri Kalan Kanihama via Bypass,SRBG02022701,UPGRADED_TO_TRUNK,SSCL-10,,23.59,Peri_Urban,1788.9,118.0,City_Core,47,23.5,5,2.5,0.4262,0.1099,1.25,0.268,False,HP,15,10,5,5,0,True,SSCL-10,9265,111959,350,33,0.0581,OSRM+JhelumBridge,False,Year_Round,False,True,False,True,128.0,3019.5,3864.0,414.0,0.107,Amber_Under,72.0,True,4139.0,196269.0,0.021,True,90586.0,0.064,route_maps_kashmir/SSCL-10.html
SSCL-11,Old City Loop Downtown Srinagar,SRSR02022634,UPGRADED_TO_TRUNK,SSCL-11,,1.169,Urban,555.2,9.4,City_Core,2,1.0,1,0.5,1.0,0.9692,1.25,0.9846,False,HP,15,2,0,2,0,True,SSCL-11,4446,17652,115,20,0.1025,OSRM+JhelumBridge,False,Year_Round,False,False,False,False,128.0,149.6,7149.0,141.0,0.02,Amber_Under,17.7,False,1407.0,9726.0,0.145,True,4489.0,0.031,route_maps_kashmir/SSCL-11.html
SSCL-12,Rangreth to District Court Srinagar via Barzulla Jehangir Chowk,SRSR02023314,UPGRADED_TO_TRUNK,SSCL-12,,10.327,Urban,857.5,82.6,City_Core,20,10.0,8,4.0,0.939,0.4217,1.25,0.6804,False,HP,15,7,0,7,0,True,SSCL-12,6790,94458,403,51,0.0537,OSRM,False,Year_Round,False,True,False,True,128.0,1321.9,2847.0,410.0,0.144,Amber_Under,54.3,True,4101.0,85921.0,0.048,True,39656.0,0.047,route_maps_kashmir/SSCL-12.html
SSCL-13,Batamaloo to Beehama Ganderbal via Hazratbal Zakura,SRGB02010501,UPGRADED_TO_TRUNK,SSCL-13,,26.584,Peri_Urban,2386.6,132.9,City_Core,53,26.5,14,7.0,0.54,0.2944,1.25,0.4172,True,HP,15,11,0,11,0,True,SSCL-13,11327,152128,389,104,0.0421,OSRM+JhelumBridge,False,Year_Round,False,True,False,True,128.0,3402.8,2781.0,698.0,0.251,Amber_Under,79.4,True,6983.0,221179.0,0.032,False,102083.0,0.118,route_maps_kashmir/SSCL-13.html
SSCL-14,TRC to Central University Ganderbal via Karan Nagar Zoonimar 90ft Road,SRGB02034001,UPGRADED_TO_TRUNK,SSCL-14,,27.314,Peri_Urban,2374.8,136.6,City_Core,54,27.0,10,5.0,0.4087,0.2184,1.25,0.3136,True,HP,15,12,0,12,0,True,SSCL-14,18363,125528,198,82,0.0367,OSRM+JhelumBridge,False,Year_Round,False,True,False,True,128.0,3496.2,2952.0,1299.0,0.44,Green,81.3,True,12986.0,227252.0,0.057,False,104886.0,0.191,route_maps_kashmir/SSCL-14.html
SSCL-15,TRC to Pulwama via Nowgam Kaanipora,SRPW02034005,UPGRADED_TO_TRUNK,SSCL-15,,29.364,Peri_Urban,2163.1,146.8,City_Core,58,29.0,8,4.0,0.3802,0.1416,1.25,0.2609,True,HP,15,12,0,12,0,True,SSCL-15,7726,127759,479,49,0.046,OSRM+JhelumBridge,False,Year_Round,False,True,False,True,128.0,3758.6,2747.0,436.0,0.159,Amber_Under,86.4,True,4359.0,244308.0,0.018,False,112758.0,0.08,route_maps_kashmir/SSCL-15.html
SSCL-16,Batamaloo Circular via Khonmoh,SRSR02020525,UPGRADED_TO_TRUNK,SSCL-16,,13.87,Urban,1225.6,98.1,Peri_Urban,27,13.5,5,2.5,0.5583,0.1575,1.25,0.3579,False,HP,15,9,0,9,0,True,SSCL-16,9412,81554,251,28,0.0739,OSRM+JhelumBridge,False,Year_Round,False,True,False,True,128.0,1775.4,3083.0,413.0,0.134,Amber_Under,62.0,True,4132.0,115398.0,0.036,True,53261.0,0.065,route_maps_kashmir/SSCL-16.html
SSCL-17,Batamaloo to Womens College Batpora via Rainawari,SRSR02020541,UPGRADED_TO_TRUNK,SSCL-17,,4.508,Urban,456.4,36.1,City_Core,9,4.5,6,3.0,0.9683,0.5602,1.25,0.7643,False,HP,15,4,0,4,0,True,SSCL-17,3777,42363,325,33,0.044,OSRM,False,Year_Round,False,True,False,True,128.0,577.0,3723.0,278.0,0.075,Amber_Under,31.0,False,2784.0,37507.0,0.074,True,17311.0,0.026,route_maps_kashmir/SSCL-17.html
SSCL-18,Jkpdc Jehangir Chowk to Wadwan,SRPW02022104,UPGRADED_TO_TRUNK,SSCL-18,,15.202,Peri_Urban,1353.8,76.0,City_Core,30,15.0,5,2.5,0.5426,0.3057,1.25,0.4242,False,HP,15,7,0,7,0,True,SSCL-18,5499,87331,460,56,0.1722,OSRM+JhelumBridge,False,Year_Round,False,True,False,True,128.0,1945.9,3095.0,83.0,0.027,Amber_Under,51.0,True,829.0,126481.0,0.007,True,58376.0,0.038,route_maps_kashmir/SSCL-18.html
SSCL-19,Pantha Chowk to Sumbal,SRGB02032704,UPGRADED_TO_TRUNK,SSCL-19,,35.736,Peri_Urban,2367.1,178.7,City_Core,71,35.5,8,4.0,0.2642,0.0441,1.25,0.1542,False,HP,15,14,7,7,0,True,SSCL-19,9925,119919,350,17,0.0377,OSRM+JhelumBridge,False,Year_Round,False,True,False,True,128.0,4574.2,3572.0,683.0,0.191,Amber_Under,102.4,True,6832.0,297324.0,0.023,True,137226.0,0.069,route_maps_kashmir/SSCL-19.html
SSCL-20,Pantha Chowk to Safapora,SRBP02012703,UPGRADED_TO_TRUNK,SSCL-20,,60.631,Regional_District,4564.3,181.9,City_Core,121,60.5,11,5.5,0.1431,0.0282,1.25,0.0856,False,HP,15,15,7,8,0,True,SSCL-20,11594,140491,351,18,0.0258,OSRM+JhelumBridge,False,Year_Round,False,True,False,True,128.0,7760.8,3694.0,875.0,0.237,Amber_Under,104.0,True,8747.0,504450.0,0.017,True,232823.0,0.08,route_maps_kashmir/SSCL-20.html
SSCL-21,Batamaloo to Arath,SRSR02020501,UPGRADED_TO_TRUNK,SSCL-21,,12.395,Urban,1275.2,98.5,Peri_Urban,24,12.0,6,3.0,0.5603,0.1576,1.25,0.359,False,HP,15,9,0,9,0,True,SSCL-21,15566,73084,136,25,0.0594,OSRM+JhelumBridge,False,Year_Round,False,True,False,True,128.0,1586.6,3070.0,850.0,0.277,Amber_Under,62.2,True,8501.0,103126.0,0.082,True,47597.0,0.108,route_maps_kashmir/SSCL-21.html
SSCL-22,Batamaloo to Khrew Bus Stand,SRPW02020501,UPGRADED_TO_TRUNK,SSCL-22,,18.186,Peri_Urban,1564.9,90.9,Peri_Urban,36,18.0,7,3.5,0.4953,0.1238,1.25,0.3096,False,HP,15,9,0,9,0,True,SSCL-22,11206,97093,251,29,0.0745,OSRM+JhelumBridge,False,Year_Round,False,True,False,True,128.0,2327.8,3327.0,390.0,0.117,Amber_Under,58.4,True,3903.0,151308.0,0.026,True,69834.0,0.078,route_maps_kashmir/SSCL-22.html
SSCL-23,Batamaloo to Charesharief via Chadoora,SRBG02030502,UPGRADED_TO_TRUNK,SSCL-23,,29.633,Peri_Urban,2143.8,148.2,Peri_Urban,59,29.5,8,4.0,0.3259,0.0721,1.25,0.199,False,HP,15,12,0,12,0,True,SSCL-23,30043,115125,111,29,0.0256,OSRM,False,Year_Round,False,True,False,True,128.0,3793.0,2721.0,3046.0,1.119,Red_Overload,87.1,True,30456.0,246547.0,0.124,True,113791.0,0.208,route_maps_kashmir/SSCL-23.html
SSCL-24,Pantha Chowk to Palhalan via Sangrama Sopore,SRBR02042701,UPGRADED_TO_TRUNK,SSCL-24,,36.463,Peri_Urban,2237.0,182.3,City_Core,72,36.0,4,2.0,0.2929,0.0587,1.25,0.1758,False,HP,15,15,7,8,0,True,SSCL-24,10871,131341,350,28,0.052,OSRM+JhelumBridge,False,Year_Round,False,True,False,True,128.0,4667.3,3686.0,543.0,0.147,Amber_Under,104.2,True,5425.0,303372.0,0.018,True,140018.0,0.075,route_maps_kashmir/SSCL-24.html
SSCL-25,Batamaloo to Dadsara Tral via Awantipora,SRPW02040501,UPGRADED_TO_TRUNK,SSCL-25,,43.869,Regional_District,2750.4,131.6,Peri_Urban,87,43.5,4,2.0,0.1729,0.0853,1.25,0.1291,False,HP,15,11,0,11,0,True,SSCL-25,19340,112839,169,55,0.0372,OSRM+JhelumBridge,False,Year_Round,False,True,False,True,128.0,5615.2,2809.0,1012.0,0.36,Amber_Under,78.8,True,10120.0,364990.0,0.028,True,168457.0,0.134,route_maps_kashmir/SSCL-25.html
SSCL-26,Batamaloo to Kangan via Hazratbal Manigam,SRGB02020502,UPGRADED_TO_TRUNK,SSCL-26,,55.703,Regional_District,3838.4,167.1,City_Core,111,55.5,9,4.5,0.1247,0.0221,1.25,0.0734,False,HP,15,14,0,14,0,True,SSCL-26,11929,120242,292,15,0.0204,OSRM+JhelumBridge,False,Year_Round,False,True,False,True,128.0,7130.0,2815.0,1138.0,0.404,Green,96.6,True,11381.0,463449.0,0.025,True,213900.0,0.083,route_maps_kashmir/SSCL-26.html
SSCL-27,Batamaloo to Manigam,SRGB02020503,UPGRADED_TO_TRUNK,SSCL-27,,37.093,Regional_District,2363.7,111.3,City_Core,74,37.0,8,4.0,0.1258,0.0226,1.25,0.0742,False,HP,15,13,0,13,0,True,SSCL-27,11716,118108,292,15,0.0206,OSRM+JhelumBridge,False,Year_Round,False,True,False,True,128.0,6971.6,2673.0,1107.0,0.414,Green,94.7,True,11070.0,453157.0,0.024,True,209149.0,0.081,route_maps_kashmir/SSCL-27.html
SSCL-28,Batamaloo to Pinglena Pampore via Galandar,SRPW02020503,UPGRADED_TO_TRUNK,SSCL-28,,22.233,Peri_Urban,1859.8,111.2,Peri_Urban,44,22.0,5,2.5,0.4436,0.1211,1.25,0.2824,False,HP,15,10,5,5,0,True,SSCL-28,12560,108838,251,37,0.0718,OSRM+JhelumBridge,False,Year_Round,False,True,False,True,128.0,2845.8,4101.0,454.0,0.111,Amber_Under,68.6,True,4540.0,184979.0,0.025,True,85375.0,0.087,route_maps_kashmir/SSCL-28.html
SSCL-29,Pantha Chowk to Panzinara,SRSR02022728,UPGRADED_TO_TRUNK,SSCL-29,,10.811,Urban,1225.2,86.5,Peri_Urban,21,10.5,5,2.5,0.5842,0.0799,1.25,0.332,False,HP,15,7,0,7,0,True,SSCL-29,9506,65968,201,9,0.0422,OSRM+JhelumBridge,False,Year_Round,False,True,False,True,128.0,1383.8,2719.0,731.0,0.269,Amber_Under,56.2,True,7308.0,89948.0,0.081,True,41514.0,0.066,route_maps_kashmir/SSCL-29.html
SSCL-30,Batamaloo to Dc Office Budgam,SRBG02060502,UPGRADED_TO_TRUNK,SSCL-30,,15.685,Peri_Urban,1234.0,78.4,Peri_Urban,31,15.5,10,5.0,0.2162,0.0275,1.25,0.1218,True,HP,15,7,0,7,0,True,SSCL-30,10531,46176,127,6,0.0516,OSRM,False,Year_Round,False,True,False,True,128.0,2007.7,3000.0,530.0,0.177,Amber_Under,52.2,True,5297.0,130499.0,0.041,False,60230.0,0.109,route_maps_kashmir/SSCL-30.html
