Route_ID,Route_Name,Action_Taken,New_Route_ID,Displaced_Operator_Class,Route_KM,Route_Type,Congestion_Zone,Pop_Score,POI_Score,Road_Multiplier,Final_CDI,Social_Flag,Priority_Band,Headway_Min,Fleet_Required,HPV_Count,MPV_Count,CMP_Trunk,CMP_Route_ID,Overlap_Metric,Population_Served,HV_POI_Count,Sharp_Turns,Junction_Penalty_Min,N_Stops_Estimated,Stop_Penalty_Min,OSRM_Duration_S,Cycle_Time_Min,Geo_Source,Reasoning_String
R0001,SOURA ↔ LD,RETAINED_AS_FEEDER,FDR-059,,10.099,Urban,City_Core,0.9738,0.6066,0.75,0.7902,True,HP,20,6,0,6,False,,0.1195,9461,75,8,4.0,20,10.0,682.4,80.8,OSRM,"Route R0001 (SOURA ↔ LD) → Feeder FDR-059. Route_Type=Urban | Zone=City_Core | CDI=0.7902 | Band=HP | Headway=20 min | Fleet=6 (HPV=0 enforced, MPV=6 — 100%% MPV). Distinct catchment: 5.75% of CMP 2024 pop. residents over 10.1 km. 🚩 Social Obligation"
R0002,PARIMPORA ↔ BUDGAM,RETAINED_AS_FEEDER,FDR-488,,17.000,Peri_Urban,City_Core,0.303,0.1075,0.75,0.2052,False,LP,35,4,0,4,False,,0.1411,8139,38,11,5.5,34,17.0,1181.1,85.0,OSRM,"Route R0002 (PARIMPORA ↔ BUDGAM) → Feeder FDR-488. Route_Type=Peri_Urban | Zone=City_Core | CDI=0.2052 | Band=LP | Headway=35 min | Fleet=6 (HPV=0 enforced, MPV=6 — 100%% MPV). Distinct catchment: 6.97% of CMP 2024 pop. residents over 31.4 km. "
R0003,PARIMPORA ↔ BUDGAM,MERGED_INTO_TRUNK,FDR-488,Private Minibus,31.385,Peri_Urban,City_Core,0.303,0.1075,1.25,0.2052,False,LP,35,0,0,0,False,,0.1411,0,38,11,5.5,62,31.0,2180.6,156.9,OSRM,Route R0003 (PARIMPORA ↔ BUDGAM) merged into Trunk FDR-488. Spatial overlap with trunk corridor. CDI=0.2052. Fleet=0 (counted under Trunk). 
R0004,PARIMPORA ↔ BUDGAM,MERGED_INTO_TRUNK,FDR-488,Private Minibus,31.385,Peri_Urban,City_Core,0.303,0.1075,1.25,0.2052,False,LP,35,0,0,0,False,,0.1411,0,38,11,5.5,62,31.0,2180.6,156.9,OSRM,Route R0004 (PARIMPORA ↔ BUDGAM) merged into Trunk FDR-488. Spatial overlap with trunk corridor. CDI=0.2052. Fleet=0 (counted under Trunk). 
R0005,PARIMPORA ↔ BUDGAM,MERGED_INTO_TRUNK,FDR-488,LPV / Tempo,31.385,Peri_Urban,City_Core,0.303,0.1075,1.25,0.2052,False,LP,35,0,0,0,False,,0.1411,0,38,11,5.5,62,31.0,2180.6,156.9,OSRM,Route R0005 (PARIMPORA ↔ BUDGAM) merged into Trunk FDR-488. Spatial overlap with trunk corridor. CDI=0.2052. Fleet=0 (counted under Trunk). 
R0006,PARIMPORA ↔ HAZRATBAL,RETAINED_AS_FEEDER,FDR-271,,10.500,Peri_Urban,City_Core,0.6966,0.251,0.75,0.4738,False,MP,35,3,0,0,False,,0.0918,8606,53,22,11.0,21,10.5,1117.3,52.5,OSRM+JhelumBridge,"Route R0006 (PARIMPORA ↔ HAZRATBAL) → Feeder FDR-271. Route_Type=Peri_Urban | Zone=City_Core | CDI=0.4738 | Band=MP | Headway=35 min | Fleet=4 (HPV=0 enforced, MPV=0 — 100%% MPV). Distinct catchment: 6.85% of CMP 2024 pop. residents over 16.1 km. "
R0007,PARIMPORA ↔ CHADORA,RETAINED_AS_FEEDER,FDR-429,,18.000,Peri_Urban,City_Core,0.4971,0.1139,0.75,0.3055,False,LP,35,4,0,4,False,,0.0652,12327,39,7,3.5,36,18.0,1133.7,90.0,OSRM,"Route R0007 (PARIMPORA ↔ CHADORA) → Feeder FDR-429. Route_Type=Peri_Urban | Zone=City_Core | CDI=0.3055 | Band=LP | Headway=35 min | Fleet=5 (HPV=0 enforced, MPV=5 — 100%% MPV). Distinct catchment: 8.31% of CMP 2024 pop. residents over 25.8 km. "
R0008,LAWAYPORA ↔ JEHANGIR CHOWK,RETAINED_AS_FEEDER,FDR-394,,14.207,Urban,City_Core,0.552,0.1642,0.75,0.3581,False,MP,35,5,0,5,False,,0.1701,6070,29,21,10.5,28,14.0,1005.6,113.7,OSRM,"Route R0008 (LAWAYPORA ↔ JEHANGIR CHOWK) → Feeder FDR-394. Route_Type=Urban | Zone=City_Core | CDI=0.3581 | Band=MP | Headway=35 min | Fleet=5 (HPV=0 enforced, MPV=5 — 100%% MPV). Distinct catchment: 4.99% of CMP 2024 pop. residents over 14.2 km. "
R0009,PARIMPORA ↔ CHADORA,MERGED_INTO_TRUNK,FDR-429,Private Minibus,25.752,Peri_Urban,City_Core,0.4971,0.1139,1.25,0.3055,False,LP,35,0,0,0,False,,0.0652,0,39,7,3.5,51,25.5,1621.9,128.8,OSRM,Route R0009 (PARIMPORA ↔ CHADORA) merged into Trunk FDR-429. Spatial overlap with trunk corridor. CDI=0.3055. Fleet=0 (counted under Trunk). 
R0010,LALBAZAR ↔ LD,RETAINED_AS_FEEDER,FDR-068,,6.500,Urban,City_Core,1.0,0.5653,0.75,0.7827,True,HP,20,4,0,4,False,,0.1081,10026,62,7,3.5,13,6.5,748.8,52.0,OSRM+JhelumBridge,"Route R0010 (LALBAZAR ↔ LD) → Feeder FDR-068. Route_Type=Urban | Zone=City_Core | CDI=0.7827 | Band=HP | Headway=20 min | Fleet=5 (HPV=0 enforced, MPV=5 — 100%% MPV). Distinct catchment: 5.42% of CMP 2024 pop. residents over 9.3 km. 🚩 Social Obligation"
R0011,SOURA ↔ GADOORA,RETAINED_AS_FEEDER,FDR-002,,17.862,Peri_Urban,City_Core,0.3185,0.1838,0.75,0.2512,False,LP,35,4,0,4,False,,0.0178,18310,42,8,4.0,35,17.5,1327.1,89.3,OSRM,"Route R0011 (SOURA ↔ GADOORA) → Feeder FDR-002. Route_Type=Peri_Urban | Zone=City_Core | CDI=0.2512 | Band=LP | Headway=35 min | Fleet=4 (HPV=0 enforced, MPV=4 — 100%% MPV). Distinct catchment: 4.11% of CMP 2024 pop. residents over 17.9 km. "
R0012,SOURA ↔ GANDERBAL,RETAINED_AS_FEEDER,FDR-481,,12.500,Urban,City_Core,0.2779,0.1597,0.75,0.2188,False,LP,35,4,0,0,False,,0.0205,9184,20,6,3.0,25,12.5,1216.2,100.0,OSRM,"Route R0012 (SOURA ↔ GANDERBAL) → Feeder FDR-481. Route_Type=Urban | Zone=City_Core | CDI=0.2188 | Band=LP | Headway=35 min | Fleet=4 (HPV=0 enforced, MPV=0 — 100%% MPV). Distinct catchment: 2.06% of CMP 2024 pop. residents over 9.9 km. "
R0013,SOURA ↔ GANDERBAL,MERGED_INTO_TRUNK,FDR-481,LPV / Tempo,9.86,Urban,City_Core,0.2779,0.1597,1.25,0.2188,False,LP,35,0,0,0,False,,0.0205,0,20,6,3.0,19,9.5,959.3,78.9,OSRM,Route R0013 (SOURA ↔ GANDERBAL) merged into Trunk FDR-481. Spatial overlap with trunk corridor. CDI=0.2188. Fleet=0 (counted under Trunk). 
R0014,LALBAZAR ↔ LALCHOWK,RETAINED_AS_FEEDER,FDR-081,,8.433,Urban,City_Core,1.0,0.5289,0.75,0.7645,True,HP,20,5,0,5,False,,0.1248,4918,56,11,5.5,16,8.0,617.5,67.5,OSRM,"Route R0014 (LALBAZAR ↔ LALCHOWK) → Feeder FDR-081. Route_Type=Urban | Zone=City_Core | CDI=0.7645 | Band=HP | Headway=20 min | Fleet=5 (HPV=0 enforced, MPV=5 — 100%% MPV). Distinct catchment: 5.00% of CMP 2024 pop. residents over 8.4 km. 🚩 Social Obligation"
R0015,JEHANGIR CHOWK ↔ SOURA,RETAINED_AS_FEEDER,FDR-122,,10.004,Urban,City_Core,0.7364,0.5447,0.75,0.6405,True,HP,20,5,0,5,False,,0.0793,5014,69,11,5.5,20,10.0,739.8,80.0,OSRM,"Route R0015 (JEHANGIR CHOWK ↔ SOURA) → Feeder FDR-122. Route_Type=Urban | Zone=City_Core | CDI=0.6405 | Band=HP | Headway=20 min | Fleet=5 (HPV=0 enforced, MPV=5 — 100%% MPV). Distinct catchment: 4.46% of CMP 2024 pop. residents over 10.0 km. 🚩 Social Obligation"
R0016,SOURA ↔ LD,MERGED_INTO_TRUNK,FDR-059,LPV / Tempo,10.817,Urban,City_Core,0.7984,0.4545,1.25,0.6264,True,HP,20,0,0,0,False,,0.1007,0,69,11,5.5,21,10.5,798.2,86.5,OSRM,Route R0016 (SOURA ↔ LD) merged into Trunk FDR-059. Spatial overlap with trunk corridor. CDI=0.6264. Fleet=0 (counted under Trunk). 🚩 Social Obligation
R0017,SOURA ↔ LD,MERGED_INTO_TRUNK,FDR-059,Private Minibus,10.099,Urban,City_Core,0.9738,0.6066,1.25,0.7902,True,HP,20,0,0,0,False,,0.1195,0,75,8,4.0,20,10.0,682.4,80.8,OSRM,Route R0017 (SOURA ↔ LD) merged into Trunk FDR-059. Spatial overlap with trunk corridor. CDI=0.7902. Fleet=0 (counted under Trunk). 🚩 Social Obligation
R0018,SOURA ↔ HAZRATBAL,UPGRADED_TO_TRUNK,TRK-031,,6.000,Urban,City_Core,0.7069,0.4192,1.25,0.5631,False,MP,35,3,0,3,False,,0.0333,10600,41,6,3.0,12,6.0,898.5,48.0,OSRM+JhelumBridge,Route R0018 (SOURA ↔ HAZRATBAL) → Trunk TRK-031. Route_Type=Urban | Zone=City_Core | CDI=0.5631 | Band=MP | Headway=35 min | Fleet=3 (HPV=0 MPV=3). Serves ~3.59% of CMP 2024 pop. residents over 8.3 km. 
R0019,TRC ↔ HAZRATBAL,RETAINED_AS_FEEDER,FDR-161,,8.127,Urban,City_Core,0.7261,0.4076,0.75,0.5668,False,MP,35,3,0,0,False,,0.0787,4761,34,4,2.0,16,8.0,579.9,65.0,OSRM,"Route R0019 (TRC ↔ HAZRATBAL) → Feeder FDR-161. Route_Type=Urban | Zone=City_Core | CDI=0.5668 | Band=MP | Headway=35 min | Fleet=3 (HPV=0 enforced, MPV=0 — 100%% MPV). Distinct catchment: 3.58% of CMP 2024 pop. residents over 8.1 km. "
R0020,HAZRATBAL ↔ LD,RETAINED_AS_FEEDER,FDR-147,,6.500,Urban,City_Core,0.778,0.4343,0.75,0.6062,True,MP,35,3,0,3,False,,0.0844,8702,39,7,3.5,13,6.5,872.2,52.0,OSRM+JhelumBridge,"Route R0020 (HAZRATBAL ↔ LD) → Feeder FDR-147. Route_Type=Urban | Zone=City_Core | CDI=0.6062 | Band=MP | Headway=35 min | Fleet=4 (HPV=0 enforced, MPV=4 — 100%% MPV). Distinct catchment: 4.34% of CMP 2024 pop. residents over 9.3 km. 🚩 Social Obligation"
R0021,SOURA ↔ RAILWAY STATION,RETAINED_AS_FEEDER,FDR-262,,18.799,Peri_Urban,City_Core,0.5993,0.4081,0.75,0.5037,False,MP,35,4,0,4,False,,0.1366,9194,91,8,4.0,37,18.5,1610.0,94.0,OSRM+JhelumBridge,"Route R0021 (SOURA ↔ RAILWAY STATION) → Feeder FDR-262. Route_Type=Peri_Urban | Zone=City_Core | CDI=0.5037 | Band=MP | Headway=35 min | Fleet=4 (HPV=0 enforced, MPV=4 — 100%% MPV). Distinct catchment: 7.06% of CMP 2024 pop. residents over 18.8 km. "
R0022,SOURA ↔ LD,MERGED_INTO_TRUNK,FDR-059,Private Minibus,11.052,Urban,City_Core,0.9657,0.6207,1.25,0.7932,True,HP,20,0,0,0,False,,0.1529,0,85,8,4.0,22,11.0,725.1,88.4,OSRM,Route R0022 (SOURA ↔ LD) merged into Trunk FDR-059. Spatial overlap with trunk corridor. CDI=0.7932. Fleet=0 (counted under Trunk). 🚩 Social Obligation
R0023,MALBAGH ↔ LD,RETAINED_AS_FEEDER,FDR-101,,9.000,Urban,City_Core,0.9192,0.4621,0.75,0.6906,True,HP,20,5,0,5,False,,0.0816,12228,71,17,8.5,18,9.0,1009.1,72.0,OSRM+JhelumBridge,"Route R0023 (MALBAGH ↔ LD) → Feeder FDR-101. Route_Type=Urban | Zone=City_Core | CDI=0.6906 | Band=HP | Headway=20 min | Fleet=6 (HPV=0 enforced, MPV=6 — 100%% MPV). Distinct catchment: 6.18% of CMP 2024 pop. residents over 11.4 km. 🚩 Social Obligation"
R0024,JEHANGIR CHOWK ↔ JVC,RETAINED_AS_FEEDER,FDR-269,,4.500,Urban,City_Core,0.7366,0.2518,0.75,0.4942,False,MP,35,3,0,0,False,,0.134,4073,20,14,7.0,9,4.5,394.1,36.0,OSRM,"Route R0024 (JEHANGIR CHOWK ↔ JVC) → Feeder FDR-269. Route_Type=Urban | Zone=City_Core | CDI=0.4942 | Band=MP | Headway=35 min | Fleet=3 (HPV=0 enforced, MPV=0 — 100%% MPV). Distinct catchment: 3.45% of CMP 2024 pop. residents over 7.7 km. "
R0025,JEHANGIR CHOWK ↔ JVC,MERGED_INTO_TRUNK,FDR-269,LPV / Tempo,8.334,Urban,City_Core,0.696,0.322,1.25,0.509,False,MP,35,0,0,0,False,,0.1905,0,27,15,7.5,16,8.0,646.4,66.7,OSRM,Route R0025 (JEHANGIR CHOWK ↔ JVC) merged into Trunk FDR-269. Spatial overlap with trunk corridor. CDI=0.5090. Fleet=0 (counted under Trunk). 
R0026,SOURA ↔ PARIMPORA,RETAINED_AS_FEEDER,FDR-173,,12.314,Urban,City_Core,0.7503,0.3384,0.75,0.5444,False,MP,35,4,0,0,False,,0.1454,7850,60,18,9.0,24,12.0,938.7,98.5,OSRM,"Route R0026 (SOURA ↔ PARIMPORA) → Feeder FDR-173. Route_Type=Urban | Zone=City_Core | CDI=0.5444 | Band=MP | Headway=35 min | Fleet=4 (HPV=0 enforced, MPV=0 — 100%% MPV). Distinct catchment: 5.58% of CMP 2024 pop. residents over 12.3 km. "
R0027,SOURA ↔ HAZRATBAL,MERGED_INTO_TRUNK,TRK-031,LPV / Tempo,8.337,Urban,City_Core,0.7069,0.4192,1.25,0.5631,False,MP,35,0,0,0,False,,0.0333,0,41,6,3.0,16,8.0,1248.4,66.7,OSRM+JhelumBridge,Route R0027 (SOURA ↔ HAZRATBAL) merged into Trunk TRK-031. Spatial overlap with trunk corridor. CDI=0.5631. Fleet=0 (counted under Trunk). 
R0028,SOURA ↔ LD,MERGED_INTO_TRUNK,FDR-059,LPV / Tempo,7.325,Urban,City_Core,1.0,0.6082,1.25,0.8041,True,HP,20,0,0,0,False,,0.116,0,65,13,6.5,14,7.0,606.8,58.6,OSRM,Route R0028 (SOURA ↔ LD) merged into Trunk FDR-059. Spatial overlap with trunk corridor. CDI=0.8041. Fleet=0 (counted under Trunk). 🚩 Social Obligation
R0029,JEHANGIR CHOWK ↔ JVC,MERGED_INTO_TRUNK,FDR-269,LPV / Tempo,8.334,Urban,City_Core,0.696,0.322,1.25,0.509,False,MP,35,0,0,0,False,,0.1905,0,27,15,7.5,16,8.0,646.4,66.7,OSRM,Route R0029 (JEHANGIR CHOWK ↔ JVC) merged into Trunk FDR-269. Spatial overlap with trunk corridor. CDI=0.5090. Fleet=0 (counted under Trunk). 
R0030,JEHANGIR CHOWK ↔ JVC,MERGED_INTO_TRUNK,FDR-269,LPV / Tempo,8.334,Urban,City_Core,0.696,0.322,1.25,0.509,False,MP,35,0,0,0,False,,0.1905,0,27,15,7.5,16,8.0,646.4,66.7,OSRM,Route R0030 (JEHANGIR CHOWK ↔ JVC) merged into Trunk FDR-269. Spatial overlap with trunk corridor. CDI=0.5090. Fleet=0 (counted under Trunk). 
R0031,JEHANGIR CHOWK ↔ BUDGAM,RETAINED_AS_FEEDER,FDR-467,,11.500,Regional_District,City_Core,0.3314,0.14,0.75,0.2357,False,LP,50,2,0,0,False,,0.1092,10323,78,9,4.5,23,11.5,695.1,34.5,OSRM,"Route R0031 (JEHANGIR CHOWK ↔ BUDGAM) → Feeder FDR-467. Route_Type=Regional_District | Zone=City_Core | CDI=0.2357 | Band=LP | Headway=50 min | Fleet=4 (HPV=0 enforced, MPV=0 — 100%% MPV). Distinct catchment: 10.80% of CMP 2024 pop. residents over 45.6 km. "
R0032,PARIMPORA ↔ SAIDAKADAL,RETAINED_AS_FEEDER,FDR-106,,9.000,Urban,City_Core,0.8391,0.488,0.75,0.6636,False,HP,20,5,0,0,False,,0.227,6021,68,4,2.0,18,9.0,879.7,72.0,OSRM+JhelumBridge,"Route R0032 (PARIMPORA ↔ SAIDAKADAL) → Feeder FDR-106. Route_Type=Urban | Zone=City_Core | CDI=0.6636 | Band=HP | Headway=20 min | Fleet=7 (HPV=0 enforced, MPV=0 — 100%% MPV). Distinct catchment: 7.02% of CMP 2024 pop. residents over 14.1 km. "
R0033,JEHANGIR CHOWK ↔ JVC,MERGED_INTO_TRUNK,FDR-269,LPV / Tempo,8.334,Urban,City_Core,0.696,0.322,1.25,0.509,False,MP,35,0,0,0,False,,0.1905,0,27,15,7.5,16,8.0,646.4,66.7,OSRM,Route R0033 (JEHANGIR CHOWK ↔ JVC) merged into Trunk FDR-269. Spatial overlap with trunk corridor. CDI=0.5090. Fleet=0 (counted under Trunk). 
R0034,SORA ↔ PARIMPORA,MERGED_INTO_TRUNK,FDR-173,LPV / Tempo,12.572,Urban,City_Core,0.6196,0.2559,1.25,0.4378,False,MP,35,0,0,0,False,,0.1028,0,48,28,14.0,25,12.5,1134.0,100.6,OSRM,Route R0034 (SORA ↔ PARIMPORA) merged into Trunk FDR-173. Spatial overlap with trunk corridor. CDI=0.4378. Fleet=0 (counted under Trunk). 
R0035,JEHANGIR CHOWK ↔ HMT,RETAINED_AS_FEEDER,FDR-275,,10.311,Urban,City_Core,0.6674,0.2668,0.75,0.4671,False,MP,35,4,0,0,False,,0.2746,5014,30,10,5.0,20,10.0,654.3,82.5,OSRM,"Route R0035 (JEHANGIR CHOWK ↔ HMT) → Feeder FDR-275. Route_Type=Urban | Zone=City_Core | CDI=0.4671 | Band=MP | Headway=35 min | Fleet=4 (HPV=0 enforced, MPV=0 — 100%% MPV). Distinct catchment: 4.23% of CMP 2024 pop. residents over 10.3 km. "
R0036,PARIMPORA ↔ PANTHA CHOWK,RETAINED_AS_FEEDER,FDR-289,,21.307,Peri_Urban,City_Core,0.6019,0.3276,0.75,0.4648,False,MP,35,5,0,0,False,,0.2309,7069,73,5,2.5,42,21.0,1713.4,106.5,OSRM+JhelumBridge,"Route R0036 (PARIMPORA ↔ PANTHA CHOWK) → Feeder FDR-289. Route_Type=Peri_Urban | Zone=City_Core | CDI=0.4648 | Band=MP | Headway=35 min | Fleet=5 (HPV=0 enforced, MPV=0 — 100%% MPV). Distinct catchment: 8.03% of CMP 2024 pop. residents over 21.3 km. "
R0037,SOURA ↔ LD,MERGED_INTO_TRUNK,FDR-059,LPV / Tempo,10.817,Urban,City_Core,0.7984,0.4545,1.25,0.6264,True,HP,20,0,0,0,False,,0.1007,0,69,11,5.5,21,10.5,798.2,86.5,OSRM,Route R0037 (SOURA ↔ LD) merged into Trunk FDR-059. Spatial overlap with trunk corridor. CDI=0.6264. Fleet=0 (counted under Trunk). 🚩 Social Obligation
R0038,PARIMPORA ↔ CHADORA,MERGED_INTO_TRUNK,FDR-429,Private Minibus,24.64,Peri_Urban,City_Core,0.626,0.2122,1.25,0.4191,False,MP,35,0,0,0,False,,0.1258,0,64,8,4.0,49,24.5,1458.3,123.2,OSRM,Route R0038 (PARIMPORA ↔ CHADORA) merged into Trunk FDR-429. Spatial overlap with trunk corridor. CDI=0.4191. Fleet=0 (counted under Trunk). 
R0039,SOURA ↔ LD,MERGED_INTO_TRUNK,FDR-059,LPV / Tempo,10.099,Urban,City_Core,0.9738,0.6066,1.25,0.7902,True,HP,20,0,0,0,False,,0.1195,0,75,8,4.0,20,10.0,682.4,80.8,OSRM,Route R0039 (SOURA ↔ LD) merged into Trunk FDR-059. Spatial overlap with trunk corridor. CDI=0.7902. Fleet=0 (counted under Trunk). 🚩 Social Obligation
R0040,SOURA ↔ RAILWAY STATION,MERGED_INTO_TRUNK,FDR-262,LPV / Tempo,18.412,Peri_Urban,City_Core,0.6181,0.4167,1.25,0.5174,False,MP,35,0,0,0,False,,0.1356,0,91,8,4.0,36,18.0,1608.0,92.1,OSRM+JhelumBridge,Route R0040 (SOURA ↔ RAILWAY STATION) merged into Trunk FDR-262. Spatial overlap with trunk corridor. CDI=0.5174. Fleet=0 (counted under Trunk). 
R0041,SOURA ↔ HAZRATBAL,MERGED_INTO_TRUNK,TRK-031,LPV / Tempo,8.337,Urban,City_Core,0.7069,0.4192,1.25,0.5631,False,MP,35,0,0,0,False,,0.0333,0,41,6,3.0,16,8.0,1248.4,66.7,OSRM+JhelumBridge,Route R0041 (SOURA ↔ HAZRATBAL) merged into Trunk TRK-031. Spatial overlap with trunk corridor. CDI=0.5631. Fleet=0 (counted under Trunk). 
R0042,SORA ↔ LD,MERGED_INTO_TRUNK,FDR-059,LPV / Tempo,10.099,Urban,City_Core,0.9738,0.6066,1.25,0.7902,True,HP,20,0,0,0,False,,0.1195,0,75,8,4.0,20,10.0,682.4,80.8,OSRM,Route R0042 (SORA ↔ LD) merged into Trunk FDR-059. Spatial overlap with trunk corridor. CDI=0.7902. Fleet=0 (counted under Trunk). 🚩 Social Obligation
R0043,BAGHAT SHORA ↔ LALCHOWK,RETAINED_AS_FEEDER,FDR-265,,4.500,Urban,City_Core,0.599,0.3925,0.75,0.4958,False,MP,35,3,0,0,False,,0.1315,4555,55,12,6.0,9,4.5,454.3,36.0,OSRM+JhelumBridge,"Route R0043 (BAGHAT SHORA ↔ LALCHOWK) → Feeder FDR-265. Route_Type=Urban | Zone=City_Core | CDI=0.4958 | Band=MP | Headway=35 min | Fleet=4 (HPV=0 enforced, MPV=0 — 100%% MPV). Distinct catchment: 4.88% of CMP 2024 pop. residents over 13.0 km. "
R0044,JEHANGIR CHOWK ↔ JVC,MERGED_INTO_TRUNK,FDR-269,Private Minibus,8.334,Urban,City_Core,0.696,0.322,1.25,0.509,False,MP,35,0,0,0,False,,0.1905,0,27,15,7.5,16,8.0,646.4,66.7,OSRM,Route R0044 (JEHANGIR CHOWK ↔ JVC) merged into Trunk FDR-269. Spatial overlap with trunk corridor. CDI=0.5090. Fleet=0 (counted under Trunk). 
R0045,PARIMPORA ↔ RAWALPORA,RETAINED_AS_FEEDER,FDR-338,,14.409,Urban,City_Core,0.6641,0.1773,0.75,0.4207,False,MP,35,5,0,5,False,,0.0739,8094,33,11,5.5,28,14.0,938.3,115.3,OSRM,"Route R0045 (PARIMPORA ↔ RAWALPORA) → Feeder FDR-338. Route_Type=Urban | Zone=City_Core | CDI=0.4207 | Band=MP | Headway=35 min | Fleet=5 (HPV=0 enforced, MPV=5 — 100%% MPV). Distinct catchment: 5.89% of CMP 2024 pop. residents over 14.4 km. "
R0046,PARIMPORA ↔ RAWALPORA,MERGED_INTO_TRUNK,FDR-338,Private Minibus,14.409,Urban,City_Core,0.6641,0.1773,1.25,0.4207,False,MP,35,0,0,0,False,,0.0739,0,33,11,5.5,28,14.0,938.3,115.3,OSRM,Route R0046 (PARIMPORA ↔ RAWALPORA) merged into Trunk FDR-338. Spatial overlap with trunk corridor. CDI=0.4207. Fleet=0 (counted under Trunk). 
R0047,PARIMPORA ↔ RAWALPORA,MERGED_INTO_TRUNK,FDR-338,LPV / Tempo,14.409,Urban,City_Core,0.6641,0.1773,1.25,0.4207,False,MP,35,0,0,0,False,,0.0739,0,33,11,5.5,28,14.0,938.3,115.3,OSRM,Route R0047 (PARIMPORA ↔ RAWALPORA) merged into Trunk FDR-338. Spatial overlap with trunk corridor. CDI=0.4207. Fleet=0 (counted under Trunk). 
R0048,SOURA ↔ LD,MERGED_INTO_TRUNK,FDR-059,LPV / Tempo,18.128,Peri_Urban,City_Core,0.7343,0.4505,1.25,0.5924,True,MP,35,0,0,0,False,,0.1313,0,99,18,9.0,36,18.0,1262.2,90.6,OSRM,Route R0048 (SOURA ↔ LD) merged into Trunk FDR-059. Spatial overlap with trunk corridor. CDI=0.5924. Fleet=0 (counted under Trunk). 🚩 Social Obligation
R0049,LALBAZAR ↔ QAMARWARI,RETAINED_AS_FEEDER,FDR-097,,8.695,Urban,City_Core,0.989,0.424,0.75,0.7065,False,HP,20,5,0,5,False,,0.0921,8203,52,12,6.0,17,8.5,1126.1,69.6,OSRM+JhelumBridge,"Route R0049 (LALBAZAR ↔ QAMARWARI) → Feeder FDR-097. Route_Type=Urban | Zone=City_Core | CDI=0.7065 | Band=HP | Headway=20 min | Fleet=5 (HPV=0 enforced, MPV=5 — 100%% MPV). Distinct catchment: 5.02% of CMP 2024 pop. residents over 8.7 km. "
R0050,SAFAKADAL ↔ SMHS,RETAINED_AS_FEEDER,FDR-132,,1.500,Urban,City_Core,0.6475,0.6054,0.75,0.6264,True,MP,35,2,0,0,False,,0.1242,3500,44,9,4.5,3,1.5,116.7,12.0,OSRM,"Route R0050 (SAFAKADAL ↔ SMHS) → Feeder FDR-132. Route_Type=Urban | Zone=City_Core | CDI=0.6264 | Band=MP | Headway=35 min | Fleet=3 (HPV=0 enforced, MPV=0 — 100%% MPV). Distinct catchment: 2.50% of CMP 2024 pop. residents over 6.3 km. 🚩 Social Obligation"
R0051,NARBAL ↔ JEHANGIR CHOWK,RETAINED_AS_FEEDER,FDR-455,,17.000,Peri_Urban,City_Core,0.3814,0.1141,0.75,0.2478,False,LP,35,4,0,0,False,,0.1197,6919,31,22,11.0,34,17.0,1334.8,85.0,OSRM,"Route R0051 (NARBAL ↔ JEHANGIR CHOWK) → Feeder FDR-455. Route_Type=Peri_Urban | Zone=City_Core | CDI=0.2478 | Band=LP | Headway=35 min | Fleet=5 (HPV=0 enforced, MPV=0 — 100%% MPV). Distinct catchment: 5.68% of CMP 2024 pop. residents over 21.6 km. "
R0052,SOURA ↔ SMHS,RETAINED_AS_FEEDER,FDR-098,,11.97,Urban,City_Core,0.8121,0.594,0.75,0.703,False,HP,20,6,0,6,False,,0.1249,6349,91,11,5.5,23,11.5,859.1,95.8,OSRM,"Route R0052 (SOURA ↔ SMHS) → Feeder FDR-098. Route_Type=Urban | Zone=City_Core | CDI=0.7030 | Band=HP | Headway=20 min | Fleet=6 (HPV=0 enforced, MPV=6 — 100%% MPV). Distinct catchment: 5.81% of CMP 2024 pop. residents over 12.0 km. "
R0053,SOURA ↔ SMHS,MERGED_INTO_TRUNK,FDR-098,Private Minibus,11.97,Urban,City_Core,0.8121,0.594,1.25,0.703,False,HP,20,0,0,0,False,,0.1249,0,91,11,5.5,23,11.5,859.1,95.8,OSRM,Route R0053 (SOURA ↔ SMHS) merged into Trunk FDR-098. Spatial overlap with trunk corridor. CDI=0.7030. Fleet=0 (counted under Trunk). 
R0054,SOURA ↔ PARIMPORA,MERGED_INTO_TRUNK,FDR-173,Private Minibus,12.845,Urban,City_Core,0.8071,0.4007,1.25,0.6039,False,HP,20,0,0,0,False,,0.1583,0,74,20,10.0,25,12.5,926.8,102.8,OSRM,Route R0054 (SOURA ↔ PARIMPORA) merged into Trunk FDR-173. Spatial overlap with trunk corridor. CDI=0.6039. Fleet=0 (counted under Trunk). 
R0055,PARIMPORA ↔ SAIDAKADAL,MERGED_INTO_TRUNK,FDR-106,Private Minibus,14.067,Urban,City_Core,0.8391,0.488,1.25,0.6636,False,HP,20,0,0,0,False,,0.227,0,68,4,2.0,28,14.0,1375.0,112.5,OSRM+JhelumBridge,Route R0055 (PARIMPORA ↔ SAIDAKADAL) merged into Trunk FDR-106. Spatial overlap with trunk corridor. CDI=0.6636. Fleet=0 (counted under Trunk). 
R0056,SOURA ↔ QAMARWARI,RETAINED_AS_FEEDER,FDR-270,,9.3,Urban,City_Core,0.6699,0.2922,0.75,0.481,False,MP,35,4,0,0,False,,0.0515,6328,41,19,9.5,18,9.0,818.9,74.4,OSRM,"Route R0056 (SOURA ↔ QAMARWARI) → Feeder FDR-270. Route_Type=Urban | Zone=City_Core | CDI=0.4810 | Band=MP | Headway=35 min | Fleet=4 (HPV=0 enforced, MPV=0 — 100%% MPV). Distinct catchment: 3.83% of CMP 2024 pop. residents over 9.3 km. "
R0057,SOURA ↔ SMHS,MERGED_INTO_TRUNK,FDR-098,Private Minibus,11.97,Urban,City_Core,0.8121,0.594,1.25,0.703,False,HP,20,0,0,0,False,,0.1249,0,91,11,5.5,23,11.5,859.1,95.8,OSRM,Route R0057 (SOURA ↔ SMHS) merged into Trunk FDR-098. Spatial overlap with trunk corridor. CDI=0.7030. Fleet=0 (counted under Trunk). 
R0058,SAFAKADAL ↔ JEHANGIR CHOWK,RETAINED_AS_FEEDER,FDR-575,,3.149,Urban,City_Core,1.0,0.9025,0.75,0.9512,True,HP,20,3,0,3,False,,0.085,2798,34,2,1.0,6,3.0,218.7,25.2,OSRM,"Route R0058 (SAFAKADAL ↔ JEHANGIR CHOWK) → Feeder FDR-575. Route_Type=Urban | Zone=City_Core | CDI=0.9512 | Band=HP | Headway=20 min | Fleet=3 (HPV=0 enforced, MPV=3 — 100%% MPV). Distinct catchment: 1.93% of CMP 2024 pop. residents over 3.1 km. 🚩 Social Obligation"
R0059,SAFAKADAL ↔ JEHANGIR CHOWK,MERGED_INTO_TRUNK,FDR-575,LPV / Tempo,3.149,Urban,City_Core,1.0,0.9025,1.25,0.9512,True,HP,20,0,0,0,False,,0.085,0,34,2,1.0,6,3.0,218.7,25.2,OSRM,Route R0059 (SAFAKADAL ↔ JEHANGIR CHOWK) merged into Trunk FDR-575. Spatial overlap with trunk corridor. CDI=0.9512. Fleet=0 (counted under Trunk). 🚩 Social Obligation
R0060,QAMARWARI ↔ PATHACHOWK,RETAINED_AS_FEEDER,FDR-316,,19.719,Peri_Urban,City_Core,0.5951,0.3335,0.75,0.4643,False,MP,35,4,0,4,False,,0.2171,6830,67,11,5.5,39,19.5,1705.8,98.6,OSRM+JhelumBridge,"Route R0060 (QAMARWARI ↔ PATHACHOWK) → Feeder FDR-316. Route_Type=Peri_Urban | Zone=City_Core | CDI=0.4643 | Band=MP | Headway=35 min | Fleet=4 (HPV=0 enforced, MPV=4 — 100%% MPV). Distinct catchment: 7.36% of CMP 2024 pop. residents over 19.7 km. "
R0061,SAFAKADAL ↔ JEHANGIR CHOWK,MERGED_INTO_TRUNK,FDR-575,Private Minibus,3.149,Urban,City_Core,1.0,0.9025,1.25,0.9512,True,HP,20,0,0,0,False,,0.085,0,34,2,1.0,6,3.0,218.7,25.2,OSRM,Route R0061 (SAFAKADAL ↔ JEHANGIR CHOWK) merged into Trunk FDR-575. Spatial overlap with trunk corridor. CDI=0.9512. Fleet=0 (counted under Trunk). 🚩 Social Obligation
R0062,SOURA ↔ LD,MERGED_INTO_TRUNK,FDR-059,Private Minibus,10.099,Urban,City_Core,0.9738,0.6066,1.25,0.7902,True,HP,20,0,0,0,False,,0.1195,0,75,8,4.0,20,10.0,682.4,80.8,OSRM,Route R0062 (SOURA ↔ LD) merged into Trunk FDR-059. Spatial overlap with trunk corridor. CDI=0.7902. Fleet=0 (counted under Trunk). 🚩 Social Obligation
R0063,SAFAKADAL ↔ JEHANGIR CHOWK,MERGED_INTO_TRUNK,FDR-575,Private Minibus,3.149,Urban,City_Core,1.0,0.9025,1.25,0.9512,True,HP,20,0,0,0,False,,0.085,0,34,2,1.0,6,3.0,218.7,25.2,OSRM,Route R0063 (SAFAKADAL ↔ JEHANGIR CHOWK) merged into Trunk FDR-575. Spatial overlap with trunk corridor. CDI=0.9512. Fleet=0 (counted under Trunk). 🚩 Social Obligation
R0064,LALBAZAR ↔ LD,MERGED_INTO_TRUNK,FDR-068,Private Minibus,10.261,Urban,City_Core,0.9616,0.5844,1.25,0.773,True,HP,20,0,0,0,False,,0.145,0,72,7,3.5,20,10.0,1115.0,82.1,OSRM+JhelumBridge,Route R0064 (LALBAZAR ↔ LD) merged into Trunk FDR-068. Spatial overlap with trunk corridor. CDI=0.7730. Fleet=0 (counted under Trunk). 🚩 Social Obligation
R0065,QAMARWARI ↔ DALGATE,RETAINED_AS_FEEDER,FDR-117,,8.844,Urban,City_Core,0.8921,0.4147,0.75,0.6534,False,HP,20,5,0,5,False,,0.096,5973,42,13,6.5,17,8.5,1139.6,70.8,OSRM+JhelumBridge,"Route R0065 (QAMARWARI ↔ DALGATE) → Feeder FDR-117. Route_Type=Urban | Zone=City_Core | CDI=0.6534 | Band=HP | Headway=20 min | Fleet=5 (HPV=0 enforced, MPV=5 — 100%% MPV). Distinct catchment: 4.66% of CMP 2024 pop. residents over 8.8 km. "
R0066,HAZRATBAL ↔ LD,MERGED_INTO_TRUNK,FDR-147,Private Minibus,8.251,Urban,City_Core,0.6633,0.3468,1.25,0.505,True,MP,35,0,0,0,False,,0.0832,0,34,10,5.0,16,8.0,1283.5,66.0,OSRM+JhelumBridge,Route R0066 (HAZRATBAL ↔ LD) merged into Trunk FDR-147. Spatial overlap with trunk corridor. CDI=0.5050. Fleet=0 (counted under Trunk). 🚩 Social Obligation
R0067,HAZRATBAL ↔ LD,MERGED_INTO_TRUNK,FDR-147,Private Minibus,8.251,Urban,City_Core,0.6633,0.3468,1.25,0.505,True,MP,35,0,0,0,False,,0.0832,0,34,10,5.0,16,8.0,1283.5,66.0,OSRM+JhelumBridge,Route R0067 (HAZRATBAL ↔ LD) merged into Trunk FDR-147. Spatial overlap with trunk corridor. CDI=0.5050. Fleet=0 (counted under Trunk). 🚩 Social Obligation
R0068,QAMARWARI ↔ DALGATE,MERGED_INTO_TRUNK,FDR-117,Private Minibus,8.844,Urban,City_Core,0.8921,0.4147,1.25,0.6534,False,HP,20,0,0,0,False,,0.096,0,42,13,6.5,17,8.5,1139.6,70.8,OSRM+JhelumBridge,Route R0068 (QAMARWARI ↔ DALGATE) merged into Trunk FDR-117. Spatial overlap with trunk corridor. CDI=0.6534. Fleet=0 (counted under Trunk). 
R0069,SAFAKADAL ↔ SMHS,MERGED_INTO_TRUNK,FDR-132,Private Minibus,6.257,Urban,City_Core,0.6475,0.6054,1.25,0.6264,True,HP,20,0,0,0,False,,0.1242,0,44,9,4.5,12,6.0,486.9,50.1,OSRM,Route R0069 (SAFAKADAL ↔ SMHS) merged into Trunk FDR-132. Spatial overlap with trunk corridor. CDI=0.6264. Fleet=0 (counted under Trunk). 🚩 Social Obligation
R0070,SAIDAKADAL ↔ PARIMPORA,MERGED_INTO_TRUNK,FDR-106,Private Minibus,14.556,Urban,City_Core,0.8063,0.4456,1.25,0.626,False,HP,20,0,0,0,False,,0.2237,0,63,11,5.5,29,14.5,1441.1,116.4,OSRM+JhelumBridge,Route R0070 (SAIDAKADAL ↔ PARIMPORA) merged into Trunk FDR-106. Spatial overlap with trunk corridor. CDI=0.6260. Fleet=0 (counted under Trunk). 
R0071,SAFAKADAL ↔ SMHS,MERGED_INTO_TRUNK,FDR-132,Private Minibus,6.257,Urban,City_Core,0.6475,0.6054,1.25,0.6264,True,HP,20,0,0,0,False,,0.1242,0,44,9,4.5,12,6.0,486.9,50.1,OSRM,Route R0071 (SAFAKADAL ↔ SMHS) merged into Trunk FDR-132. Spatial overlap with trunk corridor. CDI=0.6264. Fleet=0 (counted under Trunk). 🚩 Social Obligation
R0072,SAFAKADAL ↔ SMHS,MERGED_INTO_TRUNK,FDR-132,Private Minibus,6.257,Urban,City_Core,0.6475,0.6054,1.25,0.6264,True,HP,20,0,0,0,False,,0.1242,0,44,9,4.5,12,6.0,486.9,50.1,OSRM,Route R0072 (SAFAKADAL ↔ SMHS) merged into Trunk FDR-132. Spatial overlap with trunk corridor. CDI=0.6264. Fleet=0 (counted under Trunk). 🚩 Social Obligation
R0073,SAFAKADAL ↔ SMHS,MERGED_INTO_TRUNK,FDR-132,Private Minibus,6.257,Urban,City_Core,0.6475,0.6054,1.25,0.6264,True,HP,20,0,0,0,False,,0.1242,0,44,9,4.5,12,6.0,486.9,50.1,OSRM,Route R0073 (SAFAKADAL ↔ SMHS) merged into Trunk FDR-132. Spatial overlap with trunk corridor. CDI=0.6264. Fleet=0 (counted under Trunk). 🚩 Social Obligation
R0074,LALBAZAR ↔ PARIMPORA,RETAINED_AS_FEEDER,FDR-164,,10.000,Urban,City_Core,0.7997,0.331,0.75,0.5654,False,MP,35,4,0,4,False,,0.1306,8852,59,27,13.5,20,10.0,1214.1,80.0,OSRM+JhelumBridge,"Route R0074 (LALBAZAR ↔ PARIMPORA) → Feeder FDR-164. Route_Type=Urban | Zone=City_Core | CDI=0.5654 | Band=MP | Headway=35 min | Fleet=4 (HPV=0 enforced, MPV=4 — 100%% MPV). Distinct catchment: 6.06% of CMP 2024 pop. residents over 12.6 km. "
R0075,PARIMPORA ↔ RAWALPORA,MERGED_INTO_TRUNK,FDR-338,Private Minibus,15.914,Peri_Urban,City_Core,0.7885,0.2978,1.25,0.5432,False,MP,35,0,0,0,False,,0.1848,0,54,11,5.5,31,15.5,1033.8,79.6,OSRM,Route R0075 (PARIMPORA ↔ RAWALPORA) merged into Trunk FDR-338. Spatial overlap with trunk corridor. CDI=0.5432. Fleet=0 (counted under Trunk). 
R0076,PARIMPORA ↔ HAZRATBAL,MERGED_INTO_TRUNK,FDR-271,Private Minibus,16.104,Peri_Urban,City_Core,0.6966,0.251,1.25,0.4738,False,MP,35,0,0,0,False,,0.0918,0,53,22,11.0,32,16.0,1713.6,80.5,OSRM+JhelumBridge,Route R0076 (PARIMPORA ↔ HAZRATBAL) merged into Trunk FDR-271. Spatial overlap with trunk corridor. CDI=0.4738. Fleet=0 (counted under Trunk). 
R0077,JEHANGIR CHOWK ↔ HMT,MERGED_INTO_TRUNK,FDR-275,Private Minibus,10.311,Urban,City_Core,0.6674,0.2668,1.25,0.4671,False,MP,35,0,0,0,False,,0.2746,0,30,10,5.0,20,10.0,654.3,82.5,OSRM,Route R0077 (JEHANGIR CHOWK ↔ HMT) merged into Trunk FDR-275. Spatial overlap with trunk corridor. CDI=0.4671. Fleet=0 (counted under Trunk). 
R0078,LALBAZAR ↔ PARIMPORA,MERGED_INTO_TRUNK,FDR-164,Private Minibus,12.646,Urban,City_Core,0.7997,0.331,1.25,0.5654,False,MP,35,0,0,0,False,,0.1306,0,59,27,13.5,25,12.5,1535.3,101.2,OSRM+JhelumBridge,Route R0078 (LALBAZAR ↔ PARIMPORA) merged into Trunk FDR-164. Spatial overlap with trunk corridor. CDI=0.5654. Fleet=0 (counted under Trunk). 
R0079,LALBAZAR ↔ PARIMPORA,MERGED_INTO_TRUNK,FDR-164,Private Minibus,12.646,Urban,City_Core,0.7997,0.331,1.25,0.5654,False,MP,35,0,0,0,False,,0.1306,0,59,27,13.5,25,12.5,1535.3,101.2,OSRM+JhelumBridge,Route R0079 (LALBAZAR ↔ PARIMPORA) merged into Trunk FDR-164. Spatial overlap with trunk corridor. CDI=0.5654. Fleet=0 (counted under Trunk). 
R0080,LALBAZAR ↔ PARIMPORA,MERGED_INTO_TRUNK,FDR-164,Private Minibus,12.646,Urban,City_Core,0.7997,0.331,1.25,0.5654,False,MP,35,0,0,0,False,,0.1306,0,59,27,13.5,25,12.5,1535.3,101.2,OSRM+JhelumBridge,Route R0080 (LALBAZAR ↔ PARIMPORA) merged into Trunk FDR-164. Spatial overlap with trunk corridor. CDI=0.5654. Fleet=0 (counted under Trunk). 
R0081,PARIMPORA ↔ CHADORA,MERGED_INTO_TRUNK,FDR-429,Private Minibus,24.64,Peri_Urban,City_Core,0.626,0.2122,1.25,0.4191,False,MP,35,0,0,0,False,,0.1258,0,64,8,4.0,49,24.5,1458.3,123.2,OSRM,Route R0081 (PARIMPORA ↔ CHADORA) merged into Trunk FDR-429. Spatial overlap with trunk corridor. CDI=0.4191. Fleet=0 (counted under Trunk). 
R0082,LALBAZAR ↔ PARIMPORA,MERGED_INTO_TRUNK,FDR-164,Private Minibus,12.646,Urban,City_Core,0.7997,0.331,1.25,0.5654,False,MP,35,0,0,0,False,,0.1306,0,59,27,13.5,25,12.5,1535.3,101.2,OSRM+JhelumBridge,Route R0082 (LALBAZAR ↔ PARIMPORA) merged into Trunk FDR-164. Spatial overlap with trunk corridor. CDI=0.5654. Fleet=0 (counted under Trunk). 
R0083,LALBAZAR ↔ PARIMPORA,MERGED_INTO_TRUNK,FDR-164,Private Minibus,12.646,Urban,City_Core,0.7997,0.331,1.25,0.5654,False,MP,35,0,0,0,False,,0.1306,0,59,27,13.5,25,12.5,1535.3,101.2,OSRM+JhelumBridge,Route R0083 (LALBAZAR ↔ PARIMPORA) merged into Trunk FDR-164. Spatial overlap with trunk corridor. CDI=0.5654. Fleet=0 (counted under Trunk). 
R0084,QAMARWARI ↔ HAZRATBAL,RETAINED_AS_FEEDER,FDR-199,,8.000,Urban,City_Core,0.7176,0.3184,0.75,0.518,False,MP,35,3,0,3,False,,0.0822,8256,56,15,7.5,16,8.0,887.3,64.0,OSRM+JhelumBridge,"Route R0084 (QAMARWARI ↔ HAZRATBAL) → Feeder FDR-199. Route_Type=Urban | Zone=City_Core | CDI=0.5180 | Band=MP | Headway=35 min | Fleet=5 (HPV=0 enforced, MPV=5 — 100%% MPV). Distinct catchment: 6.15% of CMP 2024 pop. residents over 14.1 km. "
R0085,SOURA ↔ JEHANGIR CHOWK,MERGED_INTO_TRUNK,FDR-122,LPV / Tempo,9.17,Urban,City_Core,0.7714,0.5403,1.25,0.6558,True,HP,20,0,0,0,False,,0.0517,0,66,9,4.5,18,9.0,764.2,73.4,OSRM,Route R0085 (SOURA ↔ JEHANGIR CHOWK) merged into Trunk FDR-122. Spatial overlap with trunk corridor. CDI=0.6558. Fleet=0 (counted under Trunk). 🚩 Social Obligation
R0086,LALBAZAR ↔ PARIMPORA,MERGED_INTO_TRUNK,FDR-164,LPV / Tempo,12.646,Urban,City_Core,0.7997,0.331,1.25,0.5654,False,MP,35,0,0,0,False,,0.1306,0,59,27,13.5,25,12.5,1535.3,101.2,OSRM+JhelumBridge,Route R0086 (LALBAZAR ↔ PARIMPORA) merged into Trunk FDR-164. Spatial overlap with trunk corridor. CDI=0.5654. Fleet=0 (counted under Trunk). 
R0087,HMT ↔ JEHANGIR CHOWK,MERGED_INTO_TRUNK,FDR-275,Private Minibus,10.261,Urban,City_Core,0.6345,0.1759,1.25,0.4052,False,MP,35,0,0,0,False,,0.1224,0,20,10,5.0,20,10.0,743.4,82.1,OSRM,Route R0087 (HMT ↔ JEHANGIR CHOWK) merged into Trunk FDR-275. Spatial overlap with trunk corridor. CDI=0.4052. Fleet=0 (counted under Trunk). 
R0088,LALBAZAR ↔ PARIMPORA,MERGED_INTO_TRUNK,FDR-164,Private Minibus,12.646,Urban,City_Core,0.7997,0.331,1.25,0.5654,False,MP,35,0,0,0,False,,0.1306,0,59,27,13.5,25,12.5,1535.3,101.2,OSRM+JhelumBridge,Route R0088 (LALBAZAR ↔ PARIMPORA) merged into Trunk FDR-164. Spatial overlap with trunk corridor. CDI=0.5654. Fleet=0 (counted under Trunk). 
R0089,PARIMPORA ↔ RANGRATH,RETAINED_AS_FEEDER,FDR-446,,19.812,Peri_Urban,City_Core,0.3899,0.1277,0.75,0.2588,False,LP,35,4,0,4,False,,0.0916,8182,35,8,4.0,39,19.5,981.1,99.1,OSRM,"Route R0089 (PARIMPORA ↔ RANGRATH) → Feeder FDR-446. Route_Type=Peri_Urban | Zone=City_Core | CDI=0.2588 | Band=LP | Headway=35 min | Fleet=4 (HPV=0 enforced, MPV=4 — 100%% MPV). Distinct catchment: 5.29% of CMP 2024 pop. residents over 19.8 km. "
R0090,SAIDAKADAL ↔ BYPASS,RETAINED_AS_FEEDER,FDR-108,,7.500,Urban,City_Core,0.8211,0.4964,0.75,0.6588,False,HP,20,4,0,0,False,,0.1649,5763,62,7,3.5,15,7.5,753.7,60.0,OSRM+JhelumBridge,"Route R0090 (SAIDAKADAL ↔ BYPASS) → Feeder FDR-108. Route_Type=Urban | Zone=City_Core | CDI=0.6588 | Band=HP | Headway=20 min | Fleet=7 (HPV=0 enforced, MPV=0 — 100%% MPV). Distinct catchment: 6.51% of CMP 2024 pop. residents over 13.3 km. "
R0091,SAIDAKADAL ↔ BYPASS,MERGED_INTO_TRUNK,FDR-108,Private Minibus,13.28,Urban,City_Core,0.8211,0.4964,1.25,0.6588,False,HP,20,0,0,0,False,,0.1649,0,62,7,3.5,26,13.0,1334.6,106.2,OSRM+JhelumBridge,Route R0091 (SAIDAKADAL ↔ BYPASS) merged into Trunk FDR-108. Spatial overlap with trunk corridor. CDI=0.6588. Fleet=0 (counted under Trunk). 
R0092,HMT ↔ JEHANGIR CHOWK,MERGED_INTO_TRUNK,FDR-275,Private Minibus,10.261,Urban,City_Core,0.6345,0.1759,1.25,0.4052,False,MP,35,0,0,0,False,,0.1224,0,20,10,5.0,20,10.0,743.4,82.1,OSRM,Route R0092 (HMT ↔ JEHANGIR CHOWK) merged into Trunk FDR-275. Spatial overlap with trunk corridor. CDI=0.4052. Fleet=0 (counted under Trunk). 
R0093,JEHANGIR CHOWK ↔ HMT,MERGED_INTO_TRUNK,FDR-275,Private Minibus,10.311,Urban,City_Core,0.6674,0.2668,1.25,0.4671,False,MP,35,0,0,0,False,,0.2746,0,30,10,5.0,20,10.0,654.3,82.5,OSRM,Route R0093 (JEHANGIR CHOWK ↔ HMT) merged into Trunk FDR-275. Spatial overlap with trunk corridor. CDI=0.4671. Fleet=0 (counted under Trunk). 
R0094,JEHANGIR CHOWK ↔ HMT,MERGED_INTO_TRUNK,FDR-275,Private Minibus,10.311,Urban,City_Core,0.6674,0.2668,1.25,0.4671,False,MP,35,0,0,0,False,,0.2746,0,30,10,5.0,20,10.0,654.3,82.5,OSRM,Route R0094 (JEHANGIR CHOWK ↔ HMT) merged into Trunk FDR-275. Spatial overlap with trunk corridor. CDI=0.4671. Fleet=0 (counted under Trunk). 
R0095,PARIMPORA ↔ RANGRATH,MERGED_INTO_TRUNK,FDR-446,Private Minibus,19.812,Peri_Urban,City_Core,0.3899,0.1277,1.25,0.2588,False,LP,35,0,0,0,False,,0.0916,0,35,8,4.0,39,19.5,981.1,99.1,OSRM,Route R0095 (PARIMPORA ↔ RANGRATH) merged into Trunk FDR-446. Spatial overlap with trunk corridor. CDI=0.2588. Fleet=0 (counted under Trunk). 
R0096,PARIMPORA ↔ RANGRATH,MERGED_INTO_TRUNK,FDR-446,Private Minibus,19.812,Peri_Urban,City_Core,0.3899,0.1277,1.25,0.2588,False,LP,35,0,0,0,False,,0.0916,0,35,8,4.0,39,19.5,981.1,99.1,OSRM,Route R0096 (PARIMPORA ↔ RANGRATH) merged into Trunk FDR-446. Spatial overlap with trunk corridor. CDI=0.2588. Fleet=0 (counted under Trunk). 
R0097,SAFAKADAL ↔ JEHANGIR CHOWK,MERGED_INTO_TRUNK,FDR-575,Private Minibus,3.569,Urban,City_Core,1.0,0.8475,1.25,0.9238,True,HP,20,0,0,0,False,,0.0803,0,37,8,4.0,7,3.5,390.5,28.6,OSRM,Route R0097 (SAFAKADAL ↔ JEHANGIR CHOWK) merged into Trunk FDR-575. Spatial overlap with trunk corridor. CDI=0.9238. Fleet=0 (counted under Trunk). 🚩 Social Obligation
R0098,SAFAKADAL ↔ JEHANGIR CHOWK,MERGED_INTO_TRUNK,FDR-575,Private Minibus,3.569,Urban,City_Core,1.0,0.8475,1.25,0.9238,True,HP,20,0,0,0,False,,0.0803,0,37,8,4.0,7,3.5,390.5,28.6,OSRM,Route R0098 (SAFAKADAL ↔ JEHANGIR CHOWK) merged into Trunk FDR-575. Spatial overlap with trunk corridor. CDI=0.9238. Fleet=0 (counted under Trunk). 🚩 Social Obligation
R0099,JEHANGIR CHOWK ↔ HMT,MERGED_INTO_TRUNK,FDR-275,Private Minibus,10.311,Urban,City_Core,0.6674,0.2668,1.25,0.4671,False,MP,35,0,0,0,False,,0.2746,0,30,10,5.0,20,10.0,654.3,82.5,OSRM,Route R0099 (JEHANGIR CHOWK ↔ HMT) merged into Trunk FDR-275. Spatial overlap with trunk corridor. CDI=0.4671. Fleet=0 (counted under Trunk). 
R0100,JEHANGIR CHOWK ↔ PANZINARA,RETAINED_AS_FEEDER,FDR-401,,10.000,Peri_Urban,City_Core,0.4786,0.1668,0.75,0.3227,False,LP,35,3,0,3,False,,0.1677,6115,30,12,6.0,20,10.0,593.4,50.0,OSRM,"Route R0100 (JEHANGIR CHOWK ↔ PANZINARA) → Feeder FDR-401. Route_Type=Peri_Urban | Zone=City_Core | CDI=0.3227 | Band=LP | Headway=35 min | Fleet=4 (HPV=0 enforced, MPV=4 — 100%% MPV). Distinct catchment: 5.16% of CMP 2024 pop. residents over 16.5 km. "
R0101,SAFAKADAL ↔ JEHANGIR CHOWK,MERGED_INTO_TRUNK,FDR-575,Private Minibus,3.569,Urban,City_Core,1.0,0.8475,1.25,0.9238,True,HP,20,0,0,0,False,,0.0803,0,37,8,4.0,7,3.5,390.5,28.6,OSRM,Route R0101 (SAFAKADAL ↔ JEHANGIR CHOWK) merged into Trunk FDR-575. Spatial overlap with trunk corridor. CDI=0.9238. Fleet=0 (counted under Trunk). 🚩 Social Obligation
R0102,SAFAKADAL ↔ JEHANGIR CHOWK,MERGED_INTO_TRUNK,FDR-575,Private Minibus,3.569,Urban,City_Core,1.0,0.8475,1.25,0.9238,True,HP,20,0,0,0,False,,0.0803,0,37,8,4.0,7,3.5,390.5,28.6,OSRM,Route R0102 (SAFAKADAL ↔ JEHANGIR CHOWK) merged into Trunk FDR-575. Spatial overlap with trunk corridor. CDI=0.9238. Fleet=0 (counted under Trunk). 🚩 Social Obligation
R0103,BATAMALLO ↔ PANTHA CHOWK,RETAINED_AS_FEEDER,FDR-407,,17.436,Peri_Urban,Peri_Urban,0.4931,0.1253,0.75,0.3092,False,LP,35,4,0,4,False,,0.0931,11013,29,7,3.5,34,17.0,1539.8,87.2,OSRM+JhelumBridge,"Route R0103 (BATAMALLO ↔ PANTHA CHOWK) → Feeder FDR-407. Route_Type=Peri_Urban | Zone=Peri_Urban | CDI=0.3092 | Band=LP | Headway=35 min | Fleet=4 (HPV=0 enforced, MPV=4 — 100%% MPV). Distinct catchment: 5.59% of CMP 2024 pop. residents over 17.4 km. "
R0104,SAFAKADAL ↔ JEHANGIR CHOWK,MERGED_INTO_TRUNK,FDR-575,Private Minibus,3.569,Urban,City_Core,1.0,0.8475,1.25,0.9238,True,HP,20,0,0,0,False,,0.0803,0,37,8,4.0,7,3.5,390.5,28.6,OSRM,Route R0104 (SAFAKADAL ↔ JEHANGIR CHOWK) merged into Trunk FDR-575. Spatial overlap with trunk corridor. CDI=0.9238. Fleet=0 (counted under Trunk). 🚩 Social Obligation
R0105,SAFAKADAL ↔ JEHANGIR CHOWK,MERGED_INTO_TRUNK,FDR-575,Private Minibus,3.569,Urban,City_Core,1.0,0.8475,1.25,0.9238,True,HP,20,0,0,0,False,,0.0803,0,37,8,4.0,7,3.5,390.5,28.6,OSRM,Route R0105 (SAFAKADAL ↔ JEHANGIR CHOWK) merged into Trunk FDR-575. Spatial overlap with trunk corridor. CDI=0.9238. Fleet=0 (counted under Trunk). 🚩 Social Obligation
R0106,PARIMPORA ↔ RANGRATH,MERGED_INTO_TRUNK,FDR-446,Private Minibus,19.812,Peri_Urban,City_Core,0.3899,0.1277,1.25,0.2588,False,LP,35,0,0,0,False,,0.0916,0,35,8,4.0,39,19.5,981.1,99.1,OSRM,Route R0106 (PARIMPORA ↔ RANGRATH) merged into Trunk FDR-446. Spatial overlap with trunk corridor. CDI=0.2588. Fleet=0 (counted under Trunk). 
R0107,PARIMPORA ↔ RAWALPORA,MERGED_INTO_TRUNK,FDR-338,Private Minibus,15.914,Peri_Urban,City_Core,0.7885,0.2978,1.25,0.5432,False,MP,35,0,0,0,False,,0.1848,0,54,11,5.5,31,15.5,1033.8,79.6,OSRM,Route R0107 (PARIMPORA ↔ RAWALPORA) merged into Trunk FDR-338. Spatial overlap with trunk corridor. CDI=0.5432. Fleet=0 (counted under Trunk). 
R0108,BATAMALLO ↔ PANTHA CHOWK,MERGED_INTO_TRUNK,FDR-407,Private Minibus,17.436,Peri_Urban,Peri_Urban,0.4931,0.1253,1.25,0.3092,False,LP,35,0,0,0,False,,0.0931,0,29,7,3.5,34,17.0,1539.8,87.2,OSRM+JhelumBridge,Route R0108 (BATAMALLO ↔ PANTHA CHOWK) merged into Trunk FDR-407. Spatial overlap with trunk corridor. CDI=0.3092. Fleet=0 (counted under Trunk). 
R0109,JEHANGIR CHOWK ↔ JVC,MERGED_INTO_TRUNK,FDR-269,Private Minibus,8.334,Urban,City_Core,0.696,0.322,1.25,0.509,False,MP,35,0,0,0,False,,0.1905,0,27,15,7.5,16,8.0,646.4,66.7,OSRM,Route R0109 (JEHANGIR CHOWK ↔ JVC) merged into Trunk FDR-269. Spatial overlap with trunk corridor. CDI=0.5090. Fleet=0 (counted under Trunk). 
R0110,BATAMALLO ↔ PANTHA CHOWK,MERGED_INTO_TRUNK,FDR-407,LPV / Tempo,17.436,Peri_Urban,Peri_Urban,0.4931,0.1253,1.25,0.3092,False,LP,35,0,0,0,False,,0.0931,0,29,7,3.5,34,17.0,1539.8,87.2,OSRM+JhelumBridge,Route R0110 (BATAMALLO ↔ PANTHA CHOWK) merged into Trunk FDR-407. Spatial overlap with trunk corridor. CDI=0.3092. Fleet=0 (counted under Trunk). 
R0111,PARIMPORA ↔ RANGRATH,MERGED_INTO_TRUNK,FDR-446,Private Minibus,19.812,Peri_Urban,City_Core,0.3899,0.1277,1.25,0.2588,False,LP,35,0,0,0,False,,0.0916,0,35,8,4.0,39,19.5,981.1,99.1,OSRM,Route R0111 (PARIMPORA ↔ RANGRATH) merged into Trunk FDR-446. Spatial overlap with trunk corridor. CDI=0.2588. Fleet=0 (counted under Trunk). 
R0112,BATAMALLO ↔ PANTHA CHOWK,MERGED_INTO_TRUNK,FDR-407,Private Minibus,51.0,Regional_District,Peri_Urban,0.3737,0.2335,1.25,0.3036,True,MP,35,0,0,0,False,,0.0927,0,147,15,7.5,102,51.0,3501.2,153.0,OSRM+JhelumBridge,Route R0112 (BATAMALLO ↔ PANTHA CHOWK) merged into Trunk FDR-407. Spatial overlap with trunk corridor. CDI=0.3036. Fleet=0 (counted under Trunk). 🚩 Social Obligation
R0113,JEHANGIR CHOWK ↔ HMT,MERGED_INTO_TRUNK,FDR-275,Private Minibus,10.311,Urban,City_Core,0.6674,0.2668,1.25,0.4671,False,MP,35,0,0,0,False,,0.2746,0,30,10,5.0,20,10.0,654.3,82.5,OSRM,Route R0113 (JEHANGIR CHOWK ↔ HMT) merged into Trunk FDR-275. Spatial overlap with trunk corridor. CDI=0.4671. Fleet=0 (counted under Trunk). 
R0114,BATAMALLO ↔ PANTHA CHOWK,MERGED_INTO_TRUNK,FDR-407,Private Minibus,51.0,Regional_District,Peri_Urban,0.3737,0.2335,1.25,0.3036,True,MP,35,0,0,0,False,,0.0927,0,147,15,7.5,102,51.0,3501.2,153.0,OSRM+JhelumBridge,Route R0114 (BATAMALLO ↔ PANTHA CHOWK) merged into Trunk FDR-407. Spatial overlap with trunk corridor. CDI=0.3036. Fleet=0 (counted under Trunk). 🚩 Social Obligation
R0115,BATAMALLO ↔ PANTHA CHOWK,MERGED_INTO_TRUNK,FDR-407,LPV / Tempo,51.0,Regional_District,Peri_Urban,0.3737,0.2335,1.25,0.3036,True,MP,35,0,0,0,False,,0.0927,0,147,15,7.5,102,51.0,3501.2,153.0,OSRM+JhelumBridge,Route R0115 (BATAMALLO ↔ PANTHA CHOWK) merged into Trunk FDR-407. Spatial overlap with trunk corridor. CDI=0.3036. Fleet=0 (counted under Trunk). 🚩 Social Obligation
R0116,JEHANGIR CHOWK ↔ BUDGAM,MERGED_INTO_TRUNK,FDR-467,Private Minibus,45.581,Regional_District,City_Core,0.3314,0.14,1.25,0.2357,False,LP,35,0,0,0,False,,0.1092,0,78,9,4.5,91,45.5,2755.2,136.7,OSRM,Route R0116 (JEHANGIR CHOWK ↔ BUDGAM) merged into Trunk FDR-467. Spatial overlap with trunk corridor. CDI=0.2357. Fleet=0 (counted under Trunk). 
R0117,LALBAZAR ↔ PARIMPORA,MERGED_INTO_TRUNK,FDR-164,Private Minibus,14.237,Urban,City_Core,0.8554,0.4127,1.25,0.634,False,HP,20,0,0,0,False,,0.1344,0,88,17,8.5,28,14.0,1414.7,113.9,OSRM+JhelumBridge,Route R0117 (LALBAZAR ↔ PARIMPORA) merged into Trunk FDR-164. Spatial overlap with trunk corridor. CDI=0.6340. Fleet=0 (counted under Trunk). 
R0118,SOURA ↔ JEHANGIR CHOWK,MERGED_INTO_TRUNK,FDR-122,Private Minibus,9.17,Urban,City_Core,0.7714,0.5403,1.25,0.6558,True,HP,20,0,0,0,False,,0.0517,0,66,9,4.5,18,9.0,764.2,73.4,OSRM,Route R0118 (SOURA ↔ JEHANGIR CHOWK) merged into Trunk FDR-122. Spatial overlap with trunk corridor. CDI=0.6558. Fleet=0 (counted under Trunk). 🚩 Social Obligation
R0119,PARIMPORA ↔ PANTHACHOWK,MERGED_INTO_TRUNK,FDR-289,LPV / Tempo,21.307,Peri_Urban,City_Core,0.6019,0.3276,1.25,0.4648,False,MP,35,0,0,0,False,,0.2309,0,73,5,2.5,42,21.0,1713.4,106.5,OSRM+JhelumBridge,Route R0119 (PARIMPORA ↔ PANTHACHOWK) merged into Trunk FDR-289. Spatial overlap with trunk corridor. CDI=0.4648. Fleet=0 (counted under Trunk). 
R0120,PARIMPORA ↔ PANTHACHOWK,MERGED_INTO_TRUNK,FDR-289,LPV / Tempo,52.715,Regional_District,City_Core,0.3936,0.2202,1.25,0.3069,True,MP,35,0,0,0,False,,0.106,0,149,13,6.5,105,52.5,3517.8,158.1,OSRM+JhelumBridge,Route R0120 (PARIMPORA ↔ PANTHACHOWK) merged into Trunk FDR-289. Spatial overlap with trunk corridor. CDI=0.3069. Fleet=0 (counted under Trunk). 🚩 Social Obligation
R0121,SOURA ↔ JEHANGIR CHOWK,MERGED_INTO_TRUNK,FDR-122,Private Minibus,9.17,Urban,City_Core,0.7714,0.5403,1.25,0.6558,True,HP,20,0,0,0,False,,0.0517,0,66,9,4.5,18,9.0,764.2,73.4,OSRM,Route R0121 (SOURA ↔ JEHANGIR CHOWK) merged into Trunk FDR-122. Spatial overlap with trunk corridor. CDI=0.6558. Fleet=0 (counted under Trunk). 🚩 Social Obligation
R0122,PARIMPORA ↔ PANTHACHOWK,MERGED_INTO_TRUNK,FDR-289,Private Minibus,21.307,Peri_Urban,City_Core,0.6019,0.3276,1.25,0.4648,False,MP,35,0,0,0,False,,0.2309,0,73,5,2.5,42,21.0,1713.4,106.5,OSRM+JhelumBridge,Route R0122 (PARIMPORA ↔ PANTHACHOWK) merged into Trunk FDR-289. Spatial overlap with trunk corridor. CDI=0.4648. Fleet=0 (counted under Trunk). 
R0123,PARIMPORA ↔ RANGRATH,MERGED_INTO_TRUNK,FDR-446,Private Minibus,19.812,Peri_Urban,City_Core,0.3899,0.1277,1.25,0.2588,False,LP,35,0,0,0,False,,0.0916,0,35,8,4.0,39,19.5,981.1,99.1,OSRM,Route R0123 (PARIMPORA ↔ RANGRATH) merged into Trunk FDR-446. Spatial overlap with trunk corridor. CDI=0.2588. Fleet=0 (counted under Trunk). 
R0124,QAMARWARI ↔ JEHANGIR CHOWK,RETAINED_AS_FEEDER,FDR-219,,5.500,Urban,City_Core,0.6141,0.4001,0.75,0.5071,False,MP,35,3,0,3,False,,0.232,4748,46,14,7.0,11,5.5,378.1,44.0,OSRM,"Route R0124 (QAMARWARI ↔ JEHANGIR CHOWK) → Feeder FDR-219. Route_Type=Urban | Zone=City_Core | CDI=0.5071 | Band=MP | Headway=35 min | Fleet=4 (HPV=0 enforced, MPV=4 — 100%% MPV). Distinct catchment: 4.85% of CMP 2024 pop. residents over 12.7 km. "
R0125,NARBAL ↔ JEHANGIR CHOWK,MERGED_INTO_TRUNK,FDR-455,Private Minibus,21.634,Peri_Urban,City_Core,0.3814,0.1141,1.25,0.2478,False,LP,35,0,0,0,False,,0.1197,0,31,22,11.0,43,21.5,1698.7,108.2,OSRM,Route R0125 (NARBAL ↔ JEHANGIR CHOWK) merged into Trunk FDR-455. Spatial overlap with trunk corridor. CDI=0.2478. Fleet=0 (counted under Trunk). 
R0126,PARIMPORA ↔ BUDGAM,MERGED_INTO_TRUNK,FDR-488,Private Minibus,29.512,Peri_Urban,City_Core,0.1014,0.0277,1.25,0.0646,False,LP,35,0,0,0,False,,0.0857,0,9,11,5.5,59,29.5,1978.5,147.6,OSRM,Route R0126 (PARIMPORA ↔ BUDGAM) merged into Trunk FDR-488. Spatial overlap with trunk corridor. CDI=0.0646. Fleet=0 (counted under Trunk). 
R0127,QAMARWARI ↔ DALGATE,MERGED_INTO_TRUNK,FDR-117,Private Minibus,8.844,Urban,City_Core,0.8921,0.4147,1.25,0.6534,False,HP,20,0,0,0,False,,0.096,0,42,13,6.5,17,8.5,1139.6,70.8,OSRM+JhelumBridge,Route R0127 (QAMARWARI ↔ DALGATE) merged into Trunk FDR-117. Spatial overlap with trunk corridor. CDI=0.6534. Fleet=0 (counted under Trunk). 
R0128,PARIMPORA ↔ BUDGAM,MERGED_INTO_TRUNK,FDR-488,Private Minibus,29.512,Peri_Urban,City_Core,0.1014,0.0277,1.25,0.0646,False,LP,35,0,0,0,False,,0.0857,0,9,11,5.5,59,29.5,1978.5,147.6,OSRM,Route R0128 (PARIMPORA ↔ BUDGAM) merged into Trunk FDR-488. Spatial overlap with trunk corridor. CDI=0.0646. Fleet=0 (counted under Trunk). 
R0129,PARIMPORA ↔ PANTHACHOWK,MERGED_INTO_TRUNK,FDR-289,Private Minibus,23.396,Peri_Urban,City_Core,0.4736,0.1344,1.25,0.304,False,LP,35,0,0,0,False,,0.1025,0,41,10,5.0,46,23.0,1727.4,117.0,OSRM+JhelumBridge,Route R0129 (PARIMPORA ↔ PANTHACHOWK) merged into Trunk FDR-289. Spatial overlap with trunk corridor. CDI=0.3040. Fleet=0 (counted under Trunk). 
R0130,PARIMPORA ↔ JEHANGIR CHOWK,RETAINED_AS_FEEDER,FDR-332,,20.711,Peri_Urban,City_Core,0.6391,0.2186,0.75,0.4288,False,MP,35,4,0,4,False,,0.0856,9478,55,10,5.0,41,20.5,1193.4,103.6,OSRM,"Route R0130 (PARIMPORA ↔ JEHANGIR CHOWK) → Feeder FDR-332. Route_Type=Peri_Urban | Zone=City_Core | CDI=0.4288 | Band=MP | Headway=35 min | Fleet=4 (HPV=0 enforced, MPV=4 — 100%% MPV). Distinct catchment: 8.20% of CMP 2024 pop. residents over 20.7 km. "
R0131,QAMARWARI ↔ DALGATE,MERGED_INTO_TRUNK,FDR-117,Private Minibus,9.495,Urban,City_Core,0.7805,0.3731,1.25,0.5768,False,MP,35,0,0,0,False,,0.0896,0,40,15,7.5,18,9.0,1173.9,76.0,OSRM+JhelumBridge,Route R0131 (QAMARWARI ↔ DALGATE) merged into Trunk FDR-117. Spatial overlap with trunk corridor. CDI=0.5768. Fleet=0 (counted under Trunk). 
R0132,BATAMALLO ↔ PANTHACHOK,MERGED_INTO_TRUNK,FDR-407,Private Minibus,17.988,Peri_Urban,Peri_Urban,0.5075,0.1257,1.25,0.3166,False,LP,35,0,0,0,False,,0.0891,0,29,11,5.5,35,17.5,1642.6,89.9,OSRM+JhelumBridge,Route R0132 (BATAMALLO ↔ PANTHACHOK) merged into Trunk FDR-407. Spatial overlap with trunk corridor. CDI=0.3166. Fleet=0 (counted under Trunk). 
R0133,SOURA ↔ JEHANGIR CHOWK,MERGED_INTO_TRUNK,FDR-122,Private Minibus,15.353,Peri_Urban,City_Core,0.651,0.2783,1.25,0.4646,False,MP,35,0,0,0,False,,0.1343,0,57,25,12.5,30,15.0,1270.2,76.8,OSRM,Route R0133 (SOURA ↔ JEHANGIR CHOWK) merged into Trunk FDR-122. Spatial overlap with trunk corridor. CDI=0.4646. Fleet=0 (counted under Trunk). 
R0134,LALBAZAR ↔ LD,MERGED_INTO_TRUNK,FDR-068,Private Minibus,9.308,Urban,City_Core,1.0,0.5653,1.25,0.7827,True,HP,20,0,0,0,False,,0.1081,0,62,7,3.5,18,9.0,1072.3,74.5,OSRM+JhelumBridge,Route R0134 (LALBAZAR ↔ LD) merged into Trunk FDR-068. Spatial overlap with trunk corridor. CDI=0.7827. Fleet=0 (counted under Trunk). 🚩 Social Obligation
R0135,LALBAZAR ↔ LD,MERGED_INTO_TRUNK,FDR-068,Private Minibus,9.308,Urban,City_Core,1.0,0.5653,1.25,0.7827,True,HP,20,0,0,0,False,,0.1081,0,62,7,3.5,18,9.0,1072.3,74.5,OSRM+JhelumBridge,Route R0135 (LALBAZAR ↔ LD) merged into Trunk FDR-068. Spatial overlap with trunk corridor. CDI=0.7827. Fleet=0 (counted under Trunk). 🚩 Social Obligation
R0136,LALBAZAR ↔ LD,MERGED_INTO_TRUNK,FDR-068,Private Minibus,9.308,Urban,City_Core,1.0,0.5653,1.25,0.7827,True,HP,20,0,0,0,False,,0.1081,0,62,7,3.5,18,9.0,1072.3,74.5,OSRM+JhelumBridge,Route R0136 (LALBAZAR ↔ LD) merged into Trunk FDR-068. Spatial overlap with trunk corridor. CDI=0.7827. Fleet=0 (counted under Trunk). 🚩 Social Obligation
R0137,JVC ↔ BATWARA,RETAINED_AS_FEEDER,FDR-261,,9.500,Urban,City_Core,0.6662,0.3429,0.75,0.5046,False,MP,35,4,0,4,False,,0.2004,5887,56,9,4.5,19,9.5,887.2,76.0,OSRM+JhelumBridge,"Route R0137 (JVC ↔ BATWARA) → Feeder FDR-261. Route_Type=Urban | Zone=City_Core | CDI=0.5046 | Band=MP | Headway=35 min | Fleet=5 (HPV=0 enforced, MPV=5 — 100%% MPV). Distinct catchment: 6.01% of CMP 2024 pop. residents over 14.7 km. "
R0138,NARBAL ↔ JEHANGIR CHOWK,MERGED_INTO_TRUNK,FDR-455,Private Minibus,21.634,Peri_Urban,City_Core,0.3814,0.1141,1.25,0.2478,False,LP,35,0,0,0,False,,0.1197,0,31,22,11.0,43,21.5,1698.7,108.2,OSRM,Route R0138 (NARBAL ↔ JEHANGIR CHOWK) merged into Trunk FDR-455. Spatial overlap with trunk corridor. CDI=0.2478. Fleet=0 (counted under Trunk). 
R0139,QAMARWARI ↔ DALGATE,MERGED_INTO_TRUNK,FDR-117,Private Minibus,10.254,Urban,City_Core,0.6914,0.4298,1.25,0.5606,False,MP,35,0,0,0,False,,0.2516,0,40,13,6.5,20,10.0,1176.8,82.0,OSRM+JhelumBridge,Route R0139 (QAMARWARI ↔ DALGATE) merged into Trunk FDR-117. Spatial overlap with trunk corridor. CDI=0.5606. Fleet=0 (counted under Trunk). 
R0140,BATAMALLO ↔ PANTHACHOWK,MERGED_INTO_TRUNK,FDR-407,Private Minibus,17.436,Peri_Urban,Peri_Urban,0.4931,0.1253,1.25,0.3092,False,LP,35,0,0,0,False,,0.0931,0,29,7,3.5,34,17.0,1539.8,87.2,OSRM+JhelumBridge,Route R0140 (BATAMALLO ↔ PANTHACHOWK) merged into Trunk FDR-407. Spatial overlap with trunk corridor. CDI=0.3092. Fleet=0 (counted under Trunk). 
R0141,BATAMALLO ↔ PANTHACHOWK,MERGED_INTO_TRUNK,FDR-407,Private Minibus,17.436,Peri_Urban,Peri_Urban,0.4931,0.1253,1.25,0.3092,False,LP,35,0,0,0,False,,0.0931,0,29,7,3.5,34,17.0,1539.8,87.2,OSRM+JhelumBridge,Route R0141 (BATAMALLO ↔ PANTHACHOWK) merged into Trunk FDR-407. Spatial overlap with trunk corridor. CDI=0.3092. Fleet=0 (counted under Trunk). 
R0142,BATAMALLO ↔ PANTHACHOWK,MERGED_INTO_TRUNK,FDR-407,Private Minibus,17.436,Peri_Urban,Peri_Urban,0.4931,0.1253,1.25,0.3092,False,LP,35,0,0,0,False,,0.0931,0,29,7,3.5,34,17.0,1539.8,87.2,OSRM+JhelumBridge,Route R0142 (BATAMALLO ↔ PANTHACHOWK) merged into Trunk FDR-407. Spatial overlap with trunk corridor. CDI=0.3092. Fleet=0 (counted under Trunk). 
R0143,SAFAKADAL ↔ JEHANGIR CHOWK,MERGED_INTO_TRUNK,FDR-575,LPV / Tempo,3.569,Urban,City_Core,1.0,0.8475,1.25,0.9238,True,HP,20,0,0,0,False,,0.0803,0,37,8,4.0,7,3.5,390.5,28.6,OSRM,Route R0143 (SAFAKADAL ↔ JEHANGIR CHOWK) merged into Trunk FDR-575. Spatial overlap with trunk corridor. CDI=0.9238. Fleet=0 (counted under Trunk). 🚩 Social Obligation
R0144,PARIMPORA ↔ CHADORA,MERGED_INTO_TRUNK,FDR-429,Private Minibus,32.777,Peri_Urban,City_Core,0.1391,0.0305,1.25,0.0848,False,LP,35,0,0,0,False,,0.051,0,12,11,5.5,65,32.5,1526.8,163.9,OSRM,Route R0144 (PARIMPORA ↔ CHADORA) merged into Trunk FDR-429. Spatial overlap with trunk corridor. CDI=0.0848. Fleet=0 (counted under Trunk). 
R0145,PARIMPORA ↔ RANGRATH,MERGED_INTO_TRUNK,FDR-446,Private Minibus,19.812,Peri_Urban,City_Core,0.3899,0.1277,1.25,0.2588,False,LP,35,0,0,0,False,,0.0916,0,35,8,4.0,39,19.5,981.1,99.1,OSRM,Route R0145 (PARIMPORA ↔ RANGRATH) merged into Trunk FDR-446. Spatial overlap with trunk corridor. CDI=0.2588. Fleet=0 (counted under Trunk). 
R0146,LD ↔ PANTHACHOWK,RETAINED_AS_FEEDER,FDR-335,,13.344,Urban,City_Core,0.5605,0.29,0.75,0.4252,True,MP,35,5,0,5,False,,0.1668,7147,41,7,3.5,26,13.0,1300.1,106.8,OSRM+JhelumBridge,"Route R0146 (LD ↔ PANTHACHOWK) → Feeder FDR-335. Route_Type=Urban | Zone=City_Core | CDI=0.4252 | Band=MP | Headway=35 min | Fleet=5 (HPV=0 enforced, MPV=5 — 100%% MPV). Distinct catchment: 4.74% of CMP 2024 pop. residents over 13.3 km. 🚩 Social Obligation"
R0147,LD ↔ PANTHACHOWK,MERGED_INTO_TRUNK,FDR-335,Private Minibus,13.344,Urban,City_Core,0.5605,0.29,1.25,0.4252,True,MP,35,0,0,0,False,,0.1668,0,41,7,3.5,26,13.0,1300.1,106.8,OSRM+JhelumBridge,Route R0147 (LD ↔ PANTHACHOWK) merged into Trunk FDR-335. Spatial overlap with trunk corridor. CDI=0.4252. Fleet=0 (counted under Trunk). 🚩 Social Obligation
R0148,LD ↔ PANTHACHOWK,MERGED_INTO_TRUNK,FDR-335,Private Minibus,13.344,Urban,City_Core,0.5605,0.29,1.25,0.4252,True,MP,35,0,0,0,False,,0.1668,0,41,7,3.5,26,13.0,1300.1,106.8,OSRM+JhelumBridge,Route R0148 (LD ↔ PANTHACHOWK) merged into Trunk FDR-335. Spatial overlap with trunk corridor. CDI=0.4252. Fleet=0 (counted under Trunk). 🚩 Social Obligation
R0149,HAZRATBAL ↔ BONE JOINT HOSPITAL BARZALLA,RETAINED_AS_FEEDER,FDR-104,,15.276,Peri_Urban,City_Core,0.8842,0.4849,0.75,0.6846,False,HP,20,5,0,5,False,,0.105,6868,87,6,3.0,30,15.0,1408.3,76.4,OSRM+JhelumBridge,"Route R0149 (HAZRATBAL ↔ BONE JOINT HOSPITAL BARZALLA) → Feeder FDR-104. Route_Type=Peri_Urban | Zone=City_Core | CDI=0.6846 | Band=HP | Headway=20 min | Fleet=5 (HPV=0 enforced, MPV=5 — 100%% MPV). Distinct catchment: 7.98% of CMP 2024 pop. residents over 15.3 km. "
R0150,HAZRATBAL ↔ LD,MERGED_INTO_TRUNK,FDR-147,Private Minibus,8.251,Urban,City_Core,0.6633,0.3468,1.25,0.505,True,MP,35,0,0,0,False,,0.0832,0,34,10,5.0,16,8.0,1283.5,66.0,OSRM+JhelumBridge,Route R0150 (HAZRATBAL ↔ LD) merged into Trunk FDR-147. Spatial overlap with trunk corridor. CDI=0.5050. Fleet=0 (counted under Trunk). 🚩 Social Obligation
R0151,HAZRATBAL ↔ LD,MERGED_INTO_TRUNK,FDR-147,Private Minibus,8.251,Urban,City_Core,0.6633,0.3468,1.25,0.505,True,MP,35,0,0,0,False,,0.0832,0,34,10,5.0,16,8.0,1283.5,66.0,OSRM+JhelumBridge,Route R0151 (HAZRATBAL ↔ LD) merged into Trunk FDR-147. Spatial overlap with trunk corridor. CDI=0.5050. Fleet=0 (counted under Trunk). 🚩 Social Obligation
R0152,BATAMALLO ↔ PANTHACHOWK,MERGED_INTO_TRUNK,FDR-407,Private Minibus,17.436,Peri_Urban,Peri_Urban,0.4931,0.1253,1.25,0.3092,False,LP,35,0,0,0,False,,0.0931,0,29,7,3.5,34,17.0,1539.8,87.2,OSRM+JhelumBridge,Route R0152 (BATAMALLO ↔ PANTHACHOWK) merged into Trunk FDR-407. Spatial overlap with trunk corridor. CDI=0.3092. Fleet=0 (counted under Trunk). 
R0153,BATAMALLO ↔ PANTHACHOWK,MERGED_INTO_TRUNK,FDR-407,Private Minibus,17.436,Peri_Urban,Peri_Urban,0.4931,0.1253,1.25,0.3092,False,LP,35,0,0,0,False,,0.0931,0,29,7,3.5,34,17.0,1539.8,87.2,OSRM+JhelumBridge,Route R0153 (BATAMALLO ↔ PANTHACHOWK) merged into Trunk FDR-407. Spatial overlap with trunk corridor. CDI=0.3092. Fleet=0 (counted under Trunk). 
R0154,PARIMPORA ↔ CHADORA,MERGED_INTO_TRUNK,FDR-429,Private Minibus,24.64,Peri_Urban,City_Core,0.626,0.2122,1.25,0.4191,False,MP,35,0,0,0,False,,0.1258,0,64,8,4.0,49,24.5,1458.3,123.2,OSRM,Route R0154 (PARIMPORA ↔ CHADORA) merged into Trunk FDR-429. Spatial overlap with trunk corridor. CDI=0.4191. Fleet=0 (counted under Trunk). 
R0155,PARIMPORA ↔ PANTHACHOWK,MERGED_INTO_TRUNK,FDR-289,Private Minibus,21.307,Peri_Urban,City_Core,0.6019,0.3276,1.25,0.4648,False,MP,35,0,0,0,False,,0.2309,0,73,5,2.5,42,21.0,1713.4,106.5,OSRM+JhelumBridge,Route R0155 (PARIMPORA ↔ PANTHACHOWK) merged into Trunk FDR-289. Spatial overlap with trunk corridor. CDI=0.4648. Fleet=0 (counted under Trunk). 
R0156,PANTHACHOWK ↔ LD,MERGED_INTO_TRUNK,FDR-335,Private Minibus,12.905,Urban,City_Core,0.5691,0.2984,1.25,0.4338,True,MP,35,0,0,0,False,,0.163,0,41,5,2.5,25,12.5,1246.8,103.2,OSRM+JhelumBridge,Route R0156 (PANTHACHOWK ↔ LD) merged into Trunk FDR-335. Spatial overlap with trunk corridor. CDI=0.4338. Fleet=0 (counted under Trunk). 🚩 Social Obligation
R0157,PANTHACHOWK ↔ LD,MERGED_INTO_TRUNK,FDR-335,Private Minibus,12.905,Urban,City_Core,0.5691,0.2984,1.25,0.4338,True,MP,35,0,0,0,False,,0.163,0,41,5,2.5,25,12.5,1246.8,103.2,OSRM+JhelumBridge,Route R0157 (PANTHACHOWK ↔ LD) merged into Trunk FDR-335. Spatial overlap with trunk corridor. CDI=0.4338. Fleet=0 (counted under Trunk). 🚩 Social Obligation
R0158,GBS ↔ LAL CHOWK,RETAINED_AS_FEEDER,FDR-438,,2.931,Peri_Urban,City_Core,0.3008,0.2605,0.75,0.2806,False,LP,35,2,0,2,False,,0.0899,4667,51,22,11.0,5,2.5,234.1,14.7,OSRM,"Route R0158 (GBS ↔ LAL CHOWK) → Feeder FDR-438. Route_Type=Peri_Urban | Zone=City_Core | CDI=0.2806 | Band=LP | Headway=35 min | Fleet=4 (HPV=0 enforced, MPV=4 — 100%% MPV). Distinct catchment: 4.49% of CMP 2024 pop. residents over 20.3 km. "
R0159,PARIMPORA ↔ PANTHACHOWK,MERGED_INTO_TRUNK,FDR-289,Private Minibus,21.307,Peri_Urban,City_Core,0.6019,0.3276,1.25,0.4648,False,MP,35,0,0,0,False,,0.2309,0,73,5,2.5,42,21.0,1713.4,106.5,OSRM+JhelumBridge,Route R0159 (PARIMPORA ↔ PANTHACHOWK) merged into Trunk FDR-289. Spatial overlap with trunk corridor. CDI=0.4648. Fleet=0 (counted under Trunk). 
R0160,PARIMPORA ↔ JAWAHAIRNAGAR,RETAINED_AS_FEEDER,FDR-151,,12.642,Urban,City_Core,0.8084,0.3589,0.75,0.5836,True,MP,35,4,0,4,False,,0.2019,5821,49,12,6.0,25,12.5,1381.8,101.1,OSRM+JhelumBridge,"Route R0160 (PARIMPORA ↔ JAWAHAIRNAGAR) → Feeder FDR-151. Route_Type=Urban | Zone=City_Core | CDI=0.5836 | Band=MP | Headway=35 min | Fleet=4 (HPV=0 enforced, MPV=4 — 100%% MPV). Distinct catchment: 6.11% of CMP 2024 pop. residents over 12.6 km. 🚩 Social Obligation"
R0161,QAMARWARI ↔ DALGATE,MERGED_INTO_TRUNK,FDR-117,LPV / Tempo,8.844,Urban,City_Core,0.8921,0.4147,1.25,0.6534,False,HP,20,0,0,0,False,,0.096,0,42,13,6.5,17,8.5,1139.6,70.8,OSRM+JhelumBridge,Route R0161 (QAMARWARI ↔ DALGATE) merged into Trunk FDR-117. Spatial overlap with trunk corridor. CDI=0.6534. Fleet=0 (counted under Trunk). 
R0162,PARIMPORA ↔ JAWAHAIRNAGAR,MERGED_INTO_TRUNK,FDR-151,Private Minibus,12.642,Urban,City_Core,0.8084,0.3589,1.25,0.5836,True,MP,35,0,0,0,False,,0.2019,0,49,12,6.0,25,12.5,1381.8,101.1,OSRM+JhelumBridge,Route R0162 (PARIMPORA ↔ JAWAHAIRNAGAR) merged into Trunk FDR-151. Spatial overlap with trunk corridor. CDI=0.5836. Fleet=0 (counted under Trunk). 🚩 Social Obligation
R0163,QAMARWARI ↔ BAGHI MEHTAB,RETAINED_AS_FEEDER,FDR-001,,16.223,Peri_Urban,City_Core,0.7224,0.2116,0.75,0.467,False,MP,35,4,0,4,False,,0.052,13864,45,30,15.0,32,16.0,1653.1,81.1,OSRM+JhelumBridge,"Route R0163 (QAMARWARI ↔ BAGHI MEHTAB) → Feeder FDR-001. Route_Type=Peri_Urban | Zone=City_Core | CDI=0.4670 | Band=MP | Headway=35 min | Fleet=4 (HPV=0 enforced, MPV=4 — 100%% MPV). Distinct catchment: 7.12% of CMP 2024 pop. residents over 16.2 km. "
R0164,LALBAZAR ↔ LD,MERGED_INTO_TRUNK,FDR-068,Private Minibus,9.308,Urban,City_Core,1.0,0.5653,1.25,0.7827,True,HP,20,0,0,0,False,,0.1081,0,62,7,3.5,18,9.0,1072.3,74.5,OSRM+JhelumBridge,Route R0164 (LALBAZAR ↔ LD) merged into Trunk FDR-068. Spatial overlap with trunk corridor. CDI=0.7827. Fleet=0 (counted under Trunk). 🚩 Social Obligation
R0165,LALBAZAR ↔ LD,MERGED_INTO_TRUNK,FDR-068,Private Minibus,9.308,Urban,City_Core,1.0,0.5653,1.25,0.7827,True,HP,20,0,0,0,False,,0.1081,0,62,7,3.5,18,9.0,1072.3,74.5,OSRM+JhelumBridge,Route R0165 (LALBAZAR ↔ LD) merged into Trunk FDR-068. Spatial overlap with trunk corridor. CDI=0.7827. Fleet=0 (counted under Trunk). 🚩 Social Obligation
R0166,LALBAZAR ↔ LD,MERGED_INTO_TRUNK,FDR-068,Private Minibus,9.308,Urban,City_Core,1.0,0.5653,1.25,0.7827,True,HP,20,0,0,0,False,,0.1081,0,62,7,3.5,18,9.0,1072.3,74.5,OSRM+JhelumBridge,Route R0166 (LALBAZAR ↔ LD) merged into Trunk FDR-068. Spatial overlap with trunk corridor. CDI=0.7827. Fleet=0 (counted under Trunk). 🚩 Social Obligation
R0167,HAZRATBAL ↔ LD,MERGED_INTO_TRUNK,FDR-147,Private Minibus,8.251,Urban,City_Core,0.6633,0.3468,1.25,0.505,True,MP,35,0,0,0,False,,0.0832,0,34,10,5.0,16,8.0,1283.5,66.0,OSRM+JhelumBridge,Route R0167 (HAZRATBAL ↔ LD) merged into Trunk FDR-147. Spatial overlap with trunk corridor. CDI=0.5050. Fleet=0 (counted under Trunk). 🚩 Social Obligation
R0168,JEHANGIR CHOWK ↔ BEMINA,RETAINED_AS_FEEDER,FDR-176,,6.545,Urban,City_Core,0.8028,0.2853,0.75,0.544,False,MP,35,3,0,3,False,,0.1435,3716,20,13,6.5,13,6.5,656.8,52.4,OSRM,"Route R0168 (JEHANGIR CHOWK ↔ BEMINA) → Feeder FDR-176. Route_Type=Urban | Zone=City_Core | CDI=0.5440 | Band=MP | Headway=35 min | Fleet=3 (HPV=0 enforced, MPV=3 — 100%% MPV). Distinct catchment: 3.15% of CMP 2024 pop. residents over 6.5 km. "
R0169,HAZRATBAL ↔ LD,MERGED_INTO_TRUNK,FDR-147,Private Minibus,8.251,Urban,City_Core,0.6633,0.3468,1.25,0.505,True,MP,35,0,0,0,False,,0.0832,0,34,10,5.0,16,8.0,1283.5,66.0,OSRM+JhelumBridge,Route R0169 (HAZRATBAL ↔ LD) merged into Trunk FDR-147. Spatial overlap with trunk corridor. CDI=0.5050. Fleet=0 (counted under Trunk). 🚩 Social Obligation
R0170,PARIMPORA ↔ JAWAHIRNAGAR,MERGED_INTO_TRUNK,FDR-151,Private Minibus,12.642,Urban,City_Core,0.8084,0.3589,1.25,0.5836,True,MP,35,0,0,0,False,,0.2019,0,49,12,6.0,25,12.5,1381.8,101.1,OSRM+JhelumBridge,Route R0170 (PARIMPORA ↔ JAWAHIRNAGAR) merged into Trunk FDR-151. Spatial overlap with trunk corridor. CDI=0.5836. Fleet=0 (counted under Trunk). 🚩 Social Obligation
R0171,HAZRATBAL ↔ LD,MERGED_INTO_TRUNK,FDR-147,Private Minibus,8.251,Urban,City_Core,0.6633,0.3468,1.25,0.505,True,MP,35,0,0,0,False,,0.0832,0,34,10,5.0,16,8.0,1283.5,66.0,OSRM+JhelumBridge,Route R0171 (HAZRATBAL ↔ LD) merged into Trunk FDR-147. Spatial overlap with trunk corridor. CDI=0.5050. Fleet=0 (counted under Trunk). 🚩 Social Obligation
R0172,HAZRATBAL ↔ LD,MERGED_INTO_TRUNK,FDR-147,Private Minibus,8.251,Urban,City_Core,0.6633,0.3468,1.25,0.505,True,MP,35,0,0,0,False,,0.0832,0,34,10,5.0,16,8.0,1283.5,66.0,OSRM+JhelumBridge,Route R0172 (HAZRATBAL ↔ LD) merged into Trunk FDR-147. Spatial overlap with trunk corridor. CDI=0.5050. Fleet=0 (counted under Trunk). 🚩 Social Obligation
R0173,HAZRATBAL ↔ LD,MERGED_INTO_TRUNK,FDR-147,Private Minibus,8.251,Urban,City_Core,0.6633,0.3468,1.25,0.505,True,MP,35,0,0,0,False,,0.0832,0,34,10,5.0,16,8.0,1283.5,66.0,OSRM+JhelumBridge,Route R0173 (HAZRATBAL ↔ LD) merged into Trunk FDR-147. Spatial overlap with trunk corridor. CDI=0.5050. Fleet=0 (counted under Trunk). 🚩 Social Obligation
R0174,PARIMPORA ↔ JAWAHIRNAGAR,MERGED_INTO_TRUNK,FDR-151,Private Minibus,12.642,Urban,City_Core,0.8084,0.3589,1.25,0.5836,True,MP,35,0,0,0,False,,0.2019,0,49,12,6.0,25,12.5,1381.8,101.1,OSRM+JhelumBridge,Route R0174 (PARIMPORA ↔ JAWAHIRNAGAR) merged into Trunk FDR-151. Spatial overlap with trunk corridor. CDI=0.5836. Fleet=0 (counted under Trunk). 🚩 Social Obligation
R0175,JEHANGIR CHOWK ↔ BEMINA,MERGED_INTO_TRUNK,FDR-176,Private Minibus,6.545,Urban,City_Core,0.8028,0.2853,1.25,0.544,False,MP,35,0,0,0,False,,0.1435,0,20,13,6.5,13,6.5,656.8,52.4,OSRM,Route R0175 (JEHANGIR CHOWK ↔ BEMINA) merged into Trunk FDR-176. Spatial overlap with trunk corridor. CDI=0.5440. Fleet=0 (counted under Trunk). 
R0176,BATAMALLO ↔ PANTHACHOWK,MERGED_INTO_TRUNK,FDR-407,Private Minibus,17.436,Peri_Urban,Peri_Urban,0.4931,0.1253,1.25,0.3092,False,LP,35,0,0,0,False,,0.0931,0,29,7,3.5,34,17.0,1539.8,87.2,OSRM+JhelumBridge,Route R0176 (BATAMALLO ↔ PANTHACHOWK) merged into Trunk FDR-407. Spatial overlap with trunk corridor. CDI=0.3092. Fleet=0 (counted under Trunk). 
R0177,SAFAKADAL ↔ JEHANGIR CHOWK,MERGED_INTO_TRUNK,FDR-575,Private Minibus,3.569,Urban,City_Core,1.0,0.8475,1.25,0.9238,True,HP,20,0,0,0,False,,0.0803,0,37,8,4.0,7,3.5,390.5,28.6,OSRM,Route R0177 (SAFAKADAL ↔ JEHANGIR CHOWK) merged into Trunk FDR-575. Spatial overlap with trunk corridor. CDI=0.9238. Fleet=0 (counted under Trunk). 🚩 Social Obligation
R0178,BATAMALLO ↔ PANTHACHOWK,MERGED_INTO_TRUNK,FDR-407,Private Minibus,17.436,Peri_Urban,Peri_Urban,0.4931,0.1253,1.25,0.3092,False,LP,35,0,0,0,False,,0.0931,0,29,7,3.5,34,17.0,1539.8,87.2,OSRM+JhelumBridge,Route R0178 (BATAMALLO ↔ PANTHACHOWK) merged into Trunk FDR-407. Spatial overlap with trunk corridor. CDI=0.3092. Fleet=0 (counted under Trunk). 
R0179,PARIMPORA ↔ JAWAHIRNAGAR,MERGED_INTO_TRUNK,FDR-151,LPV / Tempo,12.642,Urban,City_Core,0.8084,0.3589,1.25,0.5836,True,MP,35,0,0,0,False,,0.2019,0,49,12,6.0,25,12.5,1381.8,101.1,OSRM+JhelumBridge,Route R0179 (PARIMPORA ↔ JAWAHIRNAGAR) merged into Trunk FDR-151. Spatial overlap with trunk corridor. CDI=0.5836. Fleet=0 (counted under Trunk). 🚩 Social Obligation
R0180,PARIMPORA ↔ PANTHACHOWK,MERGED_INTO_TRUNK,FDR-289,Private Minibus,21.307,Peri_Urban,City_Core,0.6019,0.3276,1.25,0.4648,False,MP,35,0,0,0,False,,0.2309,0,73,5,2.5,42,21.0,1713.4,106.5,OSRM+JhelumBridge,Route R0180 (PARIMPORA ↔ PANTHACHOWK) merged into Trunk FDR-289. Spatial overlap with trunk corridor. CDI=0.4648. Fleet=0 (counted under Trunk). 
R0181,HAZRATBAL ↔ LD,MERGED_INTO_TRUNK,FDR-147,Private Minibus,8.251,Urban,City_Core,0.6633,0.3468,1.25,0.505,True,MP,35,0,0,0,False,,0.0832,0,34,10,5.0,16,8.0,1283.5,66.0,OSRM+JhelumBridge,Route R0181 (HAZRATBAL ↔ LD) merged into Trunk FDR-147. Spatial overlap with trunk corridor. CDI=0.5050. Fleet=0 (counted under Trunk). 🚩 Social Obligation
R0182,HAZRATBAL ↔ LD,MERGED_INTO_TRUNK,FDR-147,Private Minibus,8.251,Urban,City_Core,0.6633,0.3468,1.25,0.505,True,MP,35,0,0,0,False,,0.0832,0,34,10,5.0,16,8.0,1283.5,66.0,OSRM+JhelumBridge,Route R0182 (HAZRATBAL ↔ LD) merged into Trunk FDR-147. Spatial overlap with trunk corridor. CDI=0.5050. Fleet=0 (counted under Trunk). 🚩 Social Obligation
R0183,BATAMALLO ↔ PANTHACHOWK,MERGED_INTO_TRUNK,FDR-407,Private Minibus,17.436,Peri_Urban,Peri_Urban,0.4931,0.1253,1.25,0.3092,False,LP,35,0,0,0,False,,0.0931,0,29,7,3.5,34,17.0,1539.8,87.2,OSRM+JhelumBridge,Route R0183 (BATAMALLO ↔ PANTHACHOWK) merged into Trunk FDR-407. Spatial overlap with trunk corridor. CDI=0.3092. Fleet=0 (counted under Trunk). 
R0184,HAZRATBAL ↔ LD,MERGED_INTO_TRUNK,FDR-147,Private Minibus,8.251,Urban,City_Core,0.6633,0.3468,1.25,0.505,True,MP,35,0,0,0,False,,0.0832,0,34,10,5.0,16,8.0,1283.5,66.0,OSRM+JhelumBridge,Route R0184 (HAZRATBAL ↔ LD) merged into Trunk FDR-147. Spatial overlap with trunk corridor. CDI=0.5050. Fleet=0 (counted under Trunk). 🚩 Social Obligation
R0185,JEHANGIR CHOWK ↔ HMT,MERGED_INTO_TRUNK,FDR-275,Private Minibus,10.311,Urban,City_Core,0.6674,0.2668,1.25,0.4671,False,MP,35,0,0,0,False,,0.2746,0,30,10,5.0,20,10.0,654.3,82.5,OSRM,Route R0185 (JEHANGIR CHOWK ↔ HMT) merged into Trunk FDR-275. Spatial overlap with trunk corridor. CDI=0.4671. Fleet=0 (counted under Trunk). 
R0186,QAMARWARI ↔ DALGATE,MERGED_INTO_TRUNK,FDR-117,Private Minibus,8.844,Urban,City_Core,0.8921,0.4147,1.25,0.6534,False,HP,20,0,0,0,False,,0.096,0,42,13,6.5,17,8.5,1139.6,70.8,OSRM+JhelumBridge,Route R0186 (QAMARWARI ↔ DALGATE) merged into Trunk FDR-117. Spatial overlap with trunk corridor. CDI=0.6534. Fleet=0 (counted under Trunk). 
R0187,LALBAZAR ↔ LALCHOWK,MERGED_INTO_TRUNK,FDR-081,Private Minibus,8.433,Urban,City_Core,1.0,0.5289,1.25,0.7645,True,HP,20,0,0,0,False,,0.1248,0,56,11,5.5,16,8.0,617.5,67.5,OSRM,Route R0187 (LALBAZAR ↔ LALCHOWK) merged into Trunk FDR-081. Spatial overlap with trunk corridor. CDI=0.7645. Fleet=0 (counted under Trunk). 🚩 Social Obligation
R0188,SOURA ↔ PARIMPORA,MERGED_INTO_TRUNK,FDR-173,Private Minibus,12.314,Urban,City_Core,0.7503,0.3384,1.25,0.5444,False,MP,35,0,0,0,False,,0.1454,0,60,18,9.0,24,12.0,938.7,98.5,OSRM,Route R0188 (SOURA ↔ PARIMPORA) merged into Trunk FDR-173. Spatial overlap with trunk corridor. CDI=0.5444. Fleet=0 (counted under Trunk). 
R0189,PARIMPORA ↔ PANTHACHOWK,MERGED_INTO_TRUNK,FDR-289,Private Minibus,19.86,Peri_Urban,City_Core,0.6257,0.3002,1.25,0.463,False,MP,35,0,0,0,False,,0.2305,0,71,6,3.0,39,19.5,1695.9,99.3,OSRM+JhelumBridge,Route R0189 (PARIMPORA ↔ PANTHACHOWK) merged into Trunk FDR-289. Spatial overlap with trunk corridor. CDI=0.4630. Fleet=0 (counted under Trunk). 
R0190,HAZRATBAL ↔ LD,MERGED_INTO_TRUNK,FDR-147,Private Minibus,8.251,Urban,City_Core,0.6633,0.3468,1.25,0.505,True,MP,35,0,0,0,False,,0.0832,0,34,10,5.0,16,8.0,1283.5,66.0,OSRM+JhelumBridge,Route R0190 (HAZRATBAL ↔ LD) merged into Trunk FDR-147. Spatial overlap with trunk corridor. CDI=0.5050. Fleet=0 (counted under Trunk). 🚩 Social Obligation
R0191,CHANAPORA ↔ SOURA,RETAINED_AS_FEEDER,FDR-078,,11.500,Urban,City_Core,0.9723,0.5724,0.75,0.7724,False,HP,20,6,0,6,False,,0.1296,6785,101,6,3.0,23,11.5,692.6,87.8,OSRM,"Route R0191 (CHANAPORA ↔ SOURA) → Feeder FDR-078. Route_Type=Urban | Zone=City_Core | CDI=0.7724 | Band=HP | Headway=20 min | Fleet=7 (HPV=0 enforced, MPV=7 — 100%% MPV). Distinct catchment: 8.02% of CMP 2024 pop. residents over 14.1 km. "
R0192,PARIMPORA ↔ HUMHAMA,RETAINED_AS_FEEDER,FDR-191,,16.99,Peri_Urban,City_Core,0.7618,0.3168,0.75,0.5393,False,MP,35,4,0,4,False,,0.173,8568,61,9,4.5,33,16.5,1011.8,84.9,OSRM,"Route R0192 (PARIMPORA ↔ HUMHAMA) → Feeder FDR-191. Route_Type=Peri_Urban | Zone=City_Core | CDI=0.5393 | Band=MP | Headway=35 min | Fleet=4 (HPV=0 enforced, MPV=4 — 100%% MPV). Distinct catchment: 7.80% of CMP 2024 pop. residents over 17.0 km. "
R0193,BATAMALLO ↔ PANTHACHOWK,MERGED_INTO_TRUNK,FDR-407,Private Minibus,17.436,Peri_Urban,Peri_Urban,0.4931,0.1253,1.25,0.3092,False,LP,35,0,0,0,False,,0.0931,0,29,7,3.5,34,17.0,1539.8,87.2,OSRM+JhelumBridge,Route R0193 (BATAMALLO ↔ PANTHACHOWK) merged into Trunk FDR-407. Spatial overlap with trunk corridor. CDI=0.3092. Fleet=0 (counted under Trunk). 
R0194,PARIMPORA ↔ PANTHACHOWK,MERGED_INTO_TRUNK,FDR-289,Private Minibus,19.86,Peri_Urban,City_Core,0.6257,0.3002,1.25,0.463,False,MP,35,0,0,0,False,,0.2305,0,71,6,3.0,39,19.5,1695.9,99.3,OSRM+JhelumBridge,Route R0194 (PARIMPORA ↔ PANTHACHOWK) merged into Trunk FDR-289. Spatial overlap with trunk corridor. CDI=0.4630. Fleet=0 (counted under Trunk). 
R0195,SAFAKADAL ↔ JEHANGIR CHOWK,MERGED_INTO_TRUNK,FDR-575,Private Minibus,3.149,Urban,City_Core,1.0,0.9025,1.25,0.9512,True,HP,20,0,0,0,False,,0.085,0,34,2,1.0,6,3.0,218.7,25.2,OSRM,Route R0195 (SAFAKADAL ↔ JEHANGIR CHOWK) merged into Trunk FDR-575. Spatial overlap with trunk corridor. CDI=0.9512. Fleet=0 (counted under Trunk). 🚩 Social Obligation
R0196,SOURA ↔ GANDERBAL,MERGED_INTO_TRUNK,FDR-481,Private Minibus,9.86,Urban,City_Core,0.2779,0.1597,1.25,0.2188,False,LP,35,0,0,0,False,,0.0205,0,20,6,3.0,19,9.5,959.3,78.9,OSRM,Route R0196 (SOURA ↔ GANDERBAL) merged into Trunk FDR-481. Spatial overlap with trunk corridor. CDI=0.2188. Fleet=0 (counted under Trunk). 
R0197,JEHANGIR CHOWK ↔ BUDGAM,MERGED_INTO_TRUNK,FDR-467,Private Minibus,45.581,Regional_District,City_Core,0.3314,0.14,1.25,0.2357,False,LP,35,0,0,0,False,,0.1092,0,78,9,4.5,91,45.5,2755.2,136.7,OSRM,Route R0197 (JEHANGIR CHOWK ↔ BUDGAM) merged into Trunk FDR-467. Spatial overlap with trunk corridor. CDI=0.2357. Fleet=0 (counted under Trunk). 
R0198,JEHANGIR CHOWK ↔ HMT,MERGED_INTO_TRUNK,FDR-275,Private Minibus,10.311,Urban,City_Core,0.6674,0.2668,1.25,0.4671,False,MP,35,0,0,0,False,,0.2746,0,30,10,5.0,20,10.0,654.3,82.5,OSRM,Route R0198 (JEHANGIR CHOWK ↔ HMT) merged into Trunk FDR-275. Spatial overlap with trunk corridor. CDI=0.4671. Fleet=0 (counted under Trunk). 
R0199,JEHANGIR CHOWK ↔ BUDGAM,MERGED_INTO_TRUNK,FDR-467,Private Minibus,45.581,Regional_District,City_Core,0.3314,0.14,1.25,0.2357,False,LP,35,0,0,0,False,,0.1092,0,78,9,4.5,91,45.5,2755.2,136.7,OSRM,Route R0199 (JEHANGIR CHOWK ↔ BUDGAM) merged into Trunk FDR-467. Spatial overlap with trunk corridor. CDI=0.2357. Fleet=0 (counted under Trunk). 
R0200,SOURA ↔ JEHANGIR CHOWK,MERGED_INTO_TRUNK,FDR-122,Private Minibus,9.676,Urban,City_Core,0.9581,0.6758,1.25,0.8169,True,HP,20,0,0,0,False,,0.1034,0,86,10,5.0,19,9.5,786.9,77.4,OSRM,Route R0200 (SOURA ↔ JEHANGIR CHOWK) merged into Trunk FDR-122. Spatial overlap with trunk corridor. CDI=0.8169. Fleet=0 (counted under Trunk). 🚩 Social Obligation
R0201,HAZRATBAL ↔ LD,MERGED_INTO_TRUNK,FDR-147,Private Minibus,8.251,Urban,City_Core,0.6633,0.3468,1.25,0.505,True,MP,35,0,0,0,False,,0.0832,0,34,10,5.0,16,8.0,1283.5,66.0,OSRM+JhelumBridge,Route R0201 (HAZRATBAL ↔ LD) merged into Trunk FDR-147. Spatial overlap with trunk corridor. CDI=0.5050. Fleet=0 (counted under Trunk). 🚩 Social Obligation
R0202,PARIMPORA ↔ PANTHACHOWK,MERGED_INTO_TRUNK,FDR-289,Private Minibus,21.307,Peri_Urban,City_Core,0.6019,0.3276,1.25,0.4648,False,MP,35,0,0,0,False,,0.2309,0,73,5,2.5,42,21.0,1713.4,106.5,OSRM+JhelumBridge,Route R0202 (PARIMPORA ↔ PANTHACHOWK) merged into Trunk FDR-289. Spatial overlap with trunk corridor. CDI=0.4648. Fleet=0 (counted under Trunk). 
R0203,HAZRATBAL ↔ LD,MERGED_INTO_TRUNK,FDR-147,Private Minibus,8.251,Urban,City_Core,0.6633,0.3468,1.25,0.505,True,MP,35,0,0,0,False,,0.0832,0,34,10,5.0,16,8.0,1283.5,66.0,OSRM+JhelumBridge,Route R0203 (HAZRATBAL ↔ LD) merged into Trunk FDR-147. Spatial overlap with trunk corridor. CDI=0.5050. Fleet=0 (counted under Trunk). 🚩 Social Obligation
R0204,LD ↔ PAMPORE,RETAINED_AS_FEEDER,FDR-341,,15.854,Peri_Urban,City_Core,0.5585,0.2798,0.75,0.4192,True,MP,35,4,0,4,False,,0.1491,8466,50,6,3.0,31,15.5,1392.5,79.3,OSRM+JhelumBridge,"Route R0204 (LD ↔ PAMPORE) → Feeder FDR-341. Route_Type=Peri_Urban | Zone=City_Core | CDI=0.4192 | Band=MP | Headway=35 min | Fleet=4 (HPV=0 enforced, MPV=4 — 100%% MPV). Distinct catchment: 5.62% of CMP 2024 pop. residents over 15.9 km. 🚩 Social Obligation"
R0205,BATMALOO ↔ DALGATE,RETAINED_AS_FEEDER,FDR-080,,3.500,Urban,City_Core,0.8038,0.7363,0.75,0.77,False,HP,20,3,0,3,False,,0.2552,2668,35,11,5.5,7,3.5,593.0,28.0,OSRM+JhelumBridge,"Route R0205 (BATMALOO ↔ DALGATE) → Feeder FDR-080. Route_Type=Urban | Zone=City_Core | CDI=0.7700 | Band=HP | Headway=20 min | Fleet=4 (HPV=0 enforced, MPV=4 — 100%% MPV). Distinct catchment: 2.58% of CMP 2024 pop. residents over 5.4 km. "
R0206,PARIMPORA ↔ PANTHACHOWK,MERGED_INTO_TRUNK,FDR-289,Private Minibus,19.86,Peri_Urban,City_Core,0.6257,0.3002,1.25,0.463,False,MP,35,0,0,0,False,,0.2305,0,71,6,3.0,39,19.5,1695.9,99.3,OSRM+JhelumBridge,Route R0206 (PARIMPORA ↔ PANTHACHOWK) merged into Trunk FDR-289. Spatial overlap with trunk corridor. CDI=0.4630. Fleet=0 (counted under Trunk). 
R0207,LALBAZAR ↔ LALCHOWK,MERGED_INTO_TRUNK,FDR-081,LPV / Tempo,8.433,Urban,City_Core,1.0,0.5289,1.25,0.7645,True,HP,20,0,0,0,False,,0.1248,0,56,11,5.5,16,8.0,617.5,67.5,OSRM,Route R0207 (LALBAZAR ↔ LALCHOWK) merged into Trunk FDR-081. Spatial overlap with trunk corridor. CDI=0.7645. Fleet=0 (counted under Trunk). 🚩 Social Obligation
R0208,SAFAKADAL ↔ JEHANGIR CHOWK,MERGED_INTO_TRUNK,FDR-575,Private Minibus,3.149,Urban,City_Core,1.0,0.9025,1.25,0.9512,True,HP,20,0,0,0,False,,0.085,0,34,2,1.0,6,3.0,218.7,25.2,OSRM,Route R0208 (SAFAKADAL ↔ JEHANGIR CHOWK) merged into Trunk FDR-575. Spatial overlap with trunk corridor. CDI=0.9512. Fleet=0 (counted under Trunk). 🚩 Social Obligation
R0209,JEHANGIR CHOWK ↔ BUDGAM,MERGED_INTO_TRUNK,FDR-467,Private Minibus,45.581,Regional_District,City_Core,0.3314,0.14,1.25,0.2357,False,LP,35,0,0,0,False,,0.1092,0,78,9,4.5,91,45.5,2755.2,136.7,OSRM,Route R0209 (JEHANGIR CHOWK ↔ BUDGAM) merged into Trunk FDR-467. Spatial overlap with trunk corridor. CDI=0.2357. Fleet=0 (counted under Trunk). 
R0210,PARIMPORA ↔ PANTHACHOWK,MERGED_INTO_TRUNK,FDR-289,LPV / Tempo,21.307,Peri_Urban,City_Core,0.6019,0.3276,1.25,0.4648,False,MP,35,0,0,0,False,,0.2309,0,73,5,2.5,42,21.0,1713.4,106.5,OSRM+JhelumBridge,Route R0210 (PARIMPORA ↔ PANTHACHOWK) merged into Trunk FDR-289. Spatial overlap with trunk corridor. CDI=0.4648. Fleet=0 (counted under Trunk). 
R0211,SAFAKADAL ↔ JEHANGIR CHOWK,MERGED_INTO_TRUNK,FDR-575,Private Minibus,3.149,Urban,City_Core,1.0,0.9025,1.25,0.9512,True,HP,20,0,0,0,False,,0.085,0,34,2,1.0,6,3.0,218.7,25.2,OSRM,Route R0211 (SAFAKADAL ↔ JEHANGIR CHOWK) merged into Trunk FDR-575. Spatial overlap with trunk corridor. CDI=0.9512. Fleet=0 (counted under Trunk). 🚩 Social Obligation
R0212,HAZRATBAL ↔ LD,MERGED_INTO_TRUNK,FDR-147,LPV / Tempo,8.251,Urban,City_Core,0.6633,0.3468,1.25,0.505,True,MP,35,0,0,0,False,,0.0832,0,34,10,5.0,16,8.0,1283.5,66.0,OSRM+JhelumBridge,Route R0212 (HAZRATBAL ↔ LD) merged into Trunk FDR-147. Spatial overlap with trunk corridor. CDI=0.5050. Fleet=0 (counted under Trunk). 🚩 Social Obligation
R0213,HMT ↔ JEHANGIR CHOWK,MERGED_INTO_TRUNK,FDR-275,Private Minibus,10.261,Urban,City_Core,0.6345,0.1759,1.25,0.4052,False,MP,35,0,0,0,False,,0.1224,0,20,10,5.0,20,10.0,743.4,82.1,OSRM,Route R0213 (HMT ↔ JEHANGIR CHOWK) merged into Trunk FDR-275. Spatial overlap with trunk corridor. CDI=0.4052. Fleet=0 (counted under Trunk). 
R0214,NARBAL ↔ JEHANGIR CHOWK,MERGED_INTO_TRUNK,FDR-455,Private Minibus,21.634,Peri_Urban,City_Core,0.3814,0.1141,1.25,0.2478,False,LP,35,0,0,0,False,,0.1197,0,31,22,11.0,43,21.5,1698.7,108.2,OSRM,Route R0214 (NARBAL ↔ JEHANGIR CHOWK) merged into Trunk FDR-455. Spatial overlap with trunk corridor. CDI=0.2478. Fleet=0 (counted under Trunk). 
R0215,"Hazratbal, Lalbazar",RETAINED_AS_FEEDER,FDR-160,,6.356,Urban,City_Core,0.8359,0.3009,0.75,0.5684,False,MP,35,3,0,0,False,,0.149,6671,40,5,2.5,12,6.0,532.2,50.8,OSRM+JhelumBridge,"Route R0215 (Hazratbal, Lalbazar) → Feeder FDR-160. Route_Type=Urban | Zone=City_Core | CDI=0.5684 | Band=MP | Headway=35 min | Fleet=4 (HPV=0 enforced, MPV=0 — 100%% MPV). Distinct catchment: 4.38% of CMP 2024 pop. residents over 8.8 km. "
R0216,HAZRATBAL ↔ LD,MERGED_INTO_TRUNK,FDR-147,Private Minibus,8.251,Urban,City_Core,0.6633,0.3468,1.25,0.505,True,MP,35,0,0,0,False,,0.0832,0,34,10,5.0,16,8.0,1283.5,66.0,OSRM+JhelumBridge,Route R0216 (HAZRATBAL ↔ LD) merged into Trunk FDR-147. Spatial overlap with trunk corridor. CDI=0.5050. Fleet=0 (counted under Trunk). 🚩 Social Obligation
R0217,HAZRATBAL ↔ LD,MERGED_INTO_TRUNK,FDR-147,LPV / Tempo,8.251,Urban,City_Core,0.6633,0.3468,1.25,0.505,True,MP,35,0,0,0,False,,0.0832,0,34,10,5.0,16,8.0,1283.5,66.0,OSRM+JhelumBridge,Route R0217 (HAZRATBAL ↔ LD) merged into Trunk FDR-147. Spatial overlap with trunk corridor. CDI=0.5050. Fleet=0 (counted under Trunk). 🚩 Social Obligation
R0218,BATAMALLO ↔ PANTHACHOWK,MERGED_INTO_TRUNK,FDR-407,Private Minibus,17.436,Peri_Urban,Peri_Urban,0.4931,0.1253,1.25,0.3092,False,LP,35,0,0,0,False,,0.0931,0,29,7,3.5,34,17.0,1539.8,87.2,OSRM+JhelumBridge,Route R0218 (BATAMALLO ↔ PANTHACHOWK) merged into Trunk FDR-407. Spatial overlap with trunk corridor. CDI=0.3092. Fleet=0 (counted under Trunk). 
R0219,JEHANGIR CHOWK ↔ JVC,MERGED_INTO_TRUNK,FDR-269,Private Minibus,8.334,Urban,City_Core,0.696,0.322,1.25,0.509,False,MP,35,0,0,0,False,,0.1905,0,27,15,7.5,16,8.0,646.4,66.7,OSRM,Route R0219 (JEHANGIR CHOWK ↔ JVC) merged into Trunk FDR-269. Spatial overlap with trunk corridor. CDI=0.5090. Fleet=0 (counted under Trunk). 
R0220,JEHANGIR CHOWK ↔ BEMINA,MERGED_INTO_TRUNK,FDR-176,Private Minibus,6.545,Urban,City_Core,0.8028,0.2853,1.25,0.544,False,MP,35,0,0,0,False,,0.1435,0,20,13,6.5,13,6.5,656.8,52.4,OSRM,Route R0220 (JEHANGIR CHOWK ↔ BEMINA) merged into Trunk FDR-176. Spatial overlap with trunk corridor. CDI=0.5440. Fleet=0 (counted under Trunk). 
R0221,HAZRATBAL ↔ LD,MERGED_INTO_TRUNK,FDR-147,Private Minibus,8.251,Urban,City_Core,0.6633,0.3468,1.25,0.505,True,MP,35,0,0,0,False,,0.0832,0,34,10,5.0,16,8.0,1283.5,66.0,OSRM+JhelumBridge,Route R0221 (HAZRATBAL ↔ LD) merged into Trunk FDR-147. Spatial overlap with trunk corridor. CDI=0.5050. Fleet=0 (counted under Trunk). 🚩 Social Obligation
R0222,LD ↔ PAMPORE,MERGED_INTO_TRUNK,FDR-341,Private Minibus,15.854,Peri_Urban,City_Core,0.5585,0.2798,1.25,0.4192,True,MP,35,0,0,0,False,,0.1491,0,50,6,3.0,31,15.5,1392.5,79.3,OSRM+JhelumBridge,Route R0222 (LD ↔ PAMPORE) merged into Trunk FDR-341. Spatial overlap with trunk corridor. CDI=0.4192. Fleet=0 (counted under Trunk). 🚩 Social Obligation
R0223,HAZRATBAL ↔ LD,MERGED_INTO_TRUNK,FDR-147,Private Minibus,8.251,Urban,City_Core,0.6633,0.3468,1.25,0.505,True,MP,35,0,0,0,False,,0.0832,0,34,10,5.0,16,8.0,1283.5,66.0,OSRM+JhelumBridge,Route R0223 (HAZRATBAL ↔ LD) merged into Trunk FDR-147. Spatial overlap with trunk corridor. CDI=0.5050. Fleet=0 (counted under Trunk). 🚩 Social Obligation
R0224,PARIMPORA ↔ JAWAHIRNAGAR,MERGED_INTO_TRUNK,FDR-151,Private Minibus,12.642,Urban,City_Core,0.8084,0.3589,1.25,0.5836,True,MP,35,0,0,0,False,,0.2019,0,49,12,6.0,25,12.5,1381.8,101.1,OSRM+JhelumBridge,Route R0224 (PARIMPORA ↔ JAWAHIRNAGAR) merged into Trunk FDR-151. Spatial overlap with trunk corridor. CDI=0.5836. Fleet=0 (counted under Trunk). 🚩 Social Obligation
R0225,HAZRATBAL ↔ LD,MERGED_INTO_TRUNK,FDR-147,Private Minibus,8.251,Urban,City_Core,0.6633,0.3468,1.25,0.505,True,MP,35,0,0,0,False,,0.0832,0,34,10,5.0,16,8.0,1283.5,66.0,OSRM+JhelumBridge,Route R0225 (HAZRATBAL ↔ LD) merged into Trunk FDR-147. Spatial overlap with trunk corridor. CDI=0.5050. Fleet=0 (counted under Trunk). 🚩 Social Obligation
R0226,JEHANGIR CHOWK ↔ BEMINA,MERGED_INTO_TRUNK,FDR-176,Private Minibus,6.545,Urban,City_Core,0.8028,0.2853,1.25,0.544,False,MP,35,0,0,0,False,,0.1435,0,20,13,6.5,13,6.5,656.8,52.4,OSRM,Route R0226 (JEHANGIR CHOWK ↔ BEMINA) merged into Trunk FDR-176. Spatial overlap with trunk corridor. CDI=0.5440. Fleet=0 (counted under Trunk). 
R0227,PARIMPORA ↔ PANTHACHOWK,MERGED_INTO_TRUNK,FDR-289,Private Minibus,21.307,Peri_Urban,City_Core,0.6019,0.3276,1.25,0.4648,False,MP,35,0,0,0,False,,0.2309,0,73,5,2.5,42,21.0,1713.4,106.5,OSRM+JhelumBridge,Route R0227 (PARIMPORA ↔ PANTHACHOWK) merged into Trunk FDR-289. Spatial overlap with trunk corridor. CDI=0.4648. Fleet=0 (counted under Trunk). 
R0228,HAZRATBAL ↔ LD,MERGED_INTO_TRUNK,FDR-147,Private Minibus,8.251,Urban,City_Core,0.6633,0.3468,1.25,0.505,True,MP,35,0,0,0,False,,0.0832,0,34,10,5.0,16,8.0,1283.5,66.0,OSRM+JhelumBridge,Route R0228 (HAZRATBAL ↔ LD) merged into Trunk FDR-147. Spatial overlap with trunk corridor. CDI=0.5050. Fleet=0 (counted under Trunk). 🚩 Social Obligation
R0229,SOURA ↔ HAZRATBAL,MERGED_INTO_TRUNK,TRK-031,Private Minibus,8.337,Urban,City_Core,0.7069,0.4192,1.25,0.5631,False,MP,35,0,0,0,False,,0.0333,0,41,6,3.0,16,8.0,1248.4,66.7,OSRM+JhelumBridge,Route R0229 (SOURA ↔ HAZRATBAL) merged into Trunk TRK-031. Spatial overlap with trunk corridor. CDI=0.5631. Fleet=0 (counted under Trunk). 
R0230,PARIMPORA ↔ HAZRATBAL,MERGED_INTO_TRUNK,FDR-271,LPV / Tempo,16.104,Peri_Urban,City_Core,0.6966,0.251,1.25,0.4738,False,MP,35,0,0,0,False,,0.0918,0,53,22,11.0,32,16.0,1713.6,80.5,OSRM+JhelumBridge,Route R0230 (PARIMPORA ↔ HAZRATBAL) merged into Trunk FDR-271. Spatial overlap with trunk corridor. CDI=0.4738. Fleet=0 (counted under Trunk). 
R0231,PARIMPORA ↔ HUMHAMA,MERGED_INTO_TRUNK,FDR-191,Private Minibus,16.99,Peri_Urban,City_Core,0.7618,0.3168,1.25,0.5393,False,MP,35,0,0,0,False,,0.173,0,61,9,4.5,33,16.5,1011.8,84.9,OSRM,Route R0231 (PARIMPORA ↔ HUMHAMA) merged into Trunk FDR-191. Spatial overlap with trunk corridor. CDI=0.5393. Fleet=0 (counted under Trunk). 
R0232,PARIMPORA ↔ HUMHAMA,MERGED_INTO_TRUNK,FDR-191,LPV / Tempo,16.99,Peri_Urban,City_Core,0.7618,0.3168,1.25,0.5393,False,MP,35,0,0,0,False,,0.173,0,61,9,4.5,33,16.5,1011.8,84.9,OSRM,Route R0232 (PARIMPORA ↔ HUMHAMA) merged into Trunk FDR-191. Spatial overlap with trunk corridor. CDI=0.5393. Fleet=0 (counted under Trunk). 
R0233,PARIMPORA ↔ HUMHAMA,MERGED_INTO_TRUNK,FDR-191,Private Minibus,16.99,Peri_Urban,City_Core,0.7618,0.3168,1.25,0.5393,False,MP,35,0,0,0,False,,0.173,0,61,9,4.5,33,16.5,1011.8,84.9,OSRM,Route R0233 (PARIMPORA ↔ HUMHAMA) merged into Trunk FDR-191. Spatial overlap with trunk corridor. CDI=0.5393. Fleet=0 (counted under Trunk). 
R0234,LD ↔ PARIMPORA,RETAINED_AS_FEEDER,FDR-201,,8.500,Urban,City_Core,0.7554,0.2782,0.75,0.5168,True,MP,35,3,0,3,False,,0.2627,4532,32,8,4.0,17,8.5,545.1,68.0,OSRM,"Route R0234 (LD ↔ PARIMPORA) → Feeder FDR-201. Route_Type=Urban | Zone=City_Core | CDI=0.5168 | Band=MP | Headway=35 min | Fleet=4 (HPV=0 enforced, MPV=4 — 100%% MPV). Distinct catchment: 4.76% of CMP 2024 pop. residents over 10.4 km. 🚩 Social Obligation"
R0235,PARIMPORA ↔ HUMHAMA,MERGED_INTO_TRUNK,FDR-191,Private Minibus,16.99,Peri_Urban,City_Core,0.7618,0.3168,1.25,0.5393,False,MP,35,0,0,0,False,,0.173,0,61,9,4.5,33,16.5,1011.8,84.9,OSRM,Route R0235 (PARIMPORA ↔ HUMHAMA) merged into Trunk FDR-191. Spatial overlap with trunk corridor. CDI=0.5393. Fleet=0 (counted under Trunk). 
R0236,JEHANGIR CHOWK ↔ BEMINA,MERGED_INTO_TRUNK,FDR-176,LPV / Tempo,6.545,Urban,City_Core,0.8028,0.2853,1.25,0.544,False,MP,35,0,0,0,False,,0.1435,0,20,13,6.5,13,6.5,656.8,52.4,OSRM,Route R0236 (JEHANGIR CHOWK ↔ BEMINA) merged into Trunk FDR-176. Spatial overlap with trunk corridor. CDI=0.5440. Fleet=0 (counted under Trunk). 
R0237,PARIMPORA ↔ HAZRATBAL,MERGED_INTO_TRUNK,FDR-271,Private Minibus,16.104,Peri_Urban,City_Core,0.6966,0.251,1.25,0.4738,False,MP,35,0,0,0,False,,0.0918,0,53,22,11.0,32,16.0,1713.6,80.5,OSRM+JhelumBridge,Route R0237 (PARIMPORA ↔ HAZRATBAL) merged into Trunk FDR-271. Spatial overlap with trunk corridor. CDI=0.4738. Fleet=0 (counted under Trunk). 
R0238,SOURA ↔ DALGATE,RETAINED_AS_FEEDER,FDR-096,,7.000,Urban,City_Core,0.8014,0.6364,0.75,0.7189,False,HP,20,4,0,0,False,,0.142,5182,88,8,4.0,14,7.0,727.1,56.0,OSRM+JhelumBridge,"Route R0238 (SOURA ↔ DALGATE) → Feeder FDR-096. Route_Type=Urban | Zone=City_Core | CDI=0.7189 | Band=HP | Headway=20 min | Fleet=6 (HPV=0 enforced, MPV=0 — 100%% MPV). Distinct catchment: 5.64% of CMP 2024 pop. residents over 11.7 km. "
R0239,SOURA ↔ JEHANGIR CHOWK,MERGED_INTO_TRUNK,FDR-122,LPV / Tempo,9.676,Urban,City_Core,0.9581,0.6758,1.25,0.8169,True,HP,20,0,0,0,False,,0.1034,0,86,10,5.0,19,9.5,786.9,77.4,OSRM,Route R0239 (SOURA ↔ JEHANGIR CHOWK) merged into Trunk FDR-122. Spatial overlap with trunk corridor. CDI=0.8169. Fleet=0 (counted under Trunk). 🚩 Social Obligation
R0240,JEHANGIR CHOWK ↔ HMT,MERGED_INTO_TRUNK,FDR-275,LPV / Tempo,10.311,Urban,City_Core,0.6674,0.2668,1.25,0.4671,False,MP,35,0,0,0,False,,0.2746,0,30,10,5.0,20,10.0,654.3,82.5,OSRM,Route R0240 (JEHANGIR CHOWK ↔ HMT) merged into Trunk FDR-275. Spatial overlap with trunk corridor. CDI=0.4671. Fleet=0 (counted under Trunk). 
R0241,HAZRATBAL ↔ LD,MERGED_INTO_TRUNK,FDR-147,LPV / Tempo,8.251,Urban,City_Core,0.6633,0.3468,1.25,0.505,True,MP,35,0,0,0,False,,0.0832,0,34,10,5.0,16,8.0,1283.5,66.0,OSRM+JhelumBridge,Route R0241 (HAZRATBAL ↔ LD) merged into Trunk FDR-147. Spatial overlap with trunk corridor. CDI=0.5050. Fleet=0 (counted under Trunk). 🚩 Social Obligation
R0242,HAZRATBAL ↔ LD,MERGED_INTO_TRUNK,FDR-147,Private Minibus,8.251,Urban,City_Core,0.6633,0.3468,1.25,0.505,True,MP,35,0,0,0,False,,0.0832,0,34,10,5.0,16,8.0,1283.5,66.0,OSRM+JhelumBridge,Route R0242 (HAZRATBAL ↔ LD) merged into Trunk FDR-147. Spatial overlap with trunk corridor. CDI=0.5050. Fleet=0 (counted under Trunk). 🚩 Social Obligation
R0243,PARIMPORA ↔ HUMHAMA,MERGED_INTO_TRUNK,FDR-191,LPV / Tempo,16.99,Peri_Urban,City_Core,0.7618,0.3168,1.25,0.5393,False,MP,35,0,0,0,False,,0.173,0,61,9,4.5,33,16.5,1011.8,84.9,OSRM,Route R0243 (PARIMPORA ↔ HUMHAMA) merged into Trunk FDR-191. Spatial overlap with trunk corridor. CDI=0.5393. Fleet=0 (counted under Trunk). 
R0244,PARIMPORA ↔ PANTHACHOWK,MERGED_INTO_TRUNK,FDR-289,LPV / Tempo,21.307,Peri_Urban,City_Core,0.6019,0.3276,1.25,0.4648,False,MP,35,0,0,0,False,,0.2309,0,73,5,2.5,42,21.0,1713.4,106.5,OSRM+JhelumBridge,Route R0244 (PARIMPORA ↔ PANTHACHOWK) merged into Trunk FDR-289. Spatial overlap with trunk corridor. CDI=0.4648. Fleet=0 (counted under Trunk). 
R0245,SOURA ↔ JEHANGIR CHOWK,MERGED_INTO_TRUNK,FDR-122,LPV / Tempo,9.676,Urban,City_Core,0.9581,0.6758,1.25,0.8169,True,HP,20,0,0,0,False,,0.1034,0,86,10,5.0,19,9.5,786.9,77.4,OSRM,Route R0245 (SOURA ↔ JEHANGIR CHOWK) merged into Trunk FDR-122. Spatial overlap with trunk corridor. CDI=0.8169. Fleet=0 (counted under Trunk). 🚩 Social Obligation
R0246,JEHANGIR CHOWK ↔ BEMINA,MERGED_INTO_TRUNK,FDR-176,LPV / Tempo,6.545,Urban,City_Core,0.8028,0.2853,1.25,0.544,False,MP,35,0,0,0,False,,0.1435,0,20,13,6.5,13,6.5,656.8,52.4,OSRM,Route R0246 (JEHANGIR CHOWK ↔ BEMINA) merged into Trunk FDR-176. Spatial overlap with trunk corridor. CDI=0.5440. Fleet=0 (counted under Trunk). 
R0247,SOURA ↔ CHUNTWALIWAR,UPGRADED_TO_TRUNK,TRK-032,,5.78,Urban,City_Core,1.0,0.6545,1.25,0.8272,False,HP,20,4,0,4,False,,0.1183,11261,53,4,2.0,11,5.5,411.7,46.2,OSRM,Route R0247 (SOURA ↔ CHUNTWALIWAR) → Trunk TRK-032. Route_Type=Urban | Zone=City_Core | CDI=0.8272 | Band=HP | Headway=20 min | Fleet=4 (HPV=0 MPV=4). Serves ~3.58% of CMP 2024 pop. residents over 5.8 km. 
R0248,JEHANGIR CHOWK ↔ HMT,MERGED_INTO_TRUNK,FDR-275,Private Minibus,10.311,Urban,City_Core,0.6674,0.2668,1.25,0.4671,False,MP,35,0,0,0,False,,0.2746,0,30,10,5.0,20,10.0,654.3,82.5,OSRM,Route R0248 (JEHANGIR CHOWK ↔ HMT) merged into Trunk FDR-275. Spatial overlap with trunk corridor. CDI=0.4671. Fleet=0 (counted under Trunk). 
R0249,JEHANGIR CHOWK ↔ JVC,MERGED_INTO_TRUNK,FDR-269,Private Minibus,8.334,Urban,City_Core,0.696,0.322,1.25,0.509,False,MP,35,0,0,0,False,,0.1905,0,27,15,7.5,16,8.0,646.4,66.7,OSRM,Route R0249 (JEHANGIR CHOWK ↔ JVC) merged into Trunk FDR-269. Spatial overlap with trunk corridor. CDI=0.5090. Fleet=0 (counted under Trunk). 
R0250,HMT ↔ JEHANGIR CHOWK,MERGED_INTO_TRUNK,FDR-275,Private Minibus,9.915,Urban,City_Core,0.6334,0.2014,1.25,0.4174,False,MP,35,0,0,0,False,,0.2204,0,22,20,10.0,19,9.5,802.3,79.3,OSRM,Route R0250 (HMT ↔ JEHANGIR CHOWK) merged into Trunk FDR-275. Spatial overlap with trunk corridor. CDI=0.4174. Fleet=0 (counted under Trunk). 
R0251,SOURA ↔ BATAMALLO,RETAINED_AS_FEEDER,FDR-067,,11.366,Urban,City_Core,0.9798,0.5867,0.75,0.7832,False,HP,20,6,0,6,False,,0.1326,6724,85,12,6.0,22,11.0,831.6,90.9,OSRM,"Route R0251 (SOURA ↔ BATAMALLO) → Feeder FDR-067. Route_Type=Urban | Zone=City_Core | CDI=0.7832 | Band=HP | Headway=20 min | Fleet=6 (HPV=0 enforced, MPV=6 — 100%% MPV). Distinct catchment: 6.50% of CMP 2024 pop. residents over 11.4 km. "
R0252,PARIMPORA ↔ HUMHAMA,MERGED_INTO_TRUNK,FDR-191,Private Minibus,16.99,Peri_Urban,City_Core,0.7618,0.3168,1.25,0.5393,False,MP,35,0,0,0,False,,0.173,0,61,9,4.5,33,16.5,1011.8,84.9,OSRM,Route R0252 (PARIMPORA ↔ HUMHAMA) merged into Trunk FDR-191. Spatial overlap with trunk corridor. CDI=0.5393. Fleet=0 (counted under Trunk). 
R0253,JEHANGIR CHOWK ↔ BEMINA,MERGED_INTO_TRUNK,FDR-176,Private Minibus,6.545,Urban,City_Core,0.8028,0.2853,1.25,0.544,False,MP,35,0,0,0,False,,0.1435,0,20,13,6.5,13,6.5,656.8,52.4,OSRM,Route R0253 (JEHANGIR CHOWK ↔ BEMINA) merged into Trunk FDR-176. Spatial overlap with trunk corridor. CDI=0.5440. Fleet=0 (counted under Trunk). 
R0254,SOURA ↔ PARIMPORA,MERGED_INTO_TRUNK,FDR-173,Private Minibus,12.845,Urban,City_Core,0.8071,0.4007,1.25,0.6039,False,HP,20,0,0,0,False,,0.1583,0,74,20,10.0,25,12.5,926.8,102.8,OSRM,Route R0254 (SOURA ↔ PARIMPORA) merged into Trunk FDR-173. Spatial overlap with trunk corridor. CDI=0.6039. Fleet=0 (counted under Trunk). 
R0255,RANGPORA ↔ SOURA,RETAINED_AS_FEEDER,FDR-333,,4.000,Peri_Urban,City_Core,0.4833,0.3673,0.75,0.4253,False,MP,35,2,0,2,False,,0.1077,6397,101,15,7.5,8,4.0,327.2,20.0,OSRM+JhelumBridge,"Route R0255 (RANGPORA ↔ SOURA) → Feeder FDR-333. Route_Type=Peri_Urban | Zone=City_Core | CDI=0.4253 | Band=MP | Headway=35 min | Fleet=5 (HPV=0 enforced, MPV=5 — 100%% MPV). Distinct catchment: 6.96% of CMP 2024 pop. residents over 22.1 km. "
R0256,PARIMPORA ↔ HUMHAMA,MERGED_INTO_TRUNK,FDR-191,Private Minibus,16.99,Peri_Urban,City_Core,0.7618,0.3168,1.25,0.5393,False,MP,35,0,0,0,False,,0.173,0,61,9,4.5,33,16.5,1011.8,84.9,OSRM,Route R0256 (PARIMPORA ↔ HUMHAMA) merged into Trunk FDR-191. Spatial overlap with trunk corridor. CDI=0.5393. Fleet=0 (counted under Trunk). 
R0257,PARIMPORA ↔ PANTHACHOWK,MERGED_INTO_TRUNK,FDR-289,Private Minibus,21.307,Peri_Urban,City_Core,0.6019,0.3276,1.25,0.4648,False,MP,35,0,0,0,False,,0.2309,0,73,5,2.5,42,21.0,1713.4,106.5,OSRM+JhelumBridge,Route R0257 (PARIMPORA ↔ PANTHACHOWK) merged into Trunk FDR-289. Spatial overlap with trunk corridor. CDI=0.4648. Fleet=0 (counted under Trunk). 
R0258,RANGPORA ↔ SOURA,MERGED_INTO_TRUNK,FDR-333,Private Minibus,22.053,Peri_Urban,City_Core,0.4833,0.3673,1.25,0.4253,False,MP,35,0,0,0,False,,0.1077,0,101,15,7.5,44,22.0,1804.1,110.3,OSRM+JhelumBridge,Route R0258 (RANGPORA ↔ SOURA) merged into Trunk FDR-333. Spatial overlap with trunk corridor. CDI=0.4253. Fleet=0 (counted under Trunk). 
R0259,LD ↔ PARIMPORA,MERGED_INTO_TRUNK,FDR-201,Private Minibus,10.44,Urban,City_Core,0.7554,0.2782,1.25,0.5168,True,MP,35,0,0,0,False,,0.2627,0,32,8,4.0,20,10.0,669.5,83.5,OSRM,Route R0259 (LD ↔ PARIMPORA) merged into Trunk FDR-201. Spatial overlap with trunk corridor. CDI=0.5168. Fleet=0 (counted under Trunk). 🚩 Social Obligation
R0260,HAZRATBAL ↔ LD,MERGED_INTO_TRUNK,FDR-147,Private Minibus,8.251,Urban,City_Core,0.6633,0.3468,1.25,0.505,True,MP,35,0,0,0,False,,0.0832,0,34,10,5.0,16,8.0,1283.5,66.0,OSRM+JhelumBridge,Route R0260 (HAZRATBAL ↔ LD) merged into Trunk FDR-147. Spatial overlap with trunk corridor. CDI=0.5050. Fleet=0 (counted under Trunk). 🚩 Social Obligation
R0261,HAZRATBAL ↔ LD,MERGED_INTO_TRUNK,FDR-147,Private Minibus,8.251,Urban,City_Core,0.6633,0.3468,1.25,0.505,True,MP,35,0,0,0,False,,0.0832,0,34,10,5.0,16,8.0,1283.5,66.0,OSRM+JhelumBridge,Route R0261 (HAZRATBAL ↔ LD) merged into Trunk FDR-147. Spatial overlap with trunk corridor. CDI=0.5050. Fleet=0 (counted under Trunk). 🚩 Social Obligation
R0262,JEHANGIR CHOWK ↔ PANZINARA,MERGED_INTO_TRUNK,FDR-401,Private Minibus,16.494,Peri_Urban,City_Core,0.4786,0.1668,1.25,0.3227,False,MP,35,0,0,0,False,,0.1677,0,30,12,6.0,32,16.0,978.7,82.5,OSRM,Route R0262 (JEHANGIR CHOWK ↔ PANZINARA) merged into Trunk FDR-401. Spatial overlap with trunk corridor. CDI=0.3227. Fleet=0 (counted under Trunk). 
R0263,LD ↔ BUDGAM,RETAINED_AS_FEEDER,FDR-525,,14.000,Peri_Urban,City_Core,0.2593,0.0815,0.75,0.1704,True,MP,35,3,0,3,False,,0.0843,4885,19,5,2.5,28,14.0,1069.5,70.0,OSRM,"Route R0263 (LD ↔ BUDGAM) → Feeder FDR-525. Route_Type=Peri_Urban | Zone=City_Core | CDI=0.1704 | Band=MP | Headway=35 min | Fleet=5 (HPV=0 enforced, MPV=5 — 100%% MPV). Distinct catchment: 4.35% of CMP 2024 pop. residents over 21.8 km. 🚩 Social Obligation"
R0264,BATAMALLO ↔ PANTHACHOWK,MERGED_INTO_TRUNK,FDR-407,Private Minibus,17.436,Peri_Urban,Peri_Urban,0.4931,0.1253,1.25,0.3092,False,LP,35,0,0,0,False,,0.0931,0,29,7,3.5,34,17.0,1539.8,87.2,OSRM+JhelumBridge,Route R0264 (BATAMALLO ↔ PANTHACHOWK) merged into Trunk FDR-407. Spatial overlap with trunk corridor. CDI=0.3092. Fleet=0 (counted under Trunk). 
R0265,HAZRATBAL ↔ LD,MERGED_INTO_TRUNK,FDR-147,Private Minibus,8.251,Urban,City_Core,0.6633,0.3468,1.25,0.505,True,MP,35,0,0,0,False,,0.0832,0,34,10,5.0,16,8.0,1283.5,66.0,OSRM+JhelumBridge,Route R0265 (HAZRATBAL ↔ LD) merged into Trunk FDR-147. Spatial overlap with trunk corridor. CDI=0.5050. Fleet=0 (counted under Trunk). 🚩 Social Obligation
R0266,PARIMPORA ↔ PANTHACHOWK,MERGED_INTO_TRUNK,FDR-289,Private Minibus,21.307,Peri_Urban,City_Core,0.6019,0.3276,1.25,0.4648,False,MP,35,0,0,0,False,,0.2309,0,73,5,2.5,42,21.0,1713.4,106.5,OSRM+JhelumBridge,Route R0266 (PARIMPORA ↔ PANTHACHOWK) merged into Trunk FDR-289. Spatial overlap with trunk corridor. CDI=0.4648. Fleet=0 (counted under Trunk). 
R0267,JEHANGIR CHOWK ↔ BUDGAM,MERGED_INTO_TRUNK,FDR-467,Private Minibus,45.581,Regional_District,City_Core,0.3314,0.14,1.25,0.2357,False,LP,35,0,0,0,False,,0.1092,0,78,9,4.5,91,45.5,2755.2,136.7,OSRM,Route R0267 (JEHANGIR CHOWK ↔ BUDGAM) merged into Trunk FDR-467. Spatial overlap with trunk corridor. CDI=0.2357. Fleet=0 (counted under Trunk). 
R0268,NARBAL ↔ JEHANGIR CHOWK,MERGED_INTO_TRUNK,FDR-455,Private Minibus,20.672,Peri_Urban,City_Core,0.4045,0.1263,1.25,0.2654,False,LP,35,0,0,0,False,,0.136,0,34,11,5.5,41,20.5,1495.4,103.4,OSRM,Route R0268 (NARBAL ↔ JEHANGIR CHOWK) merged into Trunk FDR-455. Spatial overlap with trunk corridor. CDI=0.2654. Fleet=0 (counted under Trunk). 
R0269,JEHANGIR CHOWK ↔ BUDGAM,MERGED_INTO_TRUNK,FDR-467,Private Minibus,45.581,Regional_District,City_Core,0.3314,0.14,1.25,0.2357,False,LP,35,0,0,0,False,,0.1092,0,78,9,4.5,91,45.5,2755.2,136.7,OSRM,Route R0269 (JEHANGIR CHOWK ↔ BUDGAM) merged into Trunk FDR-467. Spatial overlap with trunk corridor. CDI=0.2357. Fleet=0 (counted under Trunk). 
R0270,LD ↔ BUDGAM,MERGED_INTO_TRUNK,FDR-525,Private Minibus,21.784,Peri_Urban,City_Core,0.2593,0.0815,1.25,0.1704,True,MP,35,0,0,0,False,,0.0843,0,19,5,2.5,43,21.5,1664.2,108.9,OSRM,Route R0270 (LD ↔ BUDGAM) merged into Trunk FDR-525. Spatial overlap with trunk corridor. CDI=0.1704. Fleet=0 (counted under Trunk). 🚩 Social Obligation
R0271,RANGPORA ↔ SOURA,MERGED_INTO_TRUNK,FDR-333,Private Minibus,18.757,Peri_Urban,City_Core,0.5137,0.387,1.25,0.4504,False,MP,35,0,0,0,False,,0.0926,0,86,9,4.5,37,18.5,1602.8,93.8,OSRM+JhelumBridge,Route R0271 (RANGPORA ↔ SOURA) merged into Trunk FDR-333. Spatial overlap with trunk corridor. CDI=0.4504. Fleet=0 (counted under Trunk). 
R0272,JEHANGIR CHOWK ↔ HMT,MERGED_INTO_TRUNK,FDR-275,LPV / Tempo,10.311,Urban,City_Core,0.6674,0.2668,1.25,0.4671,False,MP,35,0,0,0,False,,0.2746,0,30,10,5.0,20,10.0,654.3,82.5,OSRM,Route R0272 (JEHANGIR CHOWK ↔ HMT) merged into Trunk FDR-275. Spatial overlap with trunk corridor. CDI=0.4671. Fleet=0 (counted under Trunk). 
R0273,LD ↔ PAMPORE,MERGED_INTO_TRUNK,FDR-341,Private Minibus,15.854,Peri_Urban,City_Core,0.5585,0.2798,1.25,0.4192,True,MP,35,0,0,0,False,,0.1491,0,50,6,3.0,31,15.5,1392.5,79.3,OSRM+JhelumBridge,Route R0273 (LD ↔ PAMPORE) merged into Trunk FDR-341. Spatial overlap with trunk corridor. CDI=0.4192. Fleet=0 (counted under Trunk). 🚩 Social Obligation
R0274,PARIMPORA ↔ PAMPORE,RETAINED_AS_FEEDER,FDR-320,,23.817,Peri_Urban,City_Core,0.5978,0.3169,0.75,0.4574,False,MP,35,5,0,5,False,,0.2122,7858,82,4,2.0,47,23.5,1805.8,119.1,OSRM+JhelumBridge,"Route R0274 (PARIMPORA ↔ PAMPORE) → Feeder FDR-320. Route_Type=Peri_Urban | Zone=City_Core | CDI=0.4574 | Band=MP | Headway=35 min | Fleet=5 (HPV=0 enforced, MPV=5 — 100%% MPV). Distinct catchment: 8.92% of CMP 2024 pop. residents over 23.8 km. "
R0275,LD ↔ BUDGAM,MERGED_INTO_TRUNK,FDR-525,Private Minibus,21.784,Peri_Urban,City_Core,0.2593,0.0815,1.25,0.1704,True,MP,35,0,0,0,False,,0.0843,0,19,5,2.5,43,21.5,1664.2,108.9,OSRM,Route R0275 (LD ↔ BUDGAM) merged into Trunk FDR-525. Spatial overlap with trunk corridor. CDI=0.1704. Fleet=0 (counted under Trunk). 🚩 Social Obligation
R0276,SOURA ↔ JEHANGIR CHOWK,MERGED_INTO_TRUNK,FDR-122,Private Minibus,15.353,Peri_Urban,City_Core,0.651,0.2783,1.25,0.4646,False,MP,35,0,0,0,False,,0.1343,0,57,25,12.5,30,15.0,1270.2,76.8,OSRM,Route R0276 (SOURA ↔ JEHANGIR CHOWK) merged into Trunk FDR-122. Spatial overlap with trunk corridor. CDI=0.4646. Fleet=0 (counted under Trunk). 
R0277,HAZRATBAL ↔ LD,MERGED_INTO_TRUNK,FDR-147,Private Minibus,8.251,Urban,City_Core,0.6633,0.3468,1.25,0.505,True,MP,35,0,0,0,False,,0.0832,0,34,10,5.0,16,8.0,1283.5,66.0,OSRM+JhelumBridge,Route R0277 (HAZRATBAL ↔ LD) merged into Trunk FDR-147. Spatial overlap with trunk corridor. CDI=0.5050. Fleet=0 (counted under Trunk). 🚩 Social Obligation
R0278,LALBAZAR ↔ LALCHOWK,MERGED_INTO_TRUNK,FDR-081,Private Minibus,8.433,Urban,City_Core,1.0,0.5289,1.25,0.7645,True,HP,20,0,0,0,False,,0.1248,0,56,11,5.5,16,8.0,617.5,67.5,OSRM,Route R0278 (LALBAZAR ↔ LALCHOWK) merged into Trunk FDR-081. Spatial overlap with trunk corridor. CDI=0.7645. Fleet=0 (counted under Trunk). 🚩 Social Obligation
R0279,LD ↔ BUDGAM,MERGED_INTO_TRUNK,FDR-525,Private Minibus,21.784,Peri_Urban,City_Core,0.2593,0.0815,1.25,0.1704,True,MP,35,0,0,0,False,,0.0843,0,19,5,2.5,43,21.5,1664.2,108.9,OSRM,Route R0279 (LD ↔ BUDGAM) merged into Trunk FDR-525. Spatial overlap with trunk corridor. CDI=0.1704. Fleet=0 (counted under Trunk). 🚩 Social Obligation
R0280,PARIMPORA ↔ PANTHACHOWK,MERGED_INTO_TRUNK,FDR-289,LPV / Tempo,21.307,Peri_Urban,City_Core,0.6019,0.3276,1.25,0.4648,False,MP,35,0,0,0,False,,0.2309,0,73,5,2.5,42,21.0,1713.4,106.5,OSRM+JhelumBridge,Route R0280 (PARIMPORA ↔ PANTHACHOWK) merged into Trunk FDR-289. Spatial overlap with trunk corridor. CDI=0.4648. Fleet=0 (counted under Trunk). 
R0281,RANGPORA ↔ DALGATE,RETAINED_AS_FEEDER,FDR-105,,15.533,Peri_Urban,City_Core,0.7738,0.5684,0.75,0.6711,False,HP,20,5,0,5,False,,0.1107,6648,103,11,5.5,31,15.5,923.8,77.7,OSRM,"Route R0281 (RANGPORA ↔ DALGATE) → Feeder FDR-105. Route_Type=Peri_Urban | Zone=City_Core | CDI=0.6711 | Band=HP | Headway=20 min | Fleet=5 (HPV=0 enforced, MPV=5 — 100%% MPV). Distinct catchment: 7.23% of CMP 2024 pop. residents over 15.5 km. "
R0282,JEHANGIR CHOWK ↔ BEMINA,MERGED_INTO_TRUNK,FDR-176,LPV / Tempo,6.545,Urban,City_Core,0.8028,0.2853,1.25,0.544,False,MP,35,0,0,0,False,,0.1435,0,20,13,6.5,13,6.5,656.8,52.4,OSRM,Route R0282 (JEHANGIR CHOWK ↔ BEMINA) merged into Trunk FDR-176. Spatial overlap with trunk corridor. CDI=0.5440. Fleet=0 (counted under Trunk). 
R0283,LD ↔ PARIMPORA,MERGED_INTO_TRUNK,FDR-201,Private Minibus,10.44,Urban,City_Core,0.7554,0.2782,1.25,0.5168,True,MP,35,0,0,0,False,,0.2627,0,32,8,4.0,20,10.0,669.5,83.5,OSRM,Route R0283 (LD ↔ PARIMPORA) merged into Trunk FDR-201. Spatial overlap with trunk corridor. CDI=0.5168. Fleet=0 (counted under Trunk). 🚩 Social Obligation
R0284,PARIMPORA ↔ PANTHACHOWK,MERGED_INTO_TRUNK,FDR-289,Private Minibus,21.307,Peri_Urban,City_Core,0.6019,0.3276,1.25,0.4648,False,MP,35,0,0,0,False,,0.2309,0,73,5,2.5,42,21.0,1713.4,106.5,OSRM+JhelumBridge,Route R0284 (PARIMPORA ↔ PANTHACHOWK) merged into Trunk FDR-289. Spatial overlap with trunk corridor. CDI=0.4648. Fleet=0 (counted under Trunk). 
R0285,SOURA ↔ JEHANGIR CHOWK,MERGED_INTO_TRUNK,FDR-122,Private Minibus,9.512,Urban,City_Core,0.7204,0.5057,1.25,0.6131,True,HP,20,0,0,0,False,,0.053,0,63,11,5.5,19,9.5,718.6,76.1,OSRM,Route R0285 (SOURA ↔ JEHANGIR CHOWK) merged into Trunk FDR-122. Spatial overlap with trunk corridor. CDI=0.6131. Fleet=0 (counted under Trunk). 🚩 Social Obligation
R0286,BATAMAALO ↔ PANTHACHOWK,MERGED_INTO_TRUNK,FDR-407,Private Minibus,17.988,Peri_Urban,Peri_Urban,0.5075,0.1257,1.25,0.3166,False,LP,35,0,0,0,False,,0.0891,0,29,11,5.5,35,17.5,1642.6,89.9,OSRM+JhelumBridge,Route R0286 (BATAMAALO ↔ PANTHACHOWK) merged into Trunk FDR-407. Spatial overlap with trunk corridor. CDI=0.3166. Fleet=0 (counted under Trunk). 
R0287,LD ↔ PAMPORE,MERGED_INTO_TRUNK,FDR-341,Private Minibus,15.854,Peri_Urban,City_Core,0.5585,0.2798,1.25,0.4192,True,MP,35,0,0,0,False,,0.1491,0,50,6,3.0,31,15.5,1392.5,79.3,OSRM+JhelumBridge,Route R0287 (LD ↔ PAMPORE) merged into Trunk FDR-341. Spatial overlap with trunk corridor. CDI=0.4192. Fleet=0 (counted under Trunk). 🚩 Social Obligation
R0288,LALBAZAR ↔ LALCHOWK,MERGED_INTO_TRUNK,FDR-081,LPV / Tempo,8.433,Urban,City_Core,1.0,0.5289,1.25,0.7645,True,HP,20,0,0,0,False,,0.1248,0,56,11,5.5,16,8.0,617.5,67.5,OSRM,Route R0288 (LALBAZAR ↔ LALCHOWK) merged into Trunk FDR-081. Spatial overlap with trunk corridor. CDI=0.7645. Fleet=0 (counted under Trunk). 🚩 Social Obligation
R0289,JEHANGIR CHOWK ↔ BEMINA,MERGED_INTO_TRUNK,FDR-176,Private Minibus,6.545,Urban,City_Core,0.8028,0.2853,1.25,0.544,False,MP,35,0,0,0,False,,0.1435,0,20,13,6.5,13,6.5,656.8,52.4,OSRM,Route R0289 (JEHANGIR CHOWK ↔ BEMINA) merged into Trunk FDR-176. Spatial overlap with trunk corridor. CDI=0.5440. Fleet=0 (counted under Trunk). 
R0290,BATAMALLO ↔ PANTHACHOWK,MERGED_INTO_TRUNK,FDR-407,Private Minibus,17.436,Peri_Urban,Peri_Urban,0.4931,0.1253,1.25,0.3092,False,LP,35,0,0,0,False,,0.0931,0,29,7,3.5,34,17.0,1539.8,87.2,OSRM+JhelumBridge,Route R0290 (BATAMALLO ↔ PANTHACHOWK) merged into Trunk FDR-407. Spatial overlap with trunk corridor. CDI=0.3092. Fleet=0 (counted under Trunk). 
R0291,LD ↔ PAMPORE,MERGED_INTO_TRUNK,FDR-341,Private Minibus,15.854,Peri_Urban,City_Core,0.5585,0.2798,1.25,0.4192,True,MP,35,0,0,0,False,,0.1491,0,50,6,3.0,31,15.5,1392.5,79.3,OSRM+JhelumBridge,Route R0291 (LD ↔ PAMPORE) merged into Trunk FDR-341. Spatial overlap with trunk corridor. CDI=0.4192. Fleet=0 (counted under Trunk). 🚩 Social Obligation
R0292,BATAMALLO ↔ PANTHACHOWK,MERGED_INTO_TRUNK,FDR-407,Private Minibus,17.436,Peri_Urban,Peri_Urban,0.4931,0.1253,1.25,0.3092,False,LP,35,0,0,0,False,,0.0931,0,29,7,3.5,34,17.0,1539.8,87.2,OSRM+JhelumBridge,Route R0292 (BATAMALLO ↔ PANTHACHOWK) merged into Trunk FDR-407. Spatial overlap with trunk corridor. CDI=0.3092. Fleet=0 (counted under Trunk). 
R0293,NARBAL ↔ JEHANGIR CHOWK,MERGED_INTO_TRUNK,FDR-455,Private Minibus,21.634,Peri_Urban,City_Core,0.3814,0.1141,1.25,0.2478,False,LP,35,0,0,0,False,,0.1197,0,31,22,11.0,43,21.5,1698.7,108.2,OSRM,Route R0293 (NARBAL ↔ JEHANGIR CHOWK) merged into Trunk FDR-455. Spatial overlap with trunk corridor. CDI=0.2478. Fleet=0 (counted under Trunk). 
R0294,SOURA ↔ JEHANGIR CHOWK,MERGED_INTO_TRUNK,FDR-122,Private Minibus,11.346,Urban,City_Core,0.929,0.556,1.25,0.7425,False,HP,20,0,0,0,False,,0.115,0,83,18,9.0,22,11.0,982.5,90.8,OSRM,Route R0294 (SOURA ↔ JEHANGIR CHOWK) merged into Trunk FDR-122. Spatial overlap with trunk corridor. CDI=0.7425. Fleet=0 (counted under Trunk). 
R0295,SOURA ↔ JEHANGIR CHOWK,MERGED_INTO_TRUNK,FDR-122,Private Minibus,9.676,Urban,City_Core,0.9581,0.6758,1.25,0.8169,True,HP,20,0,0,0,False,,0.1034,0,86,10,5.0,19,9.5,786.9,77.4,OSRM,Route R0295 (SOURA ↔ JEHANGIR CHOWK) merged into Trunk FDR-122. Spatial overlap with trunk corridor. CDI=0.8169. Fleet=0 (counted under Trunk). 🚩 Social Obligation
R0296,HAZRATBAL ↔ LD,MERGED_INTO_TRUNK,FDR-147,Private Minibus,8.251,Urban,City_Core,0.6633,0.3468,1.25,0.505,True,MP,35,0,0,0,False,,0.0832,0,34,10,5.0,16,8.0,1283.5,66.0,OSRM+JhelumBridge,Route R0296 (HAZRATBAL ↔ LD) merged into Trunk FDR-147. Spatial overlap with trunk corridor. CDI=0.5050. Fleet=0 (counted under Trunk). 🚩 Social Obligation
R0297,NARBAL ↔ JEHANGIR CHOWK,MERGED_INTO_TRUNK,FDR-455,Private Minibus,21.634,Peri_Urban,City_Core,0.3814,0.1141,1.25,0.2478,False,LP,35,0,0,0,False,,0.1197,0,31,22,11.0,43,21.5,1698.7,108.2,OSRM,Route R0297 (NARBAL ↔ JEHANGIR CHOWK) merged into Trunk FDR-455. Spatial overlap with trunk corridor. CDI=0.2478. Fleet=0 (counted under Trunk). 
R0298,LD ↔ PAMPORE,MERGED_INTO_TRUNK,FDR-341,Private Minibus,15.854,Peri_Urban,City_Core,0.5585,0.2798,1.25,0.4192,True,MP,35,0,0,0,False,,0.1491,0,50,6,3.0,31,15.5,1392.5,79.3,OSRM+JhelumBridge,Route R0298 (LD ↔ PAMPORE) merged into Trunk FDR-341. Spatial overlap with trunk corridor. CDI=0.4192. Fleet=0 (counted under Trunk). 🚩 Social Obligation
R0299,HAZRATBAL ↔ LD,MERGED_INTO_TRUNK,FDR-147,LPV / Tempo,8.251,Urban,City_Core,0.6633,0.3468,1.25,0.505,True,MP,35,0,0,0,False,,0.0832,0,34,10,5.0,16,8.0,1283.5,66.0,OSRM+JhelumBridge,Route R0299 (HAZRATBAL ↔ LD) merged into Trunk FDR-147. Spatial overlap with trunk corridor. CDI=0.5050. Fleet=0 (counted under Trunk). 🚩 Social Obligation
R0300,HAZRATBAL ↔ LD,MERGED_INTO_TRUNK,FDR-147,Private Minibus,8.251,Urban,City_Core,0.6633,0.3468,1.25,0.505,True,MP,35,0,0,0,False,,0.0832,0,34,10,5.0,16,8.0,1283.5,66.0,OSRM+JhelumBridge,Route R0300 (HAZRATBAL ↔ LD) merged into Trunk FDR-147. Spatial overlap with trunk corridor. CDI=0.5050. Fleet=0 (counted under Trunk). 🚩 Social Obligation
R0301,SOURA ↔ PARIMPORA,MERGED_INTO_TRUNK,FDR-173,Private Minibus,12.314,Urban,City_Core,0.7503,0.3384,1.25,0.5444,False,MP,35,0,0,0,False,,0.1454,0,60,18,9.0,24,12.0,938.7,98.5,OSRM,Route R0301 (SOURA ↔ PARIMPORA) merged into Trunk FDR-173. Spatial overlap with trunk corridor. CDI=0.5444. Fleet=0 (counted under Trunk). 
R0302,BATAMALLO ↔ PANTHACHOWK,MERGED_INTO_TRUNK,FDR-407,Private Minibus,17.436,Peri_Urban,Peri_Urban,0.4931,0.1253,1.25,0.3092,False,LP,35,0,0,0,False,,0.0931,0,29,7,3.5,34,17.0,1539.8,87.2,OSRM+JhelumBridge,Route R0302 (BATAMALLO ↔ PANTHACHOWK) merged into Trunk FDR-407. Spatial overlap with trunk corridor. CDI=0.3092. Fleet=0 (counted under Trunk). 
R0303,PARIMPORA ↔ PANTHACHOWK,MERGED_INTO_TRUNK,FDR-289,Private Minibus,21.307,Peri_Urban,City_Core,0.6019,0.3276,1.25,0.4648,False,MP,35,0,0,0,False,,0.2309,0,73,5,2.5,42,21.0,1713.4,106.5,OSRM+JhelumBridge,Route R0303 (PARIMPORA ↔ PANTHACHOWK) merged into Trunk FDR-289. Spatial overlap with trunk corridor. CDI=0.4648. Fleet=0 (counted under Trunk). 
R0304,LD ↔ PAMPORE,MERGED_INTO_TRUNK,FDR-341,Private Minibus,15.854,Peri_Urban,City_Core,0.5585,0.2798,1.25,0.4192,True,MP,35,0,0,0,False,,0.1491,0,50,6,3.0,31,15.5,1392.5,79.3,OSRM+JhelumBridge,Route R0304 (LD ↔ PAMPORE) merged into Trunk FDR-341. Spatial overlap with trunk corridor. CDI=0.4192. Fleet=0 (counted under Trunk). 🚩 Social Obligation
R0305,SOURA ↔ JEHANGIR CHOWK,MERGED_INTO_TRUNK,FDR-122,Private Minibus,9.17,Urban,City_Core,0.7714,0.5403,1.25,0.6558,True,HP,20,0,0,0,False,,0.0517,0,66,9,4.5,18,9.0,764.2,73.4,OSRM,Route R0305 (SOURA ↔ JEHANGIR CHOWK) merged into Trunk FDR-122. Spatial overlap with trunk corridor. CDI=0.6558. Fleet=0 (counted under Trunk). 🚩 Social Obligation
R0306,PARIMPORA ↔ PATHACHOWK,MERGED_INTO_TRUNK,FDR-289,Private Minibus,21.307,Peri_Urban,City_Core,0.6019,0.3276,1.25,0.4648,False,MP,35,0,0,0,False,,0.2309,0,73,5,2.5,42,21.0,1713.4,106.5,OSRM+JhelumBridge,Route R0306 (PARIMPORA ↔ PATHACHOWK) merged into Trunk FDR-289. Spatial overlap with trunk corridor. CDI=0.4648. Fleet=0 (counted under Trunk). 
R0307,PARIMPORA ↔ BUDGAM,MERGED_INTO_TRUNK,FDR-488,Private Minibus,27.978,Peri_Urban,City_Core,0.1878,0.0415,1.25,0.1146,False,LP,35,0,0,0,False,,0.085,0,15,12,6.0,55,27.5,1972.1,139.9,OSRM,Route R0307 (PARIMPORA ↔ BUDGAM) merged into Trunk FDR-488. Spatial overlap with trunk corridor. CDI=0.1146. Fleet=0 (counted under Trunk). 
R0308,JEHANGIR CHOWK ↔ BUDGAM,MERGED_INTO_TRUNK,FDR-467,Private Minibus,45.581,Regional_District,City_Core,0.3314,0.14,1.25,0.2357,False,LP,35,0,0,0,False,,0.1092,0,78,9,4.5,91,45.5,2755.2,136.7,OSRM,Route R0308 (JEHANGIR CHOWK ↔ BUDGAM) merged into Trunk FDR-467. Spatial overlap with trunk corridor. CDI=0.2357. Fleet=0 (counted under Trunk). 
R0309,LD ↔ PAMPORE,MERGED_INTO_TRUNK,FDR-341,Private Minibus,15.854,Peri_Urban,City_Core,0.5585,0.2798,1.25,0.4192,True,MP,35,0,0,0,False,,0.1491,0,50,6,3.0,31,15.5,1392.5,79.3,OSRM+JhelumBridge,Route R0309 (LD ↔ PAMPORE) merged into Trunk FDR-341. Spatial overlap with trunk corridor. CDI=0.4192. Fleet=0 (counted under Trunk). 🚩 Social Obligation
R0310,BATAMALLO ↔ PANTHACHOWK,MERGED_INTO_TRUNK,FDR-407,LPV / Tempo,17.436,Peri_Urban,Peri_Urban,0.4931,0.1253,1.25,0.3092,False,LP,35,0,0,0,False,,0.0931,0,29,7,3.5,34,17.0,1539.8,87.2,OSRM+JhelumBridge,Route R0310 (BATAMALLO ↔ PANTHACHOWK) merged into Trunk FDR-407. Spatial overlap with trunk corridor. CDI=0.3092. Fleet=0 (counted under Trunk). 
R0311,NARBAL ↔ JEHANGIR CHOWK,MERGED_INTO_TRUNK,FDR-455,Private Minibus,21.634,Peri_Urban,City_Core,0.3814,0.1141,1.25,0.2478,False,LP,35,0,0,0,False,,0.1197,0,31,22,11.0,43,21.5,1698.7,108.2,OSRM,Route R0311 (NARBAL ↔ JEHANGIR CHOWK) merged into Trunk FDR-455. Spatial overlap with trunk corridor. CDI=0.2478. Fleet=0 (counted under Trunk). 
R0312,PARIMPORA ↔ BUDGAM,MERGED_INTO_TRUNK,FDR-488,Private Minibus,22.663,Peri_Urban,City_Core,0.1696,0.036,1.25,0.1028,False,LP,35,0,0,0,False,,0.0862,0,9,7,3.5,45,22.5,1638.0,113.3,OSRM,Route R0312 (PARIMPORA ↔ BUDGAM) merged into Trunk FDR-488. Spatial overlap with trunk corridor. CDI=0.1028. Fleet=0 (counted under Trunk). 
R0313,PARIMPORA ↔ BUDGAM,MERGED_INTO_TRUNK,FDR-488,Private Minibus,22.663,Peri_Urban,City_Core,0.1696,0.036,1.25,0.1028,False,LP,35,0,0,0,False,,0.0862,0,9,7,3.5,45,22.5,1638.0,113.3,OSRM,Route R0313 (PARIMPORA ↔ BUDGAM) merged into Trunk FDR-488. Spatial overlap with trunk corridor. CDI=0.1028. Fleet=0 (counted under Trunk). 
R0314,PARIMPORA ↔ PANTHACHOWK,MERGED_INTO_TRUNK,FDR-289,LPV / Tempo,21.307,Peri_Urban,City_Core,0.6019,0.3276,1.25,0.4648,False,MP,35,0,0,0,False,,0.2309,0,73,5,2.5,42,21.0,1713.4,106.5,OSRM+JhelumBridge,Route R0314 (PARIMPORA ↔ PANTHACHOWK) merged into Trunk FDR-289. Spatial overlap with trunk corridor. CDI=0.4648. Fleet=0 (counted under Trunk). 
R0315,PARIMPORA ↔ PANTHACHOWK,MERGED_INTO_TRUNK,FDR-289,Private Minibus,21.307,Peri_Urban,City_Core,0.6019,0.3276,1.25,0.4648,False,MP,35,0,0,0,False,,0.2309,0,73,5,2.5,42,21.0,1713.4,106.5,OSRM+JhelumBridge,Route R0315 (PARIMPORA ↔ PANTHACHOWK) merged into Trunk FDR-289. Spatial overlap with trunk corridor. CDI=0.4648. Fleet=0 (counted under Trunk). 
R0316,HAZRATBAL ↔ LD,MERGED_INTO_TRUNK,FDR-147,Private Minibus,8.251,Urban,City_Core,0.6633,0.3468,1.25,0.505,True,MP,35,0,0,0,False,,0.0832,0,34,10,5.0,16,8.0,1283.5,66.0,OSRM+JhelumBridge,Route R0316 (HAZRATBAL ↔ LD) merged into Trunk FDR-147. Spatial overlap with trunk corridor. CDI=0.5050. Fleet=0 (counted under Trunk). 🚩 Social Obligation
R0317,LAWAYPORA ↔ JEHANGIR CHOWK,MERGED_INTO_TRUNK,FDR-394,LPV / Tempo,14.207,Urban,City_Core,0.552,0.1642,1.25,0.3581,False,MP,35,0,0,0,False,,0.1701,0,29,21,10.5,28,14.0,1005.6,113.7,OSRM,Route R0317 (LAWAYPORA ↔ JEHANGIR CHOWK) merged into Trunk FDR-394. Spatial overlap with trunk corridor. CDI=0.3581. Fleet=0 (counted under Trunk). 
R0318,JEHANGIR CHOWK ↔ BEMINA,MERGED_INTO_TRUNK,FDR-176,Private Minibus,6.545,Urban,City_Core,0.8028,0.2853,1.25,0.544,False,MP,35,0,0,0,False,,0.1435,0,20,13,6.5,13,6.5,656.8,52.4,OSRM,Route R0318 (JEHANGIR CHOWK ↔ BEMINA) merged into Trunk FDR-176. Spatial overlap with trunk corridor. CDI=0.5440. Fleet=0 (counted under Trunk). 
R0319,RANGPORA ↔ LALCHOWK,RETAINED_AS_FEEDER,FDR-088,,13.983,Urban,City_Core,0.8643,0.6115,0.75,0.7379,False,HP,20,7,0,0,False,,0.1119,6587,96,12,6.0,27,13.5,853.2,111.7,OSRM,"Route R0319 (RANGPORA ↔ LALCHOWK) → Feeder FDR-088. Route_Type=Urban | Zone=City_Core | CDI=0.7379 | Band=HP | Headway=20 min | Fleet=7 (HPV=0 enforced, MPV=0 — 100%% MPV). Distinct catchment: 7.16% of CMP 2024 pop. residents over 14.0 km. "
R0320,BATAMALLO ↔ PANTHACHOWK,MERGED_INTO_TRUNK,FDR-407,LPV / Tempo,17.436,Peri_Urban,Peri_Urban,0.4931,0.1253,1.25,0.3092,False,LP,35,0,0,0,False,,0.0931,0,29,7,3.5,34,17.0,1539.8,87.2,OSRM+JhelumBridge,Route R0320 (BATAMALLO ↔ PANTHACHOWK) merged into Trunk FDR-407. Spatial overlap with trunk corridor. CDI=0.3092. Fleet=0 (counted under Trunk). 
R0321,RANGPORA ↔ LALCHOWK,MERGED_INTO_TRUNK,FDR-088,LPV / Tempo,13.983,Urban,City_Core,0.8643,0.6115,1.25,0.7379,False,HP,20,0,0,0,False,,0.1119,0,96,12,6.0,27,13.5,853.2,111.7,OSRM,Route R0321 (RANGPORA ↔ LALCHOWK) merged into Trunk FDR-088. Spatial overlap with trunk corridor. CDI=0.7379. Fleet=0 (counted under Trunk). 
R0322,RANGPORA ↔ LALCHOWK,MERGED_INTO_TRUNK,FDR-088,Private Minibus,13.983,Urban,City_Core,0.8643,0.6115,1.25,0.7379,False,HP,20,0,0,0,False,,0.1119,0,96,12,6.0,27,13.5,853.2,111.7,OSRM,Route R0322 (RANGPORA ↔ LALCHOWK) merged into Trunk FDR-088. Spatial overlap with trunk corridor. CDI=0.7379. Fleet=0 (counted under Trunk). 
R0323,BATAMALLO ↔ PANTHACHOWK,MERGED_INTO_TRUNK,FDR-407,Private Minibus,17.436,Peri_Urban,Peri_Urban,0.4931,0.1253,1.25,0.3092,False,LP,35,0,0,0,False,,0.0931,0,29,7,3.5,34,17.0,1539.8,87.2,OSRM+JhelumBridge,Route R0323 (BATAMALLO ↔ PANTHACHOWK) merged into Trunk FDR-407. Spatial overlap with trunk corridor. CDI=0.3092. Fleet=0 (counted under Trunk). 
R0324,JEHANGIR CHOWK ↔ BEMINA,MERGED_INTO_TRUNK,FDR-176,LPV / Tempo,6.545,Urban,City_Core,0.8028,0.2853,1.25,0.544,False,MP,35,0,0,0,False,,0.1435,0,20,13,6.5,13,6.5,656.8,52.4,OSRM,Route R0324 (JEHANGIR CHOWK ↔ BEMINA) merged into Trunk FDR-176. Spatial overlap with trunk corridor. CDI=0.5440. Fleet=0 (counted under Trunk). 
R0325,PARIMPORA ↔ PANTHACHOWK,MERGED_INTO_TRUNK,FDR-289,Private Minibus,21.307,Peri_Urban,City_Core,0.6019,0.3276,1.25,0.4648,False,MP,35,0,0,0,False,,0.2309,0,73,5,2.5,42,21.0,1713.4,106.5,OSRM+JhelumBridge,Route R0325 (PARIMPORA ↔ PANTHACHOWK) merged into Trunk FDR-289. Spatial overlap with trunk corridor. CDI=0.4648. Fleet=0 (counted under Trunk). 
R0326,PARIMPORA ↔ PATHACHOWK,MERGED_INTO_TRUNK,FDR-289,Private Minibus,21.307,Peri_Urban,City_Core,0.6019,0.3276,1.25,0.4648,False,MP,35,0,0,0,False,,0.2309,0,73,5,2.5,42,21.0,1713.4,106.5,OSRM+JhelumBridge,Route R0326 (PARIMPORA ↔ PATHACHOWK) merged into Trunk FDR-289. Spatial overlap with trunk corridor. CDI=0.4648. Fleet=0 (counted under Trunk). 
R0327,LD ↔ PAMPORE,MERGED_INTO_TRUNK,FDR-341,Private Minibus,15.854,Peri_Urban,City_Core,0.5585,0.2798,1.25,0.4192,True,MP,35,0,0,0,False,,0.1491,0,50,6,3.0,31,15.5,1392.5,79.3,OSRM+JhelumBridge,Route R0327 (LD ↔ PAMPORE) merged into Trunk FDR-341. Spatial overlap with trunk corridor. CDI=0.4192. Fleet=0 (counted under Trunk). 🚩 Social Obligation
R0328,PARIMPORA ↔ PAMPORE,MERGED_INTO_TRUNK,FDR-320,LPV / Tempo,23.817,Peri_Urban,City_Core,0.5978,0.3169,1.25,0.4574,False,MP,35,0,0,0,False,,0.2122,0,82,4,2.0,47,23.5,1805.8,119.1,OSRM+JhelumBridge,Route R0328 (PARIMPORA ↔ PAMPORE) merged into Trunk FDR-320. Spatial overlap with trunk corridor. CDI=0.4574. Fleet=0 (counted under Trunk). 
R0329,PARIMPORA ↔ BUDGAM,MERGED_INTO_TRUNK,FDR-488,Private Minibus,22.663,Peri_Urban,City_Core,0.1696,0.036,1.25,0.1028,False,LP,35,0,0,0,False,,0.0862,0,9,7,3.5,45,22.5,1638.0,113.3,OSRM,Route R0329 (PARIMPORA ↔ BUDGAM) merged into Trunk FDR-488. Spatial overlap with trunk corridor. CDI=0.1028. Fleet=0 (counted under Trunk). 
R0330,PARIMPORA ↔ PAMPORE,MERGED_INTO_TRUNK,FDR-320,Private Minibus,23.817,Peri_Urban,City_Core,0.5978,0.3169,1.25,0.4574,False,MP,35,0,0,0,False,,0.2122,0,82,4,2.0,47,23.5,1805.8,119.1,OSRM+JhelumBridge,Route R0330 (PARIMPORA ↔ PAMPORE) merged into Trunk FDR-320. Spatial overlap with trunk corridor. CDI=0.4574. Fleet=0 (counted under Trunk). 
R0331,LD ↔ PAMPORE,MERGED_INTO_TRUNK,FDR-341,Private Minibus,15.854,Peri_Urban,City_Core,0.5585,0.2798,1.25,0.4192,True,MP,35,0,0,0,False,,0.1491,0,50,6,3.0,31,15.5,1392.5,79.3,OSRM+JhelumBridge,Route R0331 (LD ↔ PAMPORE) merged into Trunk FDR-341. Spatial overlap with trunk corridor. CDI=0.4192. Fleet=0 (counted under Trunk). 🚩 Social Obligation
R0332,BATAMALLO ↔ PANTHACHOWK,MERGED_INTO_TRUNK,FDR-407,LPV / Tempo,17.436,Peri_Urban,Peri_Urban,0.4931,0.1253,1.25,0.3092,False,LP,35,0,0,0,False,,0.0931,0,29,7,3.5,34,17.0,1539.8,87.2,OSRM+JhelumBridge,Route R0332 (BATAMALLO ↔ PANTHACHOWK) merged into Trunk FDR-407. Spatial overlap with trunk corridor. CDI=0.3092. Fleet=0 (counted under Trunk). 
R0333,SOURA ↔ JEHANGIR CHOWK,MERGED_INTO_TRUNK,FDR-122,Private Minibus,9.676,Urban,City_Core,0.9581,0.6758,1.25,0.8169,True,HP,20,0,0,0,False,,0.1034,0,86,10,5.0,19,9.5,786.9,77.4,OSRM,Route R0333 (SOURA ↔ JEHANGIR CHOWK) merged into Trunk FDR-122. Spatial overlap with trunk corridor. CDI=0.8169. Fleet=0 (counted under Trunk). 🚩 Social Obligation
R0334,PARIMPORA ↔ PAMPORE,MERGED_INTO_TRUNK,FDR-320,Private Minibus,23.817,Peri_Urban,City_Core,0.5978,0.3169,1.25,0.4574,False,MP,35,0,0,0,False,,0.2122,0,82,4,2.0,47,23.5,1805.8,119.1,OSRM+JhelumBridge,Route R0334 (PARIMPORA ↔ PAMPORE) merged into Trunk FDR-320. Spatial overlap with trunk corridor. CDI=0.4574. Fleet=0 (counted under Trunk). 
R0335,PARIMPORA ↔ BUDGAM,MERGED_INTO_TRUNK,FDR-488,Private Minibus,22.663,Peri_Urban,City_Core,0.1696,0.036,1.25,0.1028,False,LP,35,0,0,0,False,,0.0862,0,9,7,3.5,45,22.5,1638.0,113.3,OSRM,Route R0335 (PARIMPORA ↔ BUDGAM) merged into Trunk FDR-488. Spatial overlap with trunk corridor. CDI=0.1028. Fleet=0 (counted under Trunk). 
R0336,PARIMPORA ↔ BUDGAM,MERGED_INTO_TRUNK,FDR-488,Private Minibus,22.663,Peri_Urban,City_Core,0.1696,0.036,1.25,0.1028,False,LP,35,0,0,0,False,,0.0862,0,9,7,3.5,45,22.5,1638.0,113.3,OSRM,Route R0336 (PARIMPORA ↔ BUDGAM) merged into Trunk FDR-488. Spatial overlap with trunk corridor. CDI=0.1028. Fleet=0 (counted under Trunk). 
R0337,MALBAGH ↔ LD,MERGED_INTO_TRUNK,FDR-101,LPV / Tempo,11.428,Urban,City_Core,0.9192,0.4621,1.25,0.6906,True,HP,20,0,0,0,False,,0.0816,0,71,17,8.5,22,11.0,1281.3,91.4,OSRM+JhelumBridge,Route R0337 (MALBAGH ↔ LD) merged into Trunk FDR-101. Spatial overlap with trunk corridor. CDI=0.6906. Fleet=0 (counted under Trunk). 🚩 Social Obligation
R0338,LD ↔ PAMPORE,MERGED_INTO_TRUNK,FDR-341,Private Minibus,15.854,Peri_Urban,City_Core,0.5585,0.2798,1.25,0.4192,True,MP,35,0,0,0,False,,0.1491,0,50,6,3.0,31,15.5,1392.5,79.3,OSRM+JhelumBridge,Route R0338 (LD ↔ PAMPORE) merged into Trunk FDR-341. Spatial overlap with trunk corridor. CDI=0.4192. Fleet=0 (counted under Trunk). 🚩 Social Obligation
R0339,HAZRATBAL ↔ LD,MERGED_INTO_TRUNK,FDR-147,Private Minibus,8.251,Urban,City_Core,0.6633,0.3468,1.25,0.505,True,MP,35,0,0,0,False,,0.0832,0,34,10,5.0,16,8.0,1283.5,66.0,OSRM+JhelumBridge,Route R0339 (HAZRATBAL ↔ LD) merged into Trunk FDR-147. Spatial overlap with trunk corridor. CDI=0.5050. Fleet=0 (counted under Trunk). 🚩 Social Obligation
R0340,JEHANGIR CHOWK ↔ BEMINA,MERGED_INTO_TRUNK,FDR-176,Private Minibus,6.545,Urban,City_Core,0.8028,0.2853,1.25,0.544,False,MP,35,0,0,0,False,,0.1435,0,20,13,6.5,13,6.5,656.8,52.4,OSRM,Route R0340 (JEHANGIR CHOWK ↔ BEMINA) merged into Trunk FDR-176. Spatial overlap with trunk corridor. CDI=0.5440. Fleet=0 (counted under Trunk). 
R0341,PARIMPORA ↔ BUDGAM,MERGED_INTO_TRUNK,FDR-488,Private Minibus,22.663,Peri_Urban,City_Core,0.1696,0.036,1.25,0.1028,False,LP,35,0,0,0,False,,0.0862,0,9,7,3.5,45,22.5,1638.0,113.3,OSRM,Route R0341 (PARIMPORA ↔ BUDGAM) merged into Trunk FDR-488. Spatial overlap with trunk corridor. CDI=0.1028. Fleet=0 (counted under Trunk). 
R0342,LD ↔ PAMPORE,MERGED_INTO_TRUNK,FDR-341,Private Minibus,15.854,Peri_Urban,City_Core,0.5585,0.2798,1.25,0.4192,True,MP,35,0,0,0,False,,0.1491,0,50,6,3.0,31,15.5,1392.5,79.3,OSRM+JhelumBridge,Route R0342 (LD ↔ PAMPORE) merged into Trunk FDR-341. Spatial overlap with trunk corridor. CDI=0.4192. Fleet=0 (counted under Trunk). 🚩 Social Obligation
R0343,JEHANGIR CHOWK ↔ BUDGAM,MERGED_INTO_TRUNK,FDR-467,Private Minibus,45.581,Regional_District,City_Core,0.3314,0.14,1.25,0.2357,False,LP,35,0,0,0,False,,0.1092,0,78,9,4.5,91,45.5,2755.2,136.7,OSRM,Route R0343 (JEHANGIR CHOWK ↔ BUDGAM) merged into Trunk FDR-467. Spatial overlap with trunk corridor. CDI=0.2357. Fleet=0 (counted under Trunk). 
R0344,RANGPORA ↔ LALCHOWK,MERGED_INTO_TRUNK,FDR-088,LPV / Tempo,13.983,Urban,City_Core,0.8643,0.6115,1.25,0.7379,False,HP,20,0,0,0,False,,0.1119,0,96,12,6.0,27,13.5,853.2,111.7,OSRM,Route R0344 (RANGPORA ↔ LALCHOWK) merged into Trunk FDR-088. Spatial overlap with trunk corridor. CDI=0.7379. Fleet=0 (counted under Trunk). 
R0345,LD ↔ PAMPORE,MERGED_INTO_TRUNK,FDR-341,Private Minibus,15.854,Peri_Urban,City_Core,0.5585,0.2798,1.25,0.4192,True,MP,35,0,0,0,False,,0.1491,0,50,6,3.0,31,15.5,1392.5,79.3,OSRM+JhelumBridge,Route R0345 (LD ↔ PAMPORE) merged into Trunk FDR-341. Spatial overlap with trunk corridor. CDI=0.4192. Fleet=0 (counted under Trunk). 🚩 Social Obligation
R0346,RANGPORA ↔ LALCHOWK,MERGED_INTO_TRUNK,FDR-088,LPV / Tempo,13.983,Urban,City_Core,0.8643,0.6115,1.25,0.7379,False,HP,20,0,0,0,False,,0.1119,0,96,12,6.0,27,13.5,853.2,111.7,OSRM,Route R0346 (RANGPORA ↔ LALCHOWK) merged into Trunk FDR-088. Spatial overlap with trunk corridor. CDI=0.7379. Fleet=0 (counted under Trunk). 
R0347,SOURA ↔ JEHANGIR CHOWK,MERGED_INTO_TRUNK,FDR-122,Private Minibus,15.353,Peri_Urban,City_Core,0.651,0.2783,1.25,0.4646,False,MP,35,0,0,0,False,,0.1343,0,57,25,12.5,30,15.0,1270.2,76.8,OSRM,Route R0347 (SOURA ↔ JEHANGIR CHOWK) merged into Trunk FDR-122. Spatial overlap with trunk corridor. CDI=0.4646. Fleet=0 (counted under Trunk). 
R0348,LD ↔ PAMPORE,MERGED_INTO_TRUNK,FDR-341,Private Minibus,15.854,Peri_Urban,City_Core,0.5585,0.2798,1.25,0.4192,True,MP,35,0,0,0,False,,0.1491,0,50,6,3.0,31,15.5,1392.5,79.3,OSRM+JhelumBridge,Route R0348 (LD ↔ PAMPORE) merged into Trunk FDR-341. Spatial overlap with trunk corridor. CDI=0.4192. Fleet=0 (counted under Trunk). 🚩 Social Obligation
R0349,HAZRATBAL ↔ LD,MERGED_INTO_TRUNK,FDR-147,Private Minibus,8.251,Urban,City_Core,0.6633,0.3468,1.25,0.505,True,MP,35,0,0,0,False,,0.0832,0,34,10,5.0,16,8.0,1283.5,66.0,OSRM+JhelumBridge,Route R0349 (HAZRATBAL ↔ LD) merged into Trunk FDR-147. Spatial overlap with trunk corridor. CDI=0.5050. Fleet=0 (counted under Trunk). 🚩 Social Obligation
R0350,LALBAZAR ↔ LD,MERGED_INTO_TRUNK,FDR-068,Private Minibus,9.308,Urban,City_Core,1.0,0.5653,1.25,0.7827,True,HP,20,0,0,0,False,,0.1081,0,62,7,3.5,18,9.0,1072.3,74.5,OSRM+JhelumBridge,Route R0350 (LALBAZAR ↔ LD) merged into Trunk FDR-068. Spatial overlap with trunk corridor. CDI=0.7827. Fleet=0 (counted under Trunk). 🚩 Social Obligation
R0351,JEHANGIR CHOWK ↔ PANZINARA,MERGED_INTO_TRUNK,FDR-401,Private Minibus,16.494,Peri_Urban,City_Core,0.4786,0.1668,1.25,0.3227,False,MP,35,0,0,0,False,,0.1677,0,30,12,6.0,32,16.0,978.7,82.5,OSRM,Route R0351 (JEHANGIR CHOWK ↔ PANZINARA) merged into Trunk FDR-401. Spatial overlap with trunk corridor. CDI=0.3227. Fleet=0 (counted under Trunk). 
R0352,LALBAZAR ↔ LD,MERGED_INTO_TRUNK,FDR-068,Private Minibus,9.308,Urban,City_Core,1.0,0.5653,1.25,0.7827,True,HP,20,0,0,0,False,,0.1081,0,62,7,3.5,18,9.0,1072.3,74.5,OSRM+JhelumBridge,Route R0352 (LALBAZAR ↔ LD) merged into Trunk FDR-068. Spatial overlap with trunk corridor. CDI=0.7827. Fleet=0 (counted under Trunk). 🚩 Social Obligation
R0353,LD ↔ PAMPORE,MERGED_INTO_TRUNK,FDR-341,Private Minibus,15.854,Peri_Urban,City_Core,0.5585,0.2798,1.25,0.4192,True,MP,35,0,0,0,False,,0.1491,0,50,6,3.0,31,15.5,1392.5,79.3,OSRM+JhelumBridge,Route R0353 (LD ↔ PAMPORE) merged into Trunk FDR-341. Spatial overlap with trunk corridor. CDI=0.4192. Fleet=0 (counted under Trunk). 🚩 Social Obligation
R0354,PARIMPORA ↔ PANTHACHOWK,MERGED_INTO_TRUNK,FDR-289,Private Minibus,21.307,Peri_Urban,City_Core,0.6019,0.3276,1.25,0.4648,False,MP,35,0,0,0,False,,0.2309,0,73,5,2.5,42,21.0,1713.4,106.5,OSRM+JhelumBridge,Route R0354 (PARIMPORA ↔ PANTHACHOWK) merged into Trunk FDR-289. Spatial overlap with trunk corridor. CDI=0.4648. Fleet=0 (counted under Trunk). 
R0355,HAZRATBAL ↔ LD,MERGED_INTO_TRUNK,FDR-147,Private Minibus,8.251,Urban,City_Core,0.6633,0.3468,1.25,0.505,True,MP,35,0,0,0,False,,0.0832,0,34,10,5.0,16,8.0,1283.5,66.0,OSRM+JhelumBridge,Route R0355 (HAZRATBAL ↔ LD) merged into Trunk FDR-147. Spatial overlap with trunk corridor. CDI=0.5050. Fleet=0 (counted under Trunk). 🚩 Social Obligation
R0356,HAZRATBAL ↔ LD,MERGED_INTO_TRUNK,FDR-147,Private Minibus,8.251,Urban,City_Core,0.6633,0.3468,1.25,0.505,True,MP,35,0,0,0,False,,0.0832,0,34,10,5.0,16,8.0,1283.5,66.0,OSRM+JhelumBridge,Route R0356 (HAZRATBAL ↔ LD) merged into Trunk FDR-147. Spatial overlap with trunk corridor. CDI=0.5050. Fleet=0 (counted under Trunk). 🚩 Social Obligation
R0357,PARIMPORA ↔ PATHACHOWK,MERGED_INTO_TRUNK,FDR-289,Private Minibus,21.307,Peri_Urban,City_Core,0.6019,0.3276,1.25,0.4648,False,MP,35,0,0,0,False,,0.2309,0,73,5,2.5,42,21.0,1713.4,106.5,OSRM+JhelumBridge,Route R0357 (PARIMPORA ↔ PATHACHOWK) merged into Trunk FDR-289. Spatial overlap with trunk corridor. CDI=0.4648. Fleet=0 (counted under Trunk). 
R0358,HAZRATBAL ↔ LD,MERGED_INTO_TRUNK,FDR-147,Private Minibus,8.251,Urban,City_Core,0.6633,0.3468,1.25,0.505,True,MP,35,0,0,0,False,,0.0832,0,34,10,5.0,16,8.0,1283.5,66.0,OSRM+JhelumBridge,Route R0358 (HAZRATBAL ↔ LD) merged into Trunk FDR-147. Spatial overlap with trunk corridor. CDI=0.5050. Fleet=0 (counted under Trunk). 🚩 Social Obligation
R0359,PARIMPORA ↔ BUDGAM,MERGED_INTO_TRUNK,FDR-488,Private Minibus,31.385,Peri_Urban,City_Core,0.303,0.1075,1.25,0.2052,False,LP,35,0,0,0,False,,0.1411,0,38,11,5.5,62,31.0,2180.6,156.9,OSRM,Route R0359 (PARIMPORA ↔ BUDGAM) merged into Trunk FDR-488. Spatial overlap with trunk corridor. CDI=0.2052. Fleet=0 (counted under Trunk). 
R0360,HAZRATBAL ↔ LD,MERGED_INTO_TRUNK,FDR-147,Private Minibus,8.251,Urban,City_Core,0.6633,0.3468,1.25,0.505,True,MP,35,0,0,0,False,,0.0832,0,34,10,5.0,16,8.0,1283.5,66.0,OSRM+JhelumBridge,Route R0360 (HAZRATBAL ↔ LD) merged into Trunk FDR-147. Spatial overlap with trunk corridor. CDI=0.5050. Fleet=0 (counted under Trunk). 🚩 Social Obligation
R0361,LD ↔ PAMPORE,MERGED_INTO_TRUNK,FDR-341,LPV / Tempo,15.854,Peri_Urban,City_Core,0.5585,0.2798,1.25,0.4192,True,MP,35,0,0,0,False,,0.1491,0,50,6,3.0,31,15.5,1392.5,79.3,OSRM+JhelumBridge,Route R0361 (LD ↔ PAMPORE) merged into Trunk FDR-341. Spatial overlap with trunk corridor. CDI=0.4192. Fleet=0 (counted under Trunk). 🚩 Social Obligation
R0362,SOURA ↔ RAILWAY STATION,MERGED_INTO_TRUNK,FDR-262,Private Minibus,18.799,Peri_Urban,City_Core,0.5993,0.4081,1.25,0.5037,False,MP,35,0,0,0,False,,0.1366,0,91,8,4.0,37,18.5,1610.0,94.0,OSRM+JhelumBridge,Route R0362 (SOURA ↔ RAILWAY STATION) merged into Trunk FDR-262. Spatial overlap with trunk corridor. CDI=0.5037. Fleet=0 (counted under Trunk). 
R0363,SOURA ↔ JEHANGIR CHOWK,MERGED_INTO_TRUNK,FDR-122,Private Minibus,9.17,Urban,City_Core,0.7714,0.5403,1.25,0.6558,True,HP,20,0,0,0,False,,0.0517,0,66,9,4.5,18,9.0,764.2,73.4,OSRM,Route R0363 (SOURA ↔ JEHANGIR CHOWK) merged into Trunk FDR-122. Spatial overlap with trunk corridor. CDI=0.6558. Fleet=0 (counted under Trunk). 🚩 Social Obligation
R0364,SOURA ↔ JEHANGIR CHOWK,MERGED_INTO_TRUNK,FDR-122,Private Minibus,9.17,Urban,City_Core,0.7714,0.5403,1.25,0.6558,True,HP,20,0,0,0,False,,0.0517,0,66,9,4.5,18,9.0,764.2,73.4,OSRM,Route R0364 (SOURA ↔ JEHANGIR CHOWK) merged into Trunk FDR-122. Spatial overlap with trunk corridor. CDI=0.6558. Fleet=0 (counted under Trunk). 🚩 Social Obligation
R0365,SAIDAKADAL ↔ PARIMPORA,MERGED_INTO_TRUNK,FDR-106,Private Minibus,14.556,Urban,City_Core,0.8063,0.4456,1.25,0.626,False,HP,20,0,0,0,False,,0.2237,0,63,11,5.5,29,14.5,1441.1,116.4,OSRM+JhelumBridge,Route R0365 (SAIDAKADAL ↔ PARIMPORA) merged into Trunk FDR-106. Spatial overlap with trunk corridor. CDI=0.6260. Fleet=0 (counted under Trunk). 
R0366,PARIMPORA ↔ BUDGAM,MERGED_INTO_TRUNK,FDR-488,Private Minibus,31.385,Peri_Urban,City_Core,0.303,0.1075,1.25,0.2052,False,LP,35,0,0,0,False,,0.1411,0,38,11,5.5,62,31.0,2180.6,156.9,OSRM,Route R0366 (PARIMPORA ↔ BUDGAM) merged into Trunk FDR-488. Spatial overlap with trunk corridor. CDI=0.2052. Fleet=0 (counted under Trunk). 
R0367,NARBAL ↔ JEHANGIR CHOWK,MERGED_INTO_TRUNK,FDR-455,Private Minibus,21.634,Peri_Urban,City_Core,0.3814,0.1141,1.25,0.2478,False,LP,35,0,0,0,False,,0.1197,0,31,22,11.0,43,21.5,1698.7,108.2,OSRM,Route R0367 (NARBAL ↔ JEHANGIR CHOWK) merged into Trunk FDR-455. Spatial overlap with trunk corridor. CDI=0.2478. Fleet=0 (counted under Trunk). 
R0368,LALBAZAR ↔ LALCHOWK,MERGED_INTO_TRUNK,FDR-081,Private Minibus,8.433,Urban,City_Core,1.0,0.5289,1.25,0.7645,True,HP,20,0,0,0,False,,0.1248,0,56,11,5.5,16,8.0,617.5,67.5,OSRM,Route R0368 (LALBAZAR ↔ LALCHOWK) merged into Trunk FDR-081. Spatial overlap with trunk corridor. CDI=0.7645. Fleet=0 (counted under Trunk). 🚩 Social Obligation
R0369,HAZRATBAL ↔ LD,MERGED_INTO_TRUNK,FDR-147,Private Minibus,8.251,Urban,City_Core,0.6633,0.3468,1.25,0.505,True,MP,35,0,0,0,False,,0.0832,0,34,10,5.0,16,8.0,1283.5,66.0,OSRM+JhelumBridge,Route R0369 (HAZRATBAL ↔ LD) merged into Trunk FDR-147. Spatial overlap with trunk corridor. CDI=0.5050. Fleet=0 (counted under Trunk). 🚩 Social Obligation
R0370,PARIMPORA ↔ PANTHACHOWK,MERGED_INTO_TRUNK,FDR-289,LPV / Tempo,21.307,Peri_Urban,City_Core,0.6019,0.3276,1.25,0.4648,False,MP,35,0,0,0,False,,0.2309,0,73,5,2.5,42,21.0,1713.4,106.5,OSRM+JhelumBridge,Route R0370 (PARIMPORA ↔ PANTHACHOWK) merged into Trunk FDR-289. Spatial overlap with trunk corridor. CDI=0.4648. Fleet=0 (counted under Trunk). 
R0371,LD ↔ PAMPORE,MERGED_INTO_TRUNK,FDR-341,Private Minibus,15.854,Peri_Urban,City_Core,0.5585,0.2798,1.25,0.4192,True,MP,35,0,0,0,False,,0.1491,0,50,6,3.0,31,15.5,1392.5,79.3,OSRM+JhelumBridge,Route R0371 (LD ↔ PAMPORE) merged into Trunk FDR-341. Spatial overlap with trunk corridor. CDI=0.4192. Fleet=0 (counted under Trunk). 🚩 Social Obligation
R0372,SOURA ↔ JEHANGIR CHOWK,MERGED_INTO_TRUNK,FDR-122,Private Minibus,9.17,Urban,City_Core,0.7714,0.5403,1.25,0.6558,True,HP,20,0,0,0,False,,0.0517,0,66,9,4.5,18,9.0,764.2,73.4,OSRM,Route R0372 (SOURA ↔ JEHANGIR CHOWK) merged into Trunk FDR-122. Spatial overlap with trunk corridor. CDI=0.6558. Fleet=0 (counted under Trunk). 🚩 Social Obligation
R0373,QAMARWARI ↔ PARIMPORA,RETAINED_AS_FEEDER,FDR-406,,2.500,Urban,City_Core,0.4454,0.1825,0.75,0.314,True,MP,35,2,0,2,False,,0.2094,4779,31,19,9.5,5,2.5,184.2,20.0,OSRM,"Route R0373 (QAMARWARI ↔ PARIMPORA) → Feeder FDR-406. Route_Type=Urban | Zone=City_Core | CDI=0.3140 | Band=MP | Headway=35 min | Fleet=5 (HPV=0 enforced, MPV=5 — 100%% MPV). Distinct catchment: 4.31% of CMP 2024 pop. residents over 14.6 km. 🚩 Social Obligation"
R0374,PARIMPORA ↔ BUDGAM,MERGED_INTO_TRUNK,FDR-488,Private Minibus,31.385,Peri_Urban,City_Core,0.303,0.1075,1.25,0.2052,False,LP,35,0,0,0,False,,0.1411,0,38,11,5.5,62,31.0,2180.6,156.9,OSRM,Route R0374 (PARIMPORA ↔ BUDGAM) merged into Trunk FDR-488. Spatial overlap with trunk corridor. CDI=0.2052. Fleet=0 (counted under Trunk). 
R0375,LD ↔ PAMPORE,MERGED_INTO_TRUNK,FDR-341,Private Minibus,15.854,Peri_Urban,City_Core,0.5585,0.2798,1.25,0.4192,True,MP,35,0,0,0,False,,0.1491,0,50,6,3.0,31,15.5,1392.5,79.3,OSRM+JhelumBridge,Route R0375 (LD ↔ PAMPORE) merged into Trunk FDR-341. Spatial overlap with trunk corridor. CDI=0.4192. Fleet=0 (counted under Trunk). 🚩 Social Obligation
R0376,PARIMPORA ↔ BUDGAM,MERGED_INTO_TRUNK,FDR-488,Private Minibus,31.385,Peri_Urban,City_Core,0.303,0.1075,1.25,0.2052,False,LP,35,0,0,0,False,,0.1411,0,38,11,5.5,62,31.0,2180.6,156.9,OSRM,Route R0376 (PARIMPORA ↔ BUDGAM) merged into Trunk FDR-488. Spatial overlap with trunk corridor. CDI=0.2052. Fleet=0 (counted under Trunk). 
R0377,LD ↔ PARIMPORA,MERGED_INTO_TRUNK,FDR-201,Private Minibus,10.44,Urban,City_Core,0.7554,0.2782,1.25,0.5168,True,MP,35,0,0,0,False,,0.2627,0,32,8,4.0,20,10.0,669.5,83.5,OSRM,Route R0377 (LD ↔ PARIMPORA) merged into Trunk FDR-201. Spatial overlap with trunk corridor. CDI=0.5168. Fleet=0 (counted under Trunk). 🚩 Social Obligation
R0378,SOURA ↔ LD,MERGED_INTO_TRUNK,FDR-059,Private Minibus,10.817,Urban,City_Core,0.7984,0.4545,1.25,0.6264,True,HP,20,0,0,0,False,,0.1007,0,69,11,5.5,21,10.5,798.2,86.5,OSRM,Route R0378 (SOURA ↔ LD) merged into Trunk FDR-059. Spatial overlap with trunk corridor. CDI=0.6264. Fleet=0 (counted under Trunk). 🚩 Social Obligation
R0379,LD ↔ PAMPORE,MERGED_INTO_TRUNK,FDR-341,Private Minibus,15.854,Peri_Urban,City_Core,0.5585,0.2798,1.25,0.4192,True,MP,35,0,0,0,False,,0.1491,0,50,6,3.0,31,15.5,1392.5,79.3,OSRM+JhelumBridge,Route R0379 (LD ↔ PAMPORE) merged into Trunk FDR-341. Spatial overlap with trunk corridor. CDI=0.4192. Fleet=0 (counted under Trunk). 🚩 Social Obligation
R0380,SOURA ↔ HAZRATBAL,MERGED_INTO_TRUNK,TRK-031,Private Minibus,8.337,Urban,City_Core,0.7069,0.4192,1.25,0.5631,False,MP,35,0,0,0,False,,0.0333,0,41,6,3.0,16,8.0,1248.4,66.7,OSRM+JhelumBridge,Route R0380 (SOURA ↔ HAZRATBAL) merged into Trunk TRK-031. Spatial overlap with trunk corridor. CDI=0.5631. Fleet=0 (counted under Trunk). 
R0381,SOURA ↔ HAZRATBAL,MERGED_INTO_TRUNK,TRK-031,Private Minibus,8.337,Urban,City_Core,0.7069,0.4192,1.25,0.5631,False,MP,35,0,0,0,False,,0.0333,0,41,6,3.0,16,8.0,1248.4,66.7,OSRM+JhelumBridge,Route R0381 (SOURA ↔ HAZRATBAL) merged into Trunk TRK-031. Spatial overlap with trunk corridor. CDI=0.5631. Fleet=0 (counted under Trunk). 
R0382,SOURA ↔ RAILWAY STATION,MERGED_INTO_TRUNK,FDR-262,Private Minibus,18.799,Peri_Urban,City_Core,0.5993,0.4081,1.25,0.5037,False,MP,35,0,0,0,False,,0.1366,0,91,8,4.0,37,18.5,1610.0,94.0,OSRM+JhelumBridge,Route R0382 (SOURA ↔ RAILWAY STATION) merged into Trunk FDR-262. Spatial overlap with trunk corridor. CDI=0.5037. Fleet=0 (counted under Trunk). 
R0383,PARIMPORA ↔ BUDGAM,MERGED_INTO_TRUNK,FDR-488,Private Minibus,31.385,Peri_Urban,City_Core,0.303,0.1075,1.25,0.2052,False,LP,35,0,0,0,False,,0.1411,0,38,11,5.5,62,31.0,2180.6,156.9,OSRM,Route R0383 (PARIMPORA ↔ BUDGAM) merged into Trunk FDR-488. Spatial overlap with trunk corridor. CDI=0.2052. Fleet=0 (counted under Trunk). 
R0384,QAMARWARI ↔ PARIMPORA,MERGED_INTO_TRUNK,FDR-406,Private Minibus,20.044,Peri_Urban,City_Core,0.4276,0.2704,1.25,0.349,False,MP,35,0,0,0,False,,0.2377,0,51,17,8.5,40,20.0,1296.0,100.2,OSRM,Route R0384 (QAMARWARI ↔ PARIMPORA) merged into Trunk FDR-406. Spatial overlap with trunk corridor. CDI=0.3490. Fleet=0 (counted under Trunk). 
R0385,QAMARWARI ↔ PARIMPORA,MERGED_INTO_TRUNK,FDR-406,Private Minibus,20.044,Peri_Urban,City_Core,0.4276,0.2704,1.25,0.349,False,MP,35,0,0,0,False,,0.2377,0,51,17,8.5,40,20.0,1296.0,100.2,OSRM,Route R0385 (QAMARWARI ↔ PARIMPORA) merged into Trunk FDR-406. Spatial overlap with trunk corridor. CDI=0.3490. Fleet=0 (counted under Trunk). 
R0386,SOURA ↔ LD,MERGED_INTO_TRUNK,FDR-059,Private Minibus,11.052,Urban,City_Core,0.9657,0.6207,1.25,0.7932,True,HP,20,0,0,0,False,,0.1529,0,85,8,4.0,22,11.0,725.1,88.4,OSRM,Route R0386 (SOURA ↔ LD) merged into Trunk FDR-059. Spatial overlap with trunk corridor. CDI=0.7932. Fleet=0 (counted under Trunk). 🚩 Social Obligation
R0387,HAZRATBAL ↔ LD,MERGED_INTO_TRUNK,FDR-147,Private Minibus,8.251,Urban,City_Core,0.6633,0.3468,1.25,0.505,True,MP,35,0,0,0,False,,0.0832,0,34,10,5.0,16,8.0,1283.5,66.0,OSRM+JhelumBridge,Route R0387 (HAZRATBAL ↔ LD) merged into Trunk FDR-147. Spatial overlap with trunk corridor. CDI=0.5050. Fleet=0 (counted under Trunk). 🚩 Social Obligation
R0388,QAMARWARI ↔ PARIMPORA,MERGED_INTO_TRUNK,FDR-406,LPV / Tempo,20.044,Peri_Urban,City_Core,0.4276,0.2704,1.25,0.349,False,MP,35,0,0,0,False,,0.2377,0,51,17,8.5,40,20.0,1296.0,100.2,OSRM,Route R0388 (QAMARWARI ↔ PARIMPORA) merged into Trunk FDR-406. Spatial overlap with trunk corridor. CDI=0.3490. Fleet=0 (counted under Trunk). 
R0389,LD ↔ PAMPORE,MERGED_INTO_TRUNK,FDR-341,Private Minibus,15.854,Peri_Urban,City_Core,0.5585,0.2798,1.25,0.4192,True,MP,35,0,0,0,False,,0.1491,0,50,6,3.0,31,15.5,1392.5,79.3,OSRM+JhelumBridge,Route R0389 (LD ↔ PAMPORE) merged into Trunk FDR-341. Spatial overlap with trunk corridor. CDI=0.4192. Fleet=0 (counted under Trunk). 🚩 Social Obligation
R0390,QAMARWARI ↔ PARIMPORA,MERGED_INTO_TRUNK,FDR-406,Private Minibus,20.044,Peri_Urban,City_Core,0.4276,0.2704,1.25,0.349,False,MP,35,0,0,0,False,,0.2377,0,51,17,8.5,40,20.0,1296.0,100.2,OSRM,Route R0390 (QAMARWARI ↔ PARIMPORA) merged into Trunk FDR-406. Spatial overlap with trunk corridor. CDI=0.3490. Fleet=0 (counted under Trunk). 
R0391,SOURA ↔ LD,MERGED_INTO_TRUNK,FDR-059,Private Minibus,10.817,Urban,City_Core,0.7984,0.4545,1.25,0.6264,True,HP,20,0,0,0,False,,0.1007,0,69,11,5.5,21,10.5,798.2,86.5,OSRM,Route R0391 (SOURA ↔ LD) merged into Trunk FDR-059. Spatial overlap with trunk corridor. CDI=0.6264. Fleet=0 (counted under Trunk). 🚩 Social Obligation
R0392,SOURA ↔ HAZRATBAL,MERGED_INTO_TRUNK,TRK-031,Private Minibus,8.337,Urban,City_Core,0.7069,0.4192,1.25,0.5631,False,MP,35,0,0,0,False,,0.0333,0,41,6,3.0,16,8.0,1248.4,66.7,OSRM+JhelumBridge,Route R0392 (SOURA ↔ HAZRATBAL) merged into Trunk TRK-031. Spatial overlap with trunk corridor. CDI=0.5631. Fleet=0 (counted under Trunk). 
R0393,MA ROAD ↔ SAFAKADAL,RETAINED_AS_FEEDER,FDR-190,,13.244,Urban,City_Core,0.6037,0.4774,0.75,0.5406,True,MP,35,5,0,0,False,,0.1742,5149,71,6,3.0,26,13.0,1219.1,106.0,OSRM+JhelumBridge,"Route R0393 (MA ROAD ↔ SAFAKADAL) → Feeder FDR-190. Route_Type=Urban | Zone=City_Core | CDI=0.5406 | Band=MP | Headway=35 min | Fleet=5 (HPV=0 enforced, MPV=0 — 100%% MPV). Distinct catchment: 5.00% of CMP 2024 pop. residents over 13.2 km. 🚩 Social Obligation"
R0394,SOURA ↔ LD,MERGED_INTO_TRUNK,FDR-059,Private Minibus,11.052,Urban,City_Core,0.9657,0.6207,1.25,0.7932,True,HP,20,0,0,0,False,,0.1529,0,85,8,4.0,22,11.0,725.1,88.4,OSRM,Route R0394 (SOURA ↔ LD) merged into Trunk FDR-059. Spatial overlap with trunk corridor. CDI=0.7932. Fleet=0 (counted under Trunk). 🚩 Social Obligation
R0395,PARIMPORA ↔ PANTHACHOWK,MERGED_INTO_TRUNK,FDR-289,Private Minibus,21.307,Peri_Urban,City_Core,0.6019,0.3276,1.25,0.4648,False,MP,35,0,0,0,False,,0.2309,0,73,5,2.5,42,21.0,1713.4,106.5,OSRM+JhelumBridge,Route R0395 (PARIMPORA ↔ PANTHACHOWK) merged into Trunk FDR-289. Spatial overlap with trunk corridor. CDI=0.4648. Fleet=0 (counted under Trunk). 
R0396,RANGPORA ↔ LD,RETAINED_AS_FEEDER,FDR-158,,9.500,Peri_Urban,City_Core,0.7289,0.4344,0.75,0.5816,True,MP,35,3,0,3,False,,0.1087,8134,114,21,10.5,19,9.5,834.9,47.5,OSRM+JhelumBridge,"Route R0396 (RANGPORA ↔ LD) → Feeder FDR-158. Route_Type=Peri_Urban | Zone=City_Core | CDI=0.5816 | Band=MP | Headway=35 min | Fleet=5 (HPV=0 enforced, MPV=5 — 100%% MPV). Distinct catchment: 9.69% of CMP 2024 pop. residents over 21.9 km. 🚩 Social Obligation"
R0397,SOURA ↔ LD,MERGED_INTO_TRUNK,FDR-059,Private Minibus,10.817,Urban,City_Core,0.7984,0.4545,1.25,0.6264,True,HP,20,0,0,0,False,,0.1007,0,69,11,5.5,21,10.5,798.2,86.5,OSRM,Route R0397 (SOURA ↔ LD) merged into Trunk FDR-059. Spatial overlap with trunk corridor. CDI=0.6264. Fleet=0 (counted under Trunk). 🚩 Social Obligation
R0398,BAGHAT SHORA ↔ LALCHOWK,MERGED_INTO_TRUNK,FDR-265,LPV / Tempo,13.003,Urban,City_Core,0.599,0.3925,1.25,0.4958,False,MP,35,0,0,0,False,,0.1315,0,55,12,6.0,26,13.0,1312.7,104.0,OSRM+JhelumBridge,Route R0398 (BAGHAT SHORA ↔ LALCHOWK) merged into Trunk FDR-265. Spatial overlap with trunk corridor. CDI=0.4958. Fleet=0 (counted under Trunk). 
R0399,LD ↔ PAMPORE,MERGED_INTO_TRUNK,FDR-341,Private Minibus,15.854,Peri_Urban,City_Core,0.5585,0.2798,1.25,0.4192,True,MP,35,0,0,0,False,,0.1491,0,50,6,3.0,31,15.5,1392.5,79.3,OSRM+JhelumBridge,Route R0399 (LD ↔ PAMPORE) merged into Trunk FDR-341. Spatial overlap with trunk corridor. CDI=0.4192. Fleet=0 (counted under Trunk). 🚩 Social Obligation
R0400,PARIMPORA ↔ BUDGAM,MERGED_INTO_TRUNK,FDR-488,LPV / Tempo,31.385,Peri_Urban,City_Core,0.303,0.1075,1.25,0.2052,False,LP,35,0,0,0,False,,0.1411,0,38,11,5.5,62,31.0,2180.6,156.9,OSRM,Route R0400 (PARIMPORA ↔ BUDGAM) merged into Trunk FDR-488. Spatial overlap with trunk corridor. CDI=0.2052. Fleet=0 (counted under Trunk). 
R0401,PARIMPORA ↔ BUDGAM,MERGED_INTO_TRUNK,FDR-488,LPV / Tempo,31.385,Peri_Urban,City_Core,0.303,0.1075,1.25,0.2052,False,LP,35,0,0,0,False,,0.1411,0,38,11,5.5,62,31.0,2180.6,156.9,OSRM,Route R0401 (PARIMPORA ↔ BUDGAM) merged into Trunk FDR-488. Spatial overlap with trunk corridor. CDI=0.2052. Fleet=0 (counted under Trunk). 
R0402,CHANAPORA ↔ SOURA,MERGED_INTO_TRUNK,FDR-078,Private Minibus,14.108,Urban,City_Core,0.9723,0.5724,1.25,0.7724,False,HP,20,0,0,0,False,,0.1296,0,101,6,3.0,28,14.0,849.7,105.9,OSRM,Route R0402 (CHANAPORA ↔ SOURA) merged into Trunk FDR-078. Spatial overlap with trunk corridor. CDI=0.7724. Fleet=0 (counted under Trunk). 
R0403,SOURA ↔ LD,MERGED_INTO_TRUNK,FDR-059,Private Minibus,11.052,Urban,City_Core,0.9657,0.6207,1.25,0.7932,True,HP,20,0,0,0,False,,0.1529,0,85,8,4.0,22,11.0,725.1,88.4,OSRM,Route R0403 (SOURA ↔ LD) merged into Trunk FDR-059. Spatial overlap with trunk corridor. CDI=0.7932. Fleet=0 (counted under Trunk). 🚩 Social Obligation
R0404,SOURA ↔ LD,MERGED_INTO_TRUNK,FDR-059,Private Minibus,7.325,Urban,City_Core,1.0,0.6082,1.25,0.8041,True,HP,20,0,0,0,False,,0.116,0,65,13,6.5,14,7.0,606.8,58.6,OSRM,Route R0404 (SOURA ↔ LD) merged into Trunk FDR-059. Spatial overlap with trunk corridor. CDI=0.8041. Fleet=0 (counted under Trunk). 🚩 Social Obligation
R0405,SOURA ↔ JEHANGIR CHOWK,MERGED_INTO_TRUNK,FDR-122,LPV / Tempo,9.676,Urban,City_Core,0.9581,0.6758,1.25,0.8169,True,HP,20,0,0,0,False,,0.1034,0,86,10,5.0,19,9.5,786.9,77.4,OSRM,Route R0405 (SOURA ↔ JEHANGIR CHOWK) merged into Trunk FDR-122. Spatial overlap with trunk corridor. CDI=0.8169. Fleet=0 (counted under Trunk). 🚩 Social Obligation
R0406,SOURA ↔ LD,MERGED_INTO_TRUNK,FDR-059,Private Minibus,10.817,Urban,City_Core,0.7984,0.4545,1.25,0.6264,True,HP,20,0,0,0,False,,0.1007,0,69,11,5.5,21,10.5,798.2,86.5,OSRM,Route R0406 (SOURA ↔ LD) merged into Trunk FDR-059. Spatial overlap with trunk corridor. CDI=0.6264. Fleet=0 (counted under Trunk). 🚩 Social Obligation
R0407,BAGHAT SHORA ↔ LALCHOWK,MERGED_INTO_TRUNK,FDR-265,Private Minibus,13.003,Urban,City_Core,0.599,0.3925,1.25,0.4958,False,MP,35,0,0,0,False,,0.1315,0,55,12,6.0,26,13.0,1312.7,104.0,OSRM+JhelumBridge,Route R0407 (BAGHAT SHORA ↔ LALCHOWK) merged into Trunk FDR-265. Spatial overlap with trunk corridor. CDI=0.4958. Fleet=0 (counted under Trunk). 
R0408,SOURA ↔ LALCHOWK,RETAINED_AS_FEEDER,FDR-050,,9.494,Urban,City_Core,0.9312,0.67,0.75,0.8006,False,HP,20,5,0,5,False,,0.1438,4773,80,11,5.5,18,9.0,1127.9,76.0,OSRM+JhelumBridge,"Route R0408 (SOURA ↔ LALCHOWK) → Feeder FDR-050. Route_Type=Urban | Zone=City_Core | CDI=0.8006 | Band=HP | Headway=20 min | Fleet=5 (HPV=0 enforced, MPV=5 — 100%% MPV). Distinct catchment: 5.19% of CMP 2024 pop. residents over 9.5 km. "
R0409,HAZRATBAL ↔ LD,MERGED_INTO_TRUNK,FDR-147,Private Minibus,8.251,Urban,City_Core,0.6633,0.3468,1.25,0.505,True,MP,35,0,0,0,False,,0.0832,0,34,10,5.0,16,8.0,1283.5,66.0,OSRM+JhelumBridge,Route R0409 (HAZRATBAL ↔ LD) merged into Trunk FDR-147. Spatial overlap with trunk corridor. CDI=0.5050. Fleet=0 (counted under Trunk). 🚩 Social Obligation
R0410,BAGHAT SHORA ↔ LALCHOWK,MERGED_INTO_TRUNK,FDR-265,LPV / Tempo,13.003,Urban,City_Core,0.599,0.3925,1.25,0.4958,False,MP,35,0,0,0,False,,0.1315,0,55,12,6.0,26,13.0,1312.7,104.0,OSRM+JhelumBridge,Route R0410 (BAGHAT SHORA ↔ LALCHOWK) merged into Trunk FDR-265. Spatial overlap with trunk corridor. CDI=0.4958. Fleet=0 (counted under Trunk). 
R0411,SOURA ↔ LALCHOWK,MERGED_INTO_TRUNK,FDR-050,Private Minibus,9.494,Urban,City_Core,0.9312,0.67,1.25,0.8006,False,HP,20,0,0,0,False,,0.1438,0,80,11,5.5,18,9.0,1127.9,76.0,OSRM+JhelumBridge,Route R0411 (SOURA ↔ LALCHOWK) merged into Trunk FDR-050. Spatial overlap with trunk corridor. CDI=0.8006. Fleet=0 (counted under Trunk). 
R0412,LAWAYPORA ↔ JEHANGIR CHOWK,MERGED_INTO_TRUNK,FDR-394,Private Minibus,14.207,Urban,City_Core,0.552,0.1642,1.25,0.3581,False,MP,35,0,0,0,False,,0.1701,0,29,21,10.5,28,14.0,1005.6,113.7,OSRM,Route R0412 (LAWAYPORA ↔ JEHANGIR CHOWK) merged into Trunk FDR-394. Spatial overlap with trunk corridor. CDI=0.3581. Fleet=0 (counted under Trunk). 
R0413,SOURA ↔ LD,MERGED_INTO_TRUNK,FDR-059,Private Minibus,10.817,Urban,City_Core,0.7984,0.4545,1.25,0.6264,True,HP,20,0,0,0,False,,0.1007,0,69,11,5.5,21,10.5,798.2,86.5,OSRM,Route R0413 (SOURA ↔ LD) merged into Trunk FDR-059. Spatial overlap with trunk corridor. CDI=0.6264. Fleet=0 (counted under Trunk). 🚩 Social Obligation
R0414,PARIMPORA ↔ BUDGAM,MERGED_INTO_TRUNK,FDR-488,LPV / Tempo,31.385,Peri_Urban,City_Core,0.303,0.1075,1.25,0.2052,False,LP,35,0,0,0,False,,0.1411,0,38,11,5.5,62,31.0,2180.6,156.9,OSRM,Route R0414 (PARIMPORA ↔ BUDGAM) merged into Trunk FDR-488. Spatial overlap with trunk corridor. CDI=0.2052. Fleet=0 (counted under Trunk). 
R0415,PARIMPORA ↔ BUDGAM,MERGED_INTO_TRUNK,FDR-488,LPV / Tempo,31.385,Peri_Urban,City_Core,0.303,0.1075,1.25,0.2052,False,LP,35,0,0,0,False,,0.1411,0,38,11,5.5,62,31.0,2180.6,156.9,OSRM,Route R0415 (PARIMPORA ↔ BUDGAM) merged into Trunk FDR-488. Spatial overlap with trunk corridor. CDI=0.2052. Fleet=0 (counted under Trunk). 
R0416,SOURA ↔ GANDERBAL,MERGED_INTO_TRUNK,FDR-481,Private Minibus,9.86,Urban,City_Core,0.2779,0.1597,1.25,0.2188,False,LP,35,0,0,0,False,,0.0205,0,20,6,3.0,19,9.5,959.3,78.9,OSRM,Route R0416 (SOURA ↔ GANDERBAL) merged into Trunk FDR-481. Spatial overlap with trunk corridor. CDI=0.2188. Fleet=0 (counted under Trunk). 
R0417,SOURA ↔ GANDERBAL,MERGED_INTO_TRUNK,FDR-481,Private Minibus,9.86,Urban,City_Core,0.2779,0.1597,1.25,0.2188,False,LP,35,0,0,0,False,,0.0205,0,20,6,3.0,19,9.5,959.3,78.9,OSRM,Route R0417 (SOURA ↔ GANDERBAL) merged into Trunk FDR-481. Spatial overlap with trunk corridor. CDI=0.2188. Fleet=0 (counted under Trunk). 
R0418,SOURA ↔ HAZRATBAL,MERGED_INTO_TRUNK,TRK-031,Private Minibus,8.337,Urban,City_Core,0.7069,0.4192,1.25,0.5631,False,MP,35,0,0,0,False,,0.0333,0,41,6,3.0,16,8.0,1248.4,66.7,OSRM+JhelumBridge,Route R0418 (SOURA ↔ HAZRATBAL) merged into Trunk TRK-031. Spatial overlap with trunk corridor. CDI=0.5631. Fleet=0 (counted under Trunk). 
R0419,PARIMPORA ↔ BUDGAM,MERGED_INTO_TRUNK,FDR-488,Private Minibus,31.385,Peri_Urban,City_Core,0.303,0.1075,1.25,0.2052,False,LP,35,0,0,0,False,,0.1411,0,38,11,5.5,62,31.0,2180.6,156.9,OSRM,Route R0419 (PARIMPORA ↔ BUDGAM) merged into Trunk FDR-488. Spatial overlap with trunk corridor. CDI=0.2052. Fleet=0 (counted under Trunk). 
R0420,JEHANGIR CHOWK ↔ HMT,MERGED_INTO_TRUNK,FDR-275,LPV / Tempo,10.311,Urban,City_Core,0.6674,0.2668,1.25,0.4671,False,MP,35,0,0,0,False,,0.2746,0,30,10,5.0,20,10.0,654.3,82.5,OSRM,Route R0420 (JEHANGIR CHOWK ↔ HMT) merged into Trunk FDR-275. Spatial overlap with trunk corridor. CDI=0.4671. Fleet=0 (counted under Trunk). 
R0421,MALBAGH ↔ LD,MERGED_INTO_TRUNK,FDR-101,LPV / Tempo,11.428,Urban,City_Core,0.9192,0.4621,1.25,0.6906,True,HP,20,0,0,0,False,,0.0816,0,71,17,8.5,22,11.0,1281.3,91.4,OSRM+JhelumBridge,Route R0421 (MALBAGH ↔ LD) merged into Trunk FDR-101. Spatial overlap with trunk corridor. CDI=0.6906. Fleet=0 (counted under Trunk). 🚩 Social Obligation
R0422,JEHANGIR CHOWK ↔ JVC,MERGED_INTO_TRUNK,FDR-269,Private Minibus,8.334,Urban,City_Core,0.696,0.322,1.25,0.509,False,MP,35,0,0,0,False,,0.1905,0,27,15,7.5,16,8.0,646.4,66.7,OSRM,Route R0422 (JEHANGIR CHOWK ↔ JVC) merged into Trunk FDR-269. Spatial overlap with trunk corridor. CDI=0.5090. Fleet=0 (counted under Trunk). 
R0423,MA ROAD ↔ PARIMPORA,RETAINED_AS_FEEDER,FDR-325,,18.669,Peri_Urban,City_Core,0.6086,0.2908,0.75,0.4497,False,MP,35,4,0,4,False,,0.1601,6488,60,12,6.0,37,18.5,1649.3,93.3,OSRM+JhelumBridge,"Route R0423 (MA ROAD ↔ PARIMPORA) → Feeder FDR-325. Route_Type=Peri_Urban | Zone=City_Core | CDI=0.4497 | Band=MP | Headway=35 min | Fleet=4 (HPV=0 enforced, MPV=4 — 100%% MPV). Distinct catchment: 7.10% of CMP 2024 pop. residents over 18.7 km. "
R0424,TRC ↔ HAZRATBAL,MERGED_INTO_TRUNK,FDR-161,Private Minibus,8.127,Urban,City_Core,0.7261,0.4076,1.25,0.5668,False,MP,35,0,0,0,False,,0.0787,0,34,4,2.0,16,8.0,579.9,65.0,OSRM,Route R0424 (TRC ↔ HAZRATBAL) merged into Trunk FDR-161. Spatial overlap with trunk corridor. CDI=0.5668. Fleet=0 (counted under Trunk). 
R0425,TRC ↔ HAZRATBAL,MERGED_INTO_TRUNK,FDR-161,Private Minibus,8.127,Urban,City_Core,0.7261,0.4076,1.25,0.5668,False,MP,35,0,0,0,False,,0.0787,0,34,4,2.0,16,8.0,579.9,65.0,OSRM,Route R0425 (TRC ↔ HAZRATBAL) merged into Trunk FDR-161. Spatial overlap with trunk corridor. CDI=0.5668. Fleet=0 (counted under Trunk). 
R0426,LD ↔ PAMPORE,MERGED_INTO_TRUNK,FDR-341,Private Minibus,15.854,Peri_Urban,City_Core,0.5585,0.2798,1.25,0.4192,True,MP,35,0,0,0,False,,0.1491,0,50,6,3.0,31,15.5,1392.5,79.3,OSRM+JhelumBridge,Route R0426 (LD ↔ PAMPORE) merged into Trunk FDR-341. Spatial overlap with trunk corridor. CDI=0.4192. Fleet=0 (counted under Trunk). 🚩 Social Obligation
R0427,SOURA ↔ HAZRATBAL,MERGED_INTO_TRUNK,TRK-031,Private Minibus,8.337,Urban,City_Core,0.7069,0.4192,1.25,0.5631,False,MP,35,0,0,0,False,,0.0333,0,41,6,3.0,16,8.0,1248.4,66.7,OSRM+JhelumBridge,Route R0427 (SOURA ↔ HAZRATBAL) merged into Trunk TRK-031. Spatial overlap with trunk corridor. CDI=0.5631. Fleet=0 (counted under Trunk). 
R0428,SOURA ↔ HAZRATBAL,MERGED_INTO_TRUNK,TRK-031,LPV / Tempo,8.337,Urban,City_Core,0.7069,0.4192,1.25,0.5631,False,MP,35,0,0,0,False,,0.0333,0,41,6,3.0,16,8.0,1248.4,66.7,OSRM+JhelumBridge,Route R0428 (SOURA ↔ HAZRATBAL) merged into Trunk TRK-031. Spatial overlap with trunk corridor. CDI=0.5631. Fleet=0 (counted under Trunk). 
R0429,SOURA ↔ HAZRATBAL,MERGED_INTO_TRUNK,TRK-031,LPV / Tempo,8.337,Urban,City_Core,0.7069,0.4192,1.25,0.5631,False,MP,35,0,0,0,False,,0.0333,0,41,6,3.0,16,8.0,1248.4,66.7,OSRM+JhelumBridge,Route R0429 (SOURA ↔ HAZRATBAL) merged into Trunk TRK-031. Spatial overlap with trunk corridor. CDI=0.5631. Fleet=0 (counted under Trunk). 
R0430,PARIMPORA ↔ BUDGAM,MERGED_INTO_TRUNK,FDR-488,Private Minibus,31.385,Peri_Urban,City_Core,0.303,0.1075,1.25,0.2052,False,LP,35,0,0,0,False,,0.1411,0,38,11,5.5,62,31.0,2180.6,156.9,OSRM,Route R0430 (PARIMPORA ↔ BUDGAM) merged into Trunk FDR-488. Spatial overlap with trunk corridor. CDI=0.2052. Fleet=0 (counted under Trunk). 
R0431,LD ↔ PARIMPORA,MERGED_INTO_TRUNK,FDR-201,Private Minibus,10.44,Urban,City_Core,0.7554,0.2782,1.25,0.5168,True,MP,35,0,0,0,False,,0.2627,0,32,8,4.0,20,10.0,669.5,83.5,OSRM,Route R0431 (LD ↔ PARIMPORA) merged into Trunk FDR-201. Spatial overlap with trunk corridor. CDI=0.5168. Fleet=0 (counted under Trunk). 🚩 Social Obligation
R0432,SOURA ↔ LD,MERGED_INTO_TRUNK,FDR-059,Private Minibus,10.099,Urban,City_Core,0.9738,0.6066,1.25,0.7902,True,HP,20,0,0,0,False,,0.1195,0,75,8,4.0,20,10.0,682.4,80.8,OSRM,Route R0432 (SOURA ↔ LD) merged into Trunk FDR-059. Spatial overlap with trunk corridor. CDI=0.7902. Fleet=0 (counted under Trunk). 🚩 Social Obligation
R0433,LD ↔ PARIMPORA,MERGED_INTO_TRUNK,FDR-201,Private Minibus,10.44,Urban,City_Core,0.7554,0.2782,1.25,0.5168,True,MP,35,0,0,0,False,,0.2627,0,32,8,4.0,20,10.0,669.5,83.5,OSRM,Route R0433 (LD ↔ PARIMPORA) merged into Trunk FDR-201. Spatial overlap with trunk corridor. CDI=0.5168. Fleet=0 (counted under Trunk). 🚩 Social Obligation
R0434,SOURA ↔ LD,MERGED_INTO_TRUNK,FDR-059,Private Minibus,10.099,Urban,City_Core,0.9738,0.6066,1.25,0.7902,True,HP,20,0,0,0,False,,0.1195,0,75,8,4.0,20,10.0,682.4,80.8,OSRM,Route R0434 (SOURA ↔ LD) merged into Trunk FDR-059. Spatial overlap with trunk corridor. CDI=0.7902. Fleet=0 (counted under Trunk). 🚩 Social Obligation
R0435,LD ↔ PARIMPORA,MERGED_INTO_TRUNK,FDR-201,LPV / Tempo,10.44,Urban,City_Core,0.7554,0.2782,1.25,0.5168,True,MP,35,0,0,0,False,,0.2627,0,32,8,4.0,20,10.0,669.5,83.5,OSRM,Route R0435 (LD ↔ PARIMPORA) merged into Trunk FDR-201. Spatial overlap with trunk corridor. CDI=0.5168. Fleet=0 (counted under Trunk). 🚩 Social Obligation
R0436,SAFAKADAL ↔ JEHANGIR CHOWK,MERGED_INTO_TRUNK,FDR-575,Private Minibus,3.149,Urban,City_Core,1.0,0.9025,1.25,0.9512,True,HP,20,0,0,0,False,,0.085,0,34,2,1.0,6,3.0,218.7,25.2,OSRM,Route R0436 (SAFAKADAL ↔ JEHANGIR CHOWK) merged into Trunk FDR-575. Spatial overlap with trunk corridor. CDI=0.9512. Fleet=0 (counted under Trunk). 🚩 Social Obligation
R0437,PARIMPORA ↔ BUDGAM,MERGED_INTO_TRUNK,FDR-488,Private Minibus,31.385,Peri_Urban,City_Core,0.303,0.1075,1.25,0.2052,False,LP,35,0,0,0,False,,0.1411,0,38,11,5.5,62,31.0,2180.6,156.9,OSRM,Route R0437 (PARIMPORA ↔ BUDGAM) merged into Trunk FDR-488. Spatial overlap with trunk corridor. CDI=0.2052. Fleet=0 (counted under Trunk). 
R0438,JEHANGIR CHOWK ↔ HMT,MERGED_INTO_TRUNK,FDR-275,LPV / Tempo,10.311,Urban,City_Core,0.6674,0.2668,1.25,0.4671,False,MP,35,0,0,0,False,,0.2746,0,30,10,5.0,20,10.0,654.3,82.5,OSRM,Route R0438 (JEHANGIR CHOWK ↔ HMT) merged into Trunk FDR-275. Spatial overlap with trunk corridor. CDI=0.4671. Fleet=0 (counted under Trunk). 
R0439,LD ↔ PARIMPORA,MERGED_INTO_TRUNK,FDR-201,Private Minibus,10.44,Urban,City_Core,0.7554,0.2782,1.25,0.5168,True,MP,35,0,0,0,False,,0.2627,0,32,8,4.0,20,10.0,669.5,83.5,OSRM,Route R0439 (LD ↔ PARIMPORA) merged into Trunk FDR-201. Spatial overlap with trunk corridor. CDI=0.5168. Fleet=0 (counted under Trunk). 🚩 Social Obligation
R0440,SOURA ↔ LD,MERGED_INTO_TRUNK,FDR-059,Private Minibus,11.052,Urban,City_Core,0.9657,0.6207,1.25,0.7932,True,HP,20,0,0,0,False,,0.1529,0,85,8,4.0,22,11.0,725.1,88.4,OSRM,Route R0440 (SOURA ↔ LD) merged into Trunk FDR-059. Spatial overlap with trunk corridor. CDI=0.7932. Fleet=0 (counted under Trunk). 🚩 Social Obligation
R0441,JEHANGIR CHOWK ↔ JVC,MERGED_INTO_TRUNK,FDR-269,LPV / Tempo,8.334,Urban,City_Core,0.696,0.322,1.25,0.509,False,MP,35,0,0,0,False,,0.1905,0,27,15,7.5,16,8.0,646.4,66.7,OSRM,Route R0441 (JEHANGIR CHOWK ↔ JVC) merged into Trunk FDR-269. Spatial overlap with trunk corridor. CDI=0.5090. Fleet=0 (counted under Trunk). 
R0442,SOURA ↔ LD,MERGED_INTO_TRUNK,FDR-059,LPV / Tempo,11.052,Urban,City_Core,0.9657,0.6207,1.25,0.7932,True,HP,20,0,0,0,False,,0.1529,0,85,8,4.0,22,11.0,725.1,88.4,OSRM,Route R0442 (SOURA ↔ LD) merged into Trunk FDR-059. Spatial overlap with trunk corridor. CDI=0.7932. Fleet=0 (counted under Trunk). 🚩 Social Obligation
R0443,SOURA ↔ LD,MERGED_INTO_TRUNK,FDR-059,LPV / Tempo,10.099,Urban,City_Core,0.9738,0.6066,1.25,0.7902,True,HP,20,0,0,0,False,,0.1195,0,75,8,4.0,20,10.0,682.4,80.8,OSRM,Route R0443 (SOURA ↔ LD) merged into Trunk FDR-059. Spatial overlap with trunk corridor. CDI=0.7902. Fleet=0 (counted under Trunk). 🚩 Social Obligation
R0444,PARIMPORA ↔ JAWAHIRNAGAR,MERGED_INTO_TRUNK,FDR-151,Private Minibus,12.642,Urban,City_Core,0.8084,0.3589,1.25,0.5836,True,MP,35,0,0,0,False,,0.2019,0,49,12,6.0,25,12.5,1381.8,101.1,OSRM+JhelumBridge,Route R0444 (PARIMPORA ↔ JAWAHIRNAGAR) merged into Trunk FDR-151. Spatial overlap with trunk corridor. CDI=0.5836. Fleet=0 (counted under Trunk). 🚩 Social Obligation
R0445,SAFAKADAL ↔ JEHANGIR CHOWK,MERGED_INTO_TRUNK,FDR-575,Private Minibus,3.569,Urban,City_Core,1.0,0.8475,1.25,0.9238,True,HP,20,0,0,0,False,,0.0803,0,37,8,4.0,7,3.5,390.5,28.6,OSRM,Route R0445 (SAFAKADAL ↔ JEHANGIR CHOWK) merged into Trunk FDR-575. Spatial overlap with trunk corridor. CDI=0.9238. Fleet=0 (counted under Trunk). 🚩 Social Obligation
R0446,SRINAGAR to SHANGLIPORA,RETAINED_AS_FEEDER,FDR-510,,35.000,Regional_District,City_Core,0.2605,0.1198,0.75,0.1902,False,LP,50,4,2,2,False,,0.078,8614,59,4,2.0,70,35.0,2839.5,105.0,OSRM+JhelumBridge,"Route R0446 (SRINAGAR to SHANGLIPORA) → Feeder FDR-510. Route_Type=Regional_District | Zone=City_Core | CDI=0.1902 | Band=LP | Headway=50 min | Fleet=4 (HPV=0 enforced, MPV=2 — 100%% MPV). Distinct catchment: 8.42% of CMP 2024 pop. residents over 42.0 km. "
R0447,SRINAGAR to ISGANDERPORA,RETAINED_AS_FEEDER,FDR-466,,26.500,Regional_District,City_Core,0.3202,0.1518,0.75,0.236,False,LP,50,3,2,1,False,,0.097,7949,60,5,2.5,53,26.5,2119.5,79.5,OSRM+JhelumBridge,"Route R0447 (SRINAGAR to ISGANDERPORA) → Feeder FDR-466. Route_Type=Regional_District | Zone=City_Core | CDI=0.2360 | Band=LP | Headway=50 min | Fleet=4 (HPV=0 enforced, MPV=2 — 100%% MPV). Distinct catchment: 7.77% of CMP 2024 pop. residents over 33.6 km. "
R0448,SRINAGAR to ABOORA,RETAINED_AS_FEEDER,FDR-454,,32.753,Regional_District,City_Core,0.3467,0.1499,0.75,0.2483,False,LP,50,3,1,2,False,,0.0986,8203,58,4,2.0,65,32.5,2382.1,98.3,OSRM+JhelumBridge,"Route R0448 (SRINAGAR to ABOORA) → Feeder FDR-454. Route_Type=Regional_District | Zone=City_Core | CDI=0.2483 | Band=LP | Headway=50 min | Fleet=3 (HPV=0 enforced, MPV=2 — 100%% MPV). Distinct catchment: 8.02% of CMP 2024 pop. residents over 32.8 km. "
R0449,SRINAGAR to ARIZAL,RETAINED_AS_FEEDER,FDR-536,,44.306,Regional_District,City_Core,0.2152,0.0803,0.75,0.1478,False,LP,50,4,2,2,False,,0.051,8487,35,13,6.5,88,44.0,3971.3,132.9,OSRM+JhelumBridge,"Route R0449 (SRINAGAR to ARIZAL) → Feeder FDR-536. Route_Type=Regional_District | Zone=City_Core | CDI=0.1478 | Band=LP | Headway=50 min | Fleet=4 (HPV=0 enforced, MPV=2 — 100%% MPV). Distinct catchment: 7.84% of CMP 2024 pop. residents over 44.3 km. "
R0450,SRINAGAR to BADERKOTE,RETAINED_AS_FEEDER,FDR-453,,42.864,Regional_District,City_Core,0.3812,0.1188,0.75,0.25,False,LP,50,4,2,2,False,,0.0761,11518,60,4,2.0,85,42.5,3009.3,128.6,OSRM+JhelumBridge,"Route R0450 (SRINAGAR to BADERKOTE) → Feeder FDR-453. Route_Type=Regional_District | Zone=City_Core | CDI=0.2500 | Band=LP | Headway=50 min | Fleet=4 (HPV=0 enforced, MPV=2 — 100%% MPV). Distinct catchment: 11.26% of CMP 2024 pop. residents over 42.9 km. "
R0451,SRINAGAR to LOOLPORA,RETAINED_AS_FEEDER,FDR-514,,38.921,Regional_District,City_Core,0.2539,0.1116,0.75,0.1828,False,LP,50,4,2,2,False,,0.0298,8335,49,14,7.0,77,38.5,3173.3,116.8,OSRM+JhelumBridge,"Route R0451 (SRINAGAR to LOOLPORA) → Feeder FDR-514. Route_Type=Regional_District | Zone=City_Core | CDI=0.1828 | Band=LP | Headway=50 min | Fleet=4 (HPV=0 enforced, MPV=2 — 100%% MPV). Distinct catchment: 7.66% of CMP 2024 pop. residents over 38.9 km. "
R0452,SRINAGAR to BEERU,RETAINED_AS_FEEDER,FDR-384,,25.000,Regional_District,City_Core,0.5252,0.2278,0.75,0.3765,False,MP,50,3,2,1,False,,0.1422,5577,35,3,1.5,50,25.0,2016.4,75.0,OSRM+JhelumBridge,"Route R0452 (SRINAGAR to BEERU) → Feeder FDR-384. Route_Type=Regional_District | Zone=City_Core | CDI=0.3765 | Band=MP | Headway=50 min | Fleet=2 (HPV=0 enforced, MPV=1 — 100%% MPV). Distinct catchment: 5.15% of CMP 2024 pop. residents over 15.3 km. "
R0453,SRINAGAR to DARDPORA,RETAINED_AS_FEEDER,FDR-565,,106.39,Regional_District,City_Core,0.1338,0.0424,0.75,0.0881,False,LP,50,9,3,6,False,,0.0456,14607,54,6,3.0,212,106.0,6120.0,319.2,OSRM+JhelumBridge,"Route R0453 (SRINAGAR to DARDPORA) → Feeder FDR-565. Route_Type=Regional_District | Zone=City_Core | CDI=0.0881 | Band=LP | Headway=50 min | Fleet=9 (HPV=0 enforced, MPV=6 — 100%% MPV). Distinct catchment: 14.34% of CMP 2024 pop. residents over 106.4 km. "
R0454,SRINAGAR to GAGULDARA,MERGED_INTO_TRUNK,FDR-384,MPS (Stage Carriage),15.277,Regional_District,City_Core,0.5252,0.2278,1.25,0.3765,False,MP,35,0,0,0,False,,0.1422,0,35,3,1.5,30,15.0,1232.2,45.8,OSRM+JhelumBridge,Route R0454 (SRINAGAR to GAGULDARA) merged into Trunk FDR-384. Spatial overlap with trunk corridor. CDI=0.3765. Fleet=0 (counted under Trunk). 
R0455,SRINAGAR to RATNIPORA,RETAINED_AS_FEEDER,FDR-038,,32.500,Regional_District,City_Core,0.1715,0.1142,0.75,0.1428,False,LP,50,3,1,2,False,,0.0734,6156,40,3,1.5,65,32.5,1855.8,97.5,OSRM,"Route R0455 (SRINAGAR to RATNIPORA) → Feeder FDR-038. Route_Type=Regional_District | Zone=City_Core | CDI=0.1428 | Band=LP | Headway=50 min | Fleet=3 (HPV=0 enforced, MPV=2 — 100%% MPV). Distinct catchment: 3.94% of CMP 2024 pop. residents over 25.6 km. "
R0456,SRINAGAR to RATSUN,RETAINED_AS_FEEDER,FDR-437,,28.474,Regional_District,City_Core,0.3935,0.1718,0.75,0.2826,False,LP,50,3,1,2,False,,0.1131,7837,58,3,1.5,56,28.0,2123.0,85.4,OSRM+JhelumBridge,"Route R0456 (SRINAGAR to RATSUN) → Feeder FDR-437. Route_Type=Regional_District | Zone=City_Core | CDI=0.2826 | Band=LP | Headway=50 min | Fleet=3 (HPV=0 enforced, MPV=2 — 100%% MPV). Distinct catchment: 7.66% of CMP 2024 pop. residents over 28.5 km. "
R0457,SRINAGAR to KHAG,RETAINED_AS_FEEDER,FDR-487,,37.849,Regional_District,City_Core,0.2866,0.1331,0.75,0.2098,False,LP,50,4,2,2,False,,0.0862,8276,59,2,1.0,75,37.5,2963.9,113.5,OSRM+JhelumBridge,"Route R0457 (SRINAGAR to KHAG) → Feeder FDR-487. Route_Type=Regional_District | Zone=City_Core | CDI=0.2098 | Band=LP | Headway=50 min | Fleet=4 (HPV=0 enforced, MPV=2 — 100%% MPV). Distinct catchment: 8.09% of CMP 2024 pop. residents over 37.8 km. "
R0458,SRINAGAR to KARHAMA,RETAINED_AS_FEEDER,FDR-463,,32.861,Regional_District,City_Core,0.3417,0.1495,0.75,0.2456,False,LP,50,3,1,2,False,,0.0983,8142,58,4,2.0,65,32.5,2340.8,98.6,OSRM+JhelumBridge,"Route R0458 (SRINAGAR to KARHAMA) → Feeder FDR-463. Route_Type=Regional_District | Zone=City_Core | CDI=0.2456 | Band=LP | Headway=50 min | Fleet=3 (HPV=0 enforced, MPV=2 — 100%% MPV). Distinct catchment: 7.96% of CMP 2024 pop. residents over 32.9 km. "
R0459,SRINAGAR to CHEWDARA,RETAINED_AS_FEEDER,FDR-508,,23.000,Regional_District,City_Core,0.256,0.1287,0.75,0.1924,False,LP,50,3,1,2,False,,0.083,6037,38,10,5.0,46,23.0,2133.8,69.0,OSRM+JhelumBridge,"Route R0459 (SRINAGAR to CHEWDARA) → Feeder FDR-508. Route_Type=Regional_District | Zone=City_Core | CDI=0.1924 | Band=LP | Headway=50 min | Fleet=3 (HPV=0 enforced, MPV=2 — 100%% MPV). Distinct catchment: 5.57% of CMP 2024 pop. residents over 28.2 km. "
R0460,SRINAGAR to BADRUN,RETAINED_AS_FEEDER,FDR-464,,25.000,Regional_District,City_Core,0.3269,0.1512,0.75,0.239,False,LP,50,3,1,2,False,,0.0977,7995,59,2,1.0,50,25.0,1917.5,75.0,OSRM+JhelumBridge,"Route R0460 (SRINAGAR to BADRUN) → Feeder FDR-464. Route_Type=Regional_District | Zone=City_Core | CDI=0.2390 | Band=LP | Headway=50 min | Fleet=3 (HPV=0 enforced, MPV=2 — 100%% MPV). Distinct catchment: 7.81% of CMP 2024 pop. residents over 33.3 km. "
R0461,SRINAGAR to TANGMARG,RETAINED_AS_FEEDER,FDR-439,,40.568,Regional_District,City_Core,0.4229,0.1301,0.75,0.2765,False,LP,50,4,2,2,False,,0.0797,11797,62,2,1.0,81,40.5,2657.9,121.7,OSRM+JhelumBridge,"Route R0461 (SRINAGAR to TANGMARG) → Feeder FDR-439. Route_Type=Regional_District | Zone=City_Core | CDI=0.2765 | Band=LP | Headway=50 min | Fleet=4 (HPV=0 enforced, MPV=2 — 100%% MPV). Distinct catchment: 11.53% of CMP 2024 pop. residents over 40.6 km. "
R0462,SRINAGAR to KHOOR,RETAINED_AS_FEEDER,FDR-570,,111.183,Regional_District,City_Core,0.1112,0.0405,0.75,0.0758,False,LP,50,9,3,6,False,,0.0455,13940,54,38,19.0,222,111.0,6972.9,333.5,OSRM+JhelumBridge,"Route R0462 (SRINAGAR to KHOOR) → Feeder FDR-570. Route_Type=Regional_District | Zone=City_Core | CDI=0.0758 | Band=LP | Headway=50 min | Fleet=9 (HPV=0 enforced, MPV=6 — 100%% MPV). Distinct catchment: 13.68% of CMP 2024 pop. residents over 111.2 km. "
R0463,SRINAGAR to HANDWARA,RETAINED_AS_FEEDER,FDR-551,,73.767,Regional_District,City_Core,0.1661,0.0605,0.75,0.1133,False,LP,50,6,2,4,False,,0.0562,11383,53,5,2.5,147,73.5,3984.2,221.3,OSRM+JhelumBridge,"Route R0463 (SRINAGAR to HANDWARA) → Feeder FDR-551. Route_Type=Regional_District | Zone=City_Core | CDI=0.1133 | Band=LP | Headway=50 min | Fleet=6 (HPV=0 enforced, MPV=4 — 100%% MPV). Distinct catchment: 11.17% of CMP 2024 pop. residents over 73.8 km. "
R0464,SRINAGAR to SHEIKHPORA KAKUTHAL,MERGED_INTO_TRUNK,FDR-384,MPS (Stage Carriage),15.277,Regional_District,City_Core,0.5252,0.2278,1.25,0.3765,False,MP,35,0,0,0,False,,0.1422,0,35,3,1.5,30,15.0,1232.2,45.8,OSRM+JhelumBridge,Route R0464 (SRINAGAR to SHEIKHPORA KAKUTHAL) merged into Trunk FDR-384. Spatial overlap with trunk corridor. CDI=0.3765. Fleet=0 (counted under Trunk). 
R0465,SRINAGAR to TREHGAM KUP,RETAINED_AS_FEEDER,FDR-563,,96.17,Regional_District,City_Core,0.1451,0.0469,0.75,0.096,False,LP,50,7,3,4,False,,0.0504,13773,54,6,3.0,192,96.0,5398.5,288.5,OSRM+JhelumBridge,"Route R0465 (SRINAGAR to TREHGAM KUP) → Feeder FDR-563. Route_Type=Regional_District | Zone=City_Core | CDI=0.0960 | Band=LP | Headway=50 min | Fleet=7 (HPV=0 enforced, MPV=4 — 100%% MPV). Distinct catchment: 13.52% of CMP 2024 pop. residents over 96.2 km. "
R0466,SRINAGAR to CHOWKIBAL,RETAINED_AS_FEEDER,FDR-562,,125.500,Regional_District,City_Core,0.1457,0.0475,0.75,0.0966,False,LP,50,10,4,6,False,,0.0511,13633,54,6,3.0,251,125.5,7041.2,376.5,OSRM+JhelumBridge,"Route R0466 (SRINAGAR to CHOWKIBAL) → Feeder FDR-562. Route_Type=Regional_District | Zone=City_Core | CDI=0.0966 | Band=LP | Headway=50 min | Fleet=7 (HPV=0 enforced, MPV=4 — 100%% MPV). Distinct catchment: 13.38% of CMP 2024 pop. residents over 95.0 km. "
R0467,SRINAGAR to MILYAAL,MERGED_INTO_TRUNK,FDR-384,MPS (Stage Carriage),15.277,Regional_District,City_Core,0.5252,0.2278,1.25,0.3765,False,MP,35,0,0,0,False,,0.1422,0,35,3,1.5,30,15.0,1232.2,45.8,OSRM+JhelumBridge,Route R0467 (SRINAGAR to MILYAAL) merged into Trunk FDR-384. Spatial overlap with trunk corridor. CDI=0.3765. Fleet=0 (counted under Trunk). 
R0468,SRINAGAR to ZURHAMA,MERGED_INTO_TRUNK,FDR-384,MPS (Stage Carriage),15.277,Regional_District,City_Core,0.5252,0.2278,1.25,0.3765,False,MP,35,0,0,0,False,,0.1422,0,35,3,1.5,30,15.0,1232.2,45.8,OSRM+JhelumBridge,Route R0468 (SRINAGAR to ZURHAMA) merged into Trunk FDR-384. Spatial overlap with trunk corridor. CDI=0.3765. Fleet=0 (counted under Trunk). 
R0469,SRINAGAR to TARTHPORA,MERGED_INTO_TRUNK,FDR-384,MPS (Stage Carriage),15.277,Regional_District,City_Core,0.5252,0.2278,1.25,0.3765,False,MP,35,0,0,0,False,,0.1422,0,35,3,1.5,30,15.0,1232.2,45.8,OSRM+JhelumBridge,Route R0469 (SRINAGAR to TARTHPORA) merged into Trunk FDR-384. Spatial overlap with trunk corridor. CDI=0.3765. Fleet=0 (counted under Trunk). 
R0470,SRINAGAR to GAZRIYAL,MERGED_INTO_TRUNK,FDR-384,MPS (Stage Carriage),15.277,Regional_District,City_Core,0.5252,0.2278,1.25,0.3765,False,MP,35,0,0,0,False,,0.1422,0,35,3,1.5,30,15.0,1232.2,45.8,OSRM+JhelumBridge,Route R0470 (SRINAGAR to GAZRIYAL) merged into Trunk FDR-384. Spatial overlap with trunk corridor. CDI=0.3765. Fleet=0 (counted under Trunk). 
R0471,SRINAGAR to HAJIN,RETAINED_AS_FEEDER,FDR-509,,35.566,Regional_District,City_Core,0.2778,0.1062,0.75,0.192,False,LP,50,4,2,2,False,,0.0857,7612,38,5,2.5,71,35.5,2440.4,106.7,OSRM+JhelumBridge,"Route R0471 (SRINAGAR to HAJIN) → Feeder FDR-509. Route_Type=Regional_District | Zone=City_Core | CDI=0.1920 | Band=LP | Headway=50 min | Fleet=4 (HPV=0 enforced, MPV=2 — 100%% MPV). Distinct catchment: 7.44% of CMP 2024 pop. residents over 35.6 km. "
R0472,SRINAGAR to SAFAPORA SUMBAL,RETAINED_AS_FEEDER,FDR-486,,30.51,Regional_District,City_Core,0.3092,0.1194,0.75,0.2143,False,LP,50,3,1,2,False,,0.1014,7036,38,4,2.0,61,30.5,1955.8,91.5,OSRM+JhelumBridge,"Route R0472 (SRINAGAR to SAFAPORA SUMBAL) → Feeder FDR-486. Route_Type=Regional_District | Zone=City_Core | CDI=0.2143 | Band=LP | Headway=50 min | Fleet=3 (HPV=0 enforced, MPV=2 — 100%% MPV). Distinct catchment: 6.88% of CMP 2024 pop. residents over 30.5 km. "
R0473,SRINAGAR to SAFAPORA GBL,RETAINED_AS_FEEDER,FDR-504,,32.954,Regional_District,City_Core,0.2963,0.1106,0.75,0.2035,False,LP,50,3,1,2,False,,0.0947,7376,38,7,3.5,65,32.5,2234.3,98.9,OSRM+JhelumBridge,"Route R0473 (SRINAGAR to SAFAPORA GBL) → Feeder FDR-504. Route_Type=Regional_District | Zone=City_Core | CDI=0.2035 | Band=LP | Headway=50 min | Fleet=3 (HPV=0 enforced, MPV=2 — 100%% MPV). Distinct catchment: 7.21% of CMP 2024 pop. residents over 33.0 km. "
R0474,SRINAGAR to NARWARA BUDGAM,RETAINED_AS_FEEDER,FDR-513,,28.415,Regional_District,City_Core,0.2461,0.1208,0.75,0.1834,False,LP,50,3,1,2,False,,0.0819,5933,34,5,2.5,56,28.0,2645.6,85.2,OSRM+JhelumBridge,"Route R0474 (SRINAGAR to NARWARA BUDGAM) → Feeder FDR-513. Route_Type=Regional_District | Zone=City_Core | CDI=0.1834 | Band=LP | Headway=50 min | Fleet=3 (HPV=0 enforced, MPV=2 — 100%% MPV). Distinct catchment: 5.48% of CMP 2024 pop. residents over 28.4 km. "
R0475,SRINAGAR to CHARISHREEF,RETAINED_AS_FEEDER,FDR-465,,31.248,Regional_District,City_Core,0.3316,0.1427,0.75,0.2372,False,LP,50,3,1,2,False,,0.039,8056,51,2,1.0,62,31.0,2393.0,93.7,OSRM+JhelumBridge,"Route R0475 (SRINAGAR to CHARISHREEF) → Feeder FDR-465. Route_Type=Regional_District | Zone=City_Core | CDI=0.2372 | Band=LP | Headway=50 min | Fleet=3 (HPV=0 enforced, MPV=2 — 100%% MPV). Distinct catchment: 7.41% of CMP 2024 pop. residents over 31.2 km. "
R0476,SRINAGAR to PAKHERPORA,RETAINED_AS_FEEDER,FDR-519,,42.101,Regional_District,City_Core,0.2332,0.1119,0.75,0.1725,False,LP,50,4,2,2,False,,0.0299,8525,55,5,2.5,84,42.0,3186.9,126.3,OSRM+JhelumBridge,"Route R0476 (SRINAGAR to PAKHERPORA) → Feeder FDR-519. Route_Type=Regional_District | Zone=City_Core | CDI=0.1725 | Band=LP | Headway=50 min | Fleet=4 (HPV=0 enforced, MPV=2 — 100%% MPV). Distinct catchment: 7.84% of CMP 2024 pop. residents over 42.1 km. "
R0477,SRINAGAR to TRAL DADSUR,MERGED_INTO_TRUNK,FDR-384,MPS (Stage Carriage),15.277,Regional_District,City_Core,0.5252,0.2278,1.25,0.3765,False,MP,35,0,0,0,False,,0.1422,0,35,3,1.5,30,15.0,1232.2,45.8,OSRM+JhelumBridge,Route R0477 (SRINAGAR to TRAL DADSUR) merged into Trunk FDR-384. Spatial overlap with trunk corridor. CDI=0.3765. Fleet=0 (counted under Trunk). 
R0478,SRINAGAR to PASTHOON,RETAINED_AS_FEEDER,FDR-555,,41.500,Regional_District,City_Core,0.1008,0.1056,0.75,0.1032,False,LP,50,4,2,2,False,,0.0468,9187,82,4,2.0,83,41.5,2501.0,124.5,OSRM,"Route R0478 (SRINAGAR to PASTHOON) → Feeder FDR-555. Route_Type=Regional_District | Zone=City_Core | CDI=0.1032 | Band=LP | Headway=50 min | Fleet=4 (HPV=0 enforced, MPV=2 — 100%% MPV). Distinct catchment: 5.88% of CMP 2024 pop. residents over 50.0 km. "
R0479,SRINAGAR to NARISTAN,MERGED_INTO_TRUNK,FDR-384,MPS (Stage Carriage),15.277,Regional_District,City_Core,0.5252,0.2278,1.25,0.3765,False,MP,35,0,0,0,False,,0.1422,0,35,3,1.5,30,15.0,1232.2,45.8,OSRM+JhelumBridge,Route R0479 (SRINAGAR to NARISTAN) merged into Trunk FDR-384. Spatial overlap with trunk corridor. CDI=0.3765. Fleet=0 (counted under Trunk). 
R0480,SRINAGAR to PINGLISH,RETAINED_AS_FEEDER,FDR-546,,43.953,Regional_District,City_Core,0.1231,0.1143,0.75,0.1187,False,LP,50,4,2,2,False,,0.0533,8867,74,4,2.0,87,43.5,2424.1,131.9,OSRM,"Route R0480 (SRINAGAR to PINGLISH) → Feeder FDR-546. Route_Type=Regional_District | Zone=City_Core | CDI=0.1187 | Band=LP | Headway=50 min | Fleet=4 (HPV=0 enforced, MPV=2 — 100%% MPV). Distinct catchment: 5.68% of CMP 2024 pop. residents over 44.0 km. "
R0481,SRINAGAR to TRAL NOWDAL,RETAINED_AS_FEEDER,FDR-552,,39.5,Regional_District,City_Core,0.1186,0.1067,0.75,0.1126,False,LP,50,4,2,2,False,,0.0591,7825,62,2,1.0,79,39.5,2014.2,118.5,OSRM,"Route R0481 (SRINAGAR to TRAL NOWDAL) → Feeder FDR-552. Route_Type=Regional_District | Zone=City_Core | CDI=0.1126 | Band=LP | Headway=50 min | Fleet=4 (HPV=0 enforced, MPV=2 — 100%% MPV). Distinct catchment: 5.01% of CMP 2024 pop. residents over 39.5 km. "
R0482,SRINAGAR to QAZIGUND,RETAINED_AS_FEEDER,FDR-007,,71.019,Regional_District,City_Core,0.0616,0.0465,0.75,0.054,False,LP,50,6,2,4,False,,0.0425,10767,46,5,2.5,142,71.0,3609.9,213.1,OSRM,"Route R0482 (SRINAGAR to QAZIGUND) → Feeder FDR-007. Route_Type=Regional_District | Zone=City_Core | CDI=0.0540 | Band=LP | Headway=50 min | Fleet=6 (HPV=0 enforced, MPV=4 — 100%% MPV). Distinct catchment: 6.92% of CMP 2024 pop. residents over 71.0 km. "
R0483,SRINAGAR to MIRPORA BUDGAM,RETAINED_AS_FEEDER,FDR-529,,31.366,Regional_District,City_Core,0.2234,0.1156,0.75,0.1695,False,LP,50,3,1,2,False,,0.0749,6151,38,12,6.0,62,31.0,3066.9,94.1,OSRM+JhelumBridge,"Route R0483 (SRINAGAR to MIRPORA BUDGAM) → Feeder FDR-529. Route_Type=Regional_District | Zone=City_Core | CDI=0.1695 | Band=LP | Headway=50 min | Fleet=3 (HPV=0 enforced, MPV=2 — 100%% MPV). Distinct catchment: 5.68% of CMP 2024 pop. residents over 31.4 km. "
R0484,SRINAGAR to VIJIPOPRA,RETAINED_AS_FEEDER,FDR-507,,34.662,Regional_District,City_Core,0.2831,0.1051,0.75,0.1941,False,LP,50,4,2,2,False,,0.088,7515,38,7,3.5,69,34.5,2380.7,104.0,OSRM+JhelumBridge,"Route R0484 (SRINAGAR to VIJIPOPRA) → Feeder FDR-507. Route_Type=Regional_District | Zone=City_Core | CDI=0.1941 | Band=LP | Headway=50 min | Fleet=4 (HPV=0 enforced, MPV=2 — 100%% MPV). Distinct catchment: 7.35% of CMP 2024 pop. residents over 34.7 km. "
R0485,SRINAGAR to KUPWARA DAY,RETAINED_AS_FEEDER,FDR-553,,88.147,Regional_District,City_Core,0.1578,0.0511,0.75,0.1044,False,LP,50,7,3,4,False,,0.0542,13215,54,4,2.0,176,88.0,5073.3,264.4,OSRM+JhelumBridge,"Route R0485 (SRINAGAR to KUPWARA DAY) → Feeder FDR-553. Route_Type=Regional_District | Zone=City_Core | CDI=0.1044 | Band=LP | Headway=50 min | Fleet=7 (HPV=0 enforced, MPV=4 — 100%% MPV). Distinct catchment: 12.97% of CMP 2024 pop. residents over 88.1 km. "
R0486,SRINAGAR to URI BARAMULLA,RETAINED_AS_FEEDER,FDR-541,,101.000,Regional_District,City_Core,0.1998,0.0575,0.75,0.1287,False,LP,50,9,3,6,False,,0.0551,13242,53,2,1.0,202,101.0,5234.3,303.0,OSRM+JhelumBridge,"Route R0486 (SRINAGAR to URI BARAMULLA) → Feeder FDR-541. Route_Type=Regional_District | Zone=City_Core | CDI=0.1287 | Band=LP | Headway=50 min | Fleet=6 (HPV=0 enforced, MPV=4 — 100%% MPV). Distinct catchment: 13.11% of CMP 2024 pop. residents over 77.6 km. "
R0487,SRINAGAR to TANGDAR,RETAINED_AS_FEEDER,FDR-571,,151.000,Regional_District,City_Core,0.0923,0.0373,0.75,0.0648,False,LP,50,12,4,8,False,,0.0424,13948,54,56,28.0,302,151.0,9799.3,453.0,OSRM+JhelumBridge,"Route R0487 (SRINAGAR to TANGDAR) → Feeder FDR-571. Route_Type=Regional_District | Zone=City_Core | CDI=0.0648 | Band=LP | Headway=50 min | Fleet=10 (HPV=0 enforced, MPV=7 — 100%% MPV). Distinct catchment: 13.69% of CMP 2024 pop. residents over 120.8 km. "
R0488,SRINAGAR to ZACHALDAR,MERGED_INTO_TRUNK,FDR-384,MPS (Stage Carriage),15.277,Regional_District,City_Core,0.5252,0.2278,1.25,0.3765,False,MP,35,0,0,0,False,,0.1422,0,35,3,1.5,30,15.0,1232.2,45.8,OSRM+JhelumBridge,Route R0488 (SRINAGAR to ZACHALDAR) merged into Trunk FDR-384. Spatial overlap with trunk corridor. CDI=0.3765. Fleet=0 (counted under Trunk). 
R0489,BANDIPORA to SRINAGAR,RETAINED_AS_FEEDER,FDR-543,,58.597,Regional_District,City_Core,0.177,0.0659,0.75,0.1214,False,LP,50,5,2,3,False,,0.0578,9377,41,1,0.5,117,58.5,3493.6,175.8,OSRM+JhelumBridge,"Route R0489 (BANDIPORA to SRINAGAR) → Feeder FDR-543. Route_Type=Regional_District | Zone=City_Core | CDI=0.1214 | Band=LP | Headway=50 min | Fleet=5 (HPV=0 enforced, MPV=3 — 100%% MPV). Distinct catchment: 9.21% of CMP 2024 pop. residents over 58.6 km. "
R0490,BANDIPORA to SRINAGAR,MERGED_INTO_TRUNK,FDR-543,Private Minibus,58.597,Regional_District,City_Core,0.177,0.0659,1.25,0.1214,False,LP,35,0,0,0,False,,0.0578,0,41,1,0.5,117,58.5,3493.6,175.8,OSRM+JhelumBridge,Route R0490 (BANDIPORA to SRINAGAR) merged into Trunk FDR-543. Spatial overlap with trunk corridor. CDI=0.1214. Fleet=0 (counted under Trunk). 
R0491,BANDIPORA to SRINAGAR,MERGED_INTO_TRUNK,FDR-543,Private Minibus,58.597,Regional_District,City_Core,0.177,0.0659,1.25,0.1214,False,LP,35,0,0,0,False,,0.0578,0,41,1,0.5,117,58.5,3493.6,175.8,OSRM+JhelumBridge,Route R0491 (BANDIPORA to SRINAGAR) merged into Trunk FDR-543. Spatial overlap with trunk corridor. CDI=0.1214. Fleet=0 (counted under Trunk). 
R0492,BANDIPORA to SOURA,RETAINED_AS_FEEDER,FDR-003,,51.094,Regional_District,City_Core,0.1255,0.0718,0.75,0.0986,False,LP,35,6,2,4,False,,0.0109,27162,48,3,1.5,102,51.0,3042.1,153.3,OSRM,"Route R0492 (BANDIPORA to SOURA) → Feeder FDR-003. Route_Type=Regional_District | Zone=City_Core | CDI=0.0986 | Band=LP | Headway=35 min | Fleet=6 (HPV=0 enforced, MPV=4 — 100%% MPV). Distinct catchment: 6.67% of CMP 2024 pop. residents over 51.1 km. "
R0493,BANKOOT to SRINAGAR via BANDIPORA,RETAINED_AS_FEEDER,FDR-549,,60.768,Regional_District,City_Core,0.1671,0.0636,0.75,0.1154,False,LP,50,5,2,3,False,,0.0568,9407,41,6,3.0,121,60.5,3733.9,182.3,OSRM+JhelumBridge,"Route R0493 (BANKOOT to SRINAGAR via BANDIPORA) → Feeder FDR-549. Route_Type=Regional_District | Zone=City_Core | CDI=0.1154 | Band=LP | Headway=50 min | Fleet=5 (HPV=0 enforced, MPV=3 — 100%% MPV). Distinct catchment: 9.24% of CMP 2024 pop. residents over 60.8 km. "
R0494,ARIN to SRINAGAR,MERGED_INTO_TRUNK,FDR-549,Private Minibus,56.892,Regional_District,City_Core,0.1679,0.0648,1.25,0.1164,False,LP,35,0,0,0,False,,0.0593,0,38,3,1.5,113,56.5,3515.6,170.7,OSRM+JhelumBridge,Route R0494 (ARIN to SRINAGAR) merged into Trunk FDR-549. Spatial overlap with trunk corridor. CDI=0.1164. Fleet=0 (counted under Trunk). 
R0495,MALANGAM to SRINAGAR,MERGED_INTO_TRUNK,FDR-549,Private Minibus,56.892,Regional_District,City_Core,0.1679,0.0648,1.25,0.1164,False,LP,35,0,0,0,False,,0.0593,0,38,3,1.5,113,56.5,3515.6,170.7,OSRM+JhelumBridge,Route R0495 (MALANGAM to SRINAGAR) merged into Trunk FDR-549. Spatial overlap with trunk corridor. CDI=0.1164. Fleet=0 (counted under Trunk). 
R0496,BANDIPORA to BARAMULLA,RETAINED_AS_FEEDER,FDR-004,,45.97,Regional_District,City_Core,0.1956,0.0138,0.75,0.1047,False,LP,35,5,2,3,False,,0.0045,108377,8,4,2.0,91,45.5,2451.6,137.9,OSRM,"Route R0496 (BANDIPORA to BARAMULLA) → Feeder FDR-004. Route_Type=Regional_District | Zone=City_Core | CDI=0.1047 | Band=LP | Headway=35 min | Fleet=5 (HPV=0 enforced, MPV=3 — 100%% MPV). Distinct catchment: 7.66% of CMP 2024 pop. residents over 46.0 km. "
R0497,SOPORE to SRINAGAR,RETAINED_AS_FEEDER,FDR-511,,50.022,Regional_District,City_Core,0.278,0.0933,0.75,0.1856,False,LP,50,5,2,3,False,,0.0823,10688,57,4,2.0,100,50.0,2805.9,150.1,OSRM+JhelumBridge,"Route R0497 (SOPORE to SRINAGAR) → Feeder FDR-511. Route_Type=Regional_District | Zone=City_Core | CDI=0.1856 | Band=LP | Headway=50 min | Fleet=5 (HPV=0 enforced, MPV=3 — 100%% MPV). Distinct catchment: 10.47% of CMP 2024 pop. residents over 50.0 km. "
R0498,SOPORE to SRINAGAR,MERGED_INTO_TRUNK,FDR-511,Private Minibus,50.022,Regional_District,City_Core,0.278,0.0933,1.25,0.1856,False,LP,35,0,0,0,False,,0.0823,0,57,4,2.0,100,50.0,2805.9,150.1,OSRM+JhelumBridge,Route R0498 (SOPORE to SRINAGAR) merged into Trunk FDR-511. Spatial overlap with trunk corridor. CDI=0.1856. Fleet=0 (counted under Trunk). 
R0499,ZALOORA to SRINAGAR,RETAINED_AS_FEEDER,FDR-539,,52.000,Regional_District,City_Core,0.2138,0.0707,0.75,0.1422,False,LP,50,5,2,3,False,,0.0694,11350,54,1,0.5,104,52.0,2890.2,156.0,OSRM+JhelumBridge,"Route R0499 (ZALOORA to SRINAGAR) → Feeder FDR-539. Route_Type=Regional_District | Zone=City_Core | CDI=0.1422 | Band=LP | Headway=50 min | Fleet=5 (HPV=0 enforced, MPV=3 — 100%% MPV). Distinct catchment: 11.12% of CMP 2024 pop. residents over 63.1 km. "
R0500,BOTINGUE to SRINAGAR,RETAINED_AS_FEEDER,FDR-530,,61.995,Regional_District,City_Core,0.245,0.0753,0.75,0.1602,False,LP,50,5,2,3,False,,0.0667,12167,57,5,2.5,123,61.5,3666.8,186.0,OSRM+JhelumBridge,"Route R0500 (BOTINGUE to SRINAGAR) → Feeder FDR-530. Route_Type=Regional_District | Zone=City_Core | CDI=0.1602 | Band=LP | Headway=50 min | Fleet=5 (HPV=0 enforced, MPV=3 — 100%% MPV). Distinct catchment: 11.92% of CMP 2024 pop. residents over 62.0 km. "
R0501,BARAMULLA to SRINAGAR,RETAINED_AS_FEEDER,FDR-515,,56.316,Regional_District,City_Core,0.2785,0.0784,0.75,0.1784,False,LP,50,5,2,3,False,,0.074,11896,53,1,0.5,112,56.0,2974.1,168.9,OSRM+JhelumBridge,"Route R0501 (BARAMULLA to SRINAGAR) → Feeder FDR-515. Route_Type=Regional_District | Zone=City_Core | CDI=0.1784 | Band=LP | Headway=50 min | Fleet=5 (HPV=0 enforced, MPV=3 — 100%% MPV). Distinct catchment: 11.80% of CMP 2024 pop. residents over 56.3 km. "
R0502,URI to SRINAGAR,MERGED_INTO_TRUNK,FDR-541,Private Minibus,77.426,Regional_District,City_Core,0.1985,0.057,1.25,0.1278,False,LP,35,0,0,0,False,,0.0551,0,53,0,0.0,154,77.0,4007.5,232.3,OSRM+JhelumBridge,Route R0502 (URI to SRINAGAR) merged into Trunk FDR-541. Spatial overlap with trunk corridor. CDI=0.1278. Fleet=0 (counted under Trunk). 
R0503,KAMALKOTE to BARAMULLA,RETAINED_AS_FEEDER,FDR-592,,45.819,Regional_District,City_Core,0.0,0.0,0.75,0.0,False,LP,35,5,2,3,False,,0.002,144510,0,1,0.5,91,45.5,2002.0,137.5,OSRM,"Route R0503 (KAMALKOTE to BARAMULLA) → Feeder FDR-592. Route_Type=Regional_District | Zone=City_Core | CDI=0.0000 | Band=LP | Headway=35 min | Fleet=5 (HPV=0 enforced, MPV=3 — 100%% MPV). Distinct catchment: 3.01% of CMP 2024 pop. residents over 45.8 km. "
R0504,GARKOTE to BARAMULLA,RETAINED_AS_FEEDER,FDR-593,,2.961,Urban,City_Core,0.6201,0.0,0.75,0.31,False,LP,35,2,1,1,False,,0.0103,42289,0,2,1.0,5,2.5,205.6,23.7,OSRM,"Route R0504 (GARKOTE to BARAMULLA) → Feeder FDR-593. Route_Type=Urban | Zone=City_Core | CDI=0.3100 | Band=LP | Headway=35 min | Fleet=2 (HPV=0 enforced, MPV=1 — 100%% MPV). Distinct catchment: 1.14% of CMP 2024 pop. residents over 3.0 km. "
R0505,NAMBIA to BARAMULLA,MERGED_INTO_TRUNK,FDR-593,Private Minibus,2.961,Urban,City_Core,0.6201,0.0,1.25,0.31,False,LP,35,0,0,0,False,,0.0103,0,0,2,1.0,5,2.5,205.6,23.7,OSRM,Route R0505 (NAMBIA to BARAMULLA) merged into Trunk FDR-593. Spatial overlap with trunk corridor. CDI=0.3100. Fleet=0 (counted under Trunk). 
R0506,FATHGATH to SRINAGAR,RETAINED_AS_FEEDER,FDR-521,,56.5,Regional_District,City_Core,0.2651,0.0782,0.75,0.1716,False,LP,50,5,2,3,False,,0.0738,11589,53,1,0.5,113,56.5,3055.5,169.5,OSRM+JhelumBridge,"Route R0506 (FATHGATH to SRINAGAR) → Feeder FDR-521. Route_Type=Regional_District | Zone=City_Core | CDI=0.1716 | Band=LP | Headway=50 min | Fleet=5 (HPV=0 enforced, MPV=3 — 100%% MPV). Distinct catchment: 11.45% of CMP 2024 pop. residents over 56.5 km. "
R0507,PEHILPORA to URI via BARAMULLA,RETAINED_AS_FEEDER,FDR-574,,25.43,Peri_Urban,City_Core,0.0793,0.0,0.75,0.0396,False,LP,35,5,2,3,False,,0.0052,100235,0,7,3.5,50,25.0,1335.4,127.2,OSRM,"Route R0507 (PEHILPORA to URI via BARAMULLA) → Feeder FDR-574. Route_Type=Peri_Urban | Zone=City_Core | CDI=0.0396 | Band=LP | Headway=35 min | Fleet=5 (HPV=0 enforced, MPV=3 — 100%% MPV). Distinct catchment: 2.71% of CMP 2024 pop. residents over 25.4 km. "
R0508,KACHOO to BARAMULLA,MERGED_INTO_TRUNK,FDR-593,Private Minibus,2.961,Urban,City_Core,0.6201,0.0,1.25,0.31,False,LP,35,0,0,0,False,,0.0103,0,0,2,1.0,5,2.5,205.6,23.7,OSRM,Route R0508 (KACHOO to BARAMULLA) merged into Trunk FDR-593. Spatial overlap with trunk corridor. CDI=0.3100. Fleet=0 (counted under Trunk). 
R0509,MAIDANAN to SRINAGAR,MERGED_INTO_TRUNK,FDR-521,Private Minibus,56.5,Regional_District,City_Core,0.2651,0.0782,1.25,0.1716,False,LP,35,0,0,0,False,,0.0738,0,53,1,0.5,113,56.5,3055.5,169.5,OSRM+JhelumBridge,Route R0509 (MAIDANAN to SRINAGAR) merged into Trunk FDR-521. Spatial overlap with trunk corridor. CDI=0.1716. Fleet=0 (counted under Trunk). 
R0510,IJARA to SRINAGAR,MERGED_INTO_TRUNK,FDR-521,Private Minibus,56.5,Regional_District,City_Core,0.2651,0.0782,1.25,0.1716,False,LP,35,0,0,0,False,,0.0738,0,53,1,0.5,113,56.5,3055.5,169.5,OSRM+JhelumBridge,Route R0510 (IJARA to SRINAGAR) merged into Trunk FDR-521. Spatial overlap with trunk corridor. CDI=0.1716. Fleet=0 (counted under Trunk). 
R0511,BARAMULA to KUPWRA,RETAINED_AS_FEEDER,FDR-005,,46.645,Regional_District,City_Core,0.0369,0.0,0.75,0.0184,False,LP,35,5,2,3,False,,0.0062,94924,0,3,1.5,93,46.5,2380.0,139.9,OSRM,"Route R0511 (BARAMULA to KUPWRA) → Feeder FDR-005. Route_Type=Regional_District | Zone=City_Core | CDI=0.0184 | Band=LP | Headway=35 min | Fleet=5 (HPV=0 enforced, MPV=3 — 100%% MPV). Distinct catchment: 3.95% of CMP 2024 pop. residents over 46.6 km. "
R0512,KUPWARA to SRINAGAR,RETAINED_AS_FEEDER,FDR-567,,88.000,Regional_District,City_Core,0.1271,0.0434,0.75,0.0852,False,LP,50,7,2,5,False,,0.0476,13770,54,17,8.5,176,88.0,5541.1,264.0,OSRM+JhelumBridge,"Route R0512 (KUPWARA to SRINAGAR) → Feeder FDR-567. Route_Type=Regional_District | Zone=City_Core | CDI=0.0852 | Band=LP | Headway=50 min | Fleet=9 (HPV=0 enforced, MPV=6 — 100%% MPV). Distinct catchment: 13.52% of CMP 2024 pop. residents over 103.0 km. "
R0513,SOGAM to SRINAGAR,RETAINED_AS_FEEDER,FDR-564,,105.052,Regional_District,City_Core,0.1403,0.0425,0.75,0.0914,False,LP,50,9,3,6,False,,0.0455,14779,54,3,1.5,210,105.0,6190.9,315.2,OSRM+JhelumBridge,"Route R0513 (SOGAM to SRINAGAR) → Feeder FDR-564. Route_Type=Regional_District | Zone=City_Core | CDI=0.0914 | Band=LP | Headway=50 min | Fleet=9 (HPV=0 enforced, MPV=6 — 100%% MPV). Distinct catchment: 14.51% of CMP 2024 pop. residents over 105.1 km. "
R0514,SRINAGAR to KUPWARA,MERGED_INTO_TRUNK,FDR-567,Private Minibus,103.151,Regional_District,City_Core,0.1277,0.0437,1.25,0.0857,False,LP,35,0,0,0,False,,0.0476,0,54,19,9.5,206,103.0,6501.7,309.5,OSRM+JhelumBridge,Route R0514 (SRINAGAR to KUPWARA) merged into Trunk FDR-567. Spatial overlap with trunk corridor. CDI=0.0857. Fleet=0 (counted under Trunk). 
R0515,KUPWARA to SRINAGAR,MERGED_INTO_TRUNK,FDR-567,Private Minibus,102.958,Regional_District,City_Core,0.1271,0.0434,1.25,0.0852,False,LP,35,0,0,0,False,,0.0476,0,54,17,8.5,205,102.5,6483.0,308.9,OSRM+JhelumBridge,Route R0515 (KUPWARA to SRINAGAR) merged into Trunk FDR-567. Spatial overlap with trunk corridor. CDI=0.0852. Fleet=0 (counted under Trunk). 
R0516,SRINAGAR to KAPWARA,MERGED_INTO_TRUNK,FDR-553,Private Minibus,88.147,Regional_District,City_Core,0.1578,0.0511,1.25,0.1044,False,LP,35,0,0,0,False,,0.0542,0,54,4,2.0,176,88.0,5073.3,264.4,OSRM+JhelumBridge,Route R0516 (SRINAGAR to KAPWARA) merged into Trunk FDR-553. Spatial overlap with trunk corridor. CDI=0.1044. Fleet=0 (counted under Trunk). 
R0517,SHOPIAN to SRINAGAR,RETAINED_AS_FEEDER,FDR-516,,48.367,Regional_District,City_Core,0.2451,0.1057,0.75,0.1754,True,MP,50,4,2,2,False,,0.0363,10189,58,3,1.5,96,48.0,2371.8,145.1,OSRM,"Route R0517 (SHOPIAN to SRINAGAR) → Feeder FDR-516. Route_Type=Regional_District | Zone=City_Core | CDI=0.1754 | Band=MP | Headway=50 min | Fleet=4 (HPV=0 enforced, MPV=2 — 100%% MPV). Distinct catchment: 9.30% of CMP 2024 pop. residents over 48.4 km. 🚩 Social Obligation"
R0518,SEDOW to SRINAGAR,RETAINED_AS_FEEDER,FDR-538,,46.000,Regional_District,City_Core,0.1974,0.0892,0.75,0.1433,True,MP,50,4,2,2,False,,0.0307,10607,60,7,3.5,92,46.0,2729.8,138.0,OSRM+JhelumBridge,"Route R0518 (SEDOW to SRINAGAR) → Feeder FDR-538. Route_Type=Regional_District | Zone=City_Core | CDI=0.1433 | Band=MP | Headway=50 min | Fleet=5 (HPV=0 enforced, MPV=3 — 100%% MPV). Distinct catchment: 9.68% of CMP 2024 pop. residents over 57.8 km. 🚩 Social Obligation"
R0519,HARMAN to SRINAGAR,RETAINED_AS_FEEDER,FDR-520,,48.805,Regional_District,City_Core,0.239,0.1059,0.75,0.1724,True,MP,50,4,2,2,False,,0.0361,10110,60,5,2.5,97,48.5,2416.1,146.4,OSRM,"Route R0519 (HARMAN to SRINAGAR) → Feeder FDR-520. Route_Type=Regional_District | Zone=City_Core | CDI=0.1724 | Band=MP | Headway=50 min | Fleet=4 (HPV=0 enforced, MPV=2 — 100%% MPV). Distinct catchment: 9.23% of CMP 2024 pop. residents over 48.8 km. 🚩 Social Obligation"
R0520,KAPRIN to SRINAGAR,RETAINED_AS_FEEDER,FDR-535,,58.528,Regional_District,City_Core,0.2054,0.0905,0.75,0.148,True,MP,50,5,2,3,False,,0.0308,11010,61,4,2.0,117,58.5,2853.2,175.6,OSRM,"Route R0520 (KAPRIN to SRINAGAR) → Feeder FDR-535. Route_Type=Regional_District | Zone=City_Core | CDI=0.1480 | Band=MP | Headway=50 min | Fleet=5 (HPV=0 enforced, MPV=3 — 100%% MPV). Distinct catchment: 10.05% of CMP 2024 pop. residents over 58.5 km. 🚩 Social Obligation"
R0521,NEHAMA to SRINAGAR,RETAINED_AS_FEEDER,FDR-540,,62.131,Regional_District,City_Core,0.1943,0.0863,0.75,0.1403,True,MP,50,5,2,3,False,,0.0288,11297,62,4,2.0,124,62.0,3318.0,186.4,OSRM,"Route R0521 (NEHAMA to SRINAGAR) → Feeder FDR-540. Route_Type=Regional_District | Zone=City_Core | CDI=0.1403 | Band=MP | Headway=50 min | Fleet=5 (HPV=0 enforced, MPV=3 — 100%% MPV). Distinct catchment: 10.31% of CMP 2024 pop. residents over 62.1 km. 🚩 Social Obligation"
R0522,KHULL AHMADABAD to SRINAGAR,RETAINED_AS_FEEDER,FDR-008,,66.828,Regional_District,City_Core,0.0692,0.0592,0.75,0.0642,False,LP,50,6,2,4,False,,0.0471,10541,51,2,1.0,133,66.5,3066.2,200.5,OSRM,"Route R0522 (KHULL AHMADABAD to SRINAGAR) → Feeder FDR-008. Route_Type=Regional_District | Zone=City_Core | CDI=0.0642 | Band=LP | Headway=50 min | Fleet=6 (HPV=0 enforced, MPV=4 — 100%% MPV). Distinct catchment: 6.77% of CMP 2024 pop. residents over 66.8 km. "
R0523,DHPORA to SRINAGAR,MERGED_INTO_TRUNK,FDR-008,Private Minibus,66.828,Regional_District,City_Core,0.0692,0.0592,1.25,0.0642,False,LP,35,0,0,0,False,,0.0471,0,51,2,1.0,133,66.5,3066.2,200.5,OSRM,Route R0523 (DHPORA to SRINAGAR) merged into Trunk FDR-008. Spatial overlap with trunk corridor. CDI=0.0642. Fleet=0 (counted under Trunk). 
R0524,PARIWAN to SRINAGAR,RETAINED_AS_FEEDER,FDR-537,,60.618,Regional_District,City_Core,0.1993,0.0874,0.75,0.1434,True,MP,50,5,2,3,False,,0.0298,11196,61,5,2.5,121,60.5,2951.6,181.9,OSRM,"Route R0524 (PARIWAN to SRINAGAR) → Feeder FDR-537. Route_Type=Regional_District | Zone=City_Core | CDI=0.1434 | Band=MP | Headway=50 min | Fleet=5 (HPV=0 enforced, MPV=3 — 100%% MPV). Distinct catchment: 10.22% of CMP 2024 pop. residents over 60.6 km. 🚩 Social Obligation"
R0525,KULGAM to SRINAGAR,RETAINED_AS_FEEDER,FDR-010,,67.019,Regional_District,City_Core,0.0697,0.059,0.75,0.0643,False,LP,50,6,2,4,False,,0.047,10600,51,3,1.5,134,67.0,3090.1,201.1,OSRM,"Route R0525 (KULGAM to SRINAGAR) → Feeder FDR-010. Route_Type=Regional_District | Zone=City_Core | CDI=0.0643 | Band=LP | Headway=50 min | Fleet=6 (HPV=0 enforced, MPV=4 — 100%% MPV). Distinct catchment: 6.81% of CMP 2024 pop. residents over 67.0 km. "
R0526,KATROSOO to SRINAGAR,RETAINED_AS_FEEDER,FDR-011,,69.172,Regional_District,City_Core,0.056,0.0539,0.75,0.055,False,LP,50,6,2,4,False,,0.0452,10178,47,3,1.5,138,69.0,3421.8,207.5,OSRM,"Route R0526 (KATROSOO to SRINAGAR) → Feeder FDR-011. Route_Type=Regional_District | Zone=City_Core | CDI=0.0550 | Band=LP | Headway=50 min | Fleet=6 (HPV=0 enforced, MPV=4 — 100%% MPV). Distinct catchment: 6.54% of CMP 2024 pop. residents over 69.2 km. "
R0527,YARIPORA to SRINAGAR,RETAINED_AS_FEEDER,FDR-012,,64.929,Regional_District,City_Core,0.062,0.0581,0.75,0.06,False,LP,50,5,2,3,False,,0.0481,9864,48,3,1.5,129,64.5,3131.9,194.8,OSRM,"Route R0527 (YARIPORA to SRINAGAR) → Feeder FDR-012. Route_Type=Regional_District | Zone=City_Core | CDI=0.0600 | Band=LP | Headway=50 min | Fleet=5 (HPV=0 enforced, MPV=3 — 100%% MPV). Distinct catchment: 6.34% of CMP 2024 pop. residents over 64.9 km. "
R0528,PULWAMA to SRINAGAR,RETAINED_AS_FEEDER,FDR-444,,28.043,Peri_Urban,City_Core,0.3597,0.1638,0.75,0.2618,False,LP,35,6,2,4,False,,0.0549,7744,52,2,1.0,56,28.0,1514.9,140.2,OSRM,"Route R0528 (PULWAMA to SRINAGAR) → Feeder FDR-444. Route_Type=Peri_Urban | Zone=City_Core | CDI=0.2618 | Band=LP | Headway=35 min | Fleet=6 (HPV=0 enforced, MPV=4 — 100%% MPV). Distinct catchment: 7.05% of CMP 2024 pop. residents over 28.0 km. "
R0529,PULWAMA to SRINAGAR,MERGED_INTO_TRUNK,FDR-444,Private Minibus,28.043,Peri_Urban,City_Core,0.3597,0.1638,1.25,0.2618,False,LP,35,0,0,0,False,,0.0549,0,52,2,1.0,56,28.0,1514.9,140.2,OSRM,Route R0529 (PULWAMA to SRINAGAR) merged into Trunk FDR-444. Spatial overlap with trunk corridor. CDI=0.2618. Fleet=0 (counted under Trunk). 
R0530,KOIL to SRINAGAR,RETAINED_AS_FEEDER,FDR-039,,17.500,Peri_Urban,City_Core,0.1482,0.1033,0.75,0.1258,False,LP,35,4,1,3,False,,0.0571,7264,41,4,2.0,35,17.5,1146.4,87.5,OSRM,"Route R0530 (KOIL to SRINAGAR) → Feeder FDR-039. Route_Type=Peri_Urban | Zone=City_Core | CDI=0.1258 | Band=LP | Headway=35 min | Fleet=6 (HPV=0 enforced, MPV=4 — 100%% MPV). Distinct catchment: 4.65% of CMP 2024 pop. residents over 32.7 km. "
R0531,WASOORA to SRINAGAR,RETAINED_AS_FEEDER,FDR-505,,39.631,Peri_Urban,City_Core,0.2817,0.121,0.75,0.2014,True,MP,35,7,3,4,False,,0.0393,9187,55,4,2.0,79,39.5,2436.5,198.2,OSRM,"Route R0531 (WASOORA to SRINAGAR) → Feeder FDR-505. Route_Type=Peri_Urban | Zone=City_Core | CDI=0.2014 | Band=MP | Headway=35 min | Fleet=7 (HPV=0 enforced, MPV=4 — 100%% MPV). Distinct catchment: 8.37% of CMP 2024 pop. residents over 39.6 km. 🚩 Social Obligation"
R0532,SRINAGAR to LETTAR,RETAINED_AS_FEEDER,FDR-440,,28.413,Peri_Urban,City_Core,0.3622,0.1703,0.75,0.2662,False,LP,35,6,2,4,False,,0.0548,7886,55,4,2.0,56,28.0,1558.6,142.1,OSRM,"Route R0532 (SRINAGAR to LETTAR) → Feeder FDR-440. Route_Type=Peri_Urban | Zone=City_Core | CDI=0.2662 | Band=LP | Headway=35 min | Fleet=6 (HPV=0 enforced, MPV=4 — 100%% MPV). Distinct catchment: 7.18% of CMP 2024 pop. residents over 28.4 km. "
R0533,LETTER to SRINAGAR,MERGED_INTO_TRUNK,FDR-440,Private Minibus,28.289,Peri_Urban,City_Core,0.3615,0.1672,1.25,0.2643,False,LP,35,0,0,0,False,,0.0546,0,54,3,1.5,56,28.0,1552.3,141.4,OSRM,Route R0533 (LETTER to SRINAGAR) merged into Trunk FDR-440. Spatial overlap with trunk corridor. CDI=0.2643. Fleet=0 (counted under Trunk). 
R0534,HEFF to SRINAGAR,RETAINED_AS_FEEDER,FDR-506,,40.635,Regional_District,City_Core,0.2776,0.1187,0.75,0.1982,True,MP,50,4,2,2,False,,0.0384,9326,55,6,3.0,81,40.5,2518.1,121.9,OSRM,"Route R0534 (HEFF to SRINAGAR) → Feeder FDR-506. Route_Type=Regional_District | Zone=City_Core | CDI=0.1982 | Band=MP | Headway=50 min | Fleet=4 (HPV=0 enforced, MPV=2 — 100%% MPV). Distinct catchment: 8.50% of CMP 2024 pop. residents over 40.6 km. 🚩 Social Obligation"
R0535,SRINAGAR to KELLER,RETAINED_AS_FEEDER,FDR-531,,50.376,Regional_District,City_Core,0.2107,0.0995,0.75,0.1551,True,MP,50,5,2,3,False,,0.0346,9651,57,6,3.0,100,50.0,3727.6,151.1,OSRM+JhelumBridge,"Route R0535 (SRINAGAR to KELLER) → Feeder FDR-531. Route_Type=Regional_District | Zone=City_Core | CDI=0.1551 | Band=MP | Headway=50 min | Fleet=5 (HPV=0 enforced, MPV=3 — 100%% MPV). Distinct catchment: 8.79% of CMP 2024 pop. residents over 50.4 km. 🚩 Social Obligation"
R0536,KELLER to SRINAGAR,MERGED_INTO_TRUNK,FDR-531,Private Minibus,50.252,Regional_District,City_Core,0.2108,0.0975,1.25,0.1542,True,MP,35,0,0,0,False,,0.0344,0,56,5,2.5,100,50.0,3721.0,150.8,OSRM+JhelumBridge,Route R0536 (KELLER to SRINAGAR) merged into Trunk FDR-531. Spatial overlap with trunk corridor. CDI=0.1542. Fleet=0 (counted under Trunk). 🚩 Social Obligation
R0537,KELLER to SRINAGAR,MERGED_INTO_TRUNK,FDR-531,Private Minibus,50.252,Regional_District,City_Core,0.2108,0.0975,1.25,0.1542,True,MP,35,0,0,0,False,,0.0344,0,56,5,2.5,100,50.0,3721.0,150.8,OSRM+JhelumBridge,Route R0537 (KELLER to SRINAGAR) merged into Trunk FDR-531. Spatial overlap with trunk corridor. CDI=0.1542. Fleet=0 (counted under Trunk). 🚩 Social Obligation
R0538,ACHGUZE to SRINAGAR,MERGED_INTO_TRUNK,FDR-440,Private Minibus,28.289,Peri_Urban,City_Core,0.3615,0.1672,1.25,0.2643,False,LP,35,0,0,0,False,,0.0546,0,54,3,1.5,56,28.0,1552.3,141.4,OSRM,Route R0538 (ACHGUZE to SRINAGAR) merged into Trunk FDR-440. Spatial overlap with trunk corridor. CDI=0.2643. Fleet=0 (counted under Trunk). 
R0539,SANGERWANI to SRINAGAR,RETAINED_AS_FEEDER,FDR-532,,44.959,Regional_District,City_Core,0.2084,0.1012,0.75,0.1548,False,LP,50,4,2,2,False,,0.0279,8477,53,12,6.0,89,44.5,3447.6,134.9,OSRM+JhelumBridge,"Route R0539 (SANGERWANI to SRINAGAR) → Feeder FDR-532. Route_Type=Regional_District | Zone=City_Core | CDI=0.1548 | Band=LP | Headway=50 min | Fleet=4 (HPV=0 enforced, MPV=2 — 100%% MPV). Distinct catchment: 7.79% of CMP 2024 pop. residents over 45.0 km. "
R0540,PAKHERPORA to SRINAGAR,MERGED_INTO_TRUNK,FDR-519,Private Minibus,41.976,Regional_District,City_Core,0.2337,0.1096,1.25,0.1716,False,LP,35,0,0,0,False,,0.0297,0,54,4,2.0,83,41.5,3171.9,125.9,OSRM+JhelumBridge,Route R0540 (PAKHERPORA to SRINAGAR) merged into Trunk FDR-519. Spatial overlap with trunk corridor. CDI=0.1716. Fleet=0 (counted under Trunk). 
R0541,ANANTNAGH to SRINAGAR,RETAINED_AS_FEEDER,FDR-013,,59.305,Regional_District,City_Core,0.1484,0.0735,0.75,0.111,False,LP,50,5,2,3,False,,0.0556,12923,57,2,1.0,118,59.0,2812.0,177.9,OSRM,"Route R0541 (ANANTNAGH to SRINAGAR) → Feeder FDR-013. Route_Type=Regional_District | Zone=City_Core | CDI=0.1110 | Band=LP | Headway=50 min | Fleet=5 (HPV=0 enforced, MPV=3 — 100%% MPV). Distinct catchment: 8.44% of CMP 2024 pop. residents over 59.3 km. "
R0542,ANANTNAGH to SRINAGAR,MERGED_INTO_TRUNK,FDR-013,Private Minibus,59.305,Regional_District,City_Core,0.1484,0.0735,1.25,0.111,False,LP,35,0,0,0,False,,0.0556,0,57,2,1.0,118,59.0,2812.0,177.9,OSRM,Route R0542 (ANANTNAGH to SRINAGAR) merged into Trunk FDR-013. Spatial overlap with trunk corridor. CDI=0.1110. Fleet=0 (counted under Trunk). 
R0543,ANANTNAGH to SRINAGAR,MERGED_INTO_TRUNK,FDR-013,Private Minibus,59.305,Regional_District,City_Core,0.1484,0.0735,1.25,0.111,False,LP,35,0,0,0,False,,0.0556,0,57,2,1.0,118,59.0,2812.0,177.9,OSRM,Route R0543 (ANANTNAGH to SRINAGAR) merged into Trunk FDR-013. Spatial overlap with trunk corridor. CDI=0.1110. Fleet=0 (counted under Trunk). 
R0544,ANANTNAGH to SRINAGAR,MERGED_INTO_TRUNK,FDR-013,Private Minibus,59.305,Regional_District,City_Core,0.1484,0.0735,1.25,0.111,False,LP,35,0,0,0,False,,0.0556,0,57,2,1.0,118,59.0,2812.0,177.9,OSRM,Route R0544 (ANANTNAGH to SRINAGAR) merged into Trunk FDR-013. Spatial overlap with trunk corridor. CDI=0.1110. Fleet=0 (counted under Trunk). 
R0545,ANANTNAGH to SRINAGAR,MERGED_INTO_TRUNK,FDR-013,Private Minibus,59.305,Regional_District,City_Core,0.1484,0.0735,1.25,0.111,False,LP,35,0,0,0,False,,0.0556,0,57,2,1.0,118,59.0,2812.0,177.9,OSRM,Route R0545 (ANANTNAGH to SRINAGAR) merged into Trunk FDR-013. Spatial overlap with trunk corridor. CDI=0.1110. Fleet=0 (counted under Trunk). 
R0546,ANANTNAGH to SRINAGAR,MERGED_INTO_TRUNK,FDR-013,Private Minibus,59.305,Regional_District,City_Core,0.1484,0.0735,1.25,0.111,False,LP,35,0,0,0,False,,0.0556,0,57,2,1.0,118,59.0,2812.0,177.9,OSRM,Route R0546 (ANANTNAGH to SRINAGAR) merged into Trunk FDR-013. Spatial overlap with trunk corridor. CDI=0.1110. Fleet=0 (counted under Trunk). 
R0547,ANANTNAGH to SRINAGAR,MERGED_INTO_TRUNK,FDR-013,Private Minibus,59.305,Regional_District,City_Core,0.1484,0.0735,1.25,0.111,False,LP,35,0,0,0,False,,0.0556,0,57,2,1.0,118,59.0,2812.0,177.9,OSRM,Route R0547 (ANANTNAGH to SRINAGAR) merged into Trunk FDR-013. Spatial overlap with trunk corridor. CDI=0.1110. Fleet=0 (counted under Trunk). 
R0548,ANANTNAGH to SRINAGAR,MERGED_INTO_TRUNK,FDR-013,Private Minibus,59.305,Regional_District,City_Core,0.1484,0.0735,1.25,0.111,False,LP,35,0,0,0,False,,0.0556,0,57,2,1.0,118,59.0,2812.0,177.9,OSRM,Route R0548 (ANANTNAGH to SRINAGAR) merged into Trunk FDR-013. Spatial overlap with trunk corridor. CDI=0.1110. Fleet=0 (counted under Trunk). 
R0549,ANANTNAGH to SRINAGAR,MERGED_INTO_TRUNK,FDR-013,Private Minibus,59.305,Regional_District,City_Core,0.1484,0.0735,1.25,0.111,False,LP,35,0,0,0,False,,0.0556,0,57,2,1.0,118,59.0,2812.0,177.9,OSRM,Route R0549 (ANANTNAGH to SRINAGAR) merged into Trunk FDR-013. Spatial overlap with trunk corridor. CDI=0.1110. Fleet=0 (counted under Trunk). 
R0550,ANANTNAGH to SRINAGAR,MERGED_INTO_TRUNK,FDR-013,Private Minibus,59.305,Regional_District,City_Core,0.1484,0.0735,1.25,0.111,False,LP,35,0,0,0,False,,0.0556,0,57,2,1.0,118,59.0,2812.0,177.9,OSRM,Route R0550 (ANANTNAGH to SRINAGAR) merged into Trunk FDR-013. Spatial overlap with trunk corridor. CDI=0.1110. Fleet=0 (counted under Trunk). 
R0551,PHALGAM to ANANTNAGH,RETAINED_AS_FEEDER,FDR-006,,39.73,Peri_Urban,Peri_Urban,0.046,0.0012,0.75,0.0236,False,LP,35,7,3,4,False,,0.0001,106725,1,4,2.0,79,39.5,2109.3,198.6,OSRM,"Route R0551 (PHALGAM to ANANTNAGH) → Feeder FDR-006. Route_Type=Peri_Urban | Zone=Peri_Urban | CDI=0.0236 | Band=LP | Headway=35 min | Fleet=7 (HPV=0 enforced, MPV=4 — 100%% MPV). Distinct catchment: 3.55% of CMP 2024 pop. residents over 39.7 km. "
R0552,MAWAN to SRINAGAR,RETAINED_AS_FEEDER,FDR-023,,56.111,Regional_District,City_Core,0.1382,0.0707,0.75,0.1044,True,MP,50,5,2,3,False,,0.0575,11812,50,4,2.0,112,56.0,2644.2,168.3,OSRM,"Route R0552 (MAWAN to SRINAGAR) → Feeder FDR-023. Route_Type=Regional_District | Zone=City_Core | CDI=0.1044 | Band=MP | Headway=50 min | Fleet=5 (HPV=0 enforced, MPV=3 — 100%% MPV). Distinct catchment: 7.69% of CMP 2024 pop. residents over 56.1 km. 🚩 Social Obligation"
R0553,DEVSUR to SRINAGAR,RETAINED_AS_FEEDER,FDR-024,,65.241,Regional_District,City_Core,0.0613,0.0564,0.75,0.0588,False,LP,50,5,2,3,False,,0.0473,9877,46,2,1.0,130,65.0,3044.2,195.7,OSRM,"Route R0553 (DEVSUR to SRINAGAR) → Feeder FDR-024. Route_Type=Regional_District | Zone=City_Core | CDI=0.0588 | Band=LP | Headway=50 min | Fleet=5 (HPV=0 enforced, MPV=3 — 100%% MPV). Distinct catchment: 6.35% of CMP 2024 pop. residents over 65.2 km. "
R0554,LAMMER to ANANTNAGH,RETAINED_AS_FEEDER,FDR-025,,4.333,Urban,Peri_Urban,0.503,0.1069,0.75,0.305,True,MP,35,2,1,1,False,,0.0168,29495,7,5,2.5,8,4.0,331.9,31.3,OSRM,"Route R0554 (LAMMER to ANANTNAGH) → Feeder FDR-025. Route_Type=Urban | Zone=Peri_Urban | CDI=0.3050 | Band=MP | Headway=35 min | Fleet=2 (HPV=0 enforced, MPV=1 — 100%% MPV). Distinct catchment: 1.41% of CMP 2024 pop. residents over 4.3 km. 🚩 Social Obligation"
R0555,KAPRUN to SRINAGAR,MERGED_INTO_TRUNK,FDR-023,Private Minibus,56.111,Regional_District,City_Core,0.1382,0.0707,1.25,0.1044,True,MP,35,0,0,0,False,,0.0575,0,50,4,2.0,112,56.0,2644.2,168.3,OSRM,Route R0555 (KAPRUN to SRINAGAR) merged into Trunk FDR-023. Spatial overlap with trunk corridor. CDI=0.1044. Fleet=0 (counted under Trunk). 🚩 Social Obligation
R0556,CHOWGUND to SRINAGAR,MERGED_INTO_TRUNK,FDR-023,Private Minibus,56.111,Regional_District,City_Core,0.1382,0.0707,1.25,0.1044,True,MP,35,0,0,0,False,,0.0575,0,50,4,2.0,112,56.0,2644.2,168.3,OSRM,Route R0556 (CHOWGUND to SRINAGAR) merged into Trunk FDR-023. Spatial overlap with trunk corridor. CDI=0.1044. Fleet=0 (counted under Trunk). 🚩 Social Obligation
R0557,SHANGUS to SRINAGAR,RETAINED_AS_FEEDER,FDR-028,,80.474,Regional_District,City_Core,0.1899,0.0561,0.75,0.123,True,MP,50,6,2,4,False,,0.0405,20243,60,2,1.0,160,80.0,4300.8,241.4,OSRM,"Route R0557 (SHANGUS to SRINAGAR) → Feeder FDR-028. Route_Type=Regional_District | Zone=City_Core | CDI=0.1230 | Band=MP | Headway=50 min | Fleet=6 (HPV=0 enforced, MPV=4 — 100%% MPV). Distinct catchment: 13.18% of CMP 2024 pop. residents over 80.5 km. 🚩 Social Obligation"
R0558,UTTERSOO to SRINAGAR,RETAINED_AS_FEEDER,FDR-029,,73.746,Regional_District,City_Core,0.2075,0.0612,0.75,0.1344,True,MP,50,6,2,4,False,,0.0441,19581,60,2,1.0,147,73.5,3861.0,221.2,OSRM,"Route R0558 (UTTERSOO to SRINAGAR) → Feeder FDR-029. Route_Type=Regional_District | Zone=City_Core | CDI=0.1344 | Band=MP | Headway=50 min | Fleet=6 (HPV=0 enforced, MPV=4 — 100%% MPV). Distinct catchment: 12.75% of CMP 2024 pop. residents over 73.7 km. 🚩 Social Obligation"
R0559,VAILO to SRINAGAR,MERGED_INTO_TRUNK,FDR-023,Private Minibus,56.111,Regional_District,City_Core,0.1382,0.0707,1.25,0.1044,True,MP,35,0,0,0,False,,0.0575,0,50,4,2.0,112,56.0,2644.2,168.3,OSRM,Route R0559 (VAILO to SRINAGAR) merged into Trunk FDR-023. Spatial overlap with trunk corridor. CDI=0.1044. Fleet=0 (counted under Trunk). 🚩 Social Obligation
R0560,CHAKIL PORA to SRINAGAR,MERGED_INTO_TRUNK,FDR-023,Private Minibus,56.111,Regional_District,City_Core,0.1382,0.0707,1.25,0.1044,True,MP,35,0,0,0,False,,0.0575,0,50,4,2.0,112,56.0,2644.2,168.3,OSRM,Route R0560 (CHAKIL PORA to SRINAGAR) merged into Trunk FDR-023. Spatial overlap with trunk corridor. CDI=0.1044. Fleet=0 (counted under Trunk). 🚩 Social Obligation
R0561,HAFTNAR to ANANTNAGH,MERGED_INTO_TRUNK,FDR-025,Private Minibus,4.333,Urban,Peri_Urban,0.503,0.1069,1.25,0.305,True,MP,35,0,0,0,False,,0.0168,0,7,5,2.5,8,4.0,331.9,31.3,OSRM,Route R0561 (HAFTNAR to ANANTNAGH) merged into Trunk FDR-025. Spatial overlap with trunk corridor. CDI=0.3050. Fleet=0 (counted under Trunk). 🚩 Social Obligation
R0562,KHERUM to ANANTNAGH,MERGED_INTO_TRUNK,FDR-025,Private Minibus,4.333,Urban,Peri_Urban,0.503,0.1069,1.25,0.305,True,MP,35,0,0,0,False,,0.0168,0,7,5,2.5,8,4.0,331.9,31.3,OSRM,Route R0562 (KHERUM to ANANTNAGH) merged into Trunk FDR-025. Spatial overlap with trunk corridor. CDI=0.3050. Fleet=0 (counted under Trunk). 🚩 Social Obligation
R0563,MATIGAWRAN to ANANTNAG,MERGED_INTO_TRUNK,FDR-025,Private Minibus,4.333,Urban,Peri_Urban,0.503,0.1069,1.25,0.305,True,MP,35,0,0,0,False,,0.0168,0,7,5,2.5,8,4.0,331.9,31.3,OSRM,Route R0563 (MATIGAWRAN to ANANTNAG) merged into Trunk FDR-025. Spatial overlap with trunk corridor. CDI=0.3050. Fleet=0 (counted under Trunk). 🚩 Social Obligation
R0564,ANANTNAGH to SHOPIAN,RETAINED_AS_FEEDER,FDR-035,,37.000,Regional_District,Peri_Urban,0.1504,0.0337,0.75,0.0921,False,LP,35,5,2,3,False,,0.0055,79520,22,3,1.5,74,37.0,1908.6,111.0,OSRM,"Route R0564 (ANANTNAGH to SHOPIAN) → Feeder FDR-035. Route_Type=Regional_District | Zone=Peri_Urban | CDI=0.0921 | Band=LP | Headway=35 min | Fleet=5 (HPV=0 enforced, MPV=3 — 100%% MPV). Distinct catchment: 6.28% of CMP 2024 pop. residents over 43.8 km. "
R0565,SRINAGAR to NEW KHANDA,RETAINED_AS_FEEDER,FDR-435,,22.786,Urban,City_Core,0.4131,0.19,0.75,0.3016,False,LP,35,6,0,6,False,,0.062,6983,48,4,2.0,45,22.5,1284.7,157.5,OSRM,"Route R0565 (SRINAGAR to NEW KHANDA) → Feeder FDR-435. Route_Type=Urban | Zone=City_Core | CDI=0.3016 | Band=LP | Headway=35 min | Fleet=6 (HPV=0 enforced, MPV=6 — 100%% MPV). Distinct catchment: 6.36% of CMP 2024 pop. residents over 22.8 km. "
R0566,SRINAGAR to BY PASS,RETAINED_AS_FEEDER,FDR-596,,3.279,Urban,City_Core,1.0,1.0,0.75,1.0,True,HP,20,3,0,3,False,,0.2287,2336,31,5,2.5,6,3.0,703.7,26.2,OSRM+JhelumBridge,"Route R0566 (SRINAGAR to BY PASS) → Feeder FDR-596. Route_Type=Urban | Zone=City_Core | CDI=1.0000 | Band=HP | Headway=20 min | Fleet=3 (HPV=0 enforced, MPV=3 — 100%% MPV). Distinct catchment: 1.98% of CMP 2024 pop. residents over 3.3 km. 🚩 Social Obligation"
R0567,SRINAGAR to KHREW,RETAINED_AS_FEEDER,FDR-476,,19.597,Urban,City_Core,0.3232,0.1406,0.75,0.2319,False,LP,35,6,0,6,False,,0.0915,7140,38,2,1.0,39,19.5,1389.0,156.8,OSRM,"Route R0567 (SRINAGAR to KHREW) → Feeder FDR-476. Route_Type=Urban | Zone=City_Core | CDI=0.2319 | Band=LP | Headway=35 min | Fleet=6 (HPV=0 enforced, MPV=6 — 100%% MPV). Distinct catchment: 4.56% of CMP 2024 pop. residents over 19.6 km. "
R0568,SRINAGAR to KHREW,MERGED_INTO_TRUNK,FDR-476,JKRTC / City Bus,19.597,Urban,City_Core,0.3232,0.1406,1.25,0.2319,False,LP,35,0,0,0,False,,0.0915,0,38,2,1.0,39,19.5,1389.0,156.8,OSRM,Route R0568 (SRINAGAR to KHREW) merged into Trunk FDR-476. Spatial overlap with trunk corridor. CDI=0.2319. Fleet=0 (counted under Trunk). 
R0569,SRINAGAR to RAILWAY,RETAINED_AS_FEEDER,FDR-093,,7.778,Urban,City_Core,0.9674,0.4864,0.75,0.7269,False,HP,20,4,0,4,False,,0.1245,4829,41,3,1.5,15,7.5,440.7,55.3,OSRM,"Route R0569 (SRINAGAR to RAILWAY) → Feeder FDR-093. Route_Type=Urban | Zone=City_Core | CDI=0.7269 | Band=HP | Headway=20 min | Fleet=4 (HPV=0 enforced, MPV=4 — 100%% MPV). Distinct catchment: 4.40% of CMP 2024 pop. residents over 7.8 km. "
R0570,SRINAGAR to BYPASS,RETAINED_AS_FEEDER,FDR-123,,8.341,Urban,City_Core,0.8241,0.4495,0.75,0.6368,False,HP,20,5,0,5,False,,0.2062,4441,37,3,1.5,16,8.0,941.8,66.7,OSRM+JhelumBridge,"Route R0570 (SRINAGAR to BYPASS) → Feeder FDR-123. Route_Type=Urban | Zone=City_Core | CDI=0.6368 | Band=HP | Headway=20 min | Fleet=5 (HPV=0 enforced, MPV=5 — 100%% MPV). Distinct catchment: 4.10% of CMP 2024 pop. residents over 8.3 km. "
R0571,SRINAGAR to GULABAGH,RETAINED_AS_FEEDER,FDR-144,,14.022,Urban,City_Core,0.7691,0.467,0.75,0.618,False,MP,35,4,0,4,False,,0.0782,7211,88,8,4.0,28,14.0,781.3,102.6,OSRM,"Route R0571 (SRINAGAR to GULABAGH) → Feeder FDR-144. Route_Type=Urban | Zone=City_Core | CDI=0.6180 | Band=MP | Headway=35 min | Fleet=4 (HPV=0 enforced, MPV=4 — 100%% MPV). Distinct catchment: 6.49% of CMP 2024 pop. residents over 14.0 km. "
R0572,SRINAGAR to BYPASS,MERGED_INTO_TRUNK,FDR-123,JKRTC / City Bus,8.341,Urban,City_Core,0.8241,0.4495,1.25,0.6368,False,HP,20,0,0,0,False,,0.2062,0,37,3,1.5,16,8.0,941.8,66.7,OSRM+JhelumBridge,Route R0572 (SRINAGAR to BYPASS) merged into Trunk FDR-123. Spatial overlap with trunk corridor. CDI=0.6368. Fleet=0 (counted under Trunk). 
R0573,SRINAGAR to RATNIPURA,RETAINED_AS_FEEDER,FDR-040,,25.991,Urban,City_Core,0.1677,0.1097,0.75,0.1387,False,LP,35,7,0,7,False,,0.0723,6179,39,3,1.5,51,25.5,1484.1,179.1,OSRM,"Route R0573 (SRINAGAR to RATNIPURA) → Feeder FDR-040. Route_Type=Urban | Zone=City_Core | CDI=0.1387 | Band=LP | Headway=35 min | Fleet=7 (HPV=0 enforced, MPV=7 — 100%% MPV). Distinct catchment: 3.96% of CMP 2024 pop. residents over 26.0 km. "
R0574,SRINAGAR to BYPASS,MERGED_INTO_TRUNK,FDR-123,JKRTC / City Bus,8.341,Urban,City_Core,0.8241,0.4495,1.25,0.6368,False,HP,20,0,0,0,False,,0.2062,0,37,3,1.5,16,8.0,941.8,66.7,OSRM+JhelumBridge,Route R0574 (SRINAGAR to BYPASS) merged into Trunk FDR-123. Spatial overlap with trunk corridor. CDI=0.6368. Fleet=0 (counted under Trunk). 
R0575,SRINAGAR to BUCHPORA,RETAINED_AS_FEEDER,FDR-052,,9.37,Urban,City_Core,0.9903,0.6036,0.75,0.797,False,HP,20,5,0,5,False,,0.109,6009,77,3,1.5,18,9.0,969.8,75.0,OSRM+JhelumBridge,"Route R0575 (SRINAGAR to BUCHPORA) → Feeder FDR-052. Route_Type=Urban | Zone=City_Core | CDI=0.7970 | Band=HP | Headway=20 min | Fleet=5 (HPV=0 enforced, MPV=5 — 100%% MPV). Distinct catchment: 5.41% of CMP 2024 pop. residents over 9.4 km. "
R0576,SRINAGAR to PAMPORE,RETAINED_AS_FEEDER,FDR-370,,12.883,Urban,City_Core,0.5072,0.2564,0.75,0.3818,False,MP,35,4,0,4,False,,0.1614,6612,47,1,0.5,25,12.5,647.3,80.8,OSRM,"Route R0576 (SRINAGAR to PAMPORE) → Feeder FDR-370. Route_Type=Urban | Zone=City_Core | CDI=0.3818 | Band=MP | Headway=35 min | Fleet=4 (HPV=0 enforced, MPV=4 — 100%% MPV). Distinct catchment: 4.22% of CMP 2024 pop. residents over 12.9 km. "
R0577,SRINAGAR to BUDGAM,RETAINED_AS_FEEDER,FDR-479,,15.908,Urban,City_Core,0.3115,0.1452,0.75,0.2284,False,LP,35,5,0,5,False,,0.1195,5801,34,5,2.5,31,15.5,1332.0,127.3,OSRM+JhelumBridge,"Route R0577 (SRINAGAR to BUDGAM) → Feeder FDR-479. Route_Type=Urban | Zone=City_Core | CDI=0.2284 | Band=LP | Headway=35 min | Fleet=7 (HPV=0 enforced, MPV=7 — 100%% MPV). Distinct catchment: 5.36% of CMP 2024 pop. residents over 23.6 km. "
R0578,SRINAGAR to PAMPORE,MERGED_INTO_TRUNK,FDR-370,JKRTC / City Bus,12.883,Urban,City_Core,0.5072,0.2564,1.25,0.3818,False,MP,35,0,0,0,False,,0.1614,0,47,1,0.5,25,12.5,647.3,80.8,OSRM,Route R0578 (SRINAGAR to PAMPORE) merged into Trunk FDR-370. Spatial overlap with trunk corridor. CDI=0.3818. Fleet=0 (counted under Trunk). 
R0579,SRINAGAR to GUND,RETAINED_AS_FEEDER,FDR-517,,57.421,Peri_Urban,City_Core,0.2262,0.1238,0.75,0.175,True,MP,35,11,0,11,False,,0.0226,11586,97,7,3.5,114,57.0,3915.6,287.1,OSRM,"Route R0579 (SRINAGAR to GUND) → Feeder FDR-517. Route_Type=Peri_Urban | Zone=City_Core | CDI=0.1750 | Band=MP | Headway=35 min | Fleet=11 (HPV=0 enforced, MPV=11 — 100%% MPV). Distinct catchment: 10.48% of CMP 2024 pop. residents over 57.4 km. 🚩 Social Obligation"
R0580,SRINAGAR to CHADOORA,RETAINED_AS_FEEDER,FDR-326,,14.500,Urban,City_Core,0.6242,0.26,0.75,0.4421,False,MP,35,5,0,5,False,,0.0661,7137,50,2,1.0,29,14.5,1246.8,116.0,OSRM+JhelumBridge,"Route R0580 (SRINAGAR to CHADOORA) → Feeder FDR-326. Route_Type=Urban | Zone=City_Core | CDI=0.4421 | Band=MP | Headway=35 min | Fleet=5 (HPV=0 enforced, MPV=5 — 100%% MPV). Distinct catchment: 6.56% of CMP 2024 pop. residents over 16.9 km. "
R0581,SRINAGAR to RAILWAY,MERGED_INTO_TRUNK,FDR-093,JKRTC / City Bus,7.778,Urban,City_Core,0.9674,0.4864,1.25,0.7269,False,HP,20,0,0,0,False,,0.1245,0,41,3,1.5,15,7.5,440.7,55.3,OSRM,Route R0581 (SRINAGAR to RAILWAY) merged into Trunk FDR-093. Spatial overlap with trunk corridor. CDI=0.7269. Fleet=0 (counted under Trunk). 
R0582,SRINAGAR to PAMPORE,MERGED_INTO_TRUNK,FDR-370,JKRTC / City Bus,12.883,Urban,City_Core,0.5072,0.2564,1.25,0.3818,False,MP,35,0,0,0,False,,0.1614,0,47,1,0.5,25,12.5,647.3,80.8,OSRM,Route R0582 (SRINAGAR to PAMPORE) merged into Trunk FDR-370. Spatial overlap with trunk corridor. CDI=0.3818. Fleet=0 (counted under Trunk). 
R0583,SRINAGAR to BUGAM,RETAINED_AS_FEEDER,FDR-036,,62.557,Peri_Urban,City_Core,0.056,0.0539,0.75,0.055,False,LP,35,11,0,11,False,,0.0489,9202,47,2,1.0,125,62.5,2939.6,312.8,OSRM,"Route R0583 (SRINAGAR to BUGAM) → Feeder FDR-036. Route_Type=Peri_Urban | Zone=City_Core | CDI=0.0550 | Band=LP | Headway=35 min | Fleet=11 (HPV=0 enforced, MPV=11 — 100%% MPV). Distinct catchment: 5.91% of CMP 2024 pop. residents over 62.6 km. "
R0584,SRINAGAR to CHADOORA,MERGED_INTO_TRUNK,FDR-326,JKRTC / City Bus,16.895,Urban,City_Core,0.6242,0.26,1.25,0.4421,False,MP,35,0,0,0,False,,0.0661,0,50,2,1.0,33,16.5,1452.7,135.2,OSRM+JhelumBridge,Route R0584 (SRINAGAR to CHADOORA) merged into Trunk FDR-326. Spatial overlap with trunk corridor. CDI=0.4421. Fleet=0 (counted under Trunk). 
R0585,SRINAGAR to PAMPORE,MERGED_INTO_TRUNK,FDR-370,JKRTC / City Bus,12.883,Urban,City_Core,0.5072,0.2564,1.25,0.3818,False,MP,35,0,0,0,False,,0.1614,0,47,1,0.5,25,12.5,647.3,80.8,OSRM,Route R0585 (SRINAGAR to PAMPORE) merged into Trunk FDR-370. Spatial overlap with trunk corridor. CDI=0.3818. Fleet=0 (counted under Trunk). 
R0586,SRINAGAR to BYPASS,MERGED_INTO_TRUNK,FDR-123,JKRTC / City Bus,8.341,Urban,City_Core,0.8241,0.4495,1.25,0.6368,False,HP,20,0,0,0,False,,0.2062,0,37,3,1.5,16,8.0,941.8,66.7,OSRM+JhelumBridge,Route R0586 (SRINAGAR to BYPASS) merged into Trunk FDR-123. Spatial overlap with trunk corridor. CDI=0.6368. Fleet=0 (counted under Trunk). 
R0587,SRINAGAR to RASOO,RETAINED_AS_FEEDER,FDR-597,,4.174,Urban,City_Core,1.0,0.6027,0.75,0.8014,False,HP,20,3,0,3,False,,0.1047,3001,35,4,2.0,8,4.0,762.7,33.4,OSRM+JhelumBridge,"Route R0587 (SRINAGAR to RASOO) → Feeder FDR-597. Route_Type=Urban | Zone=City_Core | CDI=0.8014 | Band=HP | Headway=20 min | Fleet=3 (HPV=0 enforced, MPV=3 — 100%% MPV). Distinct catchment: 2.45% of CMP 2024 pop. residents over 4.2 km. "
R0588,SRINAGAR to PAMPORE,MERGED_INTO_TRUNK,FDR-370,JKRTC / City Bus,12.883,Urban,City_Core,0.5072,0.2564,1.25,0.3818,False,MP,35,0,0,0,False,,0.1614,0,47,1,0.5,25,12.5,647.3,80.8,OSRM,Route R0588 (SRINAGAR to PAMPORE) merged into Trunk FDR-370. Spatial overlap with trunk corridor. CDI=0.3818. Fleet=0 (counted under Trunk). 
R0589,SRINAGAR to HARWAN,RETAINED_AS_FEEDER,FDR-599,,16.558,Urban,City_Core,0.3738,0.1722,0.75,0.273,False,LP,35,5,0,5,False,,0.0211,7333,28,3,1.5,33,16.5,1070.2,125.9,OSRM,"Route R0589 (SRINAGAR to HARWAN) → Feeder FDR-599. Route_Type=Urban | Zone=City_Core | CDI=0.2730 | Band=LP | Headway=35 min | Fleet=5 (HPV=0 enforced, MPV=5 — 100%% MPV). Distinct catchment: 4.29% of CMP 2024 pop. residents over 16.6 km. "
R0590,SRINAGAR to HARWAN,MERGED_INTO_TRUNK,FDR-599,JKRTC / City Bus,16.558,Urban,City_Core,0.3738,0.1722,1.25,0.273,False,LP,35,0,0,0,False,,0.0211,0,28,3,1.5,33,16.5,1070.2,125.9,OSRM,Route R0590 (SRINAGAR to HARWAN) merged into Trunk FDR-599. Spatial overlap with trunk corridor. CDI=0.2730. Fleet=0 (counted under Trunk). 
R0591,SRINAGAR to PAMPORE,MERGED_INTO_TRUNK,FDR-370,JKRTC / City Bus,12.883,Urban,City_Core,0.5072,0.2564,1.25,0.3818,False,MP,35,0,0,0,False,,0.1614,0,47,1,0.5,25,12.5,647.3,80.8,OSRM,Route R0591 (SRINAGAR to PAMPORE) merged into Trunk FDR-370. Spatial overlap with trunk corridor. CDI=0.3818. Fleet=0 (counted under Trunk). 
R0592,SRINAGAR to NEW KHANDA,MERGED_INTO_TRUNK,FDR-435,JKRTC / City Bus,22.786,Urban,City_Core,0.4131,0.19,1.25,0.3016,False,LP,35,0,0,0,False,,0.062,0,48,4,2.0,45,22.5,1284.7,157.5,OSRM,Route R0592 (SRINAGAR to NEW KHANDA) merged into Trunk FDR-435. Spatial overlap with trunk corridor. CDI=0.3016. Fleet=0 (counted under Trunk). 
R0593,SRINAGAR to KHREW,MERGED_INTO_TRUNK,FDR-476,JKRTC / City Bus,19.597,Urban,City_Core,0.3232,0.1406,1.25,0.2319,False,LP,35,0,0,0,False,,0.0915,0,38,2,1.0,39,19.5,1389.0,156.8,OSRM,Route R0593 (SRINAGAR to KHREW) merged into Trunk FDR-476. Spatial overlap with trunk corridor. CDI=0.2319. Fleet=0 (counted under Trunk). 
R0594,SRINAGAR to PAMPORE,MERGED_INTO_TRUNK,FDR-370,JKRTC / City Bus,12.883,Urban,City_Core,0.5072,0.2564,1.25,0.3818,False,MP,35,0,0,0,False,,0.1614,0,47,1,0.5,25,12.5,647.3,80.8,OSRM,Route R0594 (SRINAGAR to PAMPORE) merged into Trunk FDR-370. Spatial overlap with trunk corridor. CDI=0.3818. Fleet=0 (counted under Trunk). 
R0595,SRINAGAR to PAMPORE,MERGED_INTO_TRUNK,FDR-370,JKRTC / City Bus,12.883,Urban,City_Core,0.5072,0.2564,1.25,0.3818,False,MP,35,0,0,0,False,,0.1614,0,47,1,0.5,25,12.5,647.3,80.8,OSRM,Route R0595 (SRINAGAR to PAMPORE) merged into Trunk FDR-370. Spatial overlap with trunk corridor. CDI=0.3818. Fleet=0 (counted under Trunk). 
R0596,SRINAGAR to GULABAGH,MERGED_INTO_TRUNK,FDR-144,JKRTC / City Bus,14.022,Urban,City_Core,0.7691,0.467,1.25,0.618,False,HP,20,0,0,0,False,,0.0782,0,88,8,4.0,28,14.0,781.3,102.6,OSRM,Route R0596 (SRINAGAR to GULABAGH) merged into Trunk FDR-144. Spatial overlap with trunk corridor. CDI=0.6180. Fleet=0 (counted under Trunk). 
R0597,SRINAGAR to BYPASS,MERGED_INTO_TRUNK,FDR-123,JKRTC / City Bus,8.341,Urban,City_Core,0.8241,0.4495,1.25,0.6368,False,HP,20,0,0,0,False,,0.2062,0,37,3,1.5,16,8.0,941.8,66.7,OSRM+JhelumBridge,Route R0597 (SRINAGAR to BYPASS) merged into Trunk FDR-123. Spatial overlap with trunk corridor. CDI=0.6368. Fleet=0 (counted under Trunk). 
R0598,SRINAGAR to RATNIPURA,MERGED_INTO_TRUNK,FDR-040,JKRTC / City Bus,25.991,Urban,City_Core,0.1677,0.1097,1.25,0.1387,False,LP,35,0,0,0,False,,0.0723,0,39,3,1.5,51,25.5,1484.1,179.1,OSRM,Route R0598 (SRINAGAR to RATNIPURA) merged into Trunk FDR-040. Spatial overlap with trunk corridor. CDI=0.1387. Fleet=0 (counted under Trunk). 
R0599,SRINAGAR to PAMPORE,MERGED_INTO_TRUNK,FDR-370,JKRTC / City Bus,12.883,Urban,City_Core,0.5072,0.2564,1.25,0.3818,False,MP,35,0,0,0,False,,0.1614,0,47,1,0.5,25,12.5,647.3,80.8,OSRM,Route R0599 (SRINAGAR to PAMPORE) merged into Trunk FDR-370. Spatial overlap with trunk corridor. CDI=0.3818. Fleet=0 (counted under Trunk). 
R0600,SRINAGAR to GANDERBAL,RETAINED_AS_FEEDER,FDR-288,,16.689,Urban,City_Core,0.5908,0.34,0.75,0.4654,False,MP,35,5,0,5,False,,0.0653,6876,77,3,1.5,33,16.5,1621.9,133.5,OSRM+JhelumBridge,"Route R0600 (SRINAGAR to GANDERBAL) → Feeder FDR-288. Route_Type=Urban | Zone=City_Core | CDI=0.4654 | Band=MP | Headway=35 min | Fleet=5 (HPV=0 enforced, MPV=5 — 100%% MPV). Distinct catchment: 6.19% of CMP 2024 pop. residents over 16.7 km. "
R0601,SRINAGAR to PAMPORE,MERGED_INTO_TRUNK,FDR-370,JKRTC / City Bus,12.883,Urban,City_Core,0.5072,0.2564,1.25,0.3818,False,MP,35,0,0,0,False,,0.1614,0,47,1,0.5,25,12.5,647.3,80.8,OSRM,Route R0601 (SRINAGAR to PAMPORE) merged into Trunk FDR-370. Spatial overlap with trunk corridor. CDI=0.3818. Fleet=0 (counted under Trunk). 
R0602,SRINAGAR to BUDGAM,MERGED_INTO_TRUNK,FDR-479,JKRTC / City Bus,23.639,Urban,City_Core,0.3115,0.1452,1.25,0.2284,False,LP,35,0,0,0,False,,0.1195,0,34,5,2.5,47,23.5,2175.0,189.1,OSRM+JhelumBridge,Route R0602 (SRINAGAR to BUDGAM) merged into Trunk FDR-479. Spatial overlap with trunk corridor. CDI=0.2284. Fleet=0 (counted under Trunk). 
R0603,SRINAGAR to BYPASS,MERGED_INTO_TRUNK,FDR-123,JKRTC / City Bus,8.341,Urban,City_Core,0.8241,0.4495,1.25,0.6368,False,HP,20,0,0,0,False,,0.2062,0,37,3,1.5,16,8.0,941.8,66.7,OSRM+JhelumBridge,Route R0603 (SRINAGAR to BYPASS) merged into Trunk FDR-123. Spatial overlap with trunk corridor. CDI=0.6368. Fleet=0 (counted under Trunk). 
R0604,SRINAGAR to GUND,MERGED_INTO_TRUNK,FDR-517,JKRTC / City Bus,57.421,Peri_Urban,City_Core,0.2262,0.1238,1.25,0.175,True,MP,35,0,0,0,False,,0.0226,0,97,7,3.5,114,57.0,3915.6,287.1,OSRM,Route R0604 (SRINAGAR to GUND) merged into Trunk FDR-517. Spatial overlap with trunk corridor. CDI=0.1750. Fleet=0 (counted under Trunk). 🚩 Social Obligation
R0605,SRINAGAR to RAILWAY,MERGED_INTO_TRUNK,FDR-093,JKRTC / City Bus,7.778,Urban,City_Core,0.9674,0.4864,1.25,0.7269,False,HP,20,0,0,0,False,,0.1245,0,41,3,1.5,15,7.5,440.7,55.3,OSRM,Route R0605 (SRINAGAR to RAILWAY) merged into Trunk FDR-093. Spatial overlap with trunk corridor. CDI=0.7269. Fleet=0 (counted under Trunk). 
R0606,SRINAGAR to PAMPORE,MERGED_INTO_TRUNK,FDR-370,JKRTC / City Bus,12.883,Urban,City_Core,0.5072,0.2564,1.25,0.3818,False,MP,35,0,0,0,False,,0.1614,0,47,1,0.5,25,12.5,647.3,80.8,OSRM,Route R0606 (SRINAGAR to PAMPORE) merged into Trunk FDR-370. Spatial overlap with trunk corridor. CDI=0.3818. Fleet=0 (counted under Trunk). 
R0607,SRINAGAR to CHADOORA,MERGED_INTO_TRUNK,FDR-326,JKRTC / City Bus,16.895,Urban,City_Core,0.6242,0.26,1.25,0.4421,False,MP,35,0,0,0,False,,0.0661,0,50,2,1.0,33,16.5,1452.7,135.2,OSRM+JhelumBridge,Route R0607 (SRINAGAR to CHADOORA) merged into Trunk FDR-326. Spatial overlap with trunk corridor. CDI=0.4421. Fleet=0 (counted under Trunk). 
R0608,SRINAGAR to BUGAM,MERGED_INTO_TRUNK,FDR-036,JKRTC / City Bus,62.557,Peri_Urban,City_Core,0.056,0.0539,1.25,0.055,False,LP,35,0,0,0,False,,0.0489,0,47,2,1.0,125,62.5,2939.6,312.8,OSRM,Route R0608 (SRINAGAR to BUGAM) merged into Trunk FDR-036. Spatial overlap with trunk corridor. CDI=0.0550. Fleet=0 (counted under Trunk). 
R0609,SRINAGAR to PAMPORE,MERGED_INTO_TRUNK,FDR-370,JKRTC / City Bus,12.883,Urban,City_Core,0.5072,0.2564,1.25,0.3818,False,MP,35,0,0,0,False,,0.1614,0,47,1,0.5,25,12.5,647.3,80.8,OSRM,Route R0609 (SRINAGAR to PAMPORE) merged into Trunk FDR-370. Spatial overlap with trunk corridor. CDI=0.3818. Fleet=0 (counted under Trunk). 
R0610,SRINAGAR to PAMPORE,MERGED_INTO_TRUNK,FDR-370,JKRTC / City Bus,12.883,Urban,City_Core,0.5072,0.2564,1.25,0.3818,False,MP,35,0,0,0,False,,0.1614,0,47,1,0.5,25,12.5,647.3,80.8,OSRM,Route R0610 (SRINAGAR to PAMPORE) merged into Trunk FDR-370. Spatial overlap with trunk corridor. CDI=0.3818. Fleet=0 (counted under Trunk). 
R0611,SRINAGAR to PAMPORE,MERGED_INTO_TRUNK,FDR-370,JKRTC / City Bus,12.883,Urban,City_Core,0.5072,0.2564,1.25,0.3818,False,MP,35,0,0,0,False,,0.1614,0,47,1,0.5,25,12.5,647.3,80.8,OSRM,Route R0611 (SRINAGAR to PAMPORE) merged into Trunk FDR-370. Spatial overlap with trunk corridor. CDI=0.3818. Fleet=0 (counted under Trunk). 
R0612,SRINAGAR to RASOO,MERGED_INTO_TRUNK,FDR-597,JKRTC / City Bus,4.174,Urban,City_Core,1.0,0.6027,1.25,0.8014,False,HP,20,0,0,0,False,,0.1047,0,35,4,2.0,8,4.0,762.7,33.4,OSRM+JhelumBridge,Route R0612 (SRINAGAR to RASOO) merged into Trunk FDR-597. Spatial overlap with trunk corridor. CDI=0.8014. Fleet=0 (counted under Trunk). 
R0613,SRINAGAR to HARWAN,MERGED_INTO_TRUNK,FDR-599,JKRTC / City Bus,16.558,Urban,City_Core,0.3738,0.1722,1.25,0.273,False,LP,35,0,0,0,False,,0.0211,0,28,3,1.5,33,16.5,1070.2,125.9,OSRM,Route R0613 (SRINAGAR to HARWAN) merged into Trunk FDR-599. Spatial overlap with trunk corridor. CDI=0.2730. Fleet=0 (counted under Trunk). 
R0614,TRC SRINAGAR to AIRPORT,RETAINED_AS_FEEDER,FDR-602,,12.000,Urban,City_Core,0.645,0.3229,0.75,0.484,False,MP,35,4,0,4,False,,0.0651,6219,51,2,1.0,24,12.0,1403.6,96.0,OSRM+JhelumBridge,"Route R0614 (TRC SRINAGAR to AIRPORT) → Feeder FDR-602. Route_Type=Urban | Zone=City_Core | CDI=0.4840 | Band=MP | Headway=35 min | Fleet=5 (HPV=0 enforced, MPV=5 — 100%% MPV). Distinct catchment: 5.80% of CMP 2024 pop. residents over 14.5 km. "
SSCL-01,Parimpora to Harwan via Brein Nishat,UPGRADED_TO_TRUNK,SSCL-01,,23.249,Peri_Urban,City_Core,0.7262,0.1846,1.25,0.4554,False,HP,15,10,0,10,True,SSCL-01,0.0682,14584,57,11,5.5,46,23.0,2199.3,116.2,OSRM+JhelumBridge,Route SSCL-01 (Parimpora to Harwan via Brein Nishat) → Trunk SSCL-01 [CMP-SSCL-01]. Route_Type=Peri_Urban | Zone=City_Core | CDI=0.4554 | Band=HP | Headway=15 min | Fleet=10 (HPV=0 MPV=10). Serves ~10.25% of CMP 2024 pop. residents over 23.2 km. 
SSCL-02,Batamaloo to Nasrullah Pora via Jehangir Chowk Rambagh Hyderpora,UPGRADED_TO_TRUNK,SSCL-02,,7.083,Urban,Peri_Urban,0.421,0.0542,1.25,0.2376,False,HP,15,5,0,5,True,SSCL-02,0.0822,7594,5,5,2.5,14,7.0,439.1,43.4,OSRM,Route SSCL-02 (Batamaloo to Nasrullah Pora via Jehangir Chowk Rambagh Hyderpora) → Trunk SSCL-02 [CMP-SSCL-02]. Route_Type=Urban | Zone=Peri_Urban | CDI=0.2376 | Band=HP | Headway=15 min | Fleet=5 (HPV=0 MPV=5). Serves ~2.01% of CMP 2024 pop. residents over 7.1 km. 
SSCL-03,Batamaloo to Hazratbal via Khanyar,UPGRADED_TO_TRUNK,SSCL-03,,12.926,Urban,City_Core,0.7654,0.4561,1.25,0.6108,False,HP,15,9,0,9,True,SSCL-03,0.1162,5390,60,11,5.5,25,12.5,1499.0,103.4,OSRM+JhelumBridge,Route SSCL-03 (Batamaloo to Hazratbal via Khanyar) → Trunk SSCL-03 [CMP-SSCL-03]. Route_Type=Urban | Zone=City_Core | CDI=0.6108 | Band=HP | Headway=15 min | Fleet=9 (HPV=0 MPV=9). Serves ~5.96% of CMP 2024 pop. residents over 12.9 km. 
SSCL-04,Batamaloo to Chadoora Chowk via Jehangir Chowk,UPGRADED_TO_TRUNK,SSCL-04,,10.858,Urban,Peri_Urban,0.2962,0.0354,1.25,0.1658,False,HP,15,6,0,6,True,SSCL-04,0.0729,8989,5,6,3.0,21,10.5,703.8,65.8,OSRM,Route SSCL-04 (Batamaloo to Chadoora Chowk via Jehangir Chowk) → Trunk SSCL-04 [CMP-SSCL-04]. Route_Type=Urban | Zone=Peri_Urban | CDI=0.1658 | Band=HP | Headway=15 min | Fleet=6 (HPV=0 MPV=6). Serves ~2.37% of CMP 2024 pop. residents over 10.9 km. 
SSCL-05,LD Hospital to Pandach via Jehangir Chowk Dalgate Khanyar,UPGRADED_TO_TRUNK,SSCL-05,,10.884,Urban,City_Core,0.9079,0.5073,1.25,0.7076,True,HP,15,7,0,7,True,SSCL-05,0.0827,11520,74,10,5.0,21,10.5,1197.0,87.1,OSRM+JhelumBridge,Route SSCL-05 (LD Hospital to Pandach via Jehangir Chowk Dalgate Khanyar) → Trunk SSCL-05 [CMP-SSCL-05]. Route_Type=Urban | Zone=City_Core | CDI=0.7076 | Band=HP | Headway=15 min | Fleet=7 (HPV=0 MPV=7). Serves ~5.82% of CMP 2024 pop. residents over 10.9 km. 🚩 Social Obligation
SSCL-06,Pantha Chowk to Narbal Crossing via Sonwar Jehangir Chowk Qamarwari,UPGRADED_TO_TRUNK,SSCL-06,,19.752,Peri_Urban,City_Core,0.4726,0.0943,1.25,0.2834,False,HP,15,9,4,5,True,SSCL-06,0.0644,8411,23,6,3.0,39,19.5,1619.9,98.8,OSRM+JhelumBridge,Route SSCL-06 (Pantha Chowk to Narbal Crossing via Sonwar Jehangir Chowk Qamarwari) → Trunk SSCL-06 [CMP-SSCL-06]. Route_Type=Peri_Urban | Zone=City_Core | CDI=0.2834 | Band=HP | Headway=15 min | Fleet=9 (HPV=4 MPV=5). Serves ~6.12% of CMP 2024 pop. residents over 19.8 km. 
SSCL-07,Batamaloo to Drussu Pulwama via Marwal,UPGRADED_TO_TRUNK,SSCL-07,,32.735,Peri_Urban,Peri_Urban,0.2996,0.0852,1.25,0.1924,False,HP,15,13,6,7,True,SSCL-07,0.0356,26284,37,6,3.0,65,32.5,2489.1,163.7,OSRM+JhelumBridge,Route SSCL-07 (Batamaloo to Drussu Pulwama via Marwal) → Trunk SSCL-07 [CMP-SSCL-07]. Route_Type=Peri_Urban | Zone=Peri_Urban | CDI=0.1924 | Band=HP | Headway=15 min | Fleet=13 (HPV=6 MPV=7). Serves ~7.22% of CMP 2024 pop. residents over 32.7 km. 
SSCL-08,Batamaloo to Budgam Railway Station via Khumeni Chowk,UPGRADED_TO_TRUNK,SSCL-08,,15.685,Peri_Urban,Peri_Urban,0.2162,0.0275,1.25,0.1218,True,HP,15,7,0,7,True,SSCL-08,0.0516,10531,6,10,5.0,31,15.5,1234.0,78.4,OSRM,Route SSCL-08 (Batamaloo to Budgam Railway Station via Khumeni Chowk) → Trunk SSCL-08 [CMP-SSCL-08]. Route_Type=Peri_Urban | Zone=Peri_Urban | CDI=0.1218 | Band=HP | Headway=15 min | Fleet=7 (HPV=0 MPV=7). Serves ~2.78% of CMP 2024 pop. residents over 15.7 km. 🚩 Social Obligation
SSCL-09,Parimpora to Naseem Bagh via Noorbagh Gojwara Mill Stop,UPGRADED_TO_TRUNK,SSCL-09,,15.058,Peri_Urban,City_Core,0.7577,0.3182,1.25,0.538,False,HP,15,7,0,7,True,SSCL-09,0.107,8667,62,11,5.5,30,15.0,1526.3,75.3,OSRM+JhelumBridge,Route SSCL-09 (Parimpora to Naseem Bagh via Noorbagh Gojwara Mill Stop) → Trunk SSCL-09 [CMP-SSCL-09]. Route_Type=Peri_Urban | Zone=City_Core | CDI=0.5380 | Band=HP | Headway=15 min | Fleet=7 (HPV=0 MPV=7). Serves ~6.89% of CMP 2024 pop. residents over 15.1 km. 
SSCL-10,Pantha Chowk to Agri Kalan Kanihama via Bypass,UPGRADED_TO_TRUNK,SSCL-10,,23.59,Peri_Urban,City_Core,0.4262,0.1099,1.25,0.268,False,HP,15,10,5,5,True,SSCL-10,0.0581,9265,33,5,2.5,47,23.5,1788.9,118.0,OSRM+JhelumBridge,Route SSCL-10 (Pantha Chowk to Agri Kalan Kanihama via Bypass) → Trunk SSCL-10 [CMP-SSCL-10]. Route_Type=Peri_Urban | Zone=City_Core | CDI=0.2680 | Band=HP | Headway=15 min | Fleet=10 (HPV=5 MPV=5). Serves ~6.74% of CMP 2024 pop. residents over 23.6 km. 
SSCL-11,Old City Loop Downtown Srinagar,UPGRADED_TO_TRUNK,SSCL-11,,1.169,Urban,City_Core,1.0,0.9692,1.25,0.9846,False,HP,15,2,0,2,True,SSCL-11,0.1025,4446,20,1,0.5,2,1.0,555.2,9.4,OSRM+JhelumBridge,Route SSCL-11 (Old City Loop Downtown Srinagar) → Trunk SSCL-11 [CMP-SSCL-11]. Route_Type=Urban | Zone=City_Core | CDI=0.9846 | Band=HP | Headway=15 min | Fleet=2 (HPV=0 MPV=2). Serves ~1.06% of CMP 2024 pop. residents over 1.2 km. 
SSCL-12,Rangreth to District Court Srinagar via Barzulla Jehangir Chowk,UPGRADED_TO_TRUNK,SSCL-12,,10.327,Urban,City_Core,0.939,0.4217,1.25,0.6804,False,HP,15,7,0,7,True,SSCL-12,0.0537,6790,51,8,4.0,20,10.0,857.5,82.6,OSRM,Route SSCL-12 (Rangreth to District Court Srinagar via Barzulla Jehangir Chowk) → Trunk SSCL-12 [CMP-SSCL-12]. Route_Type=Urban | Zone=City_Core | CDI=0.6804 | Band=HP | Headway=15 min | Fleet=7 (HPV=0 MPV=7). Serves ~5.69% of CMP 2024 pop. residents over 10.3 km. 
SSCL-13,Batamaloo to Beehama Ganderbal via Hazratbal Zakura,UPGRADED_TO_TRUNK,SSCL-13,,26.584,Peri_Urban,City_Core,0.54,0.2944,1.25,0.4172,True,HP,15,11,0,11,True,SSCL-13,0.0421,11327,104,14,7.0,53,26.5,2386.6,132.9,OSRM+JhelumBridge,Route SSCL-13 (Batamaloo to Beehama Ganderbal via Hazratbal Zakura) → Trunk SSCL-13 [CMP-SSCL-13]. Route_Type=Peri_Urban | Zone=City_Core | CDI=0.4172 | Band=HP | Headway=15 min | Fleet=11 (HPV=0 MPV=11). Serves ~9.16% of CMP 2024 pop. residents over 26.6 km. 🚩 Social Obligation
SSCL-14,TRC to Central University Ganderbal via Karan Nagar Zoonimar 90ft Road,UPGRADED_TO_TRUNK,SSCL-14,,27.314,Peri_Urban,City_Core,0.4087,0.2184,1.25,0.3136,True,HP,15,12,0,12,True,SSCL-14,0.0367,18363,82,10,5.0,54,27.0,2374.8,136.6,OSRM+JhelumBridge,Route SSCL-14 (TRC to Central University Ganderbal via Karan Nagar Zoonimar 90ft Road) → Trunk SSCL-14 [CMP-SSCL-14]. Route_Type=Peri_Urban | Zone=City_Core | CDI=0.3136 | Band=HP | Headway=15 min | Fleet=12 (HPV=0 MPV=12). Serves ~7.56% of CMP 2024 pop. residents over 27.3 km. 🚩 Social Obligation
SSCL-15,TRC to Pulwama via Nowgam Kaanipora,UPGRADED_TO_TRUNK,SSCL-15,,29.364,Peri_Urban,City_Core,0.3802,0.1416,1.25,0.2609,True,HP,15,12,0,12,True,SSCL-15,0.046,7726,49,8,4.0,58,29.0,2163.1,146.8,OSRM+JhelumBridge,Route SSCL-15 (TRC to Pulwama via Nowgam Kaanipora) → Trunk SSCL-15 [CMP-SSCL-15]. Route_Type=Peri_Urban | Zone=City_Core | CDI=0.2609 | Band=HP | Headway=15 min | Fleet=12 (HPV=0 MPV=12). Serves ~7.70% of CMP 2024 pop. residents over 29.4 km. 🚩 Social Obligation
SSCL-16,Batamaloo Circular via Khonmoh,UPGRADED_TO_TRUNK,SSCL-16,,13.87,Urban,Peri_Urban,0.5583,0.1575,1.25,0.3579,False,HP,15,9,0,9,True,SSCL-16,0.0739,9412,28,5,2.5,27,13.5,1225.6,98.1,OSRM+JhelumBridge,Route SSCL-16 (Batamaloo Circular via Khonmoh) → Trunk SSCL-16 [CMP-SSCL-16]. Route_Type=Urban | Zone=Peri_Urban | CDI=0.3579 | Band=HP | Headway=15 min | Fleet=9 (HPV=0 MPV=9). Serves ~4.91% of CMP 2024 pop. residents over 13.9 km. 
SSCL-17,Batamaloo to Womens College Batpora via Rainawari,UPGRADED_TO_TRUNK,SSCL-17,,4.508,Urban,City_Core,0.9683,0.5602,1.25,0.7643,False,HP,15,4,0,4,True,SSCL-17,0.044,3777,33,6,3.0,9,4.5,456.4,36.1,OSRM,Route SSCL-17 (Batamaloo to Womens College Batpora via Rainawari) → Trunk SSCL-17 [CMP-SSCL-17]. Route_Type=Urban | Zone=City_Core | CDI=0.7643 | Band=HP | Headway=15 min | Fleet=4 (HPV=0 MPV=4). Serves ~2.55% of CMP 2024 pop. residents over 4.5 km. 
SSCL-18,JKPDC Jehangir Chowk to Wadwan,UPGRADED_TO_TRUNK,SSCL-18,,15.202,Peri_Urban,City_Core,0.5426,0.3057,1.25,0.4242,False,HP,15,7,0,7,True,SSCL-18,0.1722,5499,56,5,2.5,30,15.0,1353.8,76.0,OSRM+JhelumBridge,Route SSCL-18 (JKPDC Jehangir Chowk to Wadwan) → Trunk SSCL-18 [CMP-SSCL-18]. Route_Type=Peri_Urban | Zone=City_Core | CDI=0.4242 | Band=HP | Headway=15 min | Fleet=7 (HPV=0 MPV=7). Serves ~5.26% of CMP 2024 pop. residents over 15.2 km. 
SSCL-19,Pantha Chowk to Sumbal,UPGRADED_TO_TRUNK,SSCL-19,,35.736,Peri_Urban,City_Core,0.2642,0.0441,1.25,0.1542,False,HP,15,14,7,7,True,SSCL-19,0.0377,9925,17,8,4.0,71,35.5,2367.1,178.7,OSRM+JhelumBridge,Route SSCL-19 (Pantha Chowk to Sumbal) → Trunk SSCL-19 [CMP-SSCL-19]. Route_Type=Peri_Urban | Zone=City_Core | CDI=0.1542 | Band=HP | Headway=15 min | Fleet=14 (HPV=7 MPV=7). Serves ~7.22% of CMP 2024 pop. residents over 35.7 km. 
SSCL-20,Pantha Chowk to Safapora,UPGRADED_TO_TRUNK,SSCL-20,,60.631,Regional_District,City_Core,0.1431,0.0282,1.25,0.0856,False,HP,15,15,7,8,True,SSCL-20,0.0258,11594,18,11,5.5,121,60.5,4564.3,181.9,OSRM+JhelumBridge,Route SSCL-20 (Pantha Chowk to Safapora) → Trunk SSCL-20 [CMP-SSCL-20]. Route_Type=Regional_District | Zone=City_Core | CDI=0.0856 | Band=HP | Headway=15 min | Fleet=15 (HPV=7 MPV=8). Serves ~8.46% of CMP 2024 pop. residents over 60.6 km. 
SSCL-21,Batamaloo to Arath,UPGRADED_TO_TRUNK,SSCL-21,,12.395,Urban,Peri_Urban,0.5603,0.1576,1.25,0.359,False,HP,15,9,0,9,True,SSCL-21,0.0594,15566,25,6,3.0,24,12.0,1275.2,98.5,OSRM+JhelumBridge,Route SSCL-21 (Batamaloo to Arath) → Trunk SSCL-21 [CMP-SSCL-21]. Route_Type=Urban | Zone=Peri_Urban | CDI=0.3590 | Band=HP | Headway=15 min | Fleet=9 (HPV=0 MPV=9). Serves ~4.40% of CMP 2024 pop. residents over 12.4 km. 
SSCL-22,Batamaloo to Khrew Bus Stand,UPGRADED_TO_TRUNK,SSCL-22,,18.186,Peri_Urban,Peri_Urban,0.4953,0.1238,1.25,0.3096,False,HP,15,9,0,9,True,SSCL-22,0.0745,11206,29,7,3.5,36,18.0,1564.9,90.9,OSRM+JhelumBridge,Route SSCL-22 (Batamaloo to Khrew Bus Stand) → Trunk SSCL-22 [CMP-SSCL-22]. Route_Type=Peri_Urban | Zone=Peri_Urban | CDI=0.3096 | Band=HP | Headway=15 min | Fleet=9 (HPV=0 MPV=9). Serves ~5.85% of CMP 2024 pop. residents over 18.2 km. 
SSCL-23,Batamaloo to Charesharief via Chadoora,UPGRADED_TO_TRUNK,SSCL-23,,29.633,Peri_Urban,Peri_Urban,0.3259,0.0721,1.25,0.199,False,HP,15,12,0,12,True,SSCL-23,0.0256,30043,29,8,4.0,59,29.5,2143.8,148.2,OSRM,Route SSCL-23 (Batamaloo to Charesharief via Chadoora) → Trunk SSCL-23 [CMP-SSCL-23]. Route_Type=Peri_Urban | Zone=Peri_Urban | CDI=0.1990 | Band=HP | Headway=15 min | Fleet=12 (HPV=0 MPV=12). Serves ~6.94% of CMP 2024 pop. residents over 29.6 km. 
SSCL-24,Pantha Chowk to Palhalan via Sangrama Sopore,UPGRADED_TO_TRUNK,SSCL-24,,36.463,Peri_Urban,City_Core,0.2929,0.0587,1.25,0.1758,False,HP,15,15,7,8,True,SSCL-24,0.052,10871,28,4,2.0,72,36.0,2237.0,182.3,OSRM+JhelumBridge,Route SSCL-24 (Pantha Chowk to Palhalan via Sangrama Sopore) → Trunk SSCL-24 [CMP-SSCL-24]. Route_Type=Peri_Urban | Zone=City_Core | CDI=0.1758 | Band=HP | Headway=15 min | Fleet=15 (HPV=7 MPV=8). Serves ~7.91% of CMP 2024 pop. residents over 36.5 km. 
SSCL-25,Batamaloo to Dadsara Tral via Awantipora,UPGRADED_TO_TRUNK,SSCL-25,,43.869,Regional_District,Peri_Urban,0.1729,0.0853,1.25,0.1291,False,HP,15,11,0,11,True,SSCL-25,0.0372,19340,55,4,2.0,87,43.5,2750.4,131.6,OSRM+JhelumBridge,Route SSCL-25 (Batamaloo to Dadsara Tral via Awantipora) → Trunk SSCL-25 [CMP-SSCL-25]. Route_Type=Regional_District | Zone=Peri_Urban | CDI=0.1291 | Band=HP | Headway=15 min | Fleet=11 (HPV=0 MPV=11). Serves ~6.80% of CMP 2024 pop. residents over 43.9 km. 
SSCL-26,Batamaloo to Kangan via Hazratbal Manigam,UPGRADED_TO_TRUNK,SSCL-26,,55.703,Regional_District,City_Core,0.1247,0.0221,1.25,0.0734,False,HP,15,14,0,14,True,SSCL-26,0.0204,11929,15,9,4.5,111,55.5,3838.4,167.1,OSRM+JhelumBridge,Route SSCL-26 (Batamaloo to Kangan via Hazratbal Manigam) → Trunk SSCL-26 [CMP-SSCL-26]. Route_Type=Regional_District | Zone=City_Core | CDI=0.0734 | Band=HP | Headway=15 min | Fleet=14 (HPV=0 MPV=14). Serves ~7.24% of CMP 2024 pop. residents over 55.7 km. 
SSCL-27,Batamaloo to Manigam,UPGRADED_TO_TRUNK,SSCL-27,,37.093,Regional_District,City_Core,0.1258,0.0226,1.25,0.0742,False,HP,15,13,0,13,True,SSCL-27,0.0206,11716,15,8,4.0,74,37.0,2363.7,111.3,OSRM+JhelumBridge,Route SSCL-27 (Batamaloo to Manigam) → Trunk SSCL-27 [CMP-SSCL-27]. Route_Type=Regional_District | Zone=City_Core | CDI=0.0742 | Band=HP | Headway=15 min | Fleet=13 (HPV=0 MPV=13). Serves ~7.11% of CMP 2024 pop. residents over 54.5 km. 
SSCL-28,Batamaloo to Pinglena Pampore via Galandar,UPGRADED_TO_TRUNK,SSCL-28,,22.233,Peri_Urban,Peri_Urban,0.4436,0.1211,1.25,0.2824,False,HP,15,10,5,5,True,SSCL-28,0.0718,12560,37,5,2.5,44,22.0,1859.8,111.2,OSRM+JhelumBridge,Route SSCL-28 (Batamaloo to Pinglena Pampore via Galandar) → Trunk SSCL-28 [CMP-SSCL-28]. Route_Type=Peri_Urban | Zone=Peri_Urban | CDI=0.2824 | Band=HP | Headway=15 min | Fleet=10 (HPV=5 MPV=5). Serves ~6.56% of CMP 2024 pop. residents over 22.2 km. 
SSCL-29,Pantha Chowk to Panzinara,UPGRADED_TO_TRUNK,SSCL-29,,10.811,Urban,Peri_Urban,0.5842,0.0799,1.25,0.332,False,HP,15,7,0,7,True,SSCL-29,0.0422,9506,9,5,2.5,21,10.5,1225.2,86.5,OSRM+JhelumBridge,Route SSCL-29 (Pantha Chowk to Panzinara) → Trunk SSCL-29 [CMP-SSCL-29]. Route_Type=Urban | Zone=Peri_Urban | CDI=0.3320 | Band=HP | Headway=15 min | Fleet=7 (HPV=0 MPV=7). Serves ~3.97% of CMP 2024 pop. residents over 10.8 km. 
SSCL-30,Batamaloo to DC Office Budgam,UPGRADED_TO_TRUNK,SSCL-30,,15.685,Peri_Urban,Peri_Urban,0.2162,0.0275,1.25,0.1218,True,HP,15,7,0,7,True,SSCL-30,0.0516,10531,6,10,5.0,31,15.5,1234.0,78.4,OSRM,Route SSCL-30 (Batamaloo to DC Office Budgam) → Trunk SSCL-30 [CMP-SSCL-30]. Route_Type=Peri_Urban | Zone=Peri_Urban | CDI=0.1218 | Band=HP | Headway=15 min | Fleet=7 (HPV=0 MPV=7). Serves ~2.78% of CMP 2024 pop. residents over 15.7 km. 🚩 Social Obligation
